transaction_id,timestamp,is_abuse_ring,risk_score,risk_level,decision,is_blocked,top_reason_1,top_reason_2,top_reason_3,model_version
tx_0013834,2026-03-16 00:24:08,0,0.0001,LOW,APPROVE,0,HIGH_AMOUNT_ANOMALY,PROMO_ACTIVITY,,phase3-v1
tx_0013346,2026-03-16 00:56:19,0,0.0001,LOW,APPROVE,0,LOW_RISK_ESTABLISHED_ACCOUNT,,,phase3-v1
tx_0022190,2026-03-16 00:57:13,0,0.0001,LOW,APPROVE,0,LOW_RISK_ESTABLISHED_ACCOUNT,,,phase3-v1
tx_0019110,2026-03-16 01:06:28,0,0.0001,LOW,APPROVE,0,OFF_HOURS_ACTIVITY,,,phase3-v1
tx_0007164,2026-03-16 01:37:39,0,0.0003,LOW,APPROVE,0,OFF_HOURS_ACTIVITY,,,phase3-v1
tx_0011985,2026-03-16 01:38:49,0,0.0002,LOW,APPROVE,0,OFF_HOURS_ACTIVITY,,,phase3-v1
tx_0012604,2026-03-16 01:53:31,0,0.0001,LOW,APPROVE,0,OFF_HOURS_ACTIVITY,,,phase3-v1
tx_0024674,2026-03-16 01:58:58,0,0.0006,LOW,APPROVE,0,GRAPH_CONNECTED_USERS,OFF_HOURS_ACTIVITY,,phase3-v1
tx_0026759,2026-03-16 02:11:15,1,0.9999,HIGH,BLOCK,1,GRAPH_CONNECTED_USERS,GRAPH_SHARED_DEVICE,GRAPH_SHARED_PAYMENT,phase3-v1
tx_0009503,2026-03-16 02:20:41,0,0.0001,LOW,APPROVE,0,OFF_HOURS_ACTIVITY,,,phase3-v1
tx_0026752,2026-03-16 02:30:44,1,0.9999,HIGH,BLOCK,1,GRAPH_CONNECTED_USERS,GRAPH_SHARED_DEVICE,GRAPH_SHARED_ADDRESS,phase3-v1
tx_0023849,2026-03-16 02:32:11,0,0.003,LOW,APPROVE,0,GRAPH_MULTI_ENTITY_OVERLAP,GRAPH_SHARED_DEVICE,GRAPH_SHARED_ADDRESS,phase3-v1
tx_0000024,2026-03-16 02:42:03,0,0.0001,LOW,APPROVE,0,OFF_HOURS_ACTIVITY,,,phase3-v1
tx_0025511,2026-03-16 03:35:12,0,0.0001,LOW,APPROVE,0,GRAPH_MULTI_ENTITY_OVERLAP,GRAPH_SHARED_PAYMENT,GRAPH_CONNECTED_USERS,phase3-v1
tx_0005590,2026-03-16 03:46:21,0,0.0001,LOW,APPROVE,0,OFF_HOURS_ACTIVITY,,,phase3-v1
tx_0011113,2026-03-16 03:53:31,0,0.0001,LOW,APPROVE,0,OFF_HOURS_ACTIVITY,,,phase3-v1
tx_0018267,2026-03-16 05:45:50,0,0.0,LOW,APPROVE,0,OFF_HOURS_ACTIVITY,,,phase3-v1
tx_0023471,2026-03-16 05:56:30,0,0.0001,LOW,APPROVE,0,GRAPH_CONNECTED_USERS,OFF_HOURS_ACTIVITY,,phase3-v1
tx_0020319,2026-03-16 06:08:30,0,0.0001,LOW,APPROVE,0,LOW_RISK_ESTABLISHED_ACCOUNT,,,phase3-v1
tx_0005247,2026-03-16 06:11:26,0,0.0001,LOW,APPROVE,0,HIGH_AMOUNT_ANOMALY,PROMO_ACTIVITY,,phase3-v1
tx_0007392,2026-03-16 06:18:15,0,0.0,LOW,APPROVE,0,LOW_RISK_ESTABLISHED_ACCOUNT,,,phase3-v1
tx_0025164,2026-03-16 06:20:57,0,0.0001,LOW,APPROVE,0,GRAPH_SHARED_ADDRESS,GRAPH_CONNECTED_USERS,GRAPH_MULTI_ENTITY_OVERLAP,phase3-v1
tx_0011979,2026-03-16 06:30:16,0,0.0002,LOW,APPROVE,0,LOW_RISK_ESTABLISHED_ACCOUNT,,,phase3-v1
tx_0026765,2026-03-16 06:56:19,1,0.9999,HIGH,BLOCK,1,GRAPH_CONNECTED_USERS,GRAPH_SHARED_DEVICE,GRAPH_SHARED_PAYMENT,phase3-v1
tx_0002863,2026-03-16 07:14:35,0,0.0,LOW,APPROVE,0,LOW_RISK_ESTABLISHED_ACCOUNT,,,phase3-v1
tx_0000105,2026-03-16 07:21:00,0,0.0,LOW,APPROVE,0,LOW_RISK_ESTABLISHED_ACCOUNT,,,phase3-v1
tx_0016417,2026-03-16 07:26:02,0,0.0,LOW,APPROVE,0,LOW_RISK_ESTABLISHED_ACCOUNT,,,phase3-v1
tx_0025738,2026-03-16 07:30:10,0,0.0001,LOW,APPROVE,0,GRAPH_CONNECTED_USERS,,,phase3-v1
tx_0010566,2026-03-16 07:32:46,0,0.0,LOW,APPROVE,0,LOW_RISK_ESTABLISHED_ACCOUNT,,,phase3-v1
tx_0000415,2026-03-16 07:45:16,0,0.0001,LOW,APPROVE,0,LOW_RISK_ESTABLISHED_ACCOUNT,,,phase3-v1
tx_0004230,2026-03-16 07:53:08,0,0.0001,LOW,APPROVE,0,LOW_RISK_ESTABLISHED_ACCOUNT,,,phase3-v1
tx_0021484,2026-03-16 07:56:30,0,0.0,LOW,APPROVE,0,LOW_RISK_ESTABLISHED_ACCOUNT,,,phase3-v1
tx_0023278,2026-03-16 08:05:00,0,0.0001,LOW,APPROVE,0,GRAPH_CONNECTED_USERS,,,phase3-v1
tx_0025712,2026-03-16 08:06:12,0,0.0004,LOW,APPROVE,0,GRAPH_CONNECTED_USERS,,,phase3-v1
tx_0008835,2026-03-16 08:06:18,0,0.0,LOW,APPROVE,0,PROMO_ACTIVITY,,,phase3-v1
tx_0021287,2026-03-16 08:09:58,0,0.0,LOW,APPROVE,0,LOW_RISK_ESTABLISHED_ACCOUNT,,,phase3-v1
tx_0011446,2026-03-16 08:10:42,0,0.0001,LOW,APPROVE,0,LOW_RISK_ESTABLISHED_ACCOUNT,,,phase3-v1
tx_0018230,2026-03-16 08:13:03,0,0.0,LOW,APPROVE,0,LOW_RISK_ESTABLISHED_ACCOUNT,,,phase3-v1
tx_0015667,2026-03-16 08:16:29,0,0.0001,LOW,APPROVE,0,LOW_RISK_ESTABLISHED_ACCOUNT,,,phase3-v1
tx_0025042,2026-03-16 08:19:29,0,0.0001,LOW,APPROVE,0,GRAPH_MULTI_ENTITY_OVERLAP,GRAPH_SHARED_ADDRESS,,phase3-v1
tx_0021975,2026-03-16 08:20:56,0,0.0001,LOW,APPROVE,0,PROMO_ACTIVITY,,,phase3-v1
tx_0000925,2026-03-16 08:29:28,0,0.0,LOW,APPROVE,0,LOW_RISK_ESTABLISHED_ACCOUNT,,,phase3-v1
tx_0001119,2026-03-16 08:32:14,0,0.0,LOW,APPROVE,0,LOW_RISK_ESTABLISHED_ACCOUNT,,,phase3-v1
tx_0025486,2026-03-16 08:32:56,0,0.0001,LOW,APPROVE,0,GRAPH_SHARED_ADDRESS,GRAPH_MULTI_ENTITY_OVERLAP,GRAPH_CONNECTED_USERS,phase3-v1
tx_0012982,2026-03-16 08:34:54,0,0.0,LOW,APPROVE,0,LOW_RISK_ESTABLISHED_ACCOUNT,,,phase3-v1
tx_0003540,2026-03-16 08:43:55,0,0.0001,LOW,APPROVE,0,LOW_RISK_ESTABLISHED_ACCOUNT,,,phase3-v1
tx_0008439,2026-03-16 08:47:31,0,0.0,LOW,APPROVE,0,LOW_RISK_ESTABLISHED_ACCOUNT,,,phase3-v1
tx_0012689,2026-03-16 08:57:03,0,0.0001,LOW,APPROVE,0,LOW_RISK_ESTABLISHED_ACCOUNT,,,phase3-v1
tx_0002747,2026-03-16 09:00:22,0,0.0,LOW,APPROVE,0,LOW_RISK_ESTABLISHED_ACCOUNT,,,phase3-v1
tx_0007972,2026-03-16 09:09:49,0,0.0001,LOW,APPROVE,0,LOW_RISK_ESTABLISHED_ACCOUNT,,,phase3-v1
tx_0002994,2026-03-16 09:10:19,0,0.0001,LOW,APPROVE,0,LOW_RISK_ESTABLISHED_ACCOUNT,,,phase3-v1
tx_0012288,2026-03-16 09:11:54,0,0.0,LOW,APPROVE,0,LOW_RISK_ESTABLISHED_ACCOUNT,,,phase3-v1
tx_0000594,2026-03-16 09:24:01,0,0.0,LOW,APPROVE,0,LOW_RISK_ESTABLISHED_ACCOUNT,,,phase3-v1
tx_0026745,2026-03-16 09:30:27,1,0.9999,HIGH,BLOCK,1,GRAPH_CONNECTED_USERS,GRAPH_SHARED_DEVICE,GRAPH_SHARED_PAYMENT,phase3-v1
tx_0021833,2026-03-16 09:31:29,0,0.0,LOW,APPROVE,0,LOW_RISK_ESTABLISHED_ACCOUNT,,,phase3-v1
tx_0022955,2026-03-16 09:32:43,0,0.0001,LOW,APPROVE,0,GRAPH_MULTI_ENTITY_OVERLAP,GRAPH_SHARED_ADDRESS,GRAPH_CONNECTED_USERS,phase3-v1
tx_0002377,2026-03-16 09:35:47,0,0.1782,LOW,APPROVE,0,NEW_ACCOUNT,,,phase3-v1
tx_0018540,2026-03-16 09:36:53,0,0.0,LOW,APPROVE,0,LOW_RISK_ESTABLISHED_ACCOUNT,,,phase3-v1
tx_0024380,2026-03-16 09:37:49,0,0.0001,LOW,APPROVE,0,LOW_RISK_ESTABLISHED_ACCOUNT,,,phase3-v1
tx_0022102,2026-03-16 09:46:21,0,0.0,LOW,APPROVE,0,LOW_RISK_ESTABLISHED_ACCOUNT,,,phase3-v1
tx_0023050,2026-03-16 09:46:37,0,0.0001,LOW,APPROVE,0,GRAPH_MULTI_ENTITY_OVERLAP,GRAPH_SHARED_ADDRESS,GRAPH_CONNECTED_USERS,phase3-v1
tx_0026758,2026-03-16 09:49:08,1,0.9999,HIGH,BLOCK,1,GRAPH_CONNECTED_USERS,GRAPH_SHARED_DEVICE,GRAPH_SHARED_PAYMENT,phase3-v1
tx_0026747,2026-03-16 09:52:20,1,0.9999,HIGH,BLOCK,1,GRAPH_CONNECTED_USERS,GRAPH_SHARED_DEVICE,GRAPH_SHARED_PAYMENT,phase3-v1
tx_0014283,2026-03-16 09:53:32,0,0.0,LOW,APPROVE,0,LOW_RISK_ESTABLISHED_ACCOUNT,,,phase3-v1
tx_0014743,2026-03-16 10:01:09,0,0.0001,LOW,APPROVE,0,LOW_RISK_ESTABLISHED_ACCOUNT,,,phase3-v1
tx_0009712,2026-03-16 10:05:37,0,0.0,LOW,APPROVE,0,LOW_RISK_ESTABLISHED_ACCOUNT,,,phase3-v1
tx_0008920,2026-03-16 10:07:16,0,0.0001,LOW,APPROVE,0,LOW_RISK_ESTABLISHED_ACCOUNT,,,phase3-v1
tx_0015573,2026-03-16 10:09:26,0,0.0,LOW,APPROVE,0,LOW_RISK_ESTABLISHED_ACCOUNT,,,phase3-v1
tx_0006390,2026-03-16 10:10:59,0,0.0,LOW,APPROVE,0,LOW_RISK_ESTABLISHED_ACCOUNT,,,phase3-v1
tx_0025539,2026-03-16 10:14:05,0,0.0001,LOW,APPROVE,0,GRAPH_CONNECTED_USERS,,,phase3-v1
tx_0010596,2026-03-16 10:21:50,0,0.0001,LOW,APPROVE,0,LOW_RISK_ESTABLISHED_ACCOUNT,,,phase3-v1
tx_0017142,2026-03-16 10:23:34,0,0.0,LOW,APPROVE,0,LOW_RISK_ESTABLISHED_ACCOUNT,,,phase3-v1
tx_0014879,2026-03-16 10:28:40,0,0.0001,LOW,APPROVE,0,LOW_RISK_ESTABLISHED_ACCOUNT,,,phase3-v1
tx_0012794,2026-03-16 10:29:05,0,0.0,LOW,APPROVE,0,LOW_RISK_ESTABLISHED_ACCOUNT,,,phase3-v1
tx_0002303,2026-03-16 10:31:48,0,0.0,LOW,APPROVE,0,LOW_RISK_ESTABLISHED_ACCOUNT,,,phase3-v1
tx_0000737,2026-03-16 10:32:55,0,0.0,LOW,APPROVE,0,LOW_RISK_ESTABLISHED_ACCOUNT,,,phase3-v1
tx_0026741,2026-03-16 10:35:42,1,0.9999,HIGH,BLOCK,1,GRAPH_CONNECTED_USERS,GRAPH_SHARED_DEVICE,GRAPH_SHARED_PAYMENT,phase3-v1
tx_0009411,2026-03-16 10:36:40,0,0.0,LOW,APPROVE,0,LOW_RISK_ESTABLISHED_ACCOUNT,,,phase3-v1
tx_0002805,2026-03-16 10:38:21,0,0.0001,LOW,APPROVE,0,LOW_RISK_ESTABLISHED_ACCOUNT,,,phase3-v1
tx_0012686,2026-03-16 10:39:49,0,0.0001,LOW,APPROVE,0,LOW_RISK_ESTABLISHED_ACCOUNT,,,phase3-v1
tx_0021060,2026-03-16 10:44:28,0,0.0,LOW,APPROVE,0,LOW_RISK_ESTABLISHED_ACCOUNT,,,phase3-v1
tx_0007205,2026-03-16 10:44:52,0,0.0006,LOW,APPROVE,0,NEW_ACCOUNT,,,phase3-v1
tx_0022490,2026-03-16 10:45:46,0,0.0001,LOW,APPROVE,0,LOW_RISK_ESTABLISHED_ACCOUNT,,,phase3-v1
tx_0025571,2026-03-16 10:47:36,0,0.0004,LOW,APPROVE,0,GRAPH_CONNECTED_USERS,,,phase3-v1
tx_0005443,2026-03-16 10:53:28,0,0.0,LOW,APPROVE,0,LOW_RISK_ESTABLISHED_ACCOUNT,,,phase3-v1
tx_0024000,2026-03-16 10:56:02,0,0.0001,LOW,APPROVE,0,GRAPH_CONNECTED_USERS,,,phase3-v1
tx_0011994,2026-03-16 10:56:40,0,0.0,LOW,APPROVE,0,LOW_RISK_ESTABLISHED_ACCOUNT,,,phase3-v1
tx_0001327,2026-03-16 11:02:51,0,0.0001,LOW,APPROVE,0,LOW_RISK_ESTABLISHED_ACCOUNT,,,phase3-v1
tx_0003370,2026-03-16 11:02:59,0,0.0,LOW,APPROVE,0,LOW_RISK_ESTABLISHED_ACCOUNT,,,phase3-v1
tx_0017116,2026-03-16 11:03:31,0,0.0001,LOW,APPROVE,0,LOW_RISK_ESTABLISHED_ACCOUNT,,,phase3-v1
tx_0017868,2026-03-16 11:04:21,0,0.0001,LOW,APPROVE,0,LOW_RISK_ESTABLISHED_ACCOUNT,,,phase3-v1
tx_0008252,2026-03-16 11:08:09,0,0.0001,LOW,APPROVE,0,NEW_ACCOUNT,,,phase3-v1
tx_0008104,2026-03-16 11:09:50,0,0.0001,LOW,APPROVE,0,LOW_RISK_ESTABLISHED_ACCOUNT,,,phase3-v1
tx_0014122,2026-03-16 11:16:37,0,0.0,LOW,APPROVE,0,LOW_RISK_ESTABLISHED_ACCOUNT,,,phase3-v1
tx_0001419,2026-03-16 11:20:28,0,0.0,LOW,APPROVE,0,LOW_RISK_ESTABLISHED_ACCOUNT,,,phase3-v1
tx_0013269,2026-03-16 11:24:27,0,0.0,LOW,APPROVE,0,LOW_RISK_ESTABLISHED_ACCOUNT,,,phase3-v1
tx_0017755,2026-03-16 11:29:42,0,0.0001,LOW,APPROVE,0,LOW_RISK_ESTABLISHED_ACCOUNT,,,phase3-v1
tx_0002600,2026-03-16 11:36:19,0,0.0,LOW,APPROVE,0,LOW_RISK_ESTABLISHED_ACCOUNT,,,phase3-v1
tx_0024685,2026-03-16 11:38:23,0,0.0004,LOW,APPROVE,0,GRAPH_CONNECTED_USERS,,,phase3-v1
tx_0015610,2026-03-16 11:42:48,0,0.0,LOW,APPROVE,0,LOW_RISK_ESTABLISHED_ACCOUNT,,,phase3-v1
tx_0005839,2026-03-16 11:42:58,0,0.0001,LOW,APPROVE,0,HIGH_AMOUNT_ANOMALY,,,phase3-v1
tx_0017005,2026-03-16 11:44:35,0,0.0,LOW,APPROVE,0,NEW_ACCOUNT,,,phase3-v1
tx_0003873,2026-03-16 11:44:59,0,0.0,LOW,APPROVE,0,LOW_RISK_ESTABLISHED_ACCOUNT,,,phase3-v1
tx_0017600,2026-03-16 11:49:51,0,0.0,LOW,APPROVE,0,LOW_RISK_ESTABLISHED_ACCOUNT,,,phase3-v1
tx_0013711,2026-03-16 11:53:32,0,0.0001,LOW,APPROVE,0,LOW_RISK_ESTABLISHED_ACCOUNT,,,phase3-v1
tx_0016554,2026-03-16 11:56:11,0,0.0,LOW,APPROVE,0,LOW_RISK_ESTABLISHED_ACCOUNT,,,phase3-v1
tx_0010414,2026-03-16 11:56:43,0,0.0,LOW,APPROVE,0,LOW_RISK_ESTABLISHED_ACCOUNT,,,phase3-v1
tx_0007368,2026-03-16 11:56:54,0,0.0,LOW,APPROVE,0,LOW_RISK_ESTABLISHED_ACCOUNT,,,phase3-v1
tx_0003611,2026-03-16 11:59:01,0,0.0001,LOW,APPROVE,0,LOW_RISK_ESTABLISHED_ACCOUNT,,,phase3-v1
tx_0023733,2026-03-16 12:02:38,0,0.0001,LOW,APPROVE,0,GRAPH_CONNECTED_USERS,,,phase3-v1
tx_0010494,2026-03-16 12:02:46,0,0.0,LOW,APPROVE,0,LOW_RISK_ESTABLISHED_ACCOUNT,,,phase3-v1
tx_0021834,2026-03-16 12:05:38,0,0.0,LOW,APPROVE,0,LOW_RISK_ESTABLISHED_ACCOUNT,,,phase3-v1
tx_0018150,2026-03-16 12:07:07,0,0.0,LOW,APPROVE,0,LOW_RISK_ESTABLISHED_ACCOUNT,,,phase3-v1
tx_0022713,2026-03-16 12:11:49,0,0.0001,LOW,APPROVE,0,GRAPH_CONNECTED_USERS,,,phase3-v1
tx_0007125,2026-03-16 12:12:24,0,0.0001,LOW,APPROVE,0,LOW_RISK_ESTABLISHED_ACCOUNT,,,phase3-v1
tx_0017529,2026-03-16 12:13:19,0,0.0,LOW,APPROVE,0,LOW_RISK_ESTABLISHED_ACCOUNT,,,phase3-v1
tx_0009402,2026-03-16 12:14:56,0,0.0,LOW,APPROVE,0,LOW_RISK_ESTABLISHED_ACCOUNT,,,phase3-v1
tx_0016379,2026-03-16 12:15:47,0,0.0001,LOW,APPROVE,0,LOW_RISK_ESTABLISHED_ACCOUNT,,,phase3-v1
tx_0021507,2026-03-16 12:17:12,0,0.0001,LOW,APPROVE,0,LOW_RISK_ESTABLISHED_ACCOUNT,,,phase3-v1
tx_0025918,2026-03-16 12:22:19,0,0.0001,LOW,APPROVE,0,GRAPH_SHARED_ADDRESS,GRAPH_MULTI_ENTITY_OVERLAP,GRAPH_CONNECTED_USERS,phase3-v1
tx_0009789,2026-03-16 12:33:59,0,0.0,LOW,APPROVE,0,LOW_RISK_ESTABLISHED_ACCOUNT,,,phase3-v1
tx_0007557,2026-03-16 12:34:39,0,0.0001,LOW,APPROVE,0,LOW_RISK_ESTABLISHED_ACCOUNT,,,phase3-v1
tx_0009850,2026-03-16 12:42:31,0,0.0,LOW,APPROVE,0,LOW_RISK_ESTABLISHED_ACCOUNT,,,phase3-v1
tx_0002792,2026-03-16 12:45:31,0,0.0007,LOW,APPROVE,0,NEW_ACCOUNT,,,phase3-v1
tx_0012228,2026-03-16 12:48:13,0,0.0,LOW,APPROVE,0,LOW_RISK_ESTABLISHED_ACCOUNT,,,phase3-v1
tx_0005754,2026-03-16 12:52:13,0,0.0,LOW,APPROVE,0,LOW_RISK_ESTABLISHED_ACCOUNT,,,phase3-v1
tx_0004100,2026-03-16 12:52:39,0,0.0001,LOW,APPROVE,0,LOW_RISK_ESTABLISHED_ACCOUNT,,,phase3-v1
tx_0026755,2026-03-16 12:54:31,1,0.9999,HIGH,BLOCK,1,GRAPH_CONNECTED_USERS,GRAPH_SHARED_DEVICE,GRAPH_SHARED_PAYMENT,phase3-v1
tx_0015076,2026-03-16 12:55:26,0,0.0,LOW,APPROVE,0,NEW_ACCOUNT,,,phase3-v1
tx_0009689,2026-03-16 12:56:32,0,0.0,LOW,APPROVE,0,LOW_RISK_ESTABLISHED_ACCOUNT,,,phase3-v1
tx_0013573,2026-03-16 12:57:39,0,0.0001,LOW,APPROVE,0,LOW_RISK_ESTABLISHED_ACCOUNT,,,phase3-v1
tx_0012299,2026-03-16 12:58:59,0,0.0,LOW,APPROVE,0,NEW_ACCOUNT,,,phase3-v1
tx_0015331,2026-03-16 13:00:01,0,0.0001,LOW,APPROVE,0,LOW_RISK_ESTABLISHED_ACCOUNT,,,phase3-v1
tx_0020726,2026-03-16 13:00:51,0,0.0,LOW,APPROVE,0,LOW_RISK_ESTABLISHED_ACCOUNT,,,phase3-v1
tx_0020755,2026-03-16 13:00:51,0,0.0001,LOW,APPROVE,0,PROMO_ACTIVITY,,,phase3-v1
tx_0016856,2026-03-16 13:04:08,0,0.0001,LOW,APPROVE,0,LOW_RISK_ESTABLISHED_ACCOUNT,,,phase3-v1
tx_0004512,2026-03-16 13:04:41,0,0.0,LOW,APPROVE,0,LOW_RISK_ESTABLISHED_ACCOUNT,,,phase3-v1
tx_0001567,2026-03-16 13:09:02,0,0.0,LOW,APPROVE,0,PROMO_ACTIVITY,,,phase3-v1
tx_0014001,2026-03-16 13:09:30,0,0.0001,LOW,APPROVE,0,LOW_RISK_ESTABLISHED_ACCOUNT,,,phase3-v1
tx_0012384,2026-03-16 13:14:25,0,0.0001,LOW,APPROVE,0,LOW_RISK_ESTABLISHED_ACCOUNT,,,phase3-v1
tx_0025837,2026-03-16 13:17:37,0,0.0001,LOW,APPROVE,0,GRAPH_MULTI_ENTITY_OVERLAP,GRAPH_SHARED_ADDRESS,GRAPH_CONNECTED_USERS,phase3-v1
tx_0000665,2026-03-16 13:20:28,0,0.0,LOW,APPROVE,0,LOW_RISK_ESTABLISHED_ACCOUNT,,,phase3-v1
tx_0022689,2026-03-16 13:22:47,0,0.4908,LOW,APPROVE,0,GRAPH_MULTI_ENTITY_OVERLAP,GRAPH_CONNECTED_USERS,GRAPH_SHARED_ADDRESS,phase3-v1
tx_0006666,2026-03-16 13:24:15,0,0.0001,LOW,APPROVE,0,LOW_RISK_ESTABLISHED_ACCOUNT,,,phase3-v1
tx_0005910,2026-03-16 13:28:20,0,0.0001,LOW,APPROVE,0,LOW_RISK_ESTABLISHED_ACCOUNT,,,phase3-v1
tx_0012006,2026-03-16 13:30:05,0,0.0,LOW,APPROVE,0,LOW_RISK_ESTABLISHED_ACCOUNT,,,phase3-v1
tx_0015409,2026-03-16 13:32:31,0,0.0,LOW,APPROVE,0,LOW_RISK_ESTABLISHED_ACCOUNT,,,phase3-v1
tx_0018235,2026-03-16 13:32:44,0,0.0,LOW,APPROVE,0,LOW_RISK_ESTABLISHED_ACCOUNT,,,phase3-v1
tx_0017030,2026-03-16 13:34:17,0,0.0222,LOW,APPROVE,0,NEW_ACCOUNT,,,phase3-v1
tx_0018637,2026-03-16 13:38:01,0,0.0,LOW,APPROVE,0,LOW_RISK_ESTABLISHED_ACCOUNT,,,phase3-v1
tx_0022199,2026-03-16 13:41:02,0,0.0,LOW,APPROVE,0,LOW_RISK_ESTABLISHED_ACCOUNT,,,phase3-v1
tx_0014578,2026-03-16 13:42:34,0,0.0,LOW,APPROVE,0,LOW_RISK_ESTABLISHED_ACCOUNT,,,phase3-v1
tx_0013982,2026-03-16 13:47:12,0,0.0,LOW,APPROVE,0,HIGH_AMOUNT_ANOMALY,,,phase3-v1
tx_0019071,2026-03-16 13:50:41,0,0.0,LOW,APPROVE,0,LOW_RISK_ESTABLISHED_ACCOUNT,,,phase3-v1
tx_0025341,2026-03-16 13:52:46,0,0.0001,LOW,APPROVE,0,GRAPH_CONNECTED_USERS,,,phase3-v1
tx_0015082,2026-03-16 13:54:28,0,0.0075,LOW,APPROVE,0,NEW_ACCOUNT,HIGH_1H_VELOCITY,,phase3-v1
tx_0010576,2026-03-16 13:56:01,0,0.0,LOW,APPROVE,0,LOW_RISK_ESTABLISHED_ACCOUNT,,,phase3-v1
tx_0018080,2026-03-16 14:00:50,0,0.0,LOW,APPROVE,0,LOW_RISK_ESTABLISHED_ACCOUNT,,,phase3-v1
tx_0007526,2026-03-16 14:02:46,0,0.0,LOW,APPROVE,0,LOW_RISK_ESTABLISHED_ACCOUNT,,,phase3-v1
tx_0007353,2026-03-16 14:04:58,0,0.0,LOW,APPROVE,0,LOW_RISK_ESTABLISHED_ACCOUNT,,,phase3-v1
tx_0024078,2026-03-16 14:05:14,0,0.0001,LOW,APPROVE,0,GRAPH_SHARED_ADDRESS,GRAPH_MULTI_ENTITY_OVERLAP,GRAPH_CONNECTED_USERS,phase3-v1
tx_0010624,2026-03-16 14:07:16,0,0.0,LOW,APPROVE,0,LOW_RISK_ESTABLISHED_ACCOUNT,,,phase3-v1
tx_0015368,2026-03-16 14:08:08,0,0.0001,LOW,APPROVE,0,LOW_RISK_ESTABLISHED_ACCOUNT,,,phase3-v1
tx_0016360,2026-03-16 14:08:38,0,0.0001,LOW,APPROVE,0,LOW_RISK_ESTABLISHED_ACCOUNT,,,phase3-v1
tx_0014915,2026-03-16 14:10:53,0,0.0,LOW,APPROVE,0,LOW_RISK_ESTABLISHED_ACCOUNT,,,phase3-v1
tx_0020067,2026-03-16 14:12:07,0,0.0,LOW,APPROVE,0,NEW_ACCOUNT,,,phase3-v1
tx_0006758,2026-03-16 14:17:59,0,0.0,LOW,APPROVE,0,LOW_RISK_ESTABLISHED_ACCOUNT,,,phase3-v1
tx_0015902,2026-03-16 14:18:46,0,0.0,LOW,APPROVE,0,LOW_RISK_ESTABLISHED_ACCOUNT,,,phase3-v1
tx_0005740,2026-03-16 14:20:53,0,0.0,LOW,APPROVE,0,LOW_RISK_ESTABLISHED_ACCOUNT,,,phase3-v1
tx_0025029,2026-03-16 14:23:31,0,0.0001,LOW,APPROVE,0,GRAPH_MULTI_ENTITY_OVERLAP,GRAPH_SHARED_ADDRESS,,phase3-v1
tx_0025818,2026-03-16 14:23:52,0,0.0006,LOW,APPROVE,0,GRAPH_CONNECTED_USERS,PROMO_ACTIVITY,,phase3-v1
tx_0027148,2026-03-16 14:24:03,1,0.9993,HIGH,BLOCK,1,NEW_ACCOUNT,DISPOSABLE_EMAIL_DOMAIN,PROMO_ACTIVITY,phase3-v1
tx_0006614,2026-03-16 14:28:46,0,0.0,LOW,APPROVE,0,LOW_RISK_ESTABLISHED_ACCOUNT,,,phase3-v1
tx_0013760,2026-03-16 14:34:22,0,0.0,LOW,APPROVE,0,LOW_RISK_ESTABLISHED_ACCOUNT,,,phase3-v1
tx_0001472,2026-03-16 14:38:56,0,0.0,LOW,APPROVE,0,LOW_RISK_ESTABLISHED_ACCOUNT,,,phase3-v1
tx_0014688,2026-03-16 14:40:19,0,0.0001,LOW,APPROVE,0,LOW_RISK_ESTABLISHED_ACCOUNT,,,phase3-v1
tx_0000211,2026-03-16 14:40:45,0,0.0001,LOW,APPROVE,0,LOW_RISK_ESTABLISHED_ACCOUNT,,,phase3-v1
tx_0024481,2026-03-16 14:42:26,0,0.0001,LOW,APPROVE,0,GRAPH_CONNECTED_USERS,,,phase3-v1
tx_0025775,2026-03-16 14:44:45,0,0.0001,LOW,APPROVE,0,GRAPH_CONNECTED_USERS,,,phase3-v1
tx_0007198,2026-03-16 14:53:55,0,0.0001,LOW,APPROVE,0,LOW_RISK_ESTABLISHED_ACCOUNT,,,phase3-v1
tx_0014842,2026-03-16 14:58:05,0,0.0,LOW,APPROVE,0,LOW_RISK_ESTABLISHED_ACCOUNT,,,phase3-v1
tx_0015330,2026-03-16 15:03:49,0,0.0001,LOW,APPROVE,0,LOW_RISK_ESTABLISHED_ACCOUNT,,,phase3-v1
tx_0012789,2026-03-16 15:04:16,0,0.0,LOW,APPROVE,0,LOW_RISK_ESTABLISHED_ACCOUNT,,,phase3-v1
tx_0003055,2026-03-16 15:08:01,0,0.0,LOW,APPROVE,0,LOW_RISK_ESTABLISHED_ACCOUNT,,,phase3-v1
tx_0024452,2026-03-16 15:15:16,0,0.0002,LOW,APPROVE,0,GRAPH_SHARED_PAYMENT,GRAPH_SHARED_ADDRESS,GRAPH_MULTI_ENTITY_OVERLAP,phase3-v1
tx_0025958,2026-03-16 15:16:09,0,0.0001,LOW,APPROVE,0,GRAPH_MULTI_ENTITY_OVERLAP,GRAPH_SHARED_ADDRESS,GRAPH_CONNECTED_USERS,phase3-v1
tx_0016266,2026-03-16 15:16:56,0,0.0,LOW,APPROVE,0,LOW_RISK_ESTABLISHED_ACCOUNT,,,phase3-v1
tx_0004800,2026-03-16 15:16:59,0,0.0,LOW,APPROVE,0,LOW_RISK_ESTABLISHED_ACCOUNT,,,phase3-v1
tx_0019313,2026-03-16 15:21:10,0,0.0001,LOW,APPROVE,0,LOW_RISK_ESTABLISHED_ACCOUNT,,,phase3-v1
tx_0000718,2026-03-16 15:23:09,0,0.0001,LOW,APPROVE,0,HIGH_AMOUNT_ANOMALY,,,phase3-v1
tx_0007020,2026-03-16 15:23:22,0,0.0,LOW,APPROVE,0,HIGH_AMOUNT_ANOMALY,,,phase3-v1
tx_0024958,2026-03-16 15:24:22,0,0.0001,LOW,APPROVE,0,GRAPH_CONNECTED_USERS,,,phase3-v1
tx_0020280,2026-03-16 15:24:33,0,0.0,LOW,APPROVE,0,LOW_RISK_ESTABLISHED_ACCOUNT,,,phase3-v1
tx_0004749,2026-03-16 15:27:16,0,0.0,LOW,APPROVE,0,LOW_RISK_ESTABLISHED_ACCOUNT,,,phase3-v1
tx_0006955,2026-03-16 15:34:09,0,0.0,LOW,APPROVE,0,LOW_RISK_ESTABLISHED_ACCOUNT,,,phase3-v1
tx_0005792,2026-03-16 15:35:48,0,0.0,LOW,APPROVE,0,LOW_RISK_ESTABLISHED_ACCOUNT,,,phase3-v1
tx_0015031,2026-03-16 15:36:45,0,0.0001,LOW,APPROVE,0,LOW_RISK_ESTABLISHED_ACCOUNT,,,phase3-v1
tx_0001098,2026-03-16 15:39:09,0,0.0,LOW,APPROVE,0,LOW_RISK_ESTABLISHED_ACCOUNT,,,phase3-v1
tx_0020217,2026-03-16 15:39:45,0,0.0001,LOW,APPROVE,0,LOW_RISK_ESTABLISHED_ACCOUNT,,,phase3-v1
tx_0004211,2026-03-16 15:41:54,0,0.0,LOW,APPROVE,0,LOW_RISK_ESTABLISHED_ACCOUNT,,,phase3-v1
tx_0019396,2026-03-16 15:42:11,0,0.0,LOW,APPROVE,0,LOW_RISK_ESTABLISHED_ACCOUNT,,,phase3-v1
tx_0000358,2026-03-16 15:42:57,0,0.0,LOW,APPROVE,0,LOW_RISK_ESTABLISHED_ACCOUNT,,,phase3-v1
tx_0013719,2026-03-16 15:43:09,0,0.0,LOW,APPROVE,0,LOW_RISK_ESTABLISHED_ACCOUNT,,,phase3-v1
tx_0019846,2026-03-16 15:43:39,0,0.0,LOW,APPROVE,0,LOW_RISK_ESTABLISHED_ACCOUNT,,,phase3-v1
tx_0017048,2026-03-16 15:46:23,0,0.0001,LOW,APPROVE,0,LOW_RISK_ESTABLISHED_ACCOUNT,,,phase3-v1
tx_0024061,2026-03-16 15:50:49,0,0.0001,LOW,APPROVE,0,GRAPH_SHARED_ADDRESS,GRAPH_MULTI_ENTITY_OVERLAP,GRAPH_CONNECTED_USERS,phase3-v1
tx_0014338,2026-03-16 15:51:46,0,0.0,LOW,APPROVE,0,LOW_RISK_ESTABLISHED_ACCOUNT,,,phase3-v1
tx_0003412,2026-03-16 15:52:32,0,0.0001,LOW,APPROVE,0,LOW_RISK_ESTABLISHED_ACCOUNT,,,phase3-v1
tx_0001693,2026-03-16 15:53:27,0,0.0001,LOW,APPROVE,0,LOW_RISK_ESTABLISHED_ACCOUNT,,,phase3-v1
tx_0015272,2026-03-16 15:55:59,0,0.0,LOW,APPROVE,0,LOW_RISK_ESTABLISHED_ACCOUNT,,,phase3-v1
tx_0001535,2026-03-16 16:00:37,0,0.0001,LOW,APPROVE,0,HIGH_AMOUNT_ANOMALY,,,phase3-v1
tx_0019546,2026-03-16 16:00:53,0,0.0,LOW,APPROVE,0,LOW_RISK_ESTABLISHED_ACCOUNT,,,phase3-v1
tx_0000765,2026-03-16 16:00:57,0,0.0,LOW,APPROVE,0,LOW_RISK_ESTABLISHED_ACCOUNT,,,phase3-v1
tx_0022203,2026-03-16 16:02:58,0,0.0,LOW,APPROVE,0,LOW_RISK_ESTABLISHED_ACCOUNT,,,phase3-v1
tx_0021001,2026-03-16 16:03:13,0,0.0,LOW,APPROVE,0,LOW_RISK_ESTABLISHED_ACCOUNT,,,phase3-v1
tx_0006194,2026-03-16 16:04:28,0,0.0,LOW,APPROVE,0,LOW_RISK_ESTABLISHED_ACCOUNT,,,phase3-v1
tx_0015469,2026-03-16 16:11:54,0,0.0001,LOW,APPROVE,0,LOW_RISK_ESTABLISHED_ACCOUNT,,,phase3-v1
tx_0014448,2026-03-16 16:12:33,0,0.0,LOW,APPROVE,0,LOW_RISK_ESTABLISHED_ACCOUNT,,,phase3-v1
tx_0021987,2026-03-16 16:14:01,0,0.0,LOW,APPROVE,0,LOW_RISK_ESTABLISHED_ACCOUNT,,,phase3-v1
tx_0012757,2026-03-16 16:14:36,0,0.0001,LOW,APPROVE,0,LOW_RISK_ESTABLISHED_ACCOUNT,,,phase3-v1
tx_0020119,2026-03-16 16:20:18,0,0.0,LOW,APPROVE,0,LOW_RISK_ESTABLISHED_ACCOUNT,,,phase3-v1
tx_0020418,2026-03-16 16:20:41,0,0.0,LOW,APPROVE,0,LOW_RISK_ESTABLISHED_ACCOUNT,,,phase3-v1
tx_0009070,2026-03-16 16:27:15,0,0.0001,LOW,APPROVE,0,PROMO_ACTIVITY,,,phase3-v1
tx_0000689,2026-03-16 16:30:08,0,0.0,LOW,APPROVE,0,LOW_RISK_ESTABLISHED_ACCOUNT,,,phase3-v1
tx_0016348,2026-03-16 16:31:24,0,0.0,LOW,APPROVE,0,LOW_RISK_ESTABLISHED_ACCOUNT,,,phase3-v1
tx_0015852,2026-03-16 16:34:07,0,0.0,LOW,APPROVE,0,LOW_RISK_ESTABLISHED_ACCOUNT,,,phase3-v1
tx_0024427,2026-03-16 16:34:09,0,0.0002,LOW,APPROVE,0,GRAPH_SHARED_PAYMENT,GRAPH_SHARED_ADDRESS,GRAPH_MULTI_ENTITY_OVERLAP,phase3-v1
tx_0021068,2026-03-16 16:34:15,0,0.0,LOW,APPROVE,0,LOW_RISK_ESTABLISHED_ACCOUNT,,,phase3-v1
tx_0023223,2026-03-16 16:34:39,0,0.0001,LOW,APPROVE,0,GRAPH_CONNECTED_USERS,,,phase3-v1
tx_0007611,2026-03-16 16:40:03,0,0.0,LOW,APPROVE,0,LOW_RISK_ESTABLISHED_ACCOUNT,,,phase3-v1
tx_0017598,2026-03-16 16:42:48,0,0.0,LOW,APPROVE,0,LOW_RISK_ESTABLISHED_ACCOUNT,,,phase3-v1
tx_0027167,2026-03-16 16:43:22,1,0.9999,HIGH,BLOCK,1,NEW_ACCOUNT,DISPOSABLE_EMAIL_DOMAIN,PROMO_ACTIVITY,phase3-v1
tx_0025601,2026-03-16 16:44:18,0,0.0001,LOW,APPROVE,0,GRAPH_MULTI_ENTITY_OVERLAP,GRAPH_SHARED_ADDRESS,,phase3-v1
tx_0005725,2026-03-16 16:45:11,0,0.0,LOW,APPROVE,0,LOW_RISK_ESTABLISHED_ACCOUNT,,,phase3-v1
tx_0001824,2026-03-16 16:45:41,0,0.0001,LOW,APPROVE,0,LOW_RISK_ESTABLISHED_ACCOUNT,,,phase3-v1
tx_0019698,2026-03-16 16:46:46,0,0.0,LOW,APPROVE,0,LOW_RISK_ESTABLISHED_ACCOUNT,,,phase3-v1
tx_0013838,2026-03-16 16:51:35,0,0.0,LOW,APPROVE,0,LOW_RISK_ESTABLISHED_ACCOUNT,,,phase3-v1
tx_0003712,2026-03-16 16:53:07,0,0.0,LOW,APPROVE,0,LOW_RISK_ESTABLISHED_ACCOUNT,,,phase3-v1
tx_0016492,2026-03-16 17:01:48,0,0.0,LOW,APPROVE,0,PROMO_ACTIVITY,,,phase3-v1
tx_0000688,2026-03-16 17:03:18,0,0.0001,LOW,APPROVE,0,HIGH_24H_VELOCITY,HIGH_1H_VELOCITY,,phase3-v1
tx_0010035,2026-03-16 17:09:33,0,0.0,LOW,APPROVE,0,LOW_RISK_ESTABLISHED_ACCOUNT,,,phase3-v1
tx_0018753,2026-03-16 17:10:13,0,0.0,LOW,APPROVE,0,LOW_RISK_ESTABLISHED_ACCOUNT,,,phase3-v1
tx_0010423,2026-03-16 17:10:39,0,0.0,LOW,APPROVE,0,LOW_RISK_ESTABLISHED_ACCOUNT,,,phase3-v1
tx_0000914,2026-03-16 17:11:16,0,0.0,LOW,APPROVE,0,LOW_RISK_ESTABLISHED_ACCOUNT,,,phase3-v1
tx_0027170,2026-03-16 17:13:03,1,0.9999,HIGH,BLOCK,1,NEW_ACCOUNT,GRAPH_SHARED_PAYMENT,DISPOSABLE_EMAIL_DOMAIN,phase3-v1
tx_0004608,2026-03-16 17:16:16,0,0.0,LOW,APPROVE,0,LOW_RISK_ESTABLISHED_ACCOUNT,,,phase3-v1
tx_0002182,2026-03-16 17:19:05,0,0.0,LOW,APPROVE,0,LOW_RISK_ESTABLISHED_ACCOUNT,,,phase3-v1
tx_0027163,2026-03-16 17:19:22,1,0.9999,HIGH,BLOCK,1,NEW_ACCOUNT,DISPOSABLE_EMAIL_DOMAIN,GRAPH_SHARED_DEVICE,phase3-v1
tx_0019610,2026-03-16 17:21:33,0,0.0,LOW,APPROVE,0,LOW_RISK_ESTABLISHED_ACCOUNT,,,phase3-v1
tx_0007134,2026-03-16 17:27:09,0,0.0,LOW,APPROVE,0,LOW_RISK_ESTABLISHED_ACCOUNT,,,phase3-v1
tx_0024614,2026-03-16 17:31:37,0,0.0001,LOW,APPROVE,0,GRAPH_CONNECTED_USERS,,,phase3-v1
tx_0009475,2026-03-16 17:34:55,0,0.0001,LOW,APPROVE,0,LOW_RISK_ESTABLISHED_ACCOUNT,,,phase3-v1
tx_0016994,2026-03-16 17:36:43,0,0.0001,LOW,APPROVE,0,LOW_RISK_ESTABLISHED_ACCOUNT,,,phase3-v1
tx_0015096,2026-03-16 17:45:12,0,0.0,LOW,APPROVE,0,LOW_RISK_ESTABLISHED_ACCOUNT,,,phase3-v1
tx_0016769,2026-03-16 17:45:44,0,0.0,LOW,APPROVE,0,LOW_RISK_ESTABLISHED_ACCOUNT,,,phase3-v1
tx_0027156,2026-03-16 17:45:55,1,0.9998,HIGH,BLOCK,1,NEW_ACCOUNT,GRAPH_SHARED_PAYMENT,GRAPH_CONNECTED_USERS,phase3-v1
tx_0023613,2026-03-16 17:49:04,0,0.0005,LOW,APPROVE,0,NEW_ACCOUNT,,,phase3-v1
tx_0004700,2026-03-16 17:51:01,0,0.0,LOW,APPROVE,0,LOW_RISK_ESTABLISHED_ACCOUNT,,,phase3-v1
tx_0025991,2026-03-16 17:53:20,0,0.0001,LOW,APPROVE,0,GRAPH_MULTI_ENTITY_OVERLAP,GRAPH_SHARED_ADDRESS,,phase3-v1
tx_0004389,2026-03-16 17:54:41,0,0.0044,LOW,APPROVE,0,NEW_ACCOUNT,,,phase3-v1
tx_0007267,2026-03-16 17:56:05,0,0.0,LOW,APPROVE,0,LOW_RISK_ESTABLISHED_ACCOUNT,,,phase3-v1
tx_0018200,2026-03-16 17:56:42,0,0.0,LOW,APPROVE,0,LOW_RISK_ESTABLISHED_ACCOUNT,,,phase3-v1
tx_0023631,2026-03-16 17:58:17,0,0.0003,LOW,APPROVE,0,GRAPH_CONNECTED_USERS,,,phase3-v1
tx_0021582,2026-03-16 17:59:14,0,0.0,LOW,APPROVE,0,LOW_RISK_ESTABLISHED_ACCOUNT,,,phase3-v1
tx_0017872,2026-03-16 17:59:39,0,0.0001,LOW,APPROVE,0,LOW_RISK_ESTABLISHED_ACCOUNT,,,phase3-v1
tx_0018650,2026-03-16 18:00:50,0,0.0001,LOW,APPROVE,0,LOW_RISK_ESTABLISHED_ACCOUNT,,,phase3-v1
tx_0010472,2026-03-16 18:01:13,0,0.0,LOW,APPROVE,0,LOW_RISK_ESTABLISHED_ACCOUNT,,,phase3-v1
tx_0024022,2026-03-16 18:01:18,0,0.0001,LOW,APPROVE,0,GRAPH_MULTI_ENTITY_OVERLAP,GRAPH_SHARED_ADDRESS,GRAPH_CONNECTED_USERS,phase3-v1
tx_0023702,2026-03-16 18:02:43,0,0.0001,LOW,APPROVE,0,GRAPH_SHARED_ADDRESS,GRAPH_CONNECTED_USERS,GRAPH_MULTI_ENTITY_OVERLAP,phase3-v1
tx_0024630,2026-03-16 18:05:01,0,0.0001,LOW,APPROVE,0,GRAPH_CONNECTED_USERS,,,phase3-v1
tx_0002657,2026-03-16 18:05:16,0,0.0001,LOW,APPROVE,0,LOW_RISK_ESTABLISHED_ACCOUNT,,,phase3-v1
tx_0021335,2026-03-16 18:05:17,0,0.0,LOW,APPROVE,0,LOW_RISK_ESTABLISHED_ACCOUNT,,,phase3-v1
tx_0010654,2026-03-16 18:05:51,0,0.0,LOW,APPROVE,0,LOW_RISK_ESTABLISHED_ACCOUNT,,,phase3-v1
tx_0000424,2026-03-16 18:06:50,0,0.0001,LOW,APPROVE,0,LOW_RISK_ESTABLISHED_ACCOUNT,,,phase3-v1
tx_0002144,2026-03-16 18:09:41,0,0.0001,LOW,APPROVE,0,LOW_RISK_ESTABLISHED_ACCOUNT,,,phase3-v1
tx_0025203,2026-03-16 18:10:24,0,0.0001,LOW,APPROVE,0,GRAPH_CONNECTED_USERS,,,phase3-v1
tx_0011481,2026-03-16 18:13:43,0,0.0,LOW,APPROVE,0,LOW_RISK_ESTABLISHED_ACCOUNT,,,phase3-v1
tx_0019010,2026-03-16 18:16:54,0,0.0,LOW,APPROVE,0,LOW_RISK_ESTABLISHED_ACCOUNT,,,phase3-v1
tx_0004619,2026-03-16 18:20:41,0,0.0,LOW,APPROVE,0,LOW_RISK_ESTABLISHED_ACCOUNT,,,phase3-v1
tx_0012239,2026-03-16 18:20:51,0,0.0,LOW,APPROVE,0,LOW_RISK_ESTABLISHED_ACCOUNT,,,phase3-v1
tx_0017139,2026-03-16 18:22:02,0,0.0,LOW,APPROVE,0,LOW_RISK_ESTABLISHED_ACCOUNT,,,phase3-v1
tx_0010148,2026-03-16 18:23:37,0,0.0,LOW,APPROVE,0,LOW_RISK_ESTABLISHED_ACCOUNT,,,phase3-v1
tx_0011159,2026-03-16 18:25:17,0,0.0001,LOW,APPROVE,0,LOW_RISK_ESTABLISHED_ACCOUNT,,,phase3-v1
tx_0004352,2026-03-16 18:28:18,0,0.0,LOW,APPROVE,0,LOW_RISK_ESTABLISHED_ACCOUNT,,,phase3-v1
tx_0000863,2026-03-16 18:29:37,0,0.0001,LOW,APPROVE,0,LOW_RISK_ESTABLISHED_ACCOUNT,,,phase3-v1
tx_0013504,2026-03-16 18:31:09,0,0.0001,LOW,APPROVE,0,LOW_RISK_ESTABLISHED_ACCOUNT,,,phase3-v1
tx_0020732,2026-03-16 18:31:53,0,0.0001,LOW,APPROVE,0,LOW_RISK_ESTABLISHED_ACCOUNT,,,phase3-v1
tx_0014485,2026-03-16 18:37:37,0,0.0001,LOW,APPROVE,0,LOW_RISK_ESTABLISHED_ACCOUNT,,,phase3-v1
tx_0027176,2026-03-16 18:39:27,1,0.9999,HIGH,BLOCK,1,NEW_ACCOUNT,GRAPH_SHARED_DEVICE,GRAPH_CONNECTED_USERS,phase3-v1
tx_0024052,2026-03-16 18:41:37,0,0.0001,LOW,APPROVE,0,GRAPH_SHARED_ADDRESS,GRAPH_MULTI_ENTITY_OVERLAP,GRAPH_CONNECTED_USERS,phase3-v1
tx_0002869,2026-03-16 18:44:01,0,0.0,LOW,APPROVE,0,LOW_RISK_ESTABLISHED_ACCOUNT,,,phase3-v1
tx_0000463,2026-03-16 18:45:44,0,0.0,LOW,APPROVE,0,LOW_RISK_ESTABLISHED_ACCOUNT,,,phase3-v1
tx_0002781,2026-03-16 18:47:39,0,0.0001,LOW,APPROVE,0,LOW_RISK_ESTABLISHED_ACCOUNT,,,phase3-v1
tx_0012918,2026-03-16 18:48:39,0,0.0,LOW,APPROVE,0,LOW_RISK_ESTABLISHED_ACCOUNT,,,phase3-v1
tx_0011124,2026-03-16 18:49:24,0,0.0001,LOW,APPROVE,0,HIGH_AMOUNT_ANOMALY,,,phase3-v1
tx_0008233,2026-03-16 18:49:31,0,0.0001,LOW,APPROVE,0,LOW_RISK_ESTABLISHED_ACCOUNT,,,phase3-v1
tx_0016194,2026-03-16 18:49:54,0,0.0,LOW,APPROVE,0,LOW_RISK_ESTABLISHED_ACCOUNT,,,phase3-v1
tx_0017668,2026-03-16 18:50:36,0,0.0005,LOW,APPROVE,0,LOW_RISK_ESTABLISHED_ACCOUNT,,,phase3-v1
tx_0019184,2026-03-16 18:50:40,0,0.0001,LOW,APPROVE,0,HIGH_AMOUNT_ANOMALY,,,phase3-v1
tx_0020774,2026-03-16 19:00:55,0,0.005,LOW,APPROVE,0,NEW_ACCOUNT,PROMO_ACTIVITY,,phase3-v1
tx_0002952,2026-03-16 19:04:22,0,0.0,LOW,APPROVE,0,LOW_RISK_ESTABLISHED_ACCOUNT,,,phase3-v1
tx_0017369,2026-03-16 19:04:51,0,0.0001,LOW,APPROVE,0,LOW_RISK_ESTABLISHED_ACCOUNT,,,phase3-v1
tx_0023462,2026-03-16 19:05:55,0,0.0001,LOW,APPROVE,0,GRAPH_CONNECTED_USERS,,,phase3-v1
tx_0009412,2026-03-16 19:07:08,0,0.0,LOW,APPROVE,0,LOW_RISK_ESTABLISHED_ACCOUNT,,,phase3-v1
tx_0024931,2026-03-16 19:14:43,0,0.0001,LOW,APPROVE,0,GRAPH_MULTI_ENTITY_OVERLAP,GRAPH_SHARED_ADDRESS,GRAPH_CONNECTED_USERS,phase3-v1
tx_0024091,2026-03-16 19:17:23,0,0.0001,LOW,APPROVE,0,LOW_RISK_ESTABLISHED_ACCOUNT,,,phase3-v1
tx_0027159,2026-03-16 19:22:51,1,0.9996,HIGH,BLOCK,1,GRAPH_CONNECTED_USERS,NEW_ACCOUNT,DISPOSABLE_EMAIL_DOMAIN,phase3-v1
tx_0002421,2026-03-16 19:24:45,0,0.0001,LOW,APPROVE,0,LOW_RISK_ESTABLISHED_ACCOUNT,,,phase3-v1
tx_0011822,2026-03-16 19:25:17,0,0.0001,LOW,APPROVE,0,LOW_RISK_ESTABLISHED_ACCOUNT,,,phase3-v1
tx_0012026,2026-03-16 19:26:04,0,0.0,LOW,APPROVE,0,LOW_RISK_ESTABLISHED_ACCOUNT,,,phase3-v1
tx_0011170,2026-03-16 19:26:23,0,0.0,LOW,APPROVE,0,LOW_RISK_ESTABLISHED_ACCOUNT,,,phase3-v1
tx_0013622,2026-03-16 19:27:32,0,0.0,LOW,APPROVE,0,LOW_RISK_ESTABLISHED_ACCOUNT,,,phase3-v1
tx_0004080,2026-03-16 19:28:54,0,0.0,LOW,APPROVE,0,LOW_RISK_ESTABLISHED_ACCOUNT,,,phase3-v1
tx_0006458,2026-03-16 19:31:15,0,0.0001,LOW,APPROVE,0,LOW_RISK_ESTABLISHED_ACCOUNT,,,phase3-v1
tx_0019354,2026-03-16 19:31:29,0,0.0,LOW,APPROVE,0,LOW_RISK_ESTABLISHED_ACCOUNT,,,phase3-v1
tx_0021545,2026-03-16 19:32:27,0,0.0001,LOW,APPROVE,0,LOW_RISK_ESTABLISHED_ACCOUNT,,,phase3-v1
tx_0011796,2026-03-16 19:36:15,0,0.0,LOW,APPROVE,0,LOW_RISK_ESTABLISHED_ACCOUNT,,,phase3-v1
tx_0006156,2026-03-16 19:37:32,0,0.0,LOW,APPROVE,0,LOW_RISK_ESTABLISHED_ACCOUNT,,,phase3-v1
tx_0008350,2026-03-16 19:37:44,0,0.0,LOW,APPROVE,0,LOW_RISK_ESTABLISHED_ACCOUNT,,,phase3-v1
tx_0011156,2026-03-16 19:38:00,0,0.0,LOW,APPROVE,0,LOW_RISK_ESTABLISHED_ACCOUNT,,,phase3-v1
tx_0007881,2026-03-16 19:38:48,0,0.0,LOW,APPROVE,0,LOW_RISK_ESTABLISHED_ACCOUNT,,,phase3-v1
tx_0027177,2026-03-16 19:39:36,1,0.9999,HIGH,BLOCK,1,GRAPH_CONNECTED_USERS,GRAPH_SHARED_DEVICE,NEW_ACCOUNT,phase3-v1
tx_0002321,2026-03-16 19:40:16,0,0.0001,LOW,APPROVE,0,LOW_RISK_ESTABLISHED_ACCOUNT,,,phase3-v1
tx_0013153,2026-03-16 19:40:17,0,0.0,LOW,APPROVE,0,LOW_RISK_ESTABLISHED_ACCOUNT,,,phase3-v1
tx_0017660,2026-03-16 19:41:17,0,0.0001,LOW,APPROVE,0,LOW_RISK_ESTABLISHED_ACCOUNT,,,phase3-v1
tx_0021417,2026-03-16 19:45:53,0,0.0,LOW,APPROVE,0,LOW_RISK_ESTABLISHED_ACCOUNT,,,phase3-v1
tx_0015341,2026-03-16 19:50:48,0,0.0,LOW,APPROVE,0,LOW_RISK_ESTABLISHED_ACCOUNT,,,phase3-v1
tx_0019740,2026-03-16 19:50:50,0,0.0001,LOW,APPROVE,0,LOW_RISK_ESTABLISHED_ACCOUNT,,,phase3-v1
tx_0000583,2026-03-16 19:51:27,0,0.0,LOW,APPROVE,0,LOW_RISK_ESTABLISHED_ACCOUNT,,,phase3-v1
tx_0001373,2026-03-16 19:51:56,0,0.0,LOW,APPROVE,0,LOW_RISK_ESTABLISHED_ACCOUNT,,,phase3-v1
tx_0010442,2026-03-16 19:57:01,0,0.0,LOW,APPROVE,0,HIGH_AMOUNT_ANOMALY,,,phase3-v1
tx_0020009,2026-03-16 19:57:32,0,0.0001,LOW,APPROVE,0,LOW_RISK_ESTABLISHED_ACCOUNT,,,phase3-v1
tx_0022885,2026-03-16 19:59:13,0,0.0001,LOW,APPROVE,0,GRAPH_MULTI_ENTITY_OVERLAP,GRAPH_SHARED_ADDRESS,,phase3-v1
tx_0025258,2026-03-16 20:05:59,0,0.0001,LOW,APPROVE,0,GRAPH_CONNECTED_USERS,,,phase3-v1
tx_0013584,2026-03-16 20:07:38,0,0.0001,LOW,APPROVE,0,LOW_RISK_ESTABLISHED_ACCOUNT,,,phase3-v1
tx_0009929,2026-03-16 20:11:04,0,0.0001,LOW,APPROVE,0,LOW_RISK_ESTABLISHED_ACCOUNT,,,phase3-v1
tx_0000670,2026-03-16 20:11:15,0,0.0001,LOW,APPROVE,0,LOW_RISK_ESTABLISHED_ACCOUNT,,,phase3-v1
tx_0013078,2026-03-16 20:12:29,0,0.0001,LOW,APPROVE,0,LOW_RISK_ESTABLISHED_ACCOUNT,,,phase3-v1
tx_0005002,2026-03-16 20:12:35,0,0.0001,LOW,APPROVE,0,LOW_RISK_ESTABLISHED_ACCOUNT,,,phase3-v1
tx_0017583,2026-03-16 20:15:10,0,0.0001,LOW,APPROVE,0,LOW_RISK_ESTABLISHED_ACCOUNT,,,phase3-v1
tx_0025617,2026-03-16 20:24:42,0,0.0001,LOW,APPROVE,0,GRAPH_MULTI_ENTITY_OVERLAP,GRAPH_SHARED_ADDRESS,GRAPH_CONNECTED_USERS,phase3-v1
tx_0014214,2026-03-16 20:24:54,0,0.0001,LOW,APPROVE,0,LOW_RISK_ESTABLISHED_ACCOUNT,,,phase3-v1
tx_0000627,2026-03-16 20:28:57,0,0.0001,LOW,APPROVE,0,LOW_RISK_ESTABLISHED_ACCOUNT,,,phase3-v1
tx_0015027,2026-03-16 20:35:08,0,0.0003,LOW,APPROVE,0,LOW_RISK_ESTABLISHED_ACCOUNT,,,phase3-v1
tx_0005529,2026-03-16 20:36:44,0,0.0001,LOW,APPROVE,0,LOW_RISK_ESTABLISHED_ACCOUNT,,,phase3-v1
tx_0005895,2026-03-16 20:39:23,0,0.0001,LOW,APPROVE,0,LOW_RISK_ESTABLISHED_ACCOUNT,,,phase3-v1
tx_0013395,2026-03-16 20:41:28,0,0.0001,LOW,APPROVE,0,PROMO_ACTIVITY,,,phase3-v1
tx_0024463,2026-03-16 20:43:23,0,0.0002,LOW,APPROVE,0,GRAPH_SHARED_PAYMENT,GRAPH_SHARED_ADDRESS,GRAPH_MULTI_ENTITY_OVERLAP,phase3-v1
tx_0023531,2026-03-16 20:44:35,0,0.0005,LOW,APPROVE,0,GRAPH_CONNECTED_USERS,,,phase3-v1
tx_0016530,2026-03-16 20:48:48,0,0.0001,LOW,APPROVE,0,LOW_RISK_ESTABLISHED_ACCOUNT,,,phase3-v1
tx_0017801,2026-03-16 20:50:38,0,0.0001,LOW,APPROVE,0,LOW_RISK_ESTABLISHED_ACCOUNT,,,phase3-v1
tx_0003985,2026-03-16 20:53:30,0,0.0001,LOW,APPROVE,0,LOW_RISK_ESTABLISHED_ACCOUNT,,,phase3-v1
tx_0004715,2026-03-16 20:55:04,0,0.0001,LOW,APPROVE,0,LOW_RISK_ESTABLISHED_ACCOUNT,,,phase3-v1
tx_0006829,2026-03-16 20:56:41,0,0.0001,LOW,APPROVE,0,LOW_RISK_ESTABLISHED_ACCOUNT,,,phase3-v1
tx_0024954,2026-03-16 20:59:25,0,0.0001,LOW,APPROVE,0,GRAPH_CONNECTED_USERS,,,phase3-v1
tx_0018943,2026-03-16 21:04:33,0,0.0001,LOW,APPROVE,0,LOW_RISK_ESTABLISHED_ACCOUNT,,,phase3-v1
tx_0023451,2026-03-16 21:06:35,0,0.0001,LOW,APPROVE,0,GRAPH_MULTI_ENTITY_OVERLAP,GRAPH_SHARED_PAYMENT,GRAPH_SHARED_ADDRESS,phase3-v1
tx_0025076,2026-03-16 21:09:27,0,0.0005,LOW,APPROVE,0,GRAPH_CONNECTED_USERS,,,phase3-v1
tx_0019397,2026-03-16 21:10:10,0,0.0001,LOW,APPROVE,0,LOW_RISK_ESTABLISHED_ACCOUNT,,,phase3-v1
tx_0000036,2026-03-16 21:11:17,0,0.0001,LOW,APPROVE,0,LOW_RISK_ESTABLISHED_ACCOUNT,,,phase3-v1
tx_0022911,2026-03-16 21:12:59,0,0.0001,LOW,APPROVE,0,GRAPH_CONNECTED_USERS,,,phase3-v1
tx_0025470,2026-03-16 21:27:54,0,0.0002,LOW,APPROVE,0,GRAPH_MULTI_ENTITY_OVERLAP,GRAPH_SHARED_ADDRESS,GRAPH_CONNECTED_USERS,phase3-v1
tx_0017542,2026-03-16 21:27:54,0,0.0001,LOW,APPROVE,0,LOW_RISK_ESTABLISHED_ACCOUNT,,,phase3-v1
tx_0024212,2026-03-16 21:28:43,0,0.0001,LOW,APPROVE,0,GRAPH_SHARED_PAYMENT,GRAPH_MULTI_ENTITY_OVERLAP,GRAPH_SHARED_ADDRESS,phase3-v1
tx_0025695,2026-03-16 21:29:39,0,0.0006,LOW,APPROVE,0,GRAPH_CONNECTED_USERS,,,phase3-v1
tx_0023728,2026-03-16 21:39:54,0,0.0001,LOW,APPROVE,0,GRAPH_MULTI_ENTITY_OVERLAP,GRAPH_SHARED_PAYMENT,GRAPH_CONNECTED_USERS,phase3-v1
tx_0022434,2026-03-16 21:40:22,0,0.0001,LOW,APPROVE,0,LOW_RISK_ESTABLISHED_ACCOUNT,,,phase3-v1
tx_0014277,2026-03-16 21:44:31,0,0.0001,LOW,APPROVE,0,LOW_RISK_ESTABLISHED_ACCOUNT,,,phase3-v1
tx_0006610,2026-03-16 21:45:53,0,0.0001,LOW,APPROVE,0,HIGH_AMOUNT_ANOMALY,,,phase3-v1
tx_0009313,2026-03-16 21:48:15,0,0.0001,LOW,APPROVE,0,LOW_RISK_ESTABLISHED_ACCOUNT,,,phase3-v1
tx_0002765,2026-03-16 21:48:47,0,0.0001,LOW,APPROVE,0,LOW_RISK_ESTABLISHED_ACCOUNT,,,phase3-v1
tx_0014125,2026-03-16 21:50:22,0,0.0001,LOW,APPROVE,0,LOW_RISK_ESTABLISHED_ACCOUNT,,,phase3-v1
tx_0003170,2026-03-16 21:59:08,0,0.0001,LOW,APPROVE,0,LOW_RISK_ESTABLISHED_ACCOUNT,,,phase3-v1
tx_0013405,2026-03-16 21:59:08,0,0.0001,LOW,APPROVE,0,LOW_RISK_ESTABLISHED_ACCOUNT,,,phase3-v1
tx_0023596,2026-03-16 21:59:11,0,0.0001,LOW,APPROVE,0,GRAPH_MULTI_ENTITY_OVERLAP,GRAPH_SHARED_ADDRESS,GRAPH_CONNECTED_USERS,phase3-v1
tx_0008627,2026-03-16 22:00:46,0,0.0001,LOW,APPROVE,0,LOW_RISK_ESTABLISHED_ACCOUNT,,,phase3-v1
tx_0011303,2026-03-16 22:01:32,0,0.0001,LOW,APPROVE,0,LOW_RISK_ESTABLISHED_ACCOUNT,,,phase3-v1
tx_0013561,2026-03-16 22:02:30,0,0.0001,LOW,APPROVE,0,LOW_RISK_ESTABLISHED_ACCOUNT,,,phase3-v1
tx_0020062,2026-03-16 22:10:20,0,0.0003,LOW,APPROVE,0,NEW_ACCOUNT,,,phase3-v1
tx_0020735,2026-03-16 22:10:29,0,0.0001,LOW,APPROVE,0,HIGH_24H_VELOCITY,PROMO_ACTIVITY,,phase3-v1
tx_0019540,2026-03-16 22:11:57,0,0.0001,LOW,APPROVE,0,LOW_RISK_ESTABLISHED_ACCOUNT,,,phase3-v1
tx_0027152,2026-03-16 22:15:17,1,0.9997,HIGH,BLOCK,1,NEW_ACCOUNT,GRAPH_CONNECTED_USERS,,phase3-v1
tx_0012725,2026-03-16 22:17:39,0,0.0001,LOW,APPROVE,0,LOW_RISK_ESTABLISHED_ACCOUNT,,,phase3-v1
tx_0017610,2026-03-16 22:32:01,0,0.0001,LOW,APPROVE,0,LOW_RISK_ESTABLISHED_ACCOUNT,,,phase3-v1
tx_0021575,2026-03-16 22:37:54,0,0.0001,LOW,APPROVE,0,LOW_RISK_ESTABLISHED_ACCOUNT,,,phase3-v1
tx_0017182,2026-03-16 22:41:44,0,0.0001,LOW,APPROVE,0,LOW_RISK_ESTABLISHED_ACCOUNT,,,phase3-v1
tx_0008936,2026-03-16 22:47:45,0,0.0001,LOW,APPROVE,0,LOW_RISK_ESTABLISHED_ACCOUNT,,,phase3-v1
tx_0012236,2026-03-16 22:48:42,0,0.0002,LOW,APPROVE,0,LOW_RISK_ESTABLISHED_ACCOUNT,,,phase3-v1
tx_0007080,2026-03-16 22:50:25,0,0.0001,LOW,APPROVE,0,LOW_RISK_ESTABLISHED_ACCOUNT,,,phase3-v1
tx_0013652,2026-03-16 22:50:46,0,0.0001,LOW,APPROVE,0,LOW_RISK_ESTABLISHED_ACCOUNT,,,phase3-v1
tx_0027151,2026-03-16 22:54:08,1,0.9999,HIGH,BLOCK,1,GRAPH_CONNECTED_USERS,GRAPH_SHARED_DEVICE,GRAPH_SHARED_PAYMENT,phase3-v1
tx_0020065,2026-03-16 22:55:12,0,0.0012,LOW,APPROVE,0,HIGH_24H_VELOCITY,HIGH_1H_VELOCITY,PROMO_ACTIVITY,phase3-v1
tx_0003854,2026-03-16 22:55:50,0,0.0001,LOW,APPROVE,0,LOW_RISK_ESTABLISHED_ACCOUNT,,,phase3-v1
tx_0010517,2026-03-16 22:56:37,0,0.0001,LOW,APPROVE,0,LOW_RISK_ESTABLISHED_ACCOUNT,,,phase3-v1
tx_0008478,2026-03-16 22:59:28,0,0.0001,LOW,APPROVE,0,LOW_RISK_ESTABLISHED_ACCOUNT,,,phase3-v1
tx_0017634,2026-03-16 23:01:35,0,0.0001,LOW,APPROVE,0,LOW_RISK_ESTABLISHED_ACCOUNT,,,phase3-v1
tx_0016860,2026-03-16 23:05:55,0,0.0001,LOW,APPROVE,0,LOW_RISK_ESTABLISHED_ACCOUNT,,,phase3-v1
tx_0012433,2026-03-16 23:15:04,0,0.0001,LOW,APPROVE,0,LOW_RISK_ESTABLISHED_ACCOUNT,,,phase3-v1
tx_0010401,2026-03-16 23:24:25,0,0.0001,LOW,APPROVE,0,LOW_RISK_ESTABLISHED_ACCOUNT,,,phase3-v1
tx_0020024,2026-03-16 23:25:36,0,0.0001,LOW,APPROVE,0,LOW_RISK_ESTABLISHED_ACCOUNT,,,phase3-v1
tx_0019567,2026-03-16 23:27:22,0,0.0001,LOW,APPROVE,0,LOW_RISK_ESTABLISHED_ACCOUNT,,,phase3-v1
tx_0003774,2026-03-16 23:27:44,0,0.0001,LOW,APPROVE,0,LOW_RISK_ESTABLISHED_ACCOUNT,,,phase3-v1
tx_0008253,2026-03-16 23:28:17,0,0.0089,LOW,APPROVE,0,HIGH_AMOUNT_ANOMALY,NEW_ACCOUNT,,phase3-v1
tx_0004117,2026-03-16 23:39:52,0,0.0001,LOW,APPROVE,0,LOW_RISK_ESTABLISHED_ACCOUNT,,,phase3-v1
tx_0018005,2026-03-16 23:48:14,0,0.0001,LOW,APPROVE,0,HIGH_AMOUNT_ANOMALY,,,phase3-v1
tx_0017748,2026-03-16 23:55:18,0,0.0001,LOW,APPROVE,0,LOW_RISK_ESTABLISHED_ACCOUNT,,,phase3-v1
tx_0022425,2026-03-17 00:15:34,0,0.0001,LOW,APPROVE,0,LOW_RISK_ESTABLISHED_ACCOUNT,,,phase3-v1
tx_0027154,2026-03-17 00:26:55,1,0.9998,HIGH,BLOCK,1,GRAPH_CONNECTED_USERS,GRAPH_SHARED_ADDRESS,GRAPH_MULTI_ENTITY_OVERLAP,phase3-v1
tx_0027158,2026-03-17 00:38:47,1,0.9998,HIGH,BLOCK,1,GRAPH_CONNECTED_USERS,DISPOSABLE_EMAIL_DOMAIN,HIGH_AMOUNT_ANOMALY,phase3-v1
tx_0006767,2026-03-17 01:00:07,0,0.0001,LOW,APPROVE,0,OFF_HOURS_ACTIVITY,,,phase3-v1
tx_0014217,2026-03-17 01:04:21,0,0.0001,LOW,APPROVE,0,OFF_HOURS_ACTIVITY,,,phase3-v1
tx_0012429,2026-03-17 01:45:25,0,0.0001,LOW,APPROVE,0,OFF_HOURS_ACTIVITY,,,phase3-v1
tx_0006188,2026-03-17 01:45:35,0,0.0001,LOW,APPROVE,0,OFF_HOURS_ACTIVITY,,,phase3-v1
tx_0005165,2026-03-17 01:55:25,0,0.0002,LOW,APPROVE,0,OFF_HOURS_ACTIVITY,,,phase3-v1
tx_0016285,2026-03-17 02:19:41,0,0.6757,MEDIUM,REVIEW,0,NEW_ACCOUNT,OFF_HOURS_ACTIVITY,,phase3-v1
tx_0000991,2026-03-17 03:16:25,0,0.0001,LOW,APPROVE,0,OFF_HOURS_ACTIVITY,,,phase3-v1
tx_0023620,2026-03-17 03:43:24,0,0.0008,LOW,APPROVE,0,GRAPH_CONNECTED_USERS,OFF_HOURS_ACTIVITY,,phase3-v1
tx_0027160,2026-03-17 03:46:13,1,0.9999,HIGH,BLOCK,1,GRAPH_CONNECTED_USERS,GRAPH_SHARED_PAYMENT,DISPOSABLE_EMAIL_DOMAIN,phase3-v1
tx_0019182,2026-03-17 03:49:17,0,0.0001,LOW,APPROVE,0,OFF_HOURS_ACTIVITY,,,phase3-v1
tx_0018729,2026-03-17 04:51:43,0,0.0002,LOW,APPROVE,0,OFF_HOURS_ACTIVITY,,,phase3-v1
tx_0018659,2026-03-17 05:00:26,0,0.0001,LOW,APPROVE,0,OFF_HOURS_ACTIVITY,,,phase3-v1
tx_0020675,2026-03-17 05:25:38,0,0.0001,LOW,APPROVE,0,OFF_HOURS_ACTIVITY,,,phase3-v1
tx_0016543,2026-03-17 05:32:35,0,0.0,LOW,APPROVE,0,OFF_HOURS_ACTIVITY,,,phase3-v1
tx_0022751,2026-03-17 05:34:19,0,0.0005,LOW,APPROVE,0,GRAPH_CONNECTED_USERS,OFF_HOURS_ACTIVITY,,phase3-v1
tx_0001834,2026-03-17 06:00:22,0,0.0001,LOW,APPROVE,0,LOW_RISK_ESTABLISHED_ACCOUNT,,,phase3-v1
tx_0024361,2026-03-17 06:06:01,0,0.8484,MEDIUM,REVIEW,0,NEW_ACCOUNT,,,phase3-v1
tx_0027145,2026-03-17 06:11:17,1,0.9999,HIGH,BLOCK,1,GRAPH_CONNECTED_USERS,GRAPH_SHARED_ADDRESS,GRAPH_MULTI_ENTITY_OVERLAP,phase3-v1
tx_0009729,2026-03-17 06:14:12,0,0.0,LOW,APPROVE,0,LOW_RISK_ESTABLISHED_ACCOUNT,,,phase3-v1
tx_0005567,2026-03-17 06:30:53,0,0.0001,LOW,APPROVE,0,LOW_RISK_ESTABLISHED_ACCOUNT,,,phase3-v1
tx_0000690,2026-03-17 06:36:50,0,0.0001,LOW,APPROVE,0,HIGH_24H_VELOCITY,,,phase3-v1
tx_0023289,2026-03-17 06:38:25,0,0.0004,LOW,APPROVE,0,GRAPH_CONNECTED_USERS,,,phase3-v1
tx_0016345,2026-03-17 06:40:05,0,0.0001,LOW,APPROVE,0,LOW_RISK_ESTABLISHED_ACCOUNT,,,phase3-v1
tx_0006244,2026-03-17 06:51:41,0,0.0001,LOW,APPROVE,0,LOW_RISK_ESTABLISHED_ACCOUNT,,,phase3-v1
tx_0000106,2026-03-17 06:56:20,0,0.0001,LOW,APPROVE,0,HIGH_AMOUNT_ANOMALY,,,phase3-v1
tx_0015315,2026-03-17 07:03:32,0,0.0,LOW,APPROVE,0,LOW_RISK_ESTABLISHED_ACCOUNT,,,phase3-v1
tx_0020379,2026-03-17 07:12:21,0,0.0,LOW,APPROVE,0,LOW_RISK_ESTABLISHED_ACCOUNT,,,phase3-v1
tx_0025169,2026-03-17 07:17:10,0,0.0001,LOW,APPROVE,0,GRAPH_SHARED_ADDRESS,GRAPH_CONNECTED_USERS,GRAPH_MULTI_ENTITY_OVERLAP,phase3-v1
tx_0022481,2026-03-17 07:17:36,0,0.0,LOW,APPROVE,0,LOW_RISK_ESTABLISHED_ACCOUNT,,,phase3-v1
tx_0005755,2026-03-17 07:22:54,0,0.0001,LOW,APPROVE,0,LOW_RISK_ESTABLISHED_ACCOUNT,,,phase3-v1
tx_0021958,2026-03-17 07:24:29,0,0.0002,LOW,APPROVE,0,LOW_RISK_ESTABLISHED_ACCOUNT,,,phase3-v1
tx_0018706,2026-03-17 07:25:19,0,0.0,LOW,APPROVE,0,LOW_RISK_ESTABLISHED_ACCOUNT,,,phase3-v1
tx_0022523,2026-03-17 07:25:50,0,0.0001,LOW,APPROVE,0,LOW_RISK_ESTABLISHED_ACCOUNT,,,phase3-v1
tx_0018117,2026-03-17 07:27:37,0,0.0,LOW,APPROVE,0,LOW_RISK_ESTABLISHED_ACCOUNT,,,phase3-v1
tx_0018927,2026-03-17 07:30:31,0,0.0001,LOW,APPROVE,0,LOW_RISK_ESTABLISHED_ACCOUNT,,,phase3-v1
tx_0008202,2026-03-17 07:31:47,0,0.0,LOW,APPROVE,0,LOW_RISK_ESTABLISHED_ACCOUNT,,,phase3-v1
tx_0021200,2026-03-17 07:43:17,0,0.0,LOW,APPROVE,0,LOW_RISK_ESTABLISHED_ACCOUNT,,,phase3-v1
tx_0025110,2026-03-17 07:48:40,0,0.0003,LOW,APPROVE,0,GRAPH_CONNECTED_USERS,,,phase3-v1
tx_0020708,2026-03-17 07:49:24,0,0.0001,LOW,APPROVE,0,LOW_RISK_ESTABLISHED_ACCOUNT,,,phase3-v1
tx_0017084,2026-03-17 07:55:05,0,0.0,LOW,APPROVE,0,PROMO_ACTIVITY,,,phase3-v1
tx_0020728,2026-03-17 08:07:33,0,0.0001,LOW,APPROVE,0,HIGH_24H_VELOCITY,PROMO_ACTIVITY,,phase3-v1
tx_0017372,2026-03-17 08:09:40,0,0.0,LOW,APPROVE,0,LOW_RISK_ESTABLISHED_ACCOUNT,,,phase3-v1
tx_0001212,2026-03-17 08:23:09,0,0.0,LOW,APPROVE,0,LOW_RISK_ESTABLISHED_ACCOUNT,,,phase3-v1
tx_0022343,2026-03-17 08:23:19,0,0.0,LOW,APPROVE,0,LOW_RISK_ESTABLISHED_ACCOUNT,,,phase3-v1
tx_0025799,2026-03-17 08:24:56,0,0.0001,LOW,APPROVE,0,GRAPH_SHARED_PAYMENT,GRAPH_MULTI_ENTITY_OVERLAP,GRAPH_SHARED_ADDRESS,phase3-v1
tx_0015853,2026-03-17 08:27:44,0,0.0,LOW,APPROVE,0,LOW_RISK_ESTABLISHED_ACCOUNT,,,phase3-v1
tx_0022235,2026-03-17 08:31:13,0,0.0001,LOW,APPROVE,0,LOW_RISK_ESTABLISHED_ACCOUNT,,,phase3-v1
tx_0027168,2026-03-17 08:32:37,1,0.9999,HIGH,BLOCK,1,GRAPH_CONNECTED_USERS,GRAPH_SHARED_ADDRESS,GRAPH_SHARED_DEVICE,phase3-v1
tx_0019002,2026-03-17 08:43:13,0,0.0001,LOW,APPROVE,0,LOW_RISK_ESTABLISHED_ACCOUNT,,,phase3-v1
tx_0023049,2026-03-17 08:46:27,0,0.0001,LOW,APPROVE,0,GRAPH_MULTI_ENTITY_OVERLAP,GRAPH_SHARED_ADDRESS,GRAPH_CONNECTED_USERS,phase3-v1
tx_0023524,2026-03-17 09:01:01,0,0.0003,LOW,APPROVE,0,GRAPH_CONNECTED_USERS,,,phase3-v1
tx_0019643,2026-03-17 09:02:20,0,0.0001,LOW,APPROVE,0,PROMO_ACTIVITY,NEW_ACCOUNT,,phase3-v1
tx_0008102,2026-03-17 09:02:54,0,0.0,LOW,APPROVE,0,LOW_RISK_ESTABLISHED_ACCOUNT,,,phase3-v1
tx_0017922,2026-03-17 09:15:56,0,0.0,LOW,APPROVE,0,LOW_RISK_ESTABLISHED_ACCOUNT,,,phase3-v1
tx_0003861,2026-03-17 09:16:09,0,0.0001,LOW,APPROVE,0,LOW_RISK_ESTABLISHED_ACCOUNT,,,phase3-v1
tx_0003392,2026-03-17 09:21:02,0,0.0,LOW,APPROVE,0,LOW_RISK_ESTABLISHED_ACCOUNT,,,phase3-v1
tx_0021999,2026-03-17 09:31:38,0,0.0,LOW,APPROVE,0,LOW_RISK_ESTABLISHED_ACCOUNT,,,phase3-v1
tx_0017350,2026-03-17 09:33:43,0,0.0,LOW,APPROVE,0,LOW_RISK_ESTABLISHED_ACCOUNT,,,phase3-v1
tx_0027155,2026-03-17 09:33:52,1,0.9999,HIGH,BLOCK,1,GRAPH_CONNECTED_USERS,GRAPH_SHARED_PAYMENT,GRAPH_SHARED_ADDRESS,phase3-v1
tx_0023325,2026-03-17 09:44:41,0,0.0001,LOW,APPROVE,0,GRAPH_CONNECTED_USERS,,,phase3-v1
tx_0012546,2026-03-17 09:46:09,0,0.8401,MEDIUM,REVIEW,0,NEW_ACCOUNT,,,phase3-v1
tx_0020040,2026-03-17 09:51:09,0,0.0,LOW,APPROVE,0,LOW_RISK_ESTABLISHED_ACCOUNT,,,phase3-v1
tx_0015917,2026-03-17 09:54:18,0,0.0001,LOW,APPROVE,0,LOW_RISK_ESTABLISHED_ACCOUNT,,,phase3-v1
tx_0015204,2026-03-17 09:56:00,0,0.0,LOW,APPROVE,0,LOW_RISK_ESTABLISHED_ACCOUNT,,,phase3-v1
tx_0027169,2026-03-17 10:01:30,1,0.9999,HIGH,BLOCK,1,GRAPH_CONNECTED_USERS,GRAPH_SHARED_DEVICE,GRAPH_SHARED_PAYMENT,phase3-v1
tx_0002433,2026-03-17 10:01:42,0,0.0,LOW,APPROVE,0,LOW_RISK_ESTABLISHED_ACCOUNT,,,phase3-v1
tx_0020208,2026-03-17 10:02:08,0,0.0001,LOW,APPROVE,0,LOW_RISK_ESTABLISHED_ACCOUNT,,,phase3-v1
tx_0021950,2026-03-17 10:04:29,0,0.0,LOW,APPROVE,0,LOW_RISK_ESTABLISHED_ACCOUNT,,,phase3-v1
tx_0011291,2026-03-17 10:14:58,0,0.0,LOW,APPROVE,0,PROMO_ACTIVITY,,,phase3-v1
tx_0004690,2026-03-17 10:15:19,0,0.0,LOW,APPROVE,0,LOW_RISK_ESTABLISHED_ACCOUNT,,,phase3-v1
tx_0024585,2026-03-17 10:22:02,0,0.0003,LOW,APPROVE,0,GRAPH_CONNECTED_USERS,,,phase3-v1
tx_0022895,2026-03-17 10:27:19,0,0.0001,LOW,APPROVE,0,GRAPH_CONNECTED_USERS,,,phase3-v1
tx_0022907,2026-03-17 10:28:24,0,0.0003,LOW,APPROVE,0,GRAPH_CONNECTED_USERS,,,phase3-v1
tx_0000886,2026-03-17 10:30:21,0,0.0,LOW,APPROVE,0,LOW_RISK_ESTABLISHED_ACCOUNT,,,phase3-v1
tx_0017831,2026-03-17 10:31:57,0,0.0001,LOW,APPROVE,0,LOW_RISK_ESTABLISHED_ACCOUNT,,,phase3-v1
tx_0005583,2026-03-17 10:32:36,0,0.0001,LOW,APPROVE,0,LOW_RISK_ESTABLISHED_ACCOUNT,,,phase3-v1
tx_0018671,2026-03-17 10:33:34,0,0.0001,LOW,APPROVE,0,LOW_RISK_ESTABLISHED_ACCOUNT,,,phase3-v1
tx_0022874,2026-03-17 10:37:21,0,0.0001,LOW,APPROVE,0,GRAPH_MULTI_ENTITY_OVERLAP,GRAPH_SHARED_PAYMENT,GRAPH_SHARED_ADDRESS,phase3-v1
tx_0009471,2026-03-17 10:37:33,0,0.0001,LOW,APPROVE,0,LOW_RISK_ESTABLISHED_ACCOUNT,,,phase3-v1
tx_0013610,2026-03-17 10:43:02,0,0.0001,LOW,APPROVE,0,LOW_RISK_ESTABLISHED_ACCOUNT,,,phase3-v1
tx_0003523,2026-03-17 10:43:24,0,0.0,LOW,APPROVE,0,LOW_RISK_ESTABLISHED_ACCOUNT,,,phase3-v1
tx_0009571,2026-03-17 10:46:16,0,0.0,LOW,APPROVE,0,LOW_RISK_ESTABLISHED_ACCOUNT,,,phase3-v1
tx_0024814,2026-03-17 10:46:33,0,0.0002,LOW,APPROVE,0,GRAPH_SHARED_PAYMENT,GRAPH_SHARED_ADDRESS,GRAPH_MULTI_ENTITY_OVERLAP,phase3-v1
tx_0023694,2026-03-17 10:47:15,0,0.0005,LOW,APPROVE,0,GRAPH_SHARED_ADDRESS,GRAPH_MULTI_ENTITY_OVERLAP,GRAPH_CONNECTED_USERS,phase3-v1
tx_0003776,2026-03-17 10:50:33,0,0.0,LOW,APPROVE,0,LOW_RISK_ESTABLISHED_ACCOUNT,,,phase3-v1
tx_0011307,2026-03-17 10:51:02,0,0.0,LOW,APPROVE,0,LOW_RISK_ESTABLISHED_ACCOUNT,,,phase3-v1
tx_0014313,2026-03-17 10:51:06,0,0.002,LOW,APPROVE,0,NEW_ACCOUNT,,,phase3-v1
tx_0008805,2026-03-17 10:53:12,0,0.0001,LOW,APPROVE,0,LOW_RISK_ESTABLISHED_ACCOUNT,,,phase3-v1
tx_0007548,2026-03-17 10:54:43,0,0.0,LOW,APPROVE,0,LOW_RISK_ESTABLISHED_ACCOUNT,,,phase3-v1
tx_0005732,2026-03-17 10:57:08,0,0.0016,LOW,APPROVE,0,NEW_ACCOUNT,PROMO_ACTIVITY,,phase3-v1
tx_0018181,2026-03-17 10:59:39,0,0.0,LOW,APPROVE,0,LOW_RISK_ESTABLISHED_ACCOUNT,,,phase3-v1
tx_0017170,2026-03-17 11:00:58,0,0.0001,LOW,APPROVE,0,LOW_RISK_ESTABLISHED_ACCOUNT,,,phase3-v1
tx_0024535,2026-03-17 11:03:52,0,0.0002,LOW,APPROVE,0,GRAPH_SHARED_PAYMENT,GRAPH_SHARED_ADDRESS,GRAPH_MULTI_ENTITY_OVERLAP,phase3-v1
tx_0004947,2026-03-17 11:05:24,0,0.0001,LOW,APPROVE,0,LOW_RISK_ESTABLISHED_ACCOUNT,,,phase3-v1
tx_0005348,2026-03-17 11:07:26,0,0.0001,LOW,APPROVE,0,LOW_RISK_ESTABLISHED_ACCOUNT,,,phase3-v1
tx_0025068,2026-03-17 11:12:45,0,0.0003,LOW,APPROVE,0,GRAPH_CONNECTED_USERS,,,phase3-v1
tx_0005627,2026-03-17 11:16:34,0,0.0001,LOW,APPROVE,0,LOW_RISK_ESTABLISHED_ACCOUNT,,,phase3-v1
tx_0024609,2026-03-17 11:23:26,0,0.0001,LOW,APPROVE,0,GRAPH_CONNECTED_USERS,,,phase3-v1
tx_0009039,2026-03-17 11:24:19,0,0.0001,LOW,APPROVE,0,LOW_RISK_ESTABLISHED_ACCOUNT,,,phase3-v1
tx_0024119,2026-03-17 11:24:21,0,0.0001,LOW,APPROVE,0,GRAPH_CONNECTED_USERS,,,phase3-v1
tx_0008921,2026-03-17 11:24:58,0,0.0,LOW,APPROVE,0,LOW_RISK_ESTABLISHED_ACCOUNT,,,phase3-v1
tx_0008477,2026-03-17 11:25:32,0,0.0,LOW,APPROVE,0,LOW_RISK_ESTABLISHED_ACCOUNT,,,phase3-v1
tx_0005847,2026-03-17 11:27:20,0,0.0,LOW,APPROVE,0,PROMO_ACTIVITY,,,phase3-v1
tx_0006791,2026-03-17 11:32:08,0,0.0,LOW,APPROVE,0,LOW_RISK_ESTABLISHED_ACCOUNT,,,phase3-v1
tx_0024337,2026-03-17 11:33:52,0,0.0001,LOW,APPROVE,0,GRAPH_SHARED_ADDRESS,GRAPH_MULTI_ENTITY_OVERLAP,GRAPH_CONNECTED_USERS,phase3-v1
tx_0011471,2026-03-17 11:34:49,0,0.0,LOW,APPROVE,0,LOW_RISK_ESTABLISHED_ACCOUNT,,,phase3-v1
tx_0005382,2026-03-17 11:37:42,0,0.0,LOW,APPROVE,0,LOW_RISK_ESTABLISHED_ACCOUNT,,,phase3-v1
tx_0019995,2026-03-17 11:42:54,0,0.0001,LOW,APPROVE,0,LOW_RISK_ESTABLISHED_ACCOUNT,,,phase3-v1
tx_0017394,2026-03-17 11:43:19,0,0.0,LOW,APPROVE,0,LOW_RISK_ESTABLISHED_ACCOUNT,,,phase3-v1
tx_0012688,2026-03-17 11:43:56,0,0.0001,LOW,APPROVE,0,LOW_RISK_ESTABLISHED_ACCOUNT,,,phase3-v1
tx_0010189,2026-03-17 11:48:35,0,0.0,LOW,APPROVE,0,HIGH_AMOUNT_ANOMALY,,,phase3-v1
tx_0003814,2026-03-17 11:49:59,0,0.0,LOW,APPROVE,0,LOW_RISK_ESTABLISHED_ACCOUNT,,,phase3-v1
tx_0016736,2026-03-17 11:54:32,0,0.0,LOW,APPROVE,0,LOW_RISK_ESTABLISHED_ACCOUNT,,,phase3-v1
tx_0011454,2026-03-17 11:59:40,0,0.0,LOW,APPROVE,0,LOW_RISK_ESTABLISHED_ACCOUNT,,,phase3-v1
tx_0007304,2026-03-17 12:03:18,0,0.0001,LOW,APPROVE,0,LOW_RISK_ESTABLISHED_ACCOUNT,,,phase3-v1
tx_0016420,2026-03-17 12:04:07,0,0.0,LOW,APPROVE,0,LOW_RISK_ESTABLISHED_ACCOUNT,,,phase3-v1
tx_0024859,2026-03-17 12:04:25,0,0.0003,LOW,APPROVE,0,GRAPH_CONNECTED_USERS,,,phase3-v1
tx_0020825,2026-03-17 12:04:34,0,0.0,LOW,APPROVE,0,LOW_RISK_ESTABLISHED_ACCOUNT,,,phase3-v1
tx_0008176,2026-03-17 12:05:47,0,0.0,LOW,APPROVE,0,LOW_RISK_ESTABLISHED_ACCOUNT,,,phase3-v1
tx_0009924,2026-03-17 12:06:58,0,0.0,LOW,APPROVE,0,LOW_RISK_ESTABLISHED_ACCOUNT,,,phase3-v1
tx_0018093,2026-03-17 12:07:01,0,0.0,LOW,APPROVE,0,LOW_RISK_ESTABLISHED_ACCOUNT,,,phase3-v1
tx_0012385,2026-03-17 12:07:43,0,0.0001,LOW,APPROVE,0,LOW_RISK_ESTABLISHED_ACCOUNT,,,phase3-v1
tx_0004804,2026-03-17 12:09:19,0,0.0001,LOW,APPROVE,0,LOW_RISK_ESTABLISHED_ACCOUNT,,,phase3-v1
tx_0005307,2026-03-17 12:10:15,0,0.0,LOW,APPROVE,0,LOW_RISK_ESTABLISHED_ACCOUNT,,,phase3-v1
tx_0001517,2026-03-17 12:16:39,0,0.0,LOW,APPROVE,0,LOW_RISK_ESTABLISHED_ACCOUNT,,,phase3-v1
tx_0025676,2026-03-17 12:24:11,0,0.0001,LOW,APPROVE,0,GRAPH_SHARED_ADDRESS,GRAPH_MULTI_ENTITY_OVERLAP,GRAPH_CONNECTED_USERS,phase3-v1
tx_0017179,2026-03-17 12:24:36,0,0.0,LOW,APPROVE,0,LOW_RISK_ESTABLISHED_ACCOUNT,,,phase3-v1
tx_0016651,2026-03-17 12:26:24,0,0.0001,LOW,APPROVE,0,LOW_RISK_ESTABLISHED_ACCOUNT,,,phase3-v1
tx_0007433,2026-03-17 12:28:40,0,0.0,LOW,APPROVE,0,LOW_RISK_ESTABLISHED_ACCOUNT,,,phase3-v1
tx_0021699,2026-03-17 12:29:38,0,0.0001,LOW,APPROVE,0,LOW_RISK_ESTABLISHED_ACCOUNT,,,phase3-v1
tx_0001357,2026-03-17 12:30:23,0,0.0,LOW,APPROVE,0,LOW_RISK_ESTABLISHED_ACCOUNT,,,phase3-v1
tx_0012428,2026-03-17 12:33:15,0,0.0,LOW,APPROVE,0,LOW_RISK_ESTABLISHED_ACCOUNT,,,phase3-v1
tx_0015061,2026-03-17 12:33:15,0,0.0,LOW,APPROVE,0,LOW_RISK_ESTABLISHED_ACCOUNT,,,phase3-v1
tx_0022150,2026-03-17 12:35:12,0,0.0,LOW,APPROVE,0,LOW_RISK_ESTABLISHED_ACCOUNT,,,phase3-v1
tx_0014335,2026-03-17 12:35:14,0,0.0,LOW,APPROVE,0,LOW_RISK_ESTABLISHED_ACCOUNT,,,phase3-v1
tx_0000356,2026-03-17 12:35:39,0,0.0,LOW,APPROVE,0,LOW_RISK_ESTABLISHED_ACCOUNT,,,phase3-v1
tx_0000959,2026-03-17 12:37:57,0,0.0,LOW,APPROVE,0,LOW_RISK_ESTABLISHED_ACCOUNT,,,phase3-v1
tx_0003180,2026-03-17 12:39:41,0,0.0,LOW,APPROVE,0,LOW_RISK_ESTABLISHED_ACCOUNT,,,phase3-v1
tx_0023333,2026-03-17 12:39:43,0,0.0001,LOW,APPROVE,0,GRAPH_CONNECTED_USERS,,,phase3-v1
tx_0024741,2026-03-17 12:41:08,0,0.0001,LOW,APPROVE,0,GRAPH_CONNECTED_USERS,,,phase3-v1
tx_0019048,2026-03-17 12:41:31,0,0.0,LOW,APPROVE,0,LOW_RISK_ESTABLISHED_ACCOUNT,,,phase3-v1
tx_0012486,2026-03-17 12:44:19,0,0.0001,LOW,APPROVE,0,LOW_RISK_ESTABLISHED_ACCOUNT,,,phase3-v1
tx_0020933,2026-03-17 12:48:35,0,0.0,LOW,APPROVE,0,LOW_RISK_ESTABLISHED_ACCOUNT,,,phase3-v1
tx_0007072,2026-03-17 12:51:10,0,0.0,LOW,APPROVE,0,LOW_RISK_ESTABLISHED_ACCOUNT,,,phase3-v1
tx_0003217,2026-03-17 12:53:38,0,0.0,LOW,APPROVE,0,PROMO_ACTIVITY,,,phase3-v1
tx_0006211,2026-03-17 12:59:21,0,0.0,LOW,APPROVE,0,LOW_RISK_ESTABLISHED_ACCOUNT,,,phase3-v1
tx_0004692,2026-03-17 12:59:57,0,0.0,LOW,APPROVE,0,LOW_RISK_ESTABLISHED_ACCOUNT,,,phase3-v1
tx_0012832,2026-03-17 13:00:31,0,0.0,LOW,APPROVE,0,LOW_RISK_ESTABLISHED_ACCOUNT,,,phase3-v1
tx_0005282,2026-03-17 13:00:39,0,0.0,LOW,APPROVE,0,LOW_RISK_ESTABLISHED_ACCOUNT,,,phase3-v1
tx_0022775,2026-03-17 13:04:01,0,0.0003,LOW,APPROVE,0,GRAPH_CONNECTED_USERS,,,phase3-v1
tx_0015416,2026-03-17 13:04:36,0,0.0,LOW,APPROVE,0,LOW_RISK_ESTABLISHED_ACCOUNT,,,phase3-v1
tx_0024845,2026-03-17 13:05:06,0,0.0003,LOW,APPROVE,0,GRAPH_CONNECTED_USERS,,,phase3-v1
tx_0000419,2026-03-17 13:10:50,0,0.0,LOW,APPROVE,0,LOW_RISK_ESTABLISHED_ACCOUNT,,,phase3-v1
tx_0016802,2026-03-17 13:19:09,0,0.0,LOW,APPROVE,0,LOW_RISK_ESTABLISHED_ACCOUNT,,,phase3-v1
tx_0019905,2026-03-17 13:22:10,0,0.0,LOW,APPROVE,0,LOW_RISK_ESTABLISHED_ACCOUNT,,,phase3-v1
tx_0009826,2026-03-17 13:24:26,0,0.0,LOW,APPROVE,0,LOW_RISK_ESTABLISHED_ACCOUNT,,,phase3-v1
tx_0027146,2026-03-17 13:25:12,1,0.9999,HIGH,BLOCK,1,GRAPH_CONNECTED_USERS,GRAPH_SHARED_DEVICE,GRAPH_SHARED_PAYMENT,phase3-v1
tx_0020633,2026-03-17 13:29:29,0,0.0,LOW,APPROVE,0,LOW_RISK_ESTABLISHED_ACCOUNT,,,phase3-v1
tx_0018489,2026-03-17 13:30:54,0,0.0,LOW,APPROVE,0,LOW_RISK_ESTABLISHED_ACCOUNT,,,phase3-v1
tx_0022171,2026-03-17 13:32:30,0,0.0,LOW,APPROVE,0,LOW_RISK_ESTABLISHED_ACCOUNT,,,phase3-v1
tx_0003069,2026-03-17 13:38:22,0,0.0,LOW,APPROVE,0,LOW_RISK_ESTABLISHED_ACCOUNT,,,phase3-v1
tx_0010180,2026-03-17 13:40:36,0,0.0,LOW,APPROVE,0,LOW_RISK_ESTABLISHED_ACCOUNT,,,phase3-v1
tx_0012986,2026-03-17 13:42:09,0,0.0,LOW,APPROVE,0,LOW_RISK_ESTABLISHED_ACCOUNT,,,phase3-v1
tx_0000673,2026-03-17 13:43:15,0,0.0001,LOW,APPROVE,0,LOW_RISK_ESTABLISHED_ACCOUNT,,,phase3-v1
tx_0012013,2026-03-17 13:43:41,0,0.0,LOW,APPROVE,0,HIGH_AMOUNT_ANOMALY,,,phase3-v1
tx_0023665,2026-03-17 13:43:52,0,0.0004,LOW,APPROVE,0,GRAPH_CONNECTED_USERS,,,phase3-v1
tx_0027172,2026-03-17 13:46:09,1,0.9999,HIGH,BLOCK,1,GRAPH_CONNECTED_USERS,GRAPH_SHARED_DEVICE,GRAPH_MULTI_ENTITY_OVERLAP,phase3-v1
tx_0015886,2026-03-17 13:47:58,0,0.0001,LOW,APPROVE,0,LOW_RISK_ESTABLISHED_ACCOUNT,,,phase3-v1
tx_0023951,2026-03-17 13:48:34,0,0.0001,LOW,APPROVE,0,GRAPH_SHARED_PAYMENT,GRAPH_SHARED_ADDRESS,GRAPH_MULTI_ENTITY_OVERLAP,phase3-v1
tx_0000608,2026-03-17 13:58:31,0,0.0,LOW,APPROVE,0,LOW_RISK_ESTABLISHED_ACCOUNT,,,phase3-v1
tx_0008454,2026-03-17 13:59:46,0,0.0001,LOW,APPROVE,0,LOW_RISK_ESTABLISHED_ACCOUNT,,,phase3-v1
tx_0018876,2026-03-17 14:07:47,0,0.0,LOW,APPROVE,0,LOW_RISK_ESTABLISHED_ACCOUNT,,,phase3-v1
tx_0020180,2026-03-17 14:10:58,0,0.0001,LOW,APPROVE,0,LOW_RISK_ESTABLISHED_ACCOUNT,,,phase3-v1
tx_0005293,2026-03-17 14:14:36,0,0.0,LOW,APPROVE,0,LOW_RISK_ESTABLISHED_ACCOUNT,,,phase3-v1
tx_0002236,2026-03-17 14:17:52,0,0.0001,LOW,APPROVE,0,LOW_RISK_ESTABLISHED_ACCOUNT,,,phase3-v1
tx_0023699,2026-03-17 14:19:14,0,0.0001,LOW,APPROVE,0,GRAPH_SHARED_ADDRESS,GRAPH_MULTI_ENTITY_OVERLAP,GRAPH_CONNECTED_USERS,phase3-v1
tx_0017567,2026-03-17 14:21:02,0,0.0,LOW,APPROVE,0,LOW_RISK_ESTABLISHED_ACCOUNT,,,phase3-v1
tx_0012513,2026-03-17 14:26:15,0,0.0001,LOW,APPROVE,0,LOW_RISK_ESTABLISHED_ACCOUNT,,,phase3-v1
tx_0008460,2026-03-17 14:34:25,0,0.0001,LOW,APPROVE,0,LOW_RISK_ESTABLISHED_ACCOUNT,,,phase3-v1
tx_0027161,2026-03-17 14:35:04,1,0.9999,HIGH,BLOCK,1,GRAPH_CONNECTED_USERS,GRAPH_SHARED_DEVICE,GRAPH_SHARED_PAYMENT,phase3-v1
tx_0008398,2026-03-17 14:41:04,0,0.0,LOW,APPROVE,0,LOW_RISK_ESTABLISHED_ACCOUNT,,,phase3-v1
tx_0002601,2026-03-17 14:41:42,0,0.0,LOW,APPROVE,0,LOW_RISK_ESTABLISHED_ACCOUNT,,,phase3-v1
tx_0020770,2026-03-17 14:46:45,0,0.0011,LOW,APPROVE,0,NEW_ACCOUNT,,,phase3-v1
tx_0014061,2026-03-17 14:47:51,0,0.0,LOW,APPROVE,0,LOW_RISK_ESTABLISHED_ACCOUNT,,,phase3-v1
tx_0017488,2026-03-17 14:48:21,0,0.0001,LOW,APPROVE,0,LOW_RISK_ESTABLISHED_ACCOUNT,,,phase3-v1
tx_0013130,2026-03-17 14:49:30,0,0.0,LOW,APPROVE,0,LOW_RISK_ESTABLISHED_ACCOUNT,,,phase3-v1
tx_0009443,2026-03-17 14:53:34,0,0.0001,LOW,APPROVE,0,LOW_RISK_ESTABLISHED_ACCOUNT,,,phase3-v1
tx_0011237,2026-03-17 14:57:35,0,0.0,LOW,APPROVE,0,LOW_RISK_ESTABLISHED_ACCOUNT,,,phase3-v1
tx_0007048,2026-03-17 14:57:53,0,0.0,LOW,APPROVE,0,HIGH_AMOUNT_ANOMALY,,,phase3-v1
tx_0001031,2026-03-17 14:58:39,0,0.0,LOW,APPROVE,0,LOW_RISK_ESTABLISHED_ACCOUNT,,,phase3-v1
tx_0006320,2026-03-17 15:00:32,0,0.0,LOW,APPROVE,0,LOW_RISK_ESTABLISHED_ACCOUNT,,,phase3-v1
tx_0003089,2026-03-17 15:03:52,0,0.0001,LOW,APPROVE,0,LOW_RISK_ESTABLISHED_ACCOUNT,,,phase3-v1
tx_0014841,2026-03-17 15:12:46,0,0.0,LOW,APPROVE,0,LOW_RISK_ESTABLISHED_ACCOUNT,,,phase3-v1
tx_0001543,2026-03-17 15:14:23,0,0.0001,LOW,APPROVE,0,LOW_RISK_ESTABLISHED_ACCOUNT,,,phase3-v1
tx_0021712,2026-03-17 15:18:18,0,0.0,LOW,APPROVE,0,LOW_RISK_ESTABLISHED_ACCOUNT,,,phase3-v1
tx_0007343,2026-03-17 15:23:43,0,0.0,LOW,APPROVE,0,LOW_RISK_ESTABLISHED_ACCOUNT,,,phase3-v1
tx_0009550,2026-03-17 15:24:23,0,0.0001,LOW,APPROVE,0,LOW_RISK_ESTABLISHED_ACCOUNT,,,phase3-v1
tx_0017433,2026-03-17 15:26:43,0,0.0,LOW,APPROVE,0,LOW_RISK_ESTABLISHED_ACCOUNT,,,phase3-v1
tx_0024944,2026-03-17 15:30:00,0,0.0001,LOW,APPROVE,0,GRAPH_CONNECTED_USERS,,,phase3-v1
tx_0027166,2026-03-17 15:30:22,1,0.9998,HIGH,BLOCK,1,GRAPH_CONNECTED_USERS,GRAPH_SHARED_DEVICE,GRAPH_SHARED_PAYMENT,phase3-v1
tx_0014694,2026-03-17 15:31:09,0,0.0001,LOW,APPROVE,0,PROMO_ACTIVITY,,,phase3-v1
tx_0017206,2026-03-17 15:34:40,0,0.0,LOW,APPROVE,0,LOW_RISK_ESTABLISHED_ACCOUNT,,,phase3-v1
tx_0000446,2026-03-17 15:35:53,0,0.0001,LOW,APPROVE,0,LOW_RISK_ESTABLISHED_ACCOUNT,,,phase3-v1
tx_0021738,2026-03-17 15:39:23,0,0.0001,LOW,APPROVE,0,PROMO_ACTIVITY,,,phase3-v1
tx_0013985,2026-03-17 15:42:30,0,0.0,LOW,APPROVE,0,LOW_RISK_ESTABLISHED_ACCOUNT,,,phase3-v1
tx_0006594,2026-03-17 15:43:15,0,0.0001,LOW,APPROVE,0,LOW_RISK_ESTABLISHED_ACCOUNT,,,phase3-v1
tx_0001704,2026-03-17 15:44:04,0,0.0001,LOW,APPROVE,0,LOW_RISK_ESTABLISHED_ACCOUNT,,,phase3-v1
tx_0009114,2026-03-17 15:49:55,0,0.0001,LOW,APPROVE,0,LOW_RISK_ESTABLISHED_ACCOUNT,,,phase3-v1
tx_0009539,2026-03-17 15:52:52,0,0.0001,LOW,APPROVE,0,LOW_RISK_ESTABLISHED_ACCOUNT,,,phase3-v1
tx_0016730,2026-03-17 15:53:07,0,0.0,LOW,APPROVE,0,LOW_RISK_ESTABLISHED_ACCOUNT,,,phase3-v1
tx_0011008,2026-03-17 15:53:30,0,0.0,LOW,APPROVE,0,LOW_RISK_ESTABLISHED_ACCOUNT,,,phase3-v1
tx_0015874,2026-03-17 15:55:33,0,0.0001,LOW,APPROVE,0,LOW_RISK_ESTABLISHED_ACCOUNT,,,phase3-v1
tx_0006207,2026-03-17 15:55:41,0,0.0,LOW,APPROVE,0,LOW_RISK_ESTABLISHED_ACCOUNT,,,phase3-v1
tx_0025289,2026-03-17 15:55:48,0,0.0004,LOW,APPROVE,0,GRAPH_CONNECTED_USERS,,,phase3-v1
tx_0000953,2026-03-17 15:58:24,0,0.0,LOW,APPROVE,0,LOW_RISK_ESTABLISHED_ACCOUNT,,,phase3-v1
tx_0000018,2026-03-17 15:58:26,0,0.0,LOW,APPROVE,0,LOW_RISK_ESTABLISHED_ACCOUNT,,,phase3-v1
tx_0011158,2026-03-17 15:59:01,0,0.0,LOW,APPROVE,0,LOW_RISK_ESTABLISHED_ACCOUNT,,,phase3-v1
tx_0027162,2026-03-17 15:59:55,1,0.9999,HIGH,BLOCK,1,GRAPH_CONNECTED_USERS,GRAPH_SHARED_DEVICE,GRAPH_SHARED_PAYMENT,phase3-v1
tx_0023938,2026-03-17 16:00:29,0,0.0001,LOW,APPROVE,0,GRAPH_CONNECTED_USERS,,,phase3-v1
tx_0021924,2026-03-17 16:00:55,0,0.0,LOW,APPROVE,0,LOW_RISK_ESTABLISHED_ACCOUNT,,,phase3-v1
tx_0015768,2026-03-17 16:05:29,0,0.0,LOW,APPROVE,0,LOW_RISK_ESTABLISHED_ACCOUNT,,,phase3-v1
tx_0016257,2026-03-17 16:05:38,0,0.0,LOW,APPROVE,0,LOW_RISK_ESTABLISHED_ACCOUNT,,,phase3-v1
tx_0008061,2026-03-17 16:10:42,0,0.0,LOW,APPROVE,0,LOW_RISK_ESTABLISHED_ACCOUNT,,,phase3-v1
tx_0001267,2026-03-17 16:13:06,0,0.0,LOW,APPROVE,0,LOW_RISK_ESTABLISHED_ACCOUNT,,,phase3-v1
tx_0023259,2026-03-17 16:13:07,0,0.0001,LOW,APPROVE,0,GRAPH_SHARED_PAYMENT,GRAPH_MULTI_ENTITY_OVERLAP,GRAPH_SHARED_ADDRESS,phase3-v1
tx_0001304,2026-03-17 16:13:33,0,0.0,LOW,APPROVE,0,LOW_RISK_ESTABLISHED_ACCOUNT,,,phase3-v1
tx_0005876,2026-03-17 16:16:52,0,0.0,LOW,APPROVE,0,LOW_RISK_ESTABLISHED_ACCOUNT,,,phase3-v1
tx_0004625,2026-03-17 16:18:58,0,0.0001,LOW,APPROVE,0,NEW_ACCOUNT,,,phase3-v1
tx_0009403,2026-03-17 16:19:28,0,0.0,LOW,APPROVE,0,LOW_RISK_ESTABLISHED_ACCOUNT,,,phase3-v1
tx_0004609,2026-03-17 16:21:00,0,0.0,LOW,APPROVE,0,LOW_RISK_ESTABLISHED_ACCOUNT,,,phase3-v1
tx_0025227,2026-03-17 16:21:14,0,0.0001,LOW,APPROVE,0,GRAPH_SHARED_ADDRESS,GRAPH_MULTI_ENTITY_OVERLAP,GRAPH_CONNECTED_USERS,phase3-v1
tx_0000230,2026-03-17 16:23:28,0,0.0,LOW,APPROVE,0,LOW_RISK_ESTABLISHED_ACCOUNT,,,phase3-v1
tx_0015712,2026-03-17 16:24:30,0,0.0,LOW,APPROVE,0,LOW_RISK_ESTABLISHED_ACCOUNT,,,phase3-v1
tx_0016886,2026-03-17 16:31:33,0,0.0001,LOW,APPROVE,0,LOW_RISK_ESTABLISHED_ACCOUNT,,,phase3-v1
tx_0015636,2026-03-17 16:33:44,0,0.0,LOW,APPROVE,0,LOW_RISK_ESTABLISHED_ACCOUNT,,,phase3-v1
tx_0018815,2026-03-17 16:38:08,0,0.0001,LOW,APPROVE,0,LOW_RISK_ESTABLISHED_ACCOUNT,,,phase3-v1
tx_0020316,2026-03-17 16:38:28,0,0.0,LOW,APPROVE,0,LOW_RISK_ESTABLISHED_ACCOUNT,,,phase3-v1
tx_0016756,2026-03-17 16:38:52,0,0.0,LOW,APPROVE,0,LOW_RISK_ESTABLISHED_ACCOUNT,,,phase3-v1
tx_0012584,2026-03-17 16:39:04,0,0.0,LOW,APPROVE,0,LOW_RISK_ESTABLISHED_ACCOUNT,,,phase3-v1
tx_0012488,2026-03-17 16:40:54,0,0.0,LOW,APPROVE,0,LOW_RISK_ESTABLISHED_ACCOUNT,,,phase3-v1
tx_0009609,2026-03-17 16:45:19,0,0.0026,LOW,APPROVE,0,NEW_ACCOUNT,,,phase3-v1
tx_0004415,2026-03-17 16:46:56,0,0.0,LOW,APPROVE,0,LOW_RISK_ESTABLISHED_ACCOUNT,,,phase3-v1
tx_0004944,2026-03-17 16:49:31,0,0.0001,LOW,APPROVE,0,LOW_RISK_ESTABLISHED_ACCOUNT,,,phase3-v1
tx_0008043,2026-03-17 17:01:23,0,0.0,LOW,APPROVE,0,LOW_RISK_ESTABLISHED_ACCOUNT,,,phase3-v1
tx_0005969,2026-03-17 17:02:54,0,0.0,LOW,APPROVE,0,LOW_RISK_ESTABLISHED_ACCOUNT,,,phase3-v1
tx_0007538,2026-03-17 17:04:23,0,0.0,LOW,APPROVE,0,LOW_RISK_ESTABLISHED_ACCOUNT,,,phase3-v1
tx_0018696,2026-03-17 17:06:55,0,0.0,LOW,APPROVE,0,LOW_RISK_ESTABLISHED_ACCOUNT,,,phase3-v1
tx_0009280,2026-03-17 17:07:29,0,0.0001,LOW,APPROVE,0,LOW_RISK_ESTABLISHED_ACCOUNT,,,phase3-v1
tx_0011606,2026-03-17 17:12:09,0,0.0001,LOW,APPROVE,0,LOW_RISK_ESTABLISHED_ACCOUNT,,,phase3-v1
tx_0003754,2026-03-17 17:12:31,0,0.0,LOW,APPROVE,0,LOW_RISK_ESTABLISHED_ACCOUNT,,,phase3-v1
tx_0012783,2026-03-17 17:12:43,0,0.0,LOW,APPROVE,0,LOW_RISK_ESTABLISHED_ACCOUNT,,,phase3-v1
tx_0001856,2026-03-17 17:14:54,0,0.0001,LOW,APPROVE,0,LOW_RISK_ESTABLISHED_ACCOUNT,,,phase3-v1
tx_0024986,2026-03-17 17:23:45,0,0.0001,LOW,APPROVE,0,GRAPH_MULTI_ENTITY_OVERLAP,GRAPH_SHARED_ADDRESS,,phase3-v1
tx_0023024,2026-03-17 17:25:26,0,0.0001,LOW,APPROVE,0,GRAPH_SHARED_ADDRESS,GRAPH_CONNECTED_USERS,GRAPH_MULTI_ENTITY_OVERLAP,phase3-v1
tx_0006023,2026-03-17 17:28:41,0,0.0,LOW,APPROVE,0,LOW_RISK_ESTABLISHED_ACCOUNT,,,phase3-v1
tx_0020621,2026-03-17 17:32:24,0,0.0,LOW,APPROVE,0,LOW_RISK_ESTABLISHED_ACCOUNT,,,phase3-v1
tx_0025739,2026-03-17 17:36:37,0,0.0001,LOW,APPROVE,0,GRAPH_CONNECTED_USERS,,,phase3-v1
tx_0025162,2026-03-17 17:37:00,0,0.0001,LOW,APPROVE,0,GRAPH_SHARED_ADDRESS,GRAPH_MULTI_ENTITY_OVERLAP,GRAPH_CONNECTED_USERS,phase3-v1
tx_0008096,2026-03-17 17:42:01,0,0.0,LOW,APPROVE,0,LOW_RISK_ESTABLISHED_ACCOUNT,,,phase3-v1
tx_0024549,2026-03-17 17:46:42,0,0.0001,LOW,APPROVE,0,GRAPH_SHARED_ADDRESS,GRAPH_MULTI_ENTITY_OVERLAP,GRAPH_CONNECTED_USERS,phase3-v1
tx_0011393,2026-03-17 17:48:30,0,0.0,LOW,APPROVE,0,LOW_RISK_ESTABLISHED_ACCOUNT,,,phase3-v1
tx_0017064,2026-03-17 17:49:50,0,0.0,LOW,APPROVE,0,LOW_RISK_ESTABLISHED_ACCOUNT,,,phase3-v1
tx_0000196,2026-03-17 17:52:55,0,0.0,LOW,APPROVE,0,LOW_RISK_ESTABLISHED_ACCOUNT,,,phase3-v1
tx_0012235,2026-03-17 17:54:53,0,0.0001,LOW,APPROVE,0,LOW_RISK_ESTABLISHED_ACCOUNT,,,phase3-v1
tx_0002850,2026-03-17 17:55:59,0,0.0,LOW,APPROVE,0,LOW_RISK_ESTABLISHED_ACCOUNT,,,phase3-v1
tx_0021222,2026-03-17 17:56:24,0,0.0,LOW,APPROVE,0,LOW_RISK_ESTABLISHED_ACCOUNT,,,phase3-v1
tx_0004701,2026-03-17 17:56:41,0,0.0,LOW,APPROVE,0,LOW_RISK_ESTABLISHED_ACCOUNT,,,phase3-v1
tx_0002109,2026-03-17 18:00:44,0,0.0,LOW,APPROVE,0,LOW_RISK_ESTABLISHED_ACCOUNT,,,phase3-v1
tx_0000761,2026-03-17 18:03:10,0,0.0,LOW,APPROVE,0,LOW_RISK_ESTABLISHED_ACCOUNT,,,phase3-v1
tx_0020226,2026-03-17 18:08:11,0,0.0,LOW,APPROVE,0,LOW_RISK_ESTABLISHED_ACCOUNT,,,phase3-v1
tx_0002379,2026-03-17 18:11:36,0,0.0008,LOW,APPROVE,0,NEW_ACCOUNT,,,phase3-v1
tx_0005970,2026-03-17 18:11:56,0,0.0002,LOW,APPROVE,0,HIGH_AMOUNT_ANOMALY,,,phase3-v1
tx_0004128,2026-03-17 18:13:58,0,0.0001,LOW,APPROVE,0,LOW_RISK_ESTABLISHED_ACCOUNT,,,phase3-v1
tx_0011071,2026-03-17 18:15:52,0,0.0,LOW,APPROVE,0,LOW_RISK_ESTABLISHED_ACCOUNT,,,phase3-v1
tx_0020616,2026-03-17 18:16:56,0,0.0,LOW,APPROVE,0,HIGH_1H_VELOCITY,PROMO_ACTIVITY,,phase3-v1
tx_0027174,2026-03-17 18:19:29,1,0.9999,HIGH,BLOCK,1,GRAPH_CONNECTED_USERS,GRAPH_SHARED_DEVICE,GRAPH_SHARED_PAYMENT,phase3-v1
tx_0007212,2026-03-17 18:20:07,0,0.0001,LOW,APPROVE,0,LOW_RISK_ESTABLISHED_ACCOUNT,,,phase3-v1
tx_0012872,2026-03-17 18:21:50,0,0.0,LOW,APPROVE,0,LOW_RISK_ESTABLISHED_ACCOUNT,,,phase3-v1
tx_0001993,2026-03-17 18:24:41,0,0.0,LOW,APPROVE,0,LOW_RISK_ESTABLISHED_ACCOUNT,,,phase3-v1
tx_0015068,2026-03-17 18:29:10,0,0.0,LOW,APPROVE,0,LOW_RISK_ESTABLISHED_ACCOUNT,,,phase3-v1
tx_0019392,2026-03-17 18:34:05,0,0.0,LOW,APPROVE,0,LOW_RISK_ESTABLISHED_ACCOUNT,,,phase3-v1
tx_0019772,2026-03-17 18:35:35,0,0.0,LOW,APPROVE,0,LOW_RISK_ESTABLISHED_ACCOUNT,,,phase3-v1
tx_0015707,2026-03-17 18:38:50,0,0.0001,LOW,APPROVE,0,LOW_RISK_ESTABLISHED_ACCOUNT,,,phase3-v1
tx_0000568,2026-03-17 18:43:34,0,0.0,LOW,APPROVE,0,LOW_RISK_ESTABLISHED_ACCOUNT,,,phase3-v1
tx_0002160,2026-03-17 18:44:44,0,0.0001,LOW,APPROVE,0,LOW_RISK_ESTABLISHED_ACCOUNT,,,phase3-v1
tx_0011809,2026-03-17 18:45:23,0,0.0001,LOW,APPROVE,0,LOW_RISK_ESTABLISHED_ACCOUNT,,,phase3-v1
tx_0024595,2026-03-17 18:46:31,0,0.0004,LOW,APPROVE,0,GRAPH_CONNECTED_USERS,,,phase3-v1
tx_0002190,2026-03-17 18:46:48,0,0.0,LOW,APPROVE,0,LOW_RISK_ESTABLISHED_ACCOUNT,,,phase3-v1
tx_0013733,2026-03-17 18:50:25,0,0.0,LOW,APPROVE,0,LOW_RISK_ESTABLISHED_ACCOUNT,,,phase3-v1
tx_0015854,2026-03-17 18:50:28,0,0.0,LOW,APPROVE,0,LOW_RISK_ESTABLISHED_ACCOUNT,,,phase3-v1
tx_0025120,2026-03-17 18:50:50,0,0.0005,LOW,APPROVE,0,GRAPH_CONNECTED_USERS,,,phase3-v1
tx_0002926,2026-03-17 18:56:22,0,0.0,LOW,APPROVE,0,LOW_RISK_ESTABLISHED_ACCOUNT,,,phase3-v1
tx_0008319,2026-03-17 18:56:28,0,0.0001,LOW,APPROVE,0,LOW_RISK_ESTABLISHED_ACCOUNT,,,phase3-v1
tx_0013085,2026-03-17 18:56:55,0,0.0001,LOW,APPROVE,0,LOW_RISK_ESTABLISHED_ACCOUNT,,,phase3-v1
tx_0013381,2026-03-17 18:57:44,0,0.0,LOW,APPROVE,0,LOW_RISK_ESTABLISHED_ACCOUNT,,,phase3-v1
tx_0018300,2026-03-17 19:01:42,0,0.0,LOW,APPROVE,0,LOW_RISK_ESTABLISHED_ACCOUNT,,,phase3-v1
tx_0021481,2026-03-17 19:02:36,0,0.0,LOW,APPROVE,0,LOW_RISK_ESTABLISHED_ACCOUNT,,,phase3-v1
tx_0018350,2026-03-17 19:04:22,0,0.0,LOW,APPROVE,0,LOW_RISK_ESTABLISHED_ACCOUNT,,,phase3-v1
tx_0007673,2026-03-17 19:07:39,0,0.0,LOW,APPROVE,0,LOW_RISK_ESTABLISHED_ACCOUNT,,,phase3-v1
tx_0009644,2026-03-17 19:08:34,0,0.0001,LOW,APPROVE,0,LOW_RISK_ESTABLISHED_ACCOUNT,,,phase3-v1
tx_0015355,2026-03-17 19:09:23,0,0.0001,LOW,APPROVE,0,LOW_RISK_ESTABLISHED_ACCOUNT,,,phase3-v1
tx_0004957,2026-03-17 19:13:08,0,0.0,LOW,APPROVE,0,LOW_RISK_ESTABLISHED_ACCOUNT,,,phase3-v1
tx_0001813,2026-03-17 19:13:19,0,0.0,LOW,APPROVE,0,LOW_RISK_ESTABLISHED_ACCOUNT,,,phase3-v1
tx_0024147,2026-03-17 19:13:26,0,0.0001,LOW,APPROVE,0,GRAPH_MULTI_ENTITY_OVERLAP,GRAPH_SHARED_ADDRESS,,phase3-v1
tx_0020861,2026-03-17 19:15:10,0,0.0,LOW,APPROVE,0,LOW_RISK_ESTABLISHED_ACCOUNT,,,phase3-v1
tx_0014531,2026-03-17 19:20:07,0,0.0,LOW,APPROVE,0,LOW_RISK_ESTABLISHED_ACCOUNT,,,phase3-v1
tx_0002565,2026-03-17 19:21:48,0,0.0,LOW,APPROVE,0,LOW_RISK_ESTABLISHED_ACCOUNT,,,phase3-v1
tx_0001372,2026-03-17 19:22:13,0,0.0,LOW,APPROVE,0,LOW_RISK_ESTABLISHED_ACCOUNT,,,phase3-v1
tx_0023935,2026-03-17 19:28:08,0,0.0001,LOW,APPROVE,0,GRAPH_CONNECTED_USERS,,,phase3-v1
tx_0021455,2026-03-17 19:29:02,0,0.0,LOW,APPROVE,0,LOW_RISK_ESTABLISHED_ACCOUNT,,,phase3-v1
tx_0017702,2026-03-17 19:29:26,0,0.0,LOW,APPROVE,0,LOW_RISK_ESTABLISHED_ACCOUNT,,,phase3-v1
tx_0006577,2026-03-17 19:31:46,0,0.0,LOW,APPROVE,0,PROMO_ACTIVITY,,,phase3-v1
tx_0005164,2026-03-17 19:34:07,0,0.0,LOW,APPROVE,0,LOW_RISK_ESTABLISHED_ACCOUNT,,,phase3-v1
tx_0014251,2026-03-17 19:34:21,0,0.0001,LOW,APPROVE,0,LOW_RISK_ESTABLISHED_ACCOUNT,,,phase3-v1
tx_0022264,2026-03-17 19:34:22,0,0.0001,LOW,APPROVE,0,LOW_RISK_ESTABLISHED_ACCOUNT,,,phase3-v1
tx_0025977,2026-03-17 19:36:06,0,0.0001,LOW,APPROVE,0,GRAPH_SHARED_PAYMENT,GRAPH_MULTI_ENTITY_OVERLAP,GRAPH_SHARED_ADDRESS,phase3-v1
tx_0018147,2026-03-17 19:39:42,0,0.0,LOW,APPROVE,0,LOW_RISK_ESTABLISHED_ACCOUNT,,,phase3-v1
tx_0015543,2026-03-17 19:41:36,0,0.0001,LOW,APPROVE,0,LOW_RISK_ESTABLISHED_ACCOUNT,,,phase3-v1
tx_0018800,2026-03-17 19:46:37,0,0.0,LOW,APPROVE,0,LOW_RISK_ESTABLISHED_ACCOUNT,,,phase3-v1
tx_0000735,2026-03-17 19:48:24,0,0.0,LOW,APPROVE,0,LOW_RISK_ESTABLISHED_ACCOUNT,,,phase3-v1
tx_0024581,2026-03-17 19:52:17,0,0.0001,LOW,APPROVE,0,GRAPH_CONNECTED_USERS,,,phase3-v1
tx_0018524,2026-03-17 19:52:32,0,0.0,LOW,APPROVE,0,LOW_RISK_ESTABLISHED_ACCOUNT,,,phase3-v1
tx_0012003,2026-03-17 19:52:51,0,0.0,LOW,APPROVE,0,LOW_RISK_ESTABLISHED_ACCOUNT,,,phase3-v1
tx_0021716,2026-03-17 19:54:19,0,0.0001,LOW,APPROVE,0,LOW_RISK_ESTABLISHED_ACCOUNT,,,phase3-v1
tx_0021693,2026-03-17 19:57:02,0,0.0,LOW,APPROVE,0,LOW_RISK_ESTABLISHED_ACCOUNT,,,phase3-v1
tx_0027164,2026-03-17 19:57:34,1,0.9998,HIGH,BLOCK,1,GRAPH_CONNECTED_USERS,GRAPH_SHARED_DEVICE,GRAPH_MULTI_ENTITY_OVERLAP,phase3-v1
tx_0003026,2026-03-17 19:58:37,0,0.0001,LOW,APPROVE,0,LOW_RISK_ESTABLISHED_ACCOUNT,,,phase3-v1
tx_0018561,2026-03-17 19:59:11,0,0.0,LOW,APPROVE,0,LOW_RISK_ESTABLISHED_ACCOUNT,,,phase3-v1
tx_0002487,2026-03-17 20:03:16,0,0.0001,LOW,APPROVE,0,LOW_RISK_ESTABLISHED_ACCOUNT,,,phase3-v1
tx_0027147,2026-03-17 20:05:05,1,0.9999,HIGH,BLOCK,1,GRAPH_CONNECTED_USERS,GRAPH_SHARED_DEVICE,GRAPH_SHARED_PAYMENT,phase3-v1
tx_0021540,2026-03-17 20:07:04,0,0.0001,LOW,APPROVE,0,LOW_RISK_ESTABLISHED_ACCOUNT,,,phase3-v1
tx_0001569,2026-03-17 20:08:52,0,0.0001,LOW,APPROVE,0,LOW_RISK_ESTABLISHED_ACCOUNT,,,phase3-v1
tx_0012640,2026-03-17 20:11:37,0,0.0001,LOW,APPROVE,0,LOW_RISK_ESTABLISHED_ACCOUNT,,,phase3-v1
tx_0027165,2026-03-17 20:12:26,1,0.9998,HIGH,BLOCK,1,GRAPH_CONNECTED_USERS,GRAPH_SHARED_DEVICE,GRAPH_SHARED_ADDRESS,phase3-v1
tx_0012976,2026-03-17 20:12:48,0,0.0001,LOW,APPROVE,0,LOW_RISK_ESTABLISHED_ACCOUNT,,,phase3-v1
tx_0021011,2026-03-17 20:13:34,0,0.0001,LOW,APPROVE,0,LOW_RISK_ESTABLISHED_ACCOUNT,,,phase3-v1
tx_0006531,2026-03-17 20:18:07,0,0.0001,LOW,APPROVE,0,LOW_RISK_ESTABLISHED_ACCOUNT,,,phase3-v1
tx_0027157,2026-03-17 20:18:59,1,0.9999,HIGH,BLOCK,1,GRAPH_CONNECTED_USERS,GRAPH_SHARED_DEVICE,GRAPH_SHARED_PAYMENT,phase3-v1
tx_0024959,2026-03-17 20:21:50,0,0.0001,LOW,APPROVE,0,GRAPH_CONNECTED_USERS,,,phase3-v1
tx_0007518,2026-03-17 20:27:36,0,0.0001,LOW,APPROVE,0,LOW_RISK_ESTABLISHED_ACCOUNT,,,phase3-v1
tx_0020190,2026-03-17 20:28:35,0,0.0001,LOW,APPROVE,0,LOW_RISK_ESTABLISHED_ACCOUNT,,,phase3-v1
tx_0011688,2026-03-17 20:29:51,0,0.0001,LOW,APPROVE,0,LOW_RISK_ESTABLISHED_ACCOUNT,,,phase3-v1
tx_0008737,2026-03-17 20:30:59,0,0.0001,LOW,APPROVE,0,LOW_RISK_ESTABLISHED_ACCOUNT,,,phase3-v1
tx_0016459,2026-03-17 20:36:54,0,0.0001,LOW,APPROVE,0,LOW_RISK_ESTABLISHED_ACCOUNT,,,phase3-v1
tx_0015121,2026-03-17 20:38:45,0,0.0001,LOW,APPROVE,0,LOW_RISK_ESTABLISHED_ACCOUNT,,,phase3-v1
tx_0022771,2026-03-17 20:39:54,0,0.0005,LOW,APPROVE,0,GRAPH_CONNECTED_USERS,,,phase3-v1
tx_0008088,2026-03-17 20:42:36,0,0.0001,LOW,APPROVE,0,LOW_RISK_ESTABLISHED_ACCOUNT,,,phase3-v1
tx_0018432,2026-03-17 20:44:38,0,0.0001,LOW,APPROVE,0,LOW_RISK_ESTABLISHED_ACCOUNT,,,phase3-v1
tx_0002460,2026-03-17 20:48:03,0,0.0001,LOW,APPROVE,0,LOW_RISK_ESTABLISHED_ACCOUNT,,,phase3-v1
tx_0021830,2026-03-17 20:51:35,0,0.0001,LOW,APPROVE,0,LOW_RISK_ESTABLISHED_ACCOUNT,,,phase3-v1
tx_0023406,2026-03-17 20:53:23,0,0.2244,LOW,APPROVE,0,NEW_ACCOUNT,GRAPH_MULTI_ENTITY_OVERLAP,GRAPH_CONNECTED_USERS,phase3-v1
tx_0016286,2026-03-17 20:54:47,0,0.0009,LOW,APPROVE,0,NEW_ACCOUNT,,,phase3-v1
tx_0016209,2026-03-17 20:56:05,0,0.0001,LOW,APPROVE,0,LOW_RISK_ESTABLISHED_ACCOUNT,,,phase3-v1
tx_0025183,2026-03-17 20:56:51,0,0.0001,LOW,APPROVE,0,GRAPH_MULTI_ENTITY_OVERLAP,GRAPH_SHARED_ADDRESS,,phase3-v1
tx_0013963,2026-03-17 20:57:51,0,0.0001,LOW,APPROVE,0,LOW_RISK_ESTABLISHED_ACCOUNT,,,phase3-v1
tx_0008833,2026-03-17 21:03:24,0,0.0001,LOW,APPROVE,0,HIGH_AMOUNT_ANOMALY,,,phase3-v1
tx_0008890,2026-03-17 21:09:34,0,0.0001,LOW,APPROVE,0,LOW_RISK_ESTABLISHED_ACCOUNT,,,phase3-v1
tx_0025843,2026-03-17 21:13:44,0,0.0001,LOW,APPROVE,0,GRAPH_MULTI_ENTITY_OVERLAP,GRAPH_SHARED_ADDRESS,GRAPH_CONNECTED_USERS,phase3-v1
tx_0001533,2026-03-17 21:15:21,0,0.0001,LOW,APPROVE,0,LOW_RISK_ESTABLISHED_ACCOUNT,,,phase3-v1
tx_0001476,2026-03-17 21:16:16,0,0.0001,LOW,APPROVE,0,LOW_RISK_ESTABLISHED_ACCOUNT,,,phase3-v1
tx_0018645,2026-03-17 21:20:43,0,0.0001,LOW,APPROVE,0,LOW_RISK_ESTABLISHED_ACCOUNT,,,phase3-v1
tx_0013244,2026-03-17 21:20:44,0,0.0001,LOW,APPROVE,0,LOW_RISK_ESTABLISHED_ACCOUNT,,,phase3-v1
tx_0021250,2026-03-17 21:21:31,0,0.0001,LOW,APPROVE,0,LOW_RISK_ESTABLISHED_ACCOUNT,,,phase3-v1
tx_0019966,2026-03-17 21:24:00,0,0.0001,LOW,APPROVE,0,LOW_RISK_ESTABLISHED_ACCOUNT,,,phase3-v1
tx_0015224,2026-03-17 21:25:38,0,0.0001,LOW,APPROVE,0,LOW_RISK_ESTABLISHED_ACCOUNT,,,phase3-v1
tx_0019486,2026-03-17 21:25:53,0,0.0001,LOW,APPROVE,0,LOW_RISK_ESTABLISHED_ACCOUNT,,,phase3-v1
tx_0027178,2026-03-17 21:27:30,1,0.9996,HIGH,BLOCK,1,GRAPH_CONNECTED_USERS,GRAPH_SHARED_DEVICE,GRAPH_SHARED_PAYMENT,phase3-v1
tx_0007517,2026-03-17 21:28:13,0,0.0001,LOW,APPROVE,0,LOW_RISK_ESTABLISHED_ACCOUNT,,,phase3-v1
tx_0003829,2026-03-17 21:38:59,0,0.0001,LOW,APPROVE,0,LOW_RISK_ESTABLISHED_ACCOUNT,,,phase3-v1
tx_0011412,2026-03-17 21:48:55,0,0.0001,LOW,APPROVE,0,LOW_RISK_ESTABLISHED_ACCOUNT,,,phase3-v1
tx_0013222,2026-03-17 21:51:49,0,0.0001,LOW,APPROVE,0,LOW_RISK_ESTABLISHED_ACCOUNT,,,phase3-v1
tx_0027153,2026-03-17 21:52:56,1,0.9997,HIGH,BLOCK,1,GRAPH_CONNECTED_USERS,GRAPH_SHARED_DEVICE,GRAPH_SHARED_PAYMENT,phase3-v1
tx_0007204,2026-03-17 22:10:41,0,0.0001,LOW,APPROVE,0,LOW_RISK_ESTABLISHED_ACCOUNT,,,phase3-v1
tx_0025512,2026-03-17 22:12:05,0,0.0002,LOW,APPROVE,0,GRAPH_SHARED_PAYMENT,GRAPH_MULTI_ENTITY_OVERLAP,GRAPH_SHARED_ADDRESS,phase3-v1
tx_0019399,2026-03-17 22:13:49,0,0.0001,LOW,APPROVE,0,LOW_RISK_ESTABLISHED_ACCOUNT,,,phase3-v1
tx_0004810,2026-03-17 22:13:59,0,0.0001,LOW,APPROVE,0,LOW_RISK_ESTABLISHED_ACCOUNT,,,phase3-v1
tx_0017378,2026-03-17 22:14:04,0,0.0001,LOW,APPROVE,0,LOW_RISK_ESTABLISHED_ACCOUNT,,,phase3-v1
tx_0023361,2026-03-17 22:16:22,0,0.0001,LOW,APPROVE,0,LOW_RISK_ESTABLISHED_ACCOUNT,,,phase3-v1
tx_0020905,2026-03-17 22:18:23,0,0.0001,LOW,APPROVE,0,LOW_RISK_ESTABLISHED_ACCOUNT,,,phase3-v1
tx_0002795,2026-03-17 22:18:38,0,0.0001,LOW,APPROVE,0,LOW_RISK_ESTABLISHED_ACCOUNT,,,phase3-v1
tx_0001678,2026-03-17 22:18:39,0,0.0001,LOW,APPROVE,0,LOW_RISK_ESTABLISHED_ACCOUNT,,,phase3-v1
tx_0018725,2026-03-17 22:33:51,0,0.0001,LOW,APPROVE,0,LOW_RISK_ESTABLISHED_ACCOUNT,,,phase3-v1
tx_0015756,2026-03-17 22:38:28,0,0.0001,LOW,APPROVE,0,LOW_RISK_ESTABLISHED_ACCOUNT,,,phase3-v1
tx_0002788,2026-03-17 22:48:00,0,0.0001,LOW,APPROVE,0,LOW_RISK_ESTABLISHED_ACCOUNT,,,phase3-v1
tx_0016264,2026-03-17 22:51:05,0,0.0001,LOW,APPROVE,0,LOW_RISK_ESTABLISHED_ACCOUNT,,,phase3-v1
tx_0000634,2026-03-17 22:52:01,0,0.0001,LOW,APPROVE,0,LOW_RISK_ESTABLISHED_ACCOUNT,,,phase3-v1
tx_0017447,2026-03-17 22:54:37,0,0.0001,LOW,APPROVE,0,LOW_RISK_ESTABLISHED_ACCOUNT,,,phase3-v1
tx_0027149,2026-03-17 23:08:53,1,0.9999,HIGH,BLOCK,1,GRAPH_CONNECTED_USERS,GRAPH_SHARED_DEVICE,GRAPH_SHARED_PAYMENT,phase3-v1
tx_0012038,2026-03-17 23:28:30,0,0.0016,LOW,APPROVE,0,NEW_ACCOUNT,PROMO_ACTIVITY,,phase3-v1
tx_0003823,2026-03-17 23:37:47,0,0.0001,LOW,APPROVE,0,LOW_RISK_ESTABLISHED_ACCOUNT,,,phase3-v1
tx_0022004,2026-03-17 23:40:55,0,0.0001,LOW,APPROVE,0,LOW_RISK_ESTABLISHED_ACCOUNT,,,phase3-v1
tx_0018143,2026-03-17 23:47:14,0,0.0001,LOW,APPROVE,0,LOW_RISK_ESTABLISHED_ACCOUNT,,,phase3-v1
tx_0006866,2026-03-17 23:56:18,0,0.0001,LOW,APPROVE,0,LOW_RISK_ESTABLISHED_ACCOUNT,,,phase3-v1
tx_0005253,2026-03-18 00:21:28,0,0.9799,HIGH,BLOCK,1,NEW_ACCOUNT,,,phase3-v1
tx_0023044,2026-03-18 00:22:28,0,0.0001,LOW,APPROVE,0,GRAPH_MULTI_ENTITY_OVERLAP,GRAPH_SHARED_ADDRESS,GRAPH_CONNECTED_USERS,phase3-v1
tx_0027175,2026-03-18 00:40:19,1,0.9997,HIGH,BLOCK,1,GRAPH_CONNECTED_USERS,GRAPH_SHARED_DEVICE,GRAPH_SHARED_PAYMENT,phase3-v1
tx_0021564,2026-03-18 00:40:25,0,0.0001,LOW,APPROVE,0,LOW_RISK_ESTABLISHED_ACCOUNT,,,phase3-v1
tx_0022449,2026-03-18 00:50:17,0,0.0001,LOW,APPROVE,0,LOW_RISK_ESTABLISHED_ACCOUNT,,,phase3-v1
tx_0005759,2026-03-18 01:02:49,0,0.0001,LOW,APPROVE,0,OFF_HOURS_ACTIVITY,,,phase3-v1
tx_0025040,2026-03-18 01:41:27,0,0.0002,LOW,APPROVE,0,GRAPH_MULTI_ENTITY_OVERLAP,HIGH_AMOUNT_ANOMALY,GRAPH_SHARED_ADDRESS,phase3-v1
tx_0007979,2026-03-18 01:50:24,0,0.0001,LOW,APPROVE,0,OFF_HOURS_ACTIVITY,,,phase3-v1
tx_0023115,2026-03-18 01:53:43,0,0.0001,LOW,APPROVE,0,GRAPH_CONNECTED_USERS,OFF_HOURS_ACTIVITY,,phase3-v1
tx_0018294,2026-03-18 02:05:27,0,0.0321,LOW,APPROVE,0,NEW_ACCOUNT,OFF_HOURS_ACTIVITY,,phase3-v1
tx_0017814,2026-03-18 02:18:24,0,0.0001,LOW,APPROVE,0,OFF_HOURS_ACTIVITY,,,phase3-v1
tx_0016540,2026-03-18 02:43:15,0,0.0002,LOW,APPROVE,0,OFF_HOURS_ACTIVITY,,,phase3-v1
tx_0027179,2026-03-18 04:03:19,1,0.9999,HIGH,BLOCK,1,GRAPH_CONNECTED_USERS,GRAPH_SHARED_DEVICE,GRAPH_SHARED_PAYMENT,phase3-v1
tx_0024605,2026-03-18 04:21:26,0,0.0001,LOW,APPROVE,0,GRAPH_CONNECTED_USERS,OFF_HOURS_ACTIVITY,,phase3-v1
tx_0005234,2026-03-18 04:39:37,0,0.0001,LOW,APPROVE,0,OFF_HOURS_ACTIVITY,,,phase3-v1
tx_0025881,2026-03-18 05:11:38,0,0.0001,LOW,APPROVE,0,GRAPH_CONNECTED_USERS,OFF_HOURS_ACTIVITY,,phase3-v1
tx_0027171,2026-03-18 05:22:23,1,0.9999,HIGH,BLOCK,1,GRAPH_CONNECTED_USERS,GRAPH_SHARED_DEVICE,GRAPH_SHARED_PAYMENT,phase3-v1
tx_0003459,2026-03-18 05:22:45,0,0.0,LOW,APPROVE,0,OFF_HOURS_ACTIVITY,,,phase3-v1
tx_0016596,2026-03-18 05:48:46,0,0.0026,LOW,APPROVE,0,NEW_ACCOUNT,PROMO_ACTIVITY,OFF_HOURS_ACTIVITY,phase3-v1
tx_0027150,2026-03-18 06:14:27,1,0.9999,HIGH,BLOCK,1,GRAPH_CONNECTED_USERS,GRAPH_SHARED_DEVICE,GRAPH_SHARED_PAYMENT,phase3-v1
tx_0027173,2026-03-18 06:28:19,1,0.9999,HIGH,BLOCK,1,GRAPH_CONNECTED_USERS,GRAPH_SHARED_DEVICE,GRAPH_SHARED_PAYMENT,phase3-v1
tx_0021936,2026-03-18 06:30:07,0,0.0001,LOW,APPROVE,0,LOW_RISK_ESTABLISHED_ACCOUNT,,,phase3-v1
tx_0009324,2026-03-18 06:42:08,0,0.0001,LOW,APPROVE,0,LOW_RISK_ESTABLISHED_ACCOUNT,,,phase3-v1
tx_0011326,2026-03-18 06:47:23,0,0.0,LOW,APPROVE,0,LOW_RISK_ESTABLISHED_ACCOUNT,,,phase3-v1
tx_0009608,2026-03-18 07:10:20,0,0.2254,LOW,APPROVE,0,HIGH_AMOUNT_ANOMALY,NEW_ACCOUNT,,phase3-v1
tx_0002004,2026-03-18 07:12:25,0,0.0001,LOW,APPROVE,0,LOW_RISK_ESTABLISHED_ACCOUNT,,,phase3-v1
tx_0015077,2026-03-18 07:13:15,0,0.0001,LOW,APPROVE,0,NEW_ACCOUNT,,,phase3-v1
tx_0007473,2026-03-18 07:13:18,0,0.0,LOW,APPROVE,0,LOW_RISK_ESTABLISHED_ACCOUNT,,,phase3-v1
tx_0024960,2026-03-18 07:23:32,0,0.0001,LOW,APPROVE,0,GRAPH_CONNECTED_USERS,,,phase3-v1
tx_0016391,2026-03-18 07:28:43,0,0.0,LOW,APPROVE,0,LOW_RISK_ESTABLISHED_ACCOUNT,,,phase3-v1
tx_0001795,2026-03-18 07:29:34,0,0.0,LOW,APPROVE,0,LOW_RISK_ESTABLISHED_ACCOUNT,,,phase3-v1
tx_0003285,2026-03-18 07:34:27,0,0.0,LOW,APPROVE,0,LOW_RISK_ESTABLISHED_ACCOUNT,,,phase3-v1
tx_0010320,2026-03-18 07:38:34,0,0.0001,LOW,APPROVE,0,HIGH_AMOUNT_ANOMALY,,,phase3-v1
tx_0025648,2026-03-18 07:41:08,0,0.0002,LOW,APPROVE,0,GRAPH_SHARED_PAYMENT,GRAPH_MULTI_ENTITY_OVERLAP,GRAPH_SHARED_ADDRESS,phase3-v1
tx_0024643,2026-03-18 07:49:21,0,0.0001,LOW,APPROVE,0,GRAPH_SHARED_ADDRESS,GRAPH_MULTI_ENTITY_OVERLAP,GRAPH_CONNECTED_USERS,phase3-v1
tx_0010659,2026-03-18 07:53:27,0,0.0,LOW,APPROVE,0,LOW_RISK_ESTABLISHED_ACCOUNT,,,phase3-v1
tx_0012675,2026-03-18 07:55:35,0,0.0,LOW,APPROVE,0,LOW_RISK_ESTABLISHED_ACCOUNT,,,phase3-v1
tx_0009853,2026-03-18 08:01:02,0,0.0,LOW,APPROVE,0,LOW_RISK_ESTABLISHED_ACCOUNT,,,phase3-v1
tx_0006006,2026-03-18 08:02:32,0,0.0001,LOW,APPROVE,0,LOW_RISK_ESTABLISHED_ACCOUNT,,,phase3-v1
tx_0015769,2026-03-18 08:04:39,0,0.0001,LOW,APPROVE,0,LOW_RISK_ESTABLISHED_ACCOUNT,,,phase3-v1
tx_0009055,2026-03-18 08:06:52,0,0.0001,LOW,APPROVE,0,LOW_RISK_ESTABLISHED_ACCOUNT,,,phase3-v1
tx_0006682,2026-03-18 08:09:08,0,0.0,LOW,APPROVE,0,LOW_RISK_ESTABLISHED_ACCOUNT,,,phase3-v1
tx_0012231,2026-03-18 08:10:50,0,0.0,LOW,APPROVE,0,LOW_RISK_ESTABLISHED_ACCOUNT,,,phase3-v1
tx_0016933,2026-03-18 08:20:48,0,0.0013,LOW,APPROVE,0,NEW_ACCOUNT,,,phase3-v1
tx_0010279,2026-03-18 08:41:55,0,0.0,LOW,APPROVE,0,LOW_RISK_ESTABLISHED_ACCOUNT,,,phase3-v1
tx_0007029,2026-03-18 08:46:12,0,0.0001,LOW,APPROVE,0,LOW_RISK_ESTABLISHED_ACCOUNT,,,phase3-v1
tx_0003345,2026-03-18 08:47:59,0,0.0,LOW,APPROVE,0,LOW_RISK_ESTABLISHED_ACCOUNT,,,phase3-v1
tx_0002683,2026-03-18 09:02:06,0,0.0,LOW,APPROVE,0,LOW_RISK_ESTABLISHED_ACCOUNT,,,phase3-v1
tx_0023979,2026-03-18 09:04:00,0,0.0004,LOW,APPROVE,0,GRAPH_CONNECTED_USERS,,,phase3-v1
tx_0018534,2026-03-18 09:06:30,0,0.0,LOW,APPROVE,0,LOW_RISK_ESTABLISHED_ACCOUNT,,,phase3-v1
tx_0005916,2026-03-18 09:09:22,0,0.0,LOW,APPROVE,0,LOW_RISK_ESTABLISHED_ACCOUNT,,,phase3-v1
tx_0006642,2026-03-18 09:19:27,0,0.0,LOW,APPROVE,0,LOW_RISK_ESTABLISHED_ACCOUNT,,,phase3-v1
tx_0000305,2026-03-18 09:22:50,0,0.0001,LOW,APPROVE,0,LOW_RISK_ESTABLISHED_ACCOUNT,,,phase3-v1
tx_0003114,2026-03-18 09:27:15,0,0.0,LOW,APPROVE,0,LOW_RISK_ESTABLISHED_ACCOUNT,,,phase3-v1
tx_0018395,2026-03-18 09:28:21,0,0.0,LOW,APPROVE,0,LOW_RISK_ESTABLISHED_ACCOUNT,,,phase3-v1
tx_0011706,2026-03-18 09:31:19,0,0.0,LOW,APPROVE,0,LOW_RISK_ESTABLISHED_ACCOUNT,,,phase3-v1
tx_0010867,2026-03-18 09:33:31,0,0.0,LOW,APPROVE,0,LOW_RISK_ESTABLISHED_ACCOUNT,,,phase3-v1
tx_0017663,2026-03-18 09:33:55,0,0.0,LOW,APPROVE,0,LOW_RISK_ESTABLISHED_ACCOUNT,,,phase3-v1
tx_0007559,2026-03-18 09:35:11,0,0.0,LOW,APPROVE,0,LOW_RISK_ESTABLISHED_ACCOUNT,,,phase3-v1
tx_0013802,2026-03-18 09:40:00,0,0.0,LOW,APPROVE,0,LOW_RISK_ESTABLISHED_ACCOUNT,,,phase3-v1
tx_0008639,2026-03-18 09:41:23,0,0.0,LOW,APPROVE,0,LOW_RISK_ESTABLISHED_ACCOUNT,,,phase3-v1
tx_0011166,2026-03-18 09:43:51,0,0.0001,LOW,APPROVE,0,LOW_RISK_ESTABLISHED_ACCOUNT,,,phase3-v1
tx_0021963,2026-03-18 09:45:09,0,0.0001,LOW,APPROVE,0,LOW_RISK_ESTABLISHED_ACCOUNT,,,phase3-v1
tx_0022257,2026-03-18 09:48:57,0,0.0,LOW,APPROVE,0,LOW_RISK_ESTABLISHED_ACCOUNT,,,phase3-v1
tx_0011906,2026-03-18 09:55:26,0,0.0002,LOW,APPROVE,0,LOW_RISK_ESTABLISHED_ACCOUNT,,,phase3-v1
tx_0011424,2026-03-18 09:57:09,0,0.0,LOW,APPROVE,0,LOW_RISK_ESTABLISHED_ACCOUNT,,,phase3-v1
tx_0016246,2026-03-18 09:59:15,0,0.0001,LOW,APPROVE,0,LOW_RISK_ESTABLISHED_ACCOUNT,,,phase3-v1
tx_0022812,2026-03-18 09:59:23,0,0.8835,MEDIUM,REVIEW,0,NEW_ACCOUNT,GRAPH_CONNECTED_USERS,GRAPH_SHARED_ADDRESS,phase3-v1
tx_0023411,2026-03-18 10:00:44,0,0.0001,LOW,APPROVE,0,GRAPH_MULTI_ENTITY_OVERLAP,GRAPH_CONNECTED_USERS,GRAPH_SHARED_ADDRESS,phase3-v1
tx_0022227,2026-03-18 10:04:22,0,0.0001,LOW,APPROVE,0,LOW_RISK_ESTABLISHED_ACCOUNT,,,phase3-v1
tx_0010511,2026-03-18 10:09:51,0,0.0,LOW,APPROVE,0,LOW_RISK_ESTABLISHED_ACCOUNT,,,phase3-v1
tx_0003943,2026-03-18 10:13:55,0,0.0,LOW,APPROVE,0,LOW_RISK_ESTABLISHED_ACCOUNT,,,phase3-v1
tx_0005945,2026-03-18 10:14:59,0,0.0,LOW,APPROVE,0,LOW_RISK_ESTABLISHED_ACCOUNT,,,phase3-v1
tx_0009170,2026-03-18 10:18:25,0,0.0,LOW,APPROVE,0,LOW_RISK_ESTABLISHED_ACCOUNT,,,phase3-v1
tx_0014798,2026-03-18 10:22:28,0,0.0,LOW,APPROVE,0,LOW_RISK_ESTABLISHED_ACCOUNT,,,phase3-v1
tx_0024740,2026-03-18 10:24:52,0,0.0001,LOW,APPROVE,0,GRAPH_CONNECTED_USERS,,,phase3-v1
tx_0025613,2026-03-18 10:24:52,0,0.0001,LOW,APPROVE,0,GRAPH_MULTI_ENTITY_OVERLAP,GRAPH_SHARED_ADDRESS,GRAPH_CONNECTED_USERS,phase3-v1
tx_0017959,2026-03-18 10:29:08,0,0.0,LOW,APPROVE,0,LOW_RISK_ESTABLISHED_ACCOUNT,,,phase3-v1
tx_0006373,2026-03-18 10:29:37,0,0.0,LOW,APPROVE,0,LOW_RISK_ESTABLISHED_ACCOUNT,,,phase3-v1
tx_0000509,2026-03-18 10:29:47,0,0.0002,LOW,APPROVE,0,PROMO_ACTIVITY,NEW_ACCOUNT,,phase3-v1
tx_0011640,2026-03-18 10:30:05,0,0.0,LOW,APPROVE,0,LOW_RISK_ESTABLISHED_ACCOUNT,,,phase3-v1
tx_0024631,2026-03-18 10:30:48,0,0.0001,LOW,APPROVE,0,GRAPH_SHARED_PAYMENT,GRAPH_MULTI_ENTITY_OVERLAP,GRAPH_SHARED_ADDRESS,phase3-v1
tx_0023953,2026-03-18 10:39:36,0,0.0003,LOW,APPROVE,0,GRAPH_SHARED_PAYMENT,GRAPH_SHARED_ADDRESS,GRAPH_MULTI_ENTITY_OVERLAP,phase3-v1
tx_0020447,2026-03-18 10:40:28,0,0.0002,LOW,APPROVE,0,HIGH_AMOUNT_ANOMALY,,,phase3-v1
tx_0011208,2026-03-18 10:41:09,0,0.0,LOW,APPROVE,0,LOW_RISK_ESTABLISHED_ACCOUNT,,,phase3-v1
tx_0016900,2026-03-18 10:41:19,0,0.0001,LOW,APPROVE,0,LOW_RISK_ESTABLISHED_ACCOUNT,,,phase3-v1
tx_0002934,2026-03-18 10:42:50,0,0.0,LOW,APPROVE,0,LOW_RISK_ESTABLISHED_ACCOUNT,,,phase3-v1
tx_0014307,2026-03-18 10:43:47,0,0.0,LOW,APPROVE,0,LOW_RISK_ESTABLISHED_ACCOUNT,,,phase3-v1
tx_0013363,2026-03-18 10:44:16,0,0.0001,LOW,APPROVE,0,LOW_RISK_ESTABLISHED_ACCOUNT,,,phase3-v1
tx_0001713,2026-03-18 10:45:32,0,0.0,LOW,APPROVE,0,LOW_RISK_ESTABLISHED_ACCOUNT,,,phase3-v1
tx_0013914,2026-03-18 10:47:51,0,0.0,LOW,APPROVE,0,LOW_RISK_ESTABLISHED_ACCOUNT,,,phase3-v1
tx_0003575,2026-03-18 10:48:44,0,0.0,LOW,APPROVE,0,LOW_RISK_ESTABLISHED_ACCOUNT,,,phase3-v1
tx_0006981,2026-03-18 10:50:46,0,0.0001,LOW,APPROVE,0,LOW_RISK_ESTABLISHED_ACCOUNT,,,phase3-v1
tx_0022653,2026-03-18 10:55:03,0,0.0001,LOW,APPROVE,0,GRAPH_SHARED_ADDRESS,GRAPH_MULTI_ENTITY_OVERLAP,GRAPH_CONNECTED_USERS,phase3-v1
tx_0022582,2026-03-18 10:58:29,0,0.0001,LOW,APPROVE,0,LOW_RISK_ESTABLISHED_ACCOUNT,,,phase3-v1
tx_0000853,2026-03-18 10:59:38,0,0.0,LOW,APPROVE,0,LOW_RISK_ESTABLISHED_ACCOUNT,,,phase3-v1
tx_0024853,2026-03-18 10:59:40,0,0.0003,LOW,APPROVE,0,GRAPH_CONNECTED_USERS,,,phase3-v1
tx_0006542,2026-03-18 11:01:59,0,0.0,LOW,APPROVE,0,LOW_RISK_ESTABLISHED_ACCOUNT,,,phase3-v1
tx_0023242,2026-03-18 11:03:48,0,0.0004,LOW,APPROVE,0,GRAPH_CONNECTED_USERS,,,phase3-v1
tx_0012175,2026-03-18 11:06:16,0,0.0002,LOW,APPROVE,0,LOW_RISK_ESTABLISHED_ACCOUNT,,,phase3-v1
tx_0013292,2026-03-18 11:06:33,0,0.0,LOW,APPROVE,0,LOW_RISK_ESTABLISHED_ACCOUNT,,,phase3-v1
tx_0003141,2026-03-18 11:06:39,0,0.0,LOW,APPROVE,0,LOW_RISK_ESTABLISHED_ACCOUNT,,,phase3-v1
tx_0012328,2026-03-18 11:09:25,0,0.0,LOW,APPROVE,0,LOW_RISK_ESTABLISHED_ACCOUNT,,,phase3-v1
tx_0000080,2026-03-18 11:10:50,0,0.0,LOW,APPROVE,0,LOW_RISK_ESTABLISHED_ACCOUNT,,,phase3-v1
tx_0022999,2026-03-18 11:16:25,0,0.0004,LOW,APPROVE,0,GRAPH_CONNECTED_USERS,,,phase3-v1
tx_0000513,2026-03-18 11:18:05,0,0.0001,LOW,APPROVE,0,LOW_RISK_ESTABLISHED_ACCOUNT,,,phase3-v1
tx_0018907,2026-03-18 11:19:13,0,0.0,LOW,APPROVE,0,LOW_RISK_ESTABLISHED_ACCOUNT,,,phase3-v1
tx_0025767,2026-03-18 11:25:00,0,0.0001,LOW,APPROVE,0,GRAPH_CONNECTED_USERS,,,phase3-v1
tx_0005256,2026-03-18 11:25:04,0,0.0,LOW,APPROVE,0,LOW_RISK_ESTABLISHED_ACCOUNT,,,phase3-v1
tx_0011785,2026-03-18 11:25:39,0,0.0,LOW,APPROVE,0,LOW_RISK_ESTABLISHED_ACCOUNT,,,phase3-v1
tx_0013077,2026-03-18 11:27:53,0,0.0,LOW,APPROVE,0,LOW_RISK_ESTABLISHED_ACCOUNT,,,phase3-v1
tx_0002541,2026-03-18 11:29:05,0,0.0,LOW,APPROVE,0,LOW_RISK_ESTABLISHED_ACCOUNT,,,phase3-v1
tx_0012734,2026-03-18 11:29:49,0,0.0,LOW,APPROVE,0,LOW_RISK_ESTABLISHED_ACCOUNT,,,phase3-v1
tx_0007166,2026-03-18 11:31:02,0,0.0001,LOW,APPROVE,0,LOW_RISK_ESTABLISHED_ACCOUNT,,,phase3-v1
tx_0000315,2026-03-18 11:32:42,0,0.0,LOW,APPROVE,0,LOW_RISK_ESTABLISHED_ACCOUNT,,,phase3-v1
tx_0008665,2026-03-18 11:36:34,0,0.0,LOW,APPROVE,0,LOW_RISK_ESTABLISHED_ACCOUNT,,,phase3-v1
tx_0004641,2026-03-18 11:37:10,0,0.0,LOW,APPROVE,0,LOW_RISK_ESTABLISHED_ACCOUNT,,,phase3-v1
tx_0023436,2026-03-18 11:42:24,0,0.0001,LOW,APPROVE,0,GRAPH_MULTI_ENTITY_OVERLAP,GRAPH_CONNECTED_USERS,GRAPH_SHARED_ADDRESS,phase3-v1
tx_0002430,2026-03-18 11:50:24,0,0.0,LOW,APPROVE,0,LOW_RISK_ESTABLISHED_ACCOUNT,,,phase3-v1
tx_0010048,2026-03-18 11:58:29,0,0.0,LOW,APPROVE,0,LOW_RISK_ESTABLISHED_ACCOUNT,,,phase3-v1
tx_0024093,2026-03-18 12:02:55,0,0.0005,LOW,APPROVE,0,GRAPH_CONNECTED_USERS,NEW_ACCOUNT,,phase3-v1
tx_0021412,2026-03-18 12:04:12,0,0.0,LOW,APPROVE,0,LOW_RISK_ESTABLISHED_ACCOUNT,,,phase3-v1
tx_0009075,2026-03-18 12:05:45,0,0.0,LOW,APPROVE,0,LOW_RISK_ESTABLISHED_ACCOUNT,,,phase3-v1
tx_0020729,2026-03-18 12:08:08,0,0.0001,LOW,APPROVE,0,PROMO_ACTIVITY,,,phase3-v1
tx_0014548,2026-03-18 12:08:15,0,0.0001,LOW,APPROVE,0,LOW_RISK_ESTABLISHED_ACCOUNT,,,phase3-v1
tx_0010509,2026-03-18 12:08:47,0,0.0,LOW,APPROVE,0,LOW_RISK_ESTABLISHED_ACCOUNT,,,phase3-v1
tx_0014323,2026-03-18 12:09:08,0,0.0,LOW,APPROVE,0,LOW_RISK_ESTABLISHED_ACCOUNT,,,phase3-v1
tx_0020884,2026-03-18 12:14:16,0,0.0,LOW,APPROVE,0,LOW_RISK_ESTABLISHED_ACCOUNT,,,phase3-v1
tx_0019482,2026-03-18 12:18:18,0,0.0001,LOW,APPROVE,0,LOW_RISK_ESTABLISHED_ACCOUNT,,,phase3-v1
tx_0015008,2026-03-18 12:23:23,0,0.0005,LOW,APPROVE,0,LOW_RISK_ESTABLISHED_ACCOUNT,,,phase3-v1
tx_0019272,2026-03-18 12:24:32,0,0.0001,LOW,APPROVE,0,HIGH_AMOUNT_ANOMALY,,,phase3-v1
tx_0012799,2026-03-18 12:28:34,0,0.0,LOW,APPROVE,0,LOW_RISK_ESTABLISHED_ACCOUNT,,,phase3-v1
tx_0022466,2026-03-18 12:28:53,0,0.0001,LOW,APPROVE,0,LOW_RISK_ESTABLISHED_ACCOUNT,,,phase3-v1
tx_0009910,2026-03-18 12:30:05,0,0.0001,LOW,APPROVE,0,LOW_RISK_ESTABLISHED_ACCOUNT,,,phase3-v1
tx_0012720,2026-03-18 12:31:57,0,0.0,LOW,APPROVE,0,LOW_RISK_ESTABLISHED_ACCOUNT,,,phase3-v1
tx_0011107,2026-03-18 12:34:47,0,0.0,LOW,APPROVE,0,LOW_RISK_ESTABLISHED_ACCOUNT,,,phase3-v1
tx_0022856,2026-03-18 12:37:10,0,0.0002,LOW,APPROVE,0,GRAPH_SHARED_PAYMENT,GRAPH_SHARED_ADDRESS,GRAPH_MULTI_ENTITY_OVERLAP,phase3-v1
tx_0005608,2026-03-18 12:39:04,0,0.0001,LOW,APPROVE,0,LOW_RISK_ESTABLISHED_ACCOUNT,,,phase3-v1
tx_0018351,2026-03-18 12:39:23,0,0.0001,LOW,APPROVE,0,LOW_RISK_ESTABLISHED_ACCOUNT,,,phase3-v1
tx_0018286,2026-03-18 12:41:50,0,0.0001,LOW,APPROVE,0,LOW_RISK_ESTABLISHED_ACCOUNT,,,phase3-v1
tx_0023296,2026-03-18 12:42:31,0,0.0003,LOW,APPROVE,0,GRAPH_CONNECTED_USERS,,,phase3-v1
tx_0014433,2026-03-18 12:42:33,0,0.0,LOW,APPROVE,0,LOW_RISK_ESTABLISHED_ACCOUNT,,,phase3-v1
tx_0008311,2026-03-18 12:44:02,0,0.0,LOW,APPROVE,0,LOW_RISK_ESTABLISHED_ACCOUNT,,,phase3-v1
tx_0004387,2026-03-18 12:46:12,0,0.0019,LOW,APPROVE,0,NEW_ACCOUNT,,,phase3-v1
tx_0013558,2026-03-18 12:57:47,0,0.0001,LOW,APPROVE,0,HIGH_AMOUNT_ANOMALY,,,phase3-v1
tx_0022200,2026-03-18 12:59:27,0,0.0,LOW,APPROVE,0,LOW_RISK_ESTABLISHED_ACCOUNT,,,phase3-v1
tx_0001361,2026-03-18 12:59:44,0,0.0,LOW,APPROVE,0,LOW_RISK_ESTABLISHED_ACCOUNT,,,phase3-v1
tx_0019615,2026-03-18 13:02:36,0,0.0004,LOW,APPROVE,0,NEW_ACCOUNT,,,phase3-v1
tx_0025989,2026-03-18 13:12:31,0,0.0001,LOW,APPROVE,0,GRAPH_MULTI_ENTITY_OVERLAP,GRAPH_SHARED_ADDRESS,,phase3-v1
tx_0004753,2026-03-18 13:13:36,0,0.0001,LOW,APPROVE,0,LOW_RISK_ESTABLISHED_ACCOUNT,,,phase3-v1
tx_0008107,2026-03-18 13:13:56,0,0.0001,LOW,APPROVE,0,LOW_RISK_ESTABLISHED_ACCOUNT,,,phase3-v1
tx_0010466,2026-03-18 13:14:11,0,0.0,LOW,APPROVE,0,LOW_RISK_ESTABLISHED_ACCOUNT,,,phase3-v1
tx_0019045,2026-03-18 13:14:19,0,0.0,LOW,APPROVE,0,LOW_RISK_ESTABLISHED_ACCOUNT,,,phase3-v1
tx_0006234,2026-03-18 13:21:54,0,0.0,LOW,APPROVE,0,HIGH_AMOUNT_ANOMALY,,,phase3-v1
tx_0015965,2026-03-18 13:25:56,0,0.0,LOW,APPROVE,0,LOW_RISK_ESTABLISHED_ACCOUNT,,,phase3-v1
tx_0000905,2026-03-18 13:33:46,0,0.0001,LOW,APPROVE,0,LOW_RISK_ESTABLISHED_ACCOUNT,,,phase3-v1
tx_0001859,2026-03-18 13:34:07,0,0.0001,LOW,APPROVE,0,LOW_RISK_ESTABLISHED_ACCOUNT,,,phase3-v1
tx_0002158,2026-03-18 13:36:39,0,0.0001,LOW,APPROVE,0,LOW_RISK_ESTABLISHED_ACCOUNT,,,phase3-v1
tx_0017326,2026-03-18 13:36:51,0,0.0,LOW,APPROVE,0,LOW_RISK_ESTABLISHED_ACCOUNT,,,phase3-v1
tx_0001163,2026-03-18 13:36:52,0,0.0001,LOW,APPROVE,0,LOW_RISK_ESTABLISHED_ACCOUNT,,,phase3-v1
tx_0014250,2026-03-18 13:38:37,0,0.0001,LOW,APPROVE,0,LOW_RISK_ESTABLISHED_ACCOUNT,,,phase3-v1
tx_0005588,2026-03-18 13:44:14,0,0.0001,LOW,APPROVE,0,LOW_RISK_ESTABLISHED_ACCOUNT,,,phase3-v1
tx_0004059,2026-03-18 13:44:39,0,0.0001,LOW,APPROVE,0,LOW_RISK_ESTABLISHED_ACCOUNT,,,phase3-v1
tx_0016618,2026-03-18 13:46:47,0,0.0001,LOW,APPROVE,0,LOW_RISK_ESTABLISHED_ACCOUNT,,,phase3-v1
tx_0006089,2026-03-18 13:49:19,0,0.0,LOW,APPROVE,0,LOW_RISK_ESTABLISHED_ACCOUNT,,,phase3-v1
tx_0018102,2026-03-18 13:50:42,0,0.0,LOW,APPROVE,0,LOW_RISK_ESTABLISHED_ACCOUNT,,,phase3-v1
tx_0014036,2026-03-18 13:52:00,0,0.0,LOW,APPROVE,0,LOW_RISK_ESTABLISHED_ACCOUNT,,,phase3-v1
tx_0014345,2026-03-18 13:53:36,0,0.0,LOW,APPROVE,0,LOW_RISK_ESTABLISHED_ACCOUNT,,,phase3-v1
tx_0015770,2026-03-18 13:57:08,0,0.0001,LOW,APPROVE,0,HIGH_24H_VELOCITY,,,phase3-v1
tx_0010108,2026-03-18 13:58:13,0,0.0001,LOW,APPROVE,0,NEW_ACCOUNT,,,phase3-v1
tx_0022992,2026-03-18 14:01:13,0,0.0004,LOW,APPROVE,0,GRAPH_CONNECTED_USERS,,,phase3-v1
tx_0016529,2026-03-18 14:03:58,0,0.0001,LOW,APPROVE,0,LOW_RISK_ESTABLISHED_ACCOUNT,,,phase3-v1
tx_0010326,2026-03-18 14:06:15,0,0.0,LOW,APPROVE,0,LOW_RISK_ESTABLISHED_ACCOUNT,,,phase3-v1
tx_0021306,2026-03-18 14:08:07,0,0.0001,LOW,APPROVE,0,LOW_RISK_ESTABLISHED_ACCOUNT,,,phase3-v1
tx_0013934,2026-03-18 14:09:30,0,0.0,LOW,APPROVE,0,LOW_RISK_ESTABLISHED_ACCOUNT,,,phase3-v1
tx_0022778,2026-03-18 14:10:03,0,0.0005,LOW,APPROVE,0,GRAPH_CONNECTED_USERS,,,phase3-v1
tx_0014253,2026-03-18 14:16:17,0,0.0001,LOW,APPROVE,0,HIGH_24H_VELOCITY,HIGH_1H_VELOCITY,,phase3-v1
tx_0025229,2026-03-18 14:19:21,0,0.0018,LOW,APPROVE,0,GRAPH_SHARED_DEVICE,GRAPH_SHARED_ADDRESS,GRAPH_MULTI_ENTITY_OVERLAP,phase3-v1
tx_0025044,2026-03-18 14:19:35,0,0.0001,LOW,APPROVE,0,GRAPH_MULTI_ENTITY_OVERLAP,GRAPH_SHARED_ADDRESS,,phase3-v1
tx_0016066,2026-03-18 14:21:41,0,0.0002,LOW,APPROVE,0,NEW_ACCOUNT,,,phase3-v1
tx_0003605,2026-03-18 14:22:11,0,0.0,LOW,APPROVE,0,LOW_RISK_ESTABLISHED_ACCOUNT,,,phase3-v1
tx_0014299,2026-03-18 14:23:31,0,0.0,LOW,APPROVE,0,LOW_RISK_ESTABLISHED_ACCOUNT,,,phase3-v1
tx_0012790,2026-03-18 14:25:48,0,0.0001,LOW,APPROVE,0,LOW_RISK_ESTABLISHED_ACCOUNT,,,phase3-v1
tx_0017951,2026-03-18 14:26:16,0,0.0,LOW,APPROVE,0,LOW_RISK_ESTABLISHED_ACCOUNT,,,phase3-v1
tx_0019651,2026-03-18 14:26:34,0,0.0001,LOW,APPROVE,0,HIGH_AMOUNT_ANOMALY,,,phase3-v1
tx_0003378,2026-03-18 14:27:15,0,0.0001,LOW,APPROVE,0,LOW_RISK_ESTABLISHED_ACCOUNT,,,phase3-v1
tx_0012302,2026-03-18 14:27:55,0,0.0,LOW,APPROVE,0,LOW_RISK_ESTABLISHED_ACCOUNT,,,phase3-v1
tx_0016482,2026-03-18 14:28:21,0,0.0,LOW,APPROVE,0,LOW_RISK_ESTABLISHED_ACCOUNT,,,phase3-v1
tx_0006547,2026-03-18 14:29:14,0,0.0,LOW,APPROVE,0,LOW_RISK_ESTABLISHED_ACCOUNT,,,phase3-v1
tx_0005249,2026-03-18 14:30:30,0,0.0021,LOW,APPROVE,0,NEW_ACCOUNT,,,phase3-v1
tx_0007090,2026-03-18 14:39:54,0,0.0,LOW,APPROVE,0,LOW_RISK_ESTABLISHED_ACCOUNT,,,phase3-v1
tx_0025932,2026-03-18 14:41:28,0,0.0001,LOW,APPROVE,0,GRAPH_SHARED_ADDRESS,GRAPH_CONNECTED_USERS,GRAPH_MULTI_ENTITY_OVERLAP,phase3-v1
tx_0023672,2026-03-18 14:43:02,0,0.0006,LOW,APPROVE,0,GRAPH_CONNECTED_USERS,PROMO_ACTIVITY,,phase3-v1
tx_0007112,2026-03-18 14:45:28,0,0.0,LOW,APPROVE,0,LOW_RISK_ESTABLISHED_ACCOUNT,,,phase3-v1
tx_0014894,2026-03-18 14:48:36,0,0.0,LOW,APPROVE,0,LOW_RISK_ESTABLISHED_ACCOUNT,,,phase3-v1
tx_0017407,2026-03-18 14:52:50,0,0.0001,LOW,APPROVE,0,LOW_RISK_ESTABLISHED_ACCOUNT,,,phase3-v1
tx_0021628,2026-03-18 14:55:55,0,0.0001,LOW,APPROVE,0,NEW_ACCOUNT,,,phase3-v1
tx_0008071,2026-03-18 14:56:21,0,0.0,LOW,APPROVE,0,LOW_RISK_ESTABLISHED_ACCOUNT,,,phase3-v1
tx_0012285,2026-03-18 14:57:28,0,0.0,LOW,APPROVE,0,LOW_RISK_ESTABLISHED_ACCOUNT,,,phase3-v1
tx_0014028,2026-03-18 14:57:54,0,0.0002,LOW,APPROVE,0,LOW_RISK_ESTABLISHED_ACCOUNT,,,phase3-v1
tx_0024498,2026-03-18 15:01:00,0,0.0001,LOW,APPROVE,0,GRAPH_CONNECTED_USERS,,,phase3-v1
tx_0019047,2026-03-18 15:01:58,0,0.0,LOW,APPROVE,0,LOW_RISK_ESTABLISHED_ACCOUNT,,,phase3-v1
tx_0008533,2026-03-18 15:05:34,0,0.0005,LOW,APPROVE,0,PROMO_ACTIVITY,NEW_ACCOUNT,,phase3-v1
tx_0003414,2026-03-18 15:10:31,0,0.0,LOW,APPROVE,0,LOW_RISK_ESTABLISHED_ACCOUNT,,,phase3-v1
tx_0016024,2026-03-18 15:10:39,0,0.0,LOW,APPROVE,0,LOW_RISK_ESTABLISHED_ACCOUNT,,,phase3-v1
tx_0000399,2026-03-18 15:14:58,0,0.0001,LOW,APPROVE,0,LOW_RISK_ESTABLISHED_ACCOUNT,,,phase3-v1
tx_0004099,2026-03-18 15:18:03,0,0.0,LOW,APPROVE,0,LOW_RISK_ESTABLISHED_ACCOUNT,,,phase3-v1
tx_0017077,2026-03-18 15:18:23,0,0.0,LOW,APPROVE,0,LOW_RISK_ESTABLISHED_ACCOUNT,,,phase3-v1
tx_0024732,2026-03-18 15:23:31,0,0.0001,LOW,APPROVE,0,GRAPH_CONNECTED_USERS,,,phase3-v1
tx_0023802,2026-03-18 15:23:33,0,0.0001,LOW,APPROVE,0,GRAPH_CONNECTED_USERS,,,phase3-v1
tx_0003178,2026-03-18 15:25:17,0,0.0,LOW,APPROVE,0,LOW_RISK_ESTABLISHED_ACCOUNT,,,phase3-v1
tx_0001832,2026-03-18 15:29:22,0,0.0001,LOW,APPROVE,0,LOW_RISK_ESTABLISHED_ACCOUNT,,,phase3-v1
tx_0010811,2026-03-18 15:31:58,0,0.0,LOW,APPROVE,0,LOW_RISK_ESTABLISHED_ACCOUNT,,,phase3-v1
tx_0004385,2026-03-18 15:35:54,0,0.0002,LOW,APPROVE,0,NEW_ACCOUNT,,,phase3-v1
tx_0017915,2026-03-18 15:38:21,0,0.0,LOW,APPROVE,0,LOW_RISK_ESTABLISHED_ACCOUNT,,,phase3-v1
tx_0009092,2026-03-18 15:38:45,0,0.0001,LOW,APPROVE,0,LOW_RISK_ESTABLISHED_ACCOUNT,,,phase3-v1
tx_0005385,2026-03-18 15:39:50,0,0.0,LOW,APPROVE,0,LOW_RISK_ESTABLISHED_ACCOUNT,,,phase3-v1
tx_0023681,2026-03-18 15:47:28,0,0.0001,LOW,APPROVE,0,GRAPH_CONNECTED_USERS,,,phase3-v1
tx_0011460,2026-03-18 15:56:10,0,0.0001,LOW,APPROVE,0,LOW_RISK_ESTABLISHED_ACCOUNT,,,phase3-v1
tx_0015671,2026-03-18 15:59:12,0,0.0,LOW,APPROVE,0,LOW_RISK_ESTABLISHED_ACCOUNT,,,phase3-v1
tx_0019341,2026-03-18 16:01:18,0,0.0,LOW,APPROVE,0,LOW_RISK_ESTABLISHED_ACCOUNT,,,phase3-v1
tx_0007860,2026-03-18 16:02:03,0,0.0001,LOW,APPROVE,0,LOW_RISK_ESTABLISHED_ACCOUNT,,,phase3-v1
tx_0009130,2026-03-18 16:07:53,0,0.0001,LOW,APPROVE,0,LOW_RISK_ESTABLISHED_ACCOUNT,,,phase3-v1
tx_0010009,2026-03-18 16:08:24,0,0.0,LOW,APPROVE,0,LOW_RISK_ESTABLISHED_ACCOUNT,,,phase3-v1
tx_0022801,2026-03-18 16:19:12,0,0.0001,LOW,APPROVE,0,GRAPH_SHARED_ADDRESS,GRAPH_MULTI_ENTITY_OVERLAP,GRAPH_CONNECTED_USERS,phase3-v1
tx_0024404,2026-03-18 16:22:02,0,0.0001,LOW,APPROVE,0,GRAPH_MULTI_ENTITY_OVERLAP,GRAPH_SHARED_ADDRESS,GRAPH_CONNECTED_USERS,phase3-v1
tx_0025935,2026-03-18 16:22:48,0,0.0001,LOW,APPROVE,0,GRAPH_SHARED_ADDRESS,GRAPH_MULTI_ENTITY_OVERLAP,GRAPH_CONNECTED_USERS,phase3-v1
tx_0018292,2026-03-18 16:32:03,0,0.1447,LOW,APPROVE,0,NEW_ACCOUNT,,,phase3-v1
tx_0007390,2026-03-18 16:40:18,0,0.0,LOW,APPROVE,0,LOW_RISK_ESTABLISHED_ACCOUNT,,,phase3-v1
tx_0015026,2026-03-18 16:46:32,0,0.0001,LOW,APPROVE,0,LOW_RISK_ESTABLISHED_ACCOUNT,,,phase3-v1
tx_0014570,2026-03-18 16:46:36,0,0.0,LOW,APPROVE,0,LOW_RISK_ESTABLISHED_ACCOUNT,,,phase3-v1
tx_0016518,2026-03-18 16:53:36,0,0.0,LOW,APPROVE,0,LOW_RISK_ESTABLISHED_ACCOUNT,,,phase3-v1
tx_0017815,2026-03-18 16:53:48,0,0.0001,LOW,APPROVE,0,LOW_RISK_ESTABLISHED_ACCOUNT,,,phase3-v1
tx_0000839,2026-03-18 16:55:04,0,0.0001,LOW,APPROVE,0,HIGH_AMOUNT_ANOMALY,,,phase3-v1
tx_0023635,2026-03-18 16:56:08,0,0.0004,LOW,APPROVE,0,GRAPH_CONNECTED_USERS,,,phase3-v1
tx_0000510,2026-03-18 16:57:19,0,0.0003,LOW,APPROVE,0,NEW_ACCOUNT,,,phase3-v1
tx_0009991,2026-03-18 16:58:26,0,0.0,LOW,APPROVE,0,LOW_RISK_ESTABLISHED_ACCOUNT,,,phase3-v1
tx_0006461,2026-03-18 16:58:32,0,0.0,LOW,APPROVE,0,LOW_RISK_ESTABLISHED_ACCOUNT,,,phase3-v1
tx_0011029,2026-03-18 16:59:20,0,0.0,LOW,APPROVE,0,LOW_RISK_ESTABLISHED_ACCOUNT,,,phase3-v1
tx_0025803,2026-03-18 17:01:03,0,0.0004,LOW,APPROVE,0,GRAPH_CONNECTED_USERS,,,phase3-v1
tx_0006582,2026-03-18 17:03:33,0,0.0,LOW,APPROVE,0,LOW_RISK_ESTABLISHED_ACCOUNT,,,phase3-v1
tx_0011266,2026-03-18 17:06:10,0,0.0,LOW,APPROVE,0,LOW_RISK_ESTABLISHED_ACCOUNT,,,phase3-v1
tx_0001172,2026-03-18 17:13:38,0,0.0,LOW,APPROVE,0,LOW_RISK_ESTABLISHED_ACCOUNT,,,phase3-v1
tx_0024893,2026-03-18 17:15:57,0,0.0001,LOW,APPROVE,0,GRAPH_MULTI_ENTITY_OVERLAP,GRAPH_SHARED_ADDRESS,GRAPH_CONNECTED_USERS,phase3-v1
tx_0014469,2026-03-18 17:16:22,0,0.0,LOW,APPROVE,0,LOW_RISK_ESTABLISHED_ACCOUNT,,,phase3-v1
tx_0006346,2026-03-18 17:17:58,0,0.0001,LOW,APPROVE,0,LOW_RISK_ESTABLISHED_ACCOUNT,,,phase3-v1
tx_0024699,2026-03-18 17:18:57,0,0.0007,LOW,APPROVE,0,GRAPH_CONNECTED_USERS,,,phase3-v1
tx_0010398,2026-03-18 17:23:49,0,0.0,LOW,APPROVE,0,LOW_RISK_ESTABLISHED_ACCOUNT,,,phase3-v1
tx_0025602,2026-03-18 17:24:04,0,0.0001,LOW,APPROVE,0,GRAPH_MULTI_ENTITY_OVERLAP,GRAPH_SHARED_ADDRESS,,phase3-v1
tx_0023764,2026-03-18 17:24:36,0,0.0001,LOW,APPROVE,0,GRAPH_SHARED_ADDRESS,GRAPH_MULTI_ENTITY_OVERLAP,GRAPH_CONNECTED_USERS,phase3-v1
tx_0012133,2026-03-18 17:26:30,0,0.0,LOW,APPROVE,0,LOW_RISK_ESTABLISHED_ACCOUNT,,,phase3-v1
tx_0004520,2026-03-18 17:27:11,0,0.0,LOW,APPROVE,0,LOW_RISK_ESTABLISHED_ACCOUNT,,,phase3-v1
tx_0025448,2026-03-18 17:28:22,0,0.0003,LOW,APPROVE,0,GRAPH_CONNECTED_USERS,,,phase3-v1
tx_0005522,2026-03-18 17:28:24,0,0.0,LOW,APPROVE,0,LOW_RISK_ESTABLISHED_ACCOUNT,,,phase3-v1
tx_0015744,2026-03-18 17:32:38,0,0.0,LOW,APPROVE,0,LOW_RISK_ESTABLISHED_ACCOUNT,,,phase3-v1
tx_0025855,2026-03-18 17:33:39,0,0.0001,LOW,APPROVE,0,GRAPH_CONNECTED_USERS,,,phase3-v1
tx_0013528,2026-03-18 17:34:24,0,0.0,LOW,APPROVE,0,LOW_RISK_ESTABLISHED_ACCOUNT,,,phase3-v1
tx_0003196,2026-03-18 17:36:33,0,0.0001,LOW,APPROVE,0,LOW_RISK_ESTABLISHED_ACCOUNT,,,phase3-v1
tx_0019805,2026-03-18 17:36:41,0,0.0001,LOW,APPROVE,0,LOW_RISK_ESTABLISHED_ACCOUNT,,,phase3-v1
tx_0007388,2026-03-18 17:38:10,0,0.0,LOW,APPROVE,0,LOW_RISK_ESTABLISHED_ACCOUNT,,,phase3-v1
tx_0024330,2026-03-18 17:39:18,0,0.0001,LOW,APPROVE,0,GRAPH_SHARED_ADDRESS,GRAPH_CONNECTED_USERS,GRAPH_MULTI_ENTITY_OVERLAP,phase3-v1
tx_0021757,2026-03-18 17:45:34,0,0.0001,LOW,APPROVE,0,LOW_RISK_ESTABLISHED_ACCOUNT,,,phase3-v1
tx_0006892,2026-03-18 17:47:24,0,0.0,LOW,APPROVE,0,LOW_RISK_ESTABLISHED_ACCOUNT,,,phase3-v1
tx_0023137,2026-03-18 17:51:18,0,0.0004,LOW,APPROVE,0,GRAPH_CONNECTED_USERS,,,phase3-v1
tx_0008642,2026-03-18 17:52:01,0,0.0001,LOW,APPROVE,0,LOW_RISK_ESTABLISHED_ACCOUNT,,,phase3-v1
tx_0001760,2026-03-18 17:52:03,0,0.0,LOW,APPROVE,0,LOW_RISK_ESTABLISHED_ACCOUNT,,,phase3-v1
tx_0003140,2026-03-18 17:54:44,0,0.0001,LOW,APPROVE,0,LOW_RISK_ESTABLISHED_ACCOUNT,,,phase3-v1
tx_0002839,2026-03-18 17:55:17,0,0.0,LOW,APPROVE,0,LOW_RISK_ESTABLISHED_ACCOUNT,,,phase3-v1
tx_0024776,2026-03-18 17:59:00,0,0.0003,LOW,APPROVE,0,GRAPH_CONNECTED_USERS,,,phase3-v1
tx_0012894,2026-03-18 17:59:54,0,0.0,LOW,APPROVE,0,LOW_RISK_ESTABLISHED_ACCOUNT,,,phase3-v1
tx_0012002,2026-03-18 18:02:09,0,0.0,LOW,APPROVE,0,LOW_RISK_ESTABLISHED_ACCOUNT,,,phase3-v1
tx_0000676,2026-03-18 18:03:14,0,0.0,LOW,APPROVE,0,LOW_RISK_ESTABLISHED_ACCOUNT,,,phase3-v1
tx_0018869,2026-03-18 18:03:32,0,0.0001,LOW,APPROVE,0,HIGH_AMOUNT_ANOMALY,,,phase3-v1
tx_0025596,2026-03-18 18:04:18,0,0.0001,LOW,APPROVE,0,GRAPH_MULTI_ENTITY_OVERLAP,GRAPH_SHARED_ADDRESS,,phase3-v1
tx_0019369,2026-03-18 18:04:37,0,0.0,LOW,APPROVE,0,LOW_RISK_ESTABLISHED_ACCOUNT,,,phase3-v1
tx_0012544,2026-03-18 18:05:14,0,0.0028,LOW,APPROVE,0,NEW_ACCOUNT,,,phase3-v1
tx_0021741,2026-03-18 18:08:12,0,0.0,LOW,APPROVE,0,LOW_RISK_ESTABLISHED_ACCOUNT,,,phase3-v1
tx_0020824,2026-03-18 18:09:28,0,0.0001,LOW,APPROVE,0,HIGH_AMOUNT_ANOMALY,,,phase3-v1
tx_0012132,2026-03-18 18:09:59,0,0.0,LOW,APPROVE,0,HIGH_1H_VELOCITY,,,phase3-v1
tx_0018245,2026-03-18 18:11:06,0,0.0,LOW,APPROVE,0,LOW_RISK_ESTABLISHED_ACCOUNT,,,phase3-v1
tx_0011083,2026-03-18 18:12:29,0,0.0001,LOW,APPROVE,0,LOW_RISK_ESTABLISHED_ACCOUNT,,,phase3-v1
tx_0024640,2026-03-18 18:12:32,0,0.0001,LOW,APPROVE,0,GRAPH_SHARED_PAYMENT,GRAPH_MULTI_ENTITY_OVERLAP,GRAPH_SHARED_ADDRESS,phase3-v1
tx_0016046,2026-03-18 18:13:17,0,0.0,LOW,APPROVE,0,LOW_RISK_ESTABLISHED_ACCOUNT,,,phase3-v1
tx_0025051,2026-03-18 18:13:36,0,0.0001,LOW,APPROVE,0,GRAPH_SHARED_ADDRESS,GRAPH_MULTI_ENTITY_OVERLAP,GRAPH_CONNECTED_USERS,phase3-v1
tx_0013748,2026-03-18 18:15:04,0,0.0,LOW,APPROVE,0,LOW_RISK_ESTABLISHED_ACCOUNT,,,phase3-v1
tx_0017029,2026-03-18 18:18:28,0,0.0,LOW,APPROVE,0,LOW_RISK_ESTABLISHED_ACCOUNT,,,phase3-v1
tx_0021279,2026-03-18 18:20:06,0,0.0,LOW,APPROVE,0,LOW_RISK_ESTABLISHED_ACCOUNT,,,phase3-v1
tx_0016637,2026-03-18 18:20:17,0,0.0,LOW,APPROVE,0,LOW_RISK_ESTABLISHED_ACCOUNT,,,phase3-v1
tx_0003592,2026-03-18 18:20:54,0,0.0,LOW,APPROVE,0,LOW_RISK_ESTABLISHED_ACCOUNT,,,phase3-v1
tx_0012198,2026-03-18 18:22:15,0,0.0001,LOW,APPROVE,0,PROMO_ACTIVITY,,,phase3-v1
tx_0024023,2026-03-18 18:26:34,0,0.0013,LOW,APPROVE,0,GRAPH_MULTI_ENTITY_OVERLAP,GRAPH_SHARED_ADDRESS,GRAPH_SHARED_DEVICE,phase3-v1
tx_0010768,2026-03-18 18:27:38,0,0.0001,LOW,APPROVE,0,LOW_RISK_ESTABLISHED_ACCOUNT,,,phase3-v1
tx_0003142,2026-03-18 18:31:17,0,0.0001,LOW,APPROVE,0,HIGH_24H_VELOCITY,HIGH_1H_VELOCITY,,phase3-v1
tx_0016063,2026-03-18 18:32:21,0,0.0004,LOW,APPROVE,0,NEW_ACCOUNT,,,phase3-v1
tx_0010789,2026-03-18 18:34:22,0,0.0001,LOW,APPROVE,0,LOW_RISK_ESTABLISHED_ACCOUNT,,,phase3-v1
tx_0008512,2026-03-18 18:36:12,0,0.0001,LOW,APPROVE,0,LOW_RISK_ESTABLISHED_ACCOUNT,,,phase3-v1
tx_0000210,2026-03-18 18:37:03,0,0.0,LOW,APPROVE,0,LOW_RISK_ESTABLISHED_ACCOUNT,,,phase3-v1
tx_0014148,2026-03-18 18:38:50,0,0.0,LOW,APPROVE,0,LOW_RISK_ESTABLISHED_ACCOUNT,,,phase3-v1
tx_0015808,2026-03-18 18:39:01,0,0.0,LOW,APPROVE,0,LOW_RISK_ESTABLISHED_ACCOUNT,,,phase3-v1
tx_0001018,2026-03-18 18:40:00,0,0.0,LOW,APPROVE,0,LOW_RISK_ESTABLISHED_ACCOUNT,,,phase3-v1
tx_0000691,2026-03-18 18:41:29,0,0.0,LOW,APPROVE,0,LOW_RISK_ESTABLISHED_ACCOUNT,,,phase3-v1
tx_0015221,2026-03-18 18:43:09,0,0.0,LOW,APPROVE,0,LOW_RISK_ESTABLISHED_ACCOUNT,,,phase3-v1
tx_0017204,2026-03-18 18:46:23,0,0.0,LOW,APPROVE,0,LOW_RISK_ESTABLISHED_ACCOUNT,,,phase3-v1
tx_0008678,2026-03-18 18:49:04,0,0.0,LOW,APPROVE,0,LOW_RISK_ESTABLISHED_ACCOUNT,,,phase3-v1
tx_0017425,2026-03-18 18:50:06,0,0.0001,LOW,APPROVE,0,LOW_RISK_ESTABLISHED_ACCOUNT,,,phase3-v1
tx_0012178,2026-03-18 18:53:59,0,0.0001,LOW,APPROVE,0,LOW_RISK_ESTABLISHED_ACCOUNT,,,phase3-v1
tx_0019852,2026-03-18 18:57:43,0,0.0,LOW,APPROVE,0,LOW_RISK_ESTABLISHED_ACCOUNT,,,phase3-v1
tx_0014800,2026-03-18 18:58:33,0,0.0,LOW,APPROVE,0,LOW_RISK_ESTABLISHED_ACCOUNT,,,phase3-v1
tx_0002800,2026-03-18 19:00:51,0,0.0,LOW,APPROVE,0,LOW_RISK_ESTABLISHED_ACCOUNT,,,phase3-v1
tx_0017467,2026-03-18 19:01:24,0,0.0,LOW,APPROVE,0,LOW_RISK_ESTABLISHED_ACCOUNT,,,phase3-v1
tx_0023980,2026-03-18 19:01:25,0,0.0006,LOW,APPROVE,0,GRAPH_CONNECTED_USERS,,,phase3-v1
tx_0020044,2026-03-18 19:05:54,0,0.0,LOW,APPROVE,0,LOW_RISK_ESTABLISHED_ACCOUNT,,,phase3-v1
tx_0015527,2026-03-18 19:06:30,0,0.0,LOW,APPROVE,0,LOW_RISK_ESTABLISHED_ACCOUNT,,,phase3-v1
tx_0014379,2026-03-18 19:07:53,0,0.0,LOW,APPROVE,0,LOW_RISK_ESTABLISHED_ACCOUNT,,,phase3-v1
tx_0018388,2026-03-18 19:11:14,0,0.0,LOW,APPROVE,0,LOW_RISK_ESTABLISHED_ACCOUNT,,,phase3-v1
tx_0007930,2026-03-18 19:11:58,0,0.0,LOW,APPROVE,0,LOW_RISK_ESTABLISHED_ACCOUNT,,,phase3-v1
tx_0003958,2026-03-18 19:13:26,0,0.0,LOW,APPROVE,0,LOW_RISK_ESTABLISHED_ACCOUNT,,,phase3-v1
tx_0001507,2026-03-18 19:14:44,0,0.0161,LOW,APPROVE,0,NEW_ACCOUNT,,,phase3-v1
tx_0010452,2026-03-18 19:15:09,0,0.0001,LOW,APPROVE,0,NEW_ACCOUNT,,,phase3-v1
tx_0005815,2026-03-18 19:18:25,0,0.0,LOW,APPROVE,0,LOW_RISK_ESTABLISHED_ACCOUNT,,,phase3-v1
tx_0004498,2026-03-18 19:20:02,0,0.0,LOW,APPROVE,0,LOW_RISK_ESTABLISHED_ACCOUNT,,,phase3-v1
tx_0004375,2026-03-18 19:20:13,0,0.0,LOW,APPROVE,0,LOW_RISK_ESTABLISHED_ACCOUNT,,,phase3-v1
tx_0024383,2026-03-18 19:21:35,0,0.0001,LOW,APPROVE,0,LOW_RISK_ESTABLISHED_ACCOUNT,,,phase3-v1
tx_0010069,2026-03-18 19:26:34,0,0.0,LOW,APPROVE,0,LOW_RISK_ESTABLISHED_ACCOUNT,,,phase3-v1
tx_0016283,2026-03-18 19:29:15,0,0.0005,LOW,APPROVE,0,NEW_ACCOUNT,,,phase3-v1
tx_0019624,2026-03-18 19:34:27,0,0.0,LOW,APPROVE,0,LOW_RISK_ESTABLISHED_ACCOUNT,,,phase3-v1
tx_0013688,2026-03-18 19:39:27,0,0.0001,LOW,APPROVE,0,LOW_RISK_ESTABLISHED_ACCOUNT,,,phase3-v1
tx_0022707,2026-03-18 19:44:41,0,0.0001,LOW,APPROVE,0,GRAPH_CONNECTED_USERS,,,phase3-v1
tx_0010465,2026-03-18 19:45:22,0,0.0,LOW,APPROVE,0,LOW_RISK_ESTABLISHED_ACCOUNT,,,phase3-v1
tx_0013671,2026-03-18 19:47:07,0,0.0001,LOW,APPROVE,0,LOW_RISK_ESTABLISHED_ACCOUNT,,,phase3-v1
tx_0007512,2026-03-18 19:49:07,0,0.0,LOW,APPROVE,0,LOW_RISK_ESTABLISHED_ACCOUNT,,,phase3-v1
tx_0008053,2026-03-18 20:03:31,0,0.0001,LOW,APPROVE,0,LOW_RISK_ESTABLISHED_ACCOUNT,,,phase3-v1
tx_0021213,2026-03-18 20:04:57,0,0.0001,LOW,APPROVE,0,LOW_RISK_ESTABLISHED_ACCOUNT,,,phase3-v1
tx_0023813,2026-03-18 20:06:06,0,0.0001,LOW,APPROVE,0,GRAPH_CONNECTED_USERS,,,phase3-v1
tx_0018259,2026-03-18 20:06:20,0,0.0001,LOW,APPROVE,0,LOW_RISK_ESTABLISHED_ACCOUNT,,,phase3-v1
tx_0025339,2026-03-18 20:07:49,0,0.0001,LOW,APPROVE,0,GRAPH_CONNECTED_USERS,,,phase3-v1
tx_0025753,2026-03-18 20:10:26,0,0.0002,LOW,APPROVE,0,GRAPH_CONNECTED_USERS,,,phase3-v1
tx_0018667,2026-03-18 20:12:51,0,0.0001,LOW,APPROVE,0,LOW_RISK_ESTABLISHED_ACCOUNT,,,phase3-v1
tx_0002078,2026-03-18 20:15:59,0,0.0001,LOW,APPROVE,0,HIGH_AMOUNT_ANOMALY,,,phase3-v1
tx_0001000,2026-03-18 20:26:34,0,0.0001,LOW,APPROVE,0,LOW_RISK_ESTABLISHED_ACCOUNT,,,phase3-v1
tx_0015125,2026-03-18 20:27:00,0,0.0001,LOW,APPROVE,0,LOW_RISK_ESTABLISHED_ACCOUNT,,,phase3-v1
tx_0000404,2026-03-18 20:27:33,0,0.0001,LOW,APPROVE,0,LOW_RISK_ESTABLISHED_ACCOUNT,,,phase3-v1
tx_0016709,2026-03-18 20:31:49,0,0.0001,LOW,APPROVE,0,LOW_RISK_ESTABLISHED_ACCOUNT,,,phase3-v1
tx_0006060,2026-03-18 20:36:01,0,0.0001,LOW,APPROVE,0,LOW_RISK_ESTABLISHED_ACCOUNT,,,phase3-v1
tx_0021731,2026-03-18 20:37:34,0,0.0001,LOW,APPROVE,0,HIGH_AMOUNT_ANOMALY,,,phase3-v1
tx_0006556,2026-03-18 20:38:40,0,0.0001,LOW,APPROVE,0,LOW_RISK_ESTABLISHED_ACCOUNT,,,phase3-v1
tx_0000837,2026-03-18 20:40:26,0,0.0001,LOW,APPROVE,0,LOW_RISK_ESTABLISHED_ACCOUNT,,,phase3-v1
tx_0010843,2026-03-18 20:49:02,0,0.0001,LOW,APPROVE,0,LOW_RISK_ESTABLISHED_ACCOUNT,,,phase3-v1
tx_0006418,2026-03-18 20:49:02,0,0.0001,LOW,APPROVE,0,LOW_RISK_ESTABLISHED_ACCOUNT,,,phase3-v1
tx_0014349,2026-03-18 20:52:37,0,0.0001,LOW,APPROVE,0,LOW_RISK_ESTABLISHED_ACCOUNT,,,phase3-v1
tx_0004349,2026-03-18 20:54:53,0,0.0001,LOW,APPROVE,0,LOW_RISK_ESTABLISHED_ACCOUNT,,,phase3-v1
tx_0009129,2026-03-18 20:56:32,0,0.0001,LOW,APPROVE,0,LOW_RISK_ESTABLISHED_ACCOUNT,,,phase3-v1
tx_0021893,2026-03-18 20:56:40,0,0.0001,LOW,APPROVE,0,LOW_RISK_ESTABLISHED_ACCOUNT,,,phase3-v1
tx_0002509,2026-03-18 20:58:59,0,0.0001,LOW,APPROVE,0,LOW_RISK_ESTABLISHED_ACCOUNT,,,phase3-v1
tx_0024137,2026-03-18 21:01:19,0,0.0001,LOW,APPROVE,0,GRAPH_CONNECTED_USERS,,,phase3-v1
tx_0023912,2026-03-18 21:01:42,0,0.0001,LOW,APPROVE,0,GRAPH_CONNECTED_USERS,,,phase3-v1
tx_0014459,2026-03-18 21:07:35,0,0.0001,LOW,APPROVE,0,LOW_RISK_ESTABLISHED_ACCOUNT,,,phase3-v1
tx_0011276,2026-03-18 21:09:29,0,0.0001,LOW,APPROVE,0,LOW_RISK_ESTABLISHED_ACCOUNT,,,phase3-v1
tx_0000015,2026-03-18 21:10:09,0,0.0002,LOW,APPROVE,0,LOW_RISK_ESTABLISHED_ACCOUNT,,,phase3-v1
tx_0025483,2026-03-18 21:11:56,0,0.0001,LOW,APPROVE,0,GRAPH_SHARED_ADDRESS,GRAPH_MULTI_ENTITY_OVERLAP,GRAPH_CONNECTED_USERS,phase3-v1
tx_0021079,2026-03-18 21:13:17,0,0.0001,LOW,APPROVE,0,LOW_RISK_ESTABLISHED_ACCOUNT,,,phase3-v1
tx_0001720,2026-03-18 21:13:48,0,0.0001,LOW,APPROVE,0,LOW_RISK_ESTABLISHED_ACCOUNT,,,phase3-v1
tx_0006835,2026-03-18 21:17:03,0,0.0001,LOW,APPROVE,0,LOW_RISK_ESTABLISHED_ACCOUNT,,,phase3-v1
tx_0020275,2026-03-18 21:19:47,0,0.0001,LOW,APPROVE,0,LOW_RISK_ESTABLISHED_ACCOUNT,,,phase3-v1
tx_0012037,2026-03-18 21:20:48,0,0.0064,LOW,APPROVE,0,NEW_ACCOUNT,,,phase3-v1
tx_0010264,2026-03-18 21:20:52,0,0.0001,LOW,APPROVE,0,LOW_RISK_ESTABLISHED_ACCOUNT,,,phase3-v1
tx_0009719,2026-03-18 21:22:08,0,0.0001,LOW,APPROVE,0,LOW_RISK_ESTABLISHED_ACCOUNT,,,phase3-v1
tx_0018290,2026-03-18 21:31:52,0,0.0061,LOW,APPROVE,0,HIGH_24H_VELOCITY,NEW_ACCOUNT,,phase3-v1
tx_0016841,2026-03-18 21:33:14,0,0.0004,LOW,APPROVE,0,NEW_ACCOUNT,,,phase3-v1
tx_0000067,2026-03-18 21:33:27,0,0.0001,LOW,APPROVE,0,HIGH_AMOUNT_ANOMALY,,,phase3-v1
tx_0018369,2026-03-18 21:43:02,0,0.0001,LOW,APPROVE,0,LOW_RISK_ESTABLISHED_ACCOUNT,,,phase3-v1
tx_0022961,2026-03-18 21:44:47,0,0.0011,LOW,APPROVE,0,GRAPH_MULTI_ENTITY_OVERLAP,GRAPH_CONNECTED_USERS,GRAPH_SHARED_ADDRESS,phase3-v1
tx_0020782,2026-03-18 21:48:32,0,0.0001,LOW,APPROVE,0,LOW_RISK_ESTABLISHED_ACCOUNT,,,phase3-v1
tx_0003559,2026-03-18 21:49:36,0,0.0001,LOW,APPROVE,0,LOW_RISK_ESTABLISHED_ACCOUNT,,,phase3-v1
tx_0018201,2026-03-18 21:52:26,0,0.0001,LOW,APPROVE,0,LOW_RISK_ESTABLISHED_ACCOUNT,,,phase3-v1
tx_0001807,2026-03-18 22:03:06,0,0.0002,LOW,APPROVE,0,LOW_RISK_ESTABLISHED_ACCOUNT,,,phase3-v1
tx_0000963,2026-03-18 22:04:29,0,0.0001,LOW,APPROVE,0,LOW_RISK_ESTABLISHED_ACCOUNT,,,phase3-v1
tx_0004846,2026-03-18 22:04:41,0,0.0001,LOW,APPROVE,0,LOW_RISK_ESTABLISHED_ACCOUNT,,,phase3-v1
tx_0020154,2026-03-18 22:05:39,0,0.0001,LOW,APPROVE,0,LOW_RISK_ESTABLISHED_ACCOUNT,,,phase3-v1
tx_0004563,2026-03-18 22:08:48,0,0.0001,LOW,APPROVE,0,LOW_RISK_ESTABLISHED_ACCOUNT,,,phase3-v1
tx_0021979,2026-03-18 22:10:31,0,0.0001,LOW,APPROVE,0,LOW_RISK_ESTABLISHED_ACCOUNT,,,phase3-v1
tx_0023306,2026-03-18 22:12:14,0,0.0006,LOW,APPROVE,0,GRAPH_CONNECTED_USERS,,,phase3-v1
tx_0013451,2026-03-18 22:17:36,0,0.0009,LOW,APPROVE,0,NEW_ACCOUNT,,,phase3-v1
tx_0005733,2026-03-18 22:23:32,0,0.0022,LOW,APPROVE,0,NEW_ACCOUNT,,,phase3-v1
tx_0014869,2026-03-18 22:25:32,0,0.0001,LOW,APPROVE,0,LOW_RISK_ESTABLISHED_ACCOUNT,,,phase3-v1
tx_0002793,2026-03-18 22:25:39,0,0.0001,LOW,APPROVE,0,LOW_RISK_ESTABLISHED_ACCOUNT,,,phase3-v1
tx_0023911,2026-03-18 22:26:33,0,0.0005,LOW,APPROVE,0,GRAPH_CONNECTED_USERS,,,phase3-v1
tx_0013095,2026-03-18 22:29:08,0,0.0001,LOW,APPROVE,0,HIGH_AMOUNT_ANOMALY,,,phase3-v1
tx_0020096,2026-03-18 22:31:23,0,0.0001,LOW,APPROVE,0,LOW_RISK_ESTABLISHED_ACCOUNT,,,phase3-v1
tx_0017181,2026-03-18 22:37:08,0,0.0001,LOW,APPROVE,0,LOW_RISK_ESTABLISHED_ACCOUNT,,,phase3-v1
tx_0010866,2026-03-18 22:37:23,0,0.0001,LOW,APPROVE,0,LOW_RISK_ESTABLISHED_ACCOUNT,,,phase3-v1
tx_0012180,2026-03-18 22:41:47,0,0.0001,LOW,APPROVE,0,LOW_RISK_ESTABLISHED_ACCOUNT,,,phase3-v1
tx_0021719,2026-03-18 22:45:56,0,0.0001,LOW,APPROVE,0,HIGH_AMOUNT_ANOMALY,,,phase3-v1
tx_0020576,2026-03-18 22:50:08,0,0.0001,LOW,APPROVE,0,LOW_RISK_ESTABLISHED_ACCOUNT,,,phase3-v1
tx_0019144,2026-03-18 22:53:06,0,0.0001,LOW,APPROVE,0,LOW_RISK_ESTABLISHED_ACCOUNT,,,phase3-v1
tx_0010476,2026-03-18 22:57:25,0,0.0001,LOW,APPROVE,0,LOW_RISK_ESTABLISHED_ACCOUNT,,,phase3-v1
tx_0003379,2026-03-18 23:00:26,0,0.0001,LOW,APPROVE,0,LOW_RISK_ESTABLISHED_ACCOUNT,,,phase3-v1
tx_0010450,2026-03-18 23:01:16,0,0.0006,LOW,APPROVE,0,NEW_ACCOUNT,,,phase3-v1
tx_0000035,2026-03-18 23:01:39,0,0.0001,LOW,APPROVE,0,LOW_RISK_ESTABLISHED_ACCOUNT,,,phase3-v1
tx_0010433,2026-03-18 23:02:03,0,0.0001,LOW,APPROVE,0,LOW_RISK_ESTABLISHED_ACCOUNT,,,phase3-v1
tx_0012543,2026-03-18 23:06:48,0,0.0021,LOW,APPROVE,0,NEW_ACCOUNT,,,phase3-v1
tx_0004393,2026-03-18 23:17:54,0,0.0002,LOW,APPROVE,0,HIGH_AMOUNT_ANOMALY,,,phase3-v1
tx_0000947,2026-03-18 23:20:13,0,0.0001,LOW,APPROVE,0,LOW_RISK_ESTABLISHED_ACCOUNT,,,phase3-v1
tx_0008815,2026-03-18 23:30:31,0,0.0001,LOW,APPROVE,0,LOW_RISK_ESTABLISHED_ACCOUNT,,,phase3-v1
tx_0012254,2026-03-18 23:37:36,0,0.0001,LOW,APPROVE,0,LOW_RISK_ESTABLISHED_ACCOUNT,,,phase3-v1
tx_0021573,2026-03-18 23:42:24,0,0.0001,LOW,APPROVE,0,LOW_RISK_ESTABLISHED_ACCOUNT,,,phase3-v1
tx_0003033,2026-03-18 23:43:38,0,0.0001,LOW,APPROVE,0,LOW_RISK_ESTABLISHED_ACCOUNT,,,phase3-v1
tx_0007248,2026-03-18 23:46:18,0,0.0001,LOW,APPROVE,0,HIGH_AMOUNT_ANOMALY,,,phase3-v1
tx_0019773,2026-03-18 23:52:33,0,0.0001,LOW,APPROVE,0,LOW_RISK_ESTABLISHED_ACCOUNT,,,phase3-v1
tx_0013545,2026-03-18 23:55:29,0,0.0001,LOW,APPROVE,0,LOW_RISK_ESTABLISHED_ACCOUNT,,,phase3-v1
tx_0005532,2026-03-18 23:56:41,0,0.0003,LOW,APPROVE,0,LOW_RISK_ESTABLISHED_ACCOUNT,,,phase3-v1
tx_0001508,2026-03-19 00:18:22,0,0.2528,LOW,APPROVE,0,NEW_ACCOUNT,,,phase3-v1
tx_0011235,2026-03-19 00:23:06,0,0.0001,LOW,APPROVE,0,LOW_RISK_ESTABLISHED_ACCOUNT,,,phase3-v1
tx_0015324,2026-03-19 00:29:28,0,0.0001,LOW,APPROVE,0,LOW_RISK_ESTABLISHED_ACCOUNT,,,phase3-v1
tx_0000374,2026-03-19 00:49:26,0,0.0001,LOW,APPROVE,0,LOW_RISK_ESTABLISHED_ACCOUNT,,,phase3-v1
tx_0025715,2026-03-19 01:17:12,0,0.0008,LOW,APPROVE,0,GRAPH_CONNECTED_USERS,OFF_HOURS_ACTIVITY,,phase3-v1
tx_0001639,2026-03-19 01:34:49,0,0.0001,LOW,APPROVE,0,OFF_HOURS_ACTIVITY,,,phase3-v1
tx_0014867,2026-03-19 01:47:25,0,0.0001,LOW,APPROVE,0,OFF_HOURS_ACTIVITY,,,phase3-v1
tx_0008218,2026-03-19 02:55:35,0,0.0001,LOW,APPROVE,0,OFF_HOURS_ACTIVITY,,,phase3-v1
tx_0012160,2026-03-19 04:40:05,0,0.0001,LOW,APPROVE,0,OFF_HOURS_ACTIVITY,,,phase3-v1
tx_0005250,2026-03-19 05:49:00,0,0.0008,LOW,APPROVE,0,NEW_ACCOUNT,OFF_HOURS_ACTIVITY,,phase3-v1
tx_0010907,2026-03-19 05:53:29,0,0.0001,LOW,APPROVE,0,OFF_HOURS_ACTIVITY,,,phase3-v1
tx_0002729,2026-03-19 06:05:22,0,0.0001,LOW,APPROVE,0,LOW_RISK_ESTABLISHED_ACCOUNT,,,phase3-v1
tx_0006923,2026-03-19 06:27:26,0,0.0002,LOW,APPROVE,0,LOW_RISK_ESTABLISHED_ACCOUNT,,,phase3-v1
tx_0015605,2026-03-19 06:35:04,0,0.0,LOW,APPROVE,0,LOW_RISK_ESTABLISHED_ACCOUNT,,,phase3-v1
tx_0018319,2026-03-19 06:46:47,0,0.0,LOW,APPROVE,0,LOW_RISK_ESTABLISHED_ACCOUNT,,,phase3-v1
tx_0014909,2026-03-19 07:01:28,0,0.0,LOW,APPROVE,0,LOW_RISK_ESTABLISHED_ACCOUNT,,,phase3-v1
tx_0012983,2026-03-19 07:02:27,0,0.0,LOW,APPROVE,0,LOW_RISK_ESTABLISHED_ACCOUNT,,,phase3-v1
tx_0025235,2026-03-19 07:06:58,0,0.0001,LOW,APPROVE,0,GRAPH_SHARED_PAYMENT,GRAPH_MULTI_ENTITY_OVERLAP,GRAPH_SHARED_ADDRESS,phase3-v1
tx_0012442,2026-03-19 07:27:48,0,0.0001,LOW,APPROVE,0,LOW_RISK_ESTABLISHED_ACCOUNT,,,phase3-v1
tx_0012649,2026-03-19 07:32:09,0,0.0001,LOW,APPROVE,0,LOW_RISK_ESTABLISHED_ACCOUNT,,,phase3-v1
tx_0019616,2026-03-19 07:32:20,0,0.0002,LOW,APPROVE,0,PROMO_ACTIVITY,NEW_ACCOUNT,,phase3-v1
tx_0009684,2026-03-19 07:37:45,0,0.0001,LOW,APPROVE,0,LOW_RISK_ESTABLISHED_ACCOUNT,,,phase3-v1
tx_0016541,2026-03-19 07:40:56,0,0.0,LOW,APPROVE,0,LOW_RISK_ESTABLISHED_ACCOUNT,,,phase3-v1
tx_0021082,2026-03-19 07:41:51,0,0.0001,LOW,APPROVE,0,NEW_ACCOUNT,,,phase3-v1
tx_0004841,2026-03-19 07:44:12,0,0.0,LOW,APPROVE,0,LOW_RISK_ESTABLISHED_ACCOUNT,,,phase3-v1
tx_0000493,2026-03-19 07:57:45,0,0.0,LOW,APPROVE,0,LOW_RISK_ESTABLISHED_ACCOUNT,,,phase3-v1
tx_0018266,2026-03-19 08:01:01,0,0.0,LOW,APPROVE,0,LOW_RISK_ESTABLISHED_ACCOUNT,,,phase3-v1
tx_0021320,2026-03-19 08:10:50,0,0.0,LOW,APPROVE,0,LOW_RISK_ESTABLISHED_ACCOUNT,,,phase3-v1
tx_0010611,2026-03-19 08:11:37,0,0.0,LOW,APPROVE,0,LOW_RISK_ESTABLISHED_ACCOUNT,,,phase3-v1
tx_0022116,2026-03-19 08:12:46,0,0.0,LOW,APPROVE,0,LOW_RISK_ESTABLISHED_ACCOUNT,,,phase3-v1
tx_0002466,2026-03-19 08:14:16,0,0.0,LOW,APPROVE,0,LOW_RISK_ESTABLISHED_ACCOUNT,,,phase3-v1
tx_0014172,2026-03-19 08:22:22,0,0.0,LOW,APPROVE,0,LOW_RISK_ESTABLISHED_ACCOUNT,,,phase3-v1
tx_0012541,2026-03-19 08:23:51,0,0.0042,LOW,APPROVE,0,HIGH_AMOUNT_ANOMALY,HIGH_24H_VELOCITY,NEW_ACCOUNT,phase3-v1
tx_0009332,2026-03-19 08:30:12,0,0.0,LOW,APPROVE,0,LOW_RISK_ESTABLISHED_ACCOUNT,,,phase3-v1
tx_0019617,2026-03-19 08:34:27,0,0.0001,LOW,APPROVE,0,HIGH_24H_VELOCITY,NEW_ACCOUNT,,phase3-v1
tx_0020547,2026-03-19 08:40:00,0,0.0,LOW,APPROVE,0,LOW_RISK_ESTABLISHED_ACCOUNT,,,phase3-v1
tx_0004235,2026-03-19 08:48:26,0,0.0,LOW,APPROVE,0,LOW_RISK_ESTABLISHED_ACCOUNT,,,phase3-v1
tx_0024796,2026-03-19 08:49:10,0,0.0004,LOW,APPROVE,0,GRAPH_CONNECTED_USERS,,,phase3-v1
tx_0011447,2026-03-19 08:52:41,0,0.0001,LOW,APPROVE,0,LOW_RISK_ESTABLISHED_ACCOUNT,,,phase3-v1
tx_0009486,2026-03-19 08:54:37,0,0.0,LOW,APPROVE,0,LOW_RISK_ESTABLISHED_ACCOUNT,,,phase3-v1
tx_0020074,2026-03-19 08:56:12,0,0.0,LOW,APPROVE,0,LOW_RISK_ESTABLISHED_ACCOUNT,,,phase3-v1
tx_0003864,2026-03-19 08:57:28,0,0.0001,LOW,APPROVE,0,LOW_RISK_ESTABLISHED_ACCOUNT,,,phase3-v1
tx_0012454,2026-03-19 08:59:44,0,0.0,LOW,APPROVE,0,LOW_RISK_ESTABLISHED_ACCOUNT,,,phase3-v1
tx_0009450,2026-03-19 09:02:06,0,0.0,LOW,APPROVE,0,LOW_RISK_ESTABLISHED_ACCOUNT,,,phase3-v1
tx_0019398,2026-03-19 09:06:33,0,0.0001,LOW,APPROVE,0,LOW_RISK_ESTABLISHED_ACCOUNT,,,phase3-v1
tx_0022139,2026-03-19 09:11:51,0,0.0001,LOW,APPROVE,0,LOW_RISK_ESTABLISHED_ACCOUNT,,,phase3-v1
tx_0000733,2026-03-19 09:16:58,0,0.0,LOW,APPROVE,0,LOW_RISK_ESTABLISHED_ACCOUNT,,,phase3-v1
tx_0022864,2026-03-19 09:17:46,0,0.0001,LOW,APPROVE,0,GRAPH_SHARED_ADDRESS,GRAPH_MULTI_ENTITY_OVERLAP,GRAPH_CONNECTED_USERS,phase3-v1
tx_0020286,2026-03-19 09:25:17,0,0.0081,LOW,APPROVE,0,NEW_ACCOUNT,,,phase3-v1
tx_0004324,2026-03-19 09:26:56,0,0.0001,LOW,APPROVE,0,LOW_RISK_ESTABLISHED_ACCOUNT,,,phase3-v1
tx_0021372,2026-03-19 09:30:47,0,0.0,LOW,APPROVE,0,HIGH_AMOUNT_ANOMALY,,,phase3-v1
tx_0002777,2026-03-19 09:34:01,0,0.0001,LOW,APPROVE,0,LOW_RISK_ESTABLISHED_ACCOUNT,,,phase3-v1
tx_0007737,2026-03-19 09:38:09,0,0.0,LOW,APPROVE,0,LOW_RISK_ESTABLISHED_ACCOUNT,,,phase3-v1
tx_0006343,2026-03-19 09:38:51,0,0.0001,LOW,APPROVE,0,LOW_RISK_ESTABLISHED_ACCOUNT,,,phase3-v1
tx_0002519,2026-03-19 09:39:02,0,0.0001,LOW,APPROVE,0,LOW_RISK_ESTABLISHED_ACCOUNT,,,phase3-v1
tx_0004668,2026-03-19 09:39:24,0,0.0,LOW,APPROVE,0,LOW_RISK_ESTABLISHED_ACCOUNT,,,phase3-v1
tx_0006035,2026-03-19 09:39:41,0,0.0,LOW,APPROVE,0,LOW_RISK_ESTABLISHED_ACCOUNT,,,phase3-v1
tx_0016316,2026-03-19 09:40:25,0,0.0001,LOW,APPROVE,0,LOW_RISK_ESTABLISHED_ACCOUNT,,,phase3-v1
tx_0019017,2026-03-19 09:40:50,0,0.0,LOW,APPROVE,0,LOW_RISK_ESTABLISHED_ACCOUNT,,,phase3-v1
tx_0022461,2026-03-19 09:40:50,0,0.0001,LOW,APPROVE,0,LOW_RISK_ESTABLISHED_ACCOUNT,,,phase3-v1
tx_0022773,2026-03-19 09:46:05,0,0.0004,LOW,APPROVE,0,GRAPH_CONNECTED_USERS,,,phase3-v1
tx_0018840,2026-03-19 09:53:23,0,0.0001,LOW,APPROVE,0,LOW_RISK_ESTABLISHED_ACCOUNT,,,phase3-v1
tx_0007168,2026-03-19 09:55:21,0,0.0001,LOW,APPROVE,0,LOW_RISK_ESTABLISHED_ACCOUNT,,,phase3-v1
tx_0020736,2026-03-19 09:57:11,0,0.0001,LOW,APPROVE,0,LOW_RISK_ESTABLISHED_ACCOUNT,,,phase3-v1
tx_0020731,2026-03-19 09:58:37,0,0.0002,LOW,APPROVE,0,HIGH_24H_VELOCITY,HIGH_1H_VELOCITY,,phase3-v1
tx_0021708,2026-03-19 09:59:35,0,0.0,LOW,APPROVE,0,LOW_RISK_ESTABLISHED_ACCOUNT,,,phase3-v1
tx_0003680,2026-03-19 10:05:44,0,0.0001,LOW,APPROVE,0,LOW_RISK_ESTABLISHED_ACCOUNT,,,phase3-v1
tx_0001461,2026-03-19 10:08:10,0,0.0001,LOW,APPROVE,0,HIGH_AMOUNT_ANOMALY,,,phase3-v1
tx_0023760,2026-03-19 10:08:12,0,0.0001,LOW,APPROVE,0,GRAPH_SHARED_ADDRESS,GRAPH_MULTI_ENTITY_OVERLAP,GRAPH_CONNECTED_USERS,phase3-v1
tx_0024179,2026-03-19 10:10:13,0,0.0001,LOW,APPROVE,0,GRAPH_CONNECTED_USERS,,,phase3-v1
tx_0009314,2026-03-19 10:14:35,0,0.0001,LOW,APPROVE,0,LOW_RISK_ESTABLISHED_ACCOUNT,,,phase3-v1
tx_0017527,2026-03-19 10:15:31,0,0.0001,LOW,APPROVE,0,LOW_RISK_ESTABLISHED_ACCOUNT,,,phase3-v1
tx_0014483,2026-03-19 10:16:27,0,0.0001,LOW,APPROVE,0,LOW_RISK_ESTABLISHED_ACCOUNT,,,phase3-v1
tx_0000878,2026-03-19 10:19:05,0,0.0001,LOW,APPROVE,0,LOW_RISK_ESTABLISHED_ACCOUNT,,,phase3-v1
tx_0008338,2026-03-19 10:20:26,0,0.0001,LOW,APPROVE,0,LOW_RISK_ESTABLISHED_ACCOUNT,,,phase3-v1
tx_0019430,2026-03-19 10:20:58,0,0.0001,LOW,APPROVE,0,NEW_ACCOUNT,,,phase3-v1
tx_0004862,2026-03-19 10:22:49,0,0.0001,LOW,APPROVE,0,LOW_RISK_ESTABLISHED_ACCOUNT,,,phase3-v1
tx_0004264,2026-03-19 10:23:30,0,0.0,LOW,APPROVE,0,LOW_RISK_ESTABLISHED_ACCOUNT,,,phase3-v1
tx_0023388,2026-03-19 10:29:22,0,0.0001,LOW,APPROVE,0,HIGH_AMOUNT_ANOMALY,GRAPH_CONNECTED_USERS,,phase3-v1
tx_0009903,2026-03-19 10:33:58,0,0.0001,LOW,APPROVE,0,LOW_RISK_ESTABLISHED_ACCOUNT,,,phase3-v1
tx_0024879,2026-03-19 10:35:16,0,0.0001,LOW,APPROVE,0,GRAPH_CONNECTED_USERS,,,phase3-v1
tx_0004523,2026-03-19 10:40:04,0,0.0,LOW,APPROVE,0,LOW_RISK_ESTABLISHED_ACCOUNT,,,phase3-v1
tx_0008050,2026-03-19 10:43:44,0,0.0,LOW,APPROVE,0,LOW_RISK_ESTABLISHED_ACCOUNT,,,phase3-v1
tx_0014130,2026-03-19 10:48:23,0,0.0,LOW,APPROVE,0,LOW_RISK_ESTABLISHED_ACCOUNT,,,phase3-v1
tx_0012292,2026-03-19 10:51:14,0,0.0001,LOW,APPROVE,0,LOW_RISK_ESTABLISHED_ACCOUNT,,,phase3-v1
tx_0025354,2026-03-19 10:51:57,0,0.0001,LOW,APPROVE,0,GRAPH_CONNECTED_USERS,,,phase3-v1
tx_0022173,2026-03-19 10:53:39,0,0.0,LOW,APPROVE,0,LOW_RISK_ESTABLISHED_ACCOUNT,,,phase3-v1
tx_0003795,2026-03-19 10:55:07,0,0.0,LOW,APPROVE,0,LOW_RISK_ESTABLISHED_ACCOUNT,,,phase3-v1
tx_0011105,2026-03-19 11:00:07,0,0.0,LOW,APPROVE,0,LOW_RISK_ESTABLISHED_ACCOUNT,,,phase3-v1
tx_0001471,2026-03-19 11:01:30,0,0.0001,LOW,APPROVE,0,LOW_RISK_ESTABLISHED_ACCOUNT,,,phase3-v1
tx_0011539,2026-03-19 11:03:14,0,0.0001,LOW,APPROVE,0,LOW_RISK_ESTABLISHED_ACCOUNT,,,phase3-v1
tx_0010381,2026-03-19 11:03:36,0,0.0,LOW,APPROVE,0,LOW_RISK_ESTABLISHED_ACCOUNT,,,phase3-v1
tx_0018118,2026-03-19 11:05:59,0,0.0,LOW,APPROVE,0,LOW_RISK_ESTABLISHED_ACCOUNT,,,phase3-v1
tx_0003853,2026-03-19 11:12:04,0,0.0,LOW,APPROVE,0,LOW_RISK_ESTABLISHED_ACCOUNT,,,phase3-v1
tx_0011899,2026-03-19 11:12:10,0,0.0,LOW,APPROVE,0,LOW_RISK_ESTABLISHED_ACCOUNT,,,phase3-v1
tx_0005974,2026-03-19 11:12:31,0,0.0,LOW,APPROVE,0,LOW_RISK_ESTABLISHED_ACCOUNT,,,phase3-v1
tx_0025402,2026-03-19 11:19:50,0,0.0001,LOW,APPROVE,0,GRAPH_SHARED_ADDRESS,GRAPH_MULTI_ENTITY_OVERLAP,GRAPH_CONNECTED_USERS,phase3-v1
tx_0006472,2026-03-19 11:20:36,0,0.0001,LOW,APPROVE,0,LOW_RISK_ESTABLISHED_ACCOUNT,,,phase3-v1
tx_0002404,2026-03-19 11:25:21,0,0.0001,LOW,APPROVE,0,LOW_RISK_ESTABLISHED_ACCOUNT,,,phase3-v1
tx_0001345,2026-03-19 11:25:51,0,0.0001,LOW,APPROVE,0,LOW_RISK_ESTABLISHED_ACCOUNT,,,phase3-v1
tx_0023605,2026-03-19 11:28:27,0,0.0001,LOW,APPROVE,0,GRAPH_MULTI_ENTITY_OVERLAP,GRAPH_SHARED_PAYMENT,GRAPH_SHARED_ADDRESS,phase3-v1
tx_0004466,2026-03-19 11:29:20,0,0.0,LOW,APPROVE,0,LOW_RISK_ESTABLISHED_ACCOUNT,,,phase3-v1
tx_0003596,2026-03-19 11:31:18,0,0.0,LOW,APPROVE,0,LOW_RISK_ESTABLISHED_ACCOUNT,,,phase3-v1
tx_0002231,2026-03-19 11:40:20,0,0.0001,LOW,APPROVE,0,LOW_RISK_ESTABLISHED_ACCOUNT,,,phase3-v1
tx_0012630,2026-03-19 11:44:21,0,0.0,LOW,APPROVE,0,LOW_RISK_ESTABLISHED_ACCOUNT,,,phase3-v1
tx_0005718,2026-03-19 11:47:19,0,0.0,LOW,APPROVE,0,LOW_RISK_ESTABLISHED_ACCOUNT,,,phase3-v1
tx_0012313,2026-03-19 11:50:40,0,0.0002,LOW,APPROVE,0,NEW_ACCOUNT,,,phase3-v1
tx_0005106,2026-03-19 11:55:26,0,0.0,LOW,APPROVE,0,LOW_RISK_ESTABLISHED_ACCOUNT,,,phase3-v1
tx_0017414,2026-03-19 11:55:59,0,0.0,LOW,APPROVE,0,LOW_RISK_ESTABLISHED_ACCOUNT,,,phase3-v1
tx_0000950,2026-03-19 11:59:23,0,0.0001,LOW,APPROVE,0,HIGH_AMOUNT_ANOMALY,,,phase3-v1
tx_0008120,2026-03-19 11:59:39,0,0.0,LOW,APPROVE,0,LOW_RISK_ESTABLISHED_ACCOUNT,,,phase3-v1
tx_0017199,2026-03-19 12:00:38,0,0.0,LOW,APPROVE,0,LOW_RISK_ESTABLISHED_ACCOUNT,,,phase3-v1
tx_0016770,2026-03-19 12:01:41,0,0.0,LOW,APPROVE,0,LOW_RISK_ESTABLISHED_ACCOUNT,,,phase3-v1
tx_0003104,2026-03-19 12:02:37,0,0.0,LOW,APPROVE,0,LOW_RISK_ESTABLISHED_ACCOUNT,,,phase3-v1
tx_0021887,2026-03-19 12:04:13,0,0.0001,LOW,APPROVE,0,LOW_RISK_ESTABLISHED_ACCOUNT,,,phase3-v1
tx_0016390,2026-03-19 12:04:27,0,0.0,LOW,APPROVE,0,LOW_RISK_ESTABLISHED_ACCOUNT,,,phase3-v1
tx_0014590,2026-03-19 12:07:55,0,0.0001,LOW,APPROVE,0,LOW_RISK_ESTABLISHED_ACCOUNT,,,phase3-v1
tx_0025707,2026-03-19 12:08:57,0,0.0004,LOW,APPROVE,0,GRAPH_CONNECTED_USERS,,,phase3-v1
tx_0007023,2026-03-19 12:09:41,0,0.0,LOW,APPROVE,0,LOW_RISK_ESTABLISHED_ACCOUNT,,,phase3-v1
tx_0002998,2026-03-19 12:09:42,0,0.0,LOW,APPROVE,0,LOW_RISK_ESTABLISHED_ACCOUNT,,,phase3-v1
tx_0021052,2026-03-19 12:14:28,0,0.0,LOW,APPROVE,0,LOW_RISK_ESTABLISHED_ACCOUNT,,,phase3-v1
tx_0007726,2026-03-19 12:15:29,0,0.0,LOW,APPROVE,0,LOW_RISK_ESTABLISHED_ACCOUNT,,,phase3-v1
tx_0015595,2026-03-19 12:15:53,0,0.0001,LOW,APPROVE,0,LOW_RISK_ESTABLISHED_ACCOUNT,,,phase3-v1
tx_0008403,2026-03-19 12:16:47,0,0.0,LOW,APPROVE,0,LOW_RISK_ESTABLISHED_ACCOUNT,,,phase3-v1
tx_0003952,2026-03-19 12:17:11,0,0.0,LOW,APPROVE,0,LOW_RISK_ESTABLISHED_ACCOUNT,,,phase3-v1
tx_0002232,2026-03-19 12:18:59,0,0.0001,LOW,APPROVE,0,HIGH_1H_VELOCITY,,,phase3-v1
tx_0022893,2026-03-19 12:20:38,0,0.0004,LOW,APPROVE,0,GRAPH_CONNECTED_USERS,,,phase3-v1
tx_0000410,2026-03-19 12:24:24,0,0.0001,LOW,APPROVE,0,HIGH_AMOUNT_ANOMALY,,,phase3-v1
tx_0011730,2026-03-19 12:25:00,0,0.0,LOW,APPROVE,0,HIGH_AMOUNT_ANOMALY,,,phase3-v1
tx_0003038,2026-03-19 12:30:06,0,0.0,LOW,APPROVE,0,LOW_RISK_ESTABLISHED_ACCOUNT,,,phase3-v1
tx_0023895,2026-03-19 12:30:47,0,0.0004,LOW,APPROVE,0,GRAPH_CONNECTED_USERS,,,phase3-v1
tx_0005563,2026-03-19 12:33:04,0,0.0001,LOW,APPROVE,0,LOW_RISK_ESTABLISHED_ACCOUNT,,,phase3-v1
tx_0012189,2026-03-19 12:33:16,0,0.0,LOW,APPROVE,0,PROMO_ACTIVITY,,,phase3-v1
tx_0010754,2026-03-19 12:37:33,0,0.0,LOW,APPROVE,0,LOW_RISK_ESTABLISHED_ACCOUNT,,,phase3-v1
tx_0016494,2026-03-19 12:41:47,0,0.0,LOW,APPROVE,0,LOW_RISK_ESTABLISHED_ACCOUNT,,,phase3-v1
tx_0018685,2026-03-19 12:42:55,0,0.0,LOW,APPROVE,0,LOW_RISK_ESTABLISHED_ACCOUNT,,,phase3-v1
tx_0024072,2026-03-19 12:43:39,0,0.0015,LOW,APPROVE,0,GRAPH_SHARED_ADDRESS,GRAPH_MULTI_ENTITY_OVERLAP,GRAPH_CONNECTED_USERS,phase3-v1
tx_0007909,2026-03-19 12:49:20,0,0.0001,LOW,APPROVE,0,LOW_RISK_ESTABLISHED_ACCOUNT,,,phase3-v1
tx_0013096,2026-03-19 12:50:19,0,0.0,LOW,APPROVE,0,LOW_RISK_ESTABLISHED_ACCOUNT,,,phase3-v1
tx_0001721,2026-03-19 12:58:10,0,0.0,LOW,APPROVE,0,LOW_RISK_ESTABLISHED_ACCOUNT,,,phase3-v1
tx_0017138,2026-03-19 13:06:10,0,0.0001,LOW,APPROVE,0,LOW_RISK_ESTABLISHED_ACCOUNT,,,phase3-v1
tx_0009255,2026-03-19 13:08:42,0,0.0,LOW,APPROVE,0,LOW_RISK_ESTABLISHED_ACCOUNT,,,phase3-v1
tx_0013432,2026-03-19 13:10:26,0,0.0,LOW,APPROVE,0,LOW_RISK_ESTABLISHED_ACCOUNT,,,phase3-v1
tx_0015135,2026-03-19 13:11:10,0,0.0,LOW,APPROVE,0,LOW_RISK_ESTABLISHED_ACCOUNT,,,phase3-v1
tx_0007443,2026-03-19 13:12:40,0,0.0001,LOW,APPROVE,0,LOW_RISK_ESTABLISHED_ACCOUNT,,,phase3-v1
tx_0005218,2026-03-19 13:13:26,0,0.0001,LOW,APPROVE,0,LOW_RISK_ESTABLISHED_ACCOUNT,,,phase3-v1
tx_0025130,2026-03-19 13:13:48,0,0.0001,LOW,APPROVE,0,GRAPH_MULTI_ENTITY_OVERLAP,GRAPH_SHARED_ADDRESS,GRAPH_CONNECTED_USERS,phase3-v1
tx_0023180,2026-03-19 13:17:16,0,0.0001,LOW,APPROVE,0,GRAPH_SHARED_ADDRESS,GRAPH_MULTI_ENTITY_OVERLAP,GRAPH_CONNECTED_USERS,phase3-v1
tx_0012912,2026-03-19 13:23:20,0,0.0,LOW,APPROVE,0,LOW_RISK_ESTABLISHED_ACCOUNT,,,phase3-v1
tx_0004585,2026-03-19 13:25:14,0,0.0001,LOW,APPROVE,0,LOW_RISK_ESTABLISHED_ACCOUNT,,,phase3-v1
tx_0001559,2026-03-19 13:25:53,0,0.0,LOW,APPROVE,0,LOW_RISK_ESTABLISHED_ACCOUNT,,,phase3-v1
tx_0021685,2026-03-19 13:30:21,0,0.0,LOW,APPROVE,0,LOW_RISK_ESTABLISHED_ACCOUNT,,,phase3-v1
tx_0015629,2026-03-19 13:31:43,0,0.0,LOW,APPROVE,0,LOW_RISK_ESTABLISHED_ACCOUNT,,,phase3-v1
tx_0000483,2026-03-19 13:35:19,0,0.0,LOW,APPROVE,0,LOW_RISK_ESTABLISHED_ACCOUNT,,,phase3-v1
tx_0001513,2026-03-19 13:36:46,0,0.0185,LOW,APPROVE,0,HIGH_24H_VELOCITY,HIGH_AMOUNT_ANOMALY,NEW_ACCOUNT,phase3-v1
tx_0006284,2026-03-19 13:41:35,0,0.0,LOW,APPROVE,0,LOW_RISK_ESTABLISHED_ACCOUNT,,,phase3-v1
tx_0022205,2026-03-19 13:44:40,0,0.0,LOW,APPROVE,0,LOW_RISK_ESTABLISHED_ACCOUNT,,,phase3-v1
tx_0013089,2026-03-19 13:52:32,0,0.0,LOW,APPROVE,0,HIGH_24H_VELOCITY,,,phase3-v1
tx_0007965,2026-03-19 13:53:17,0,0.0,LOW,APPROVE,0,HIGH_AMOUNT_ANOMALY,,,phase3-v1
tx_0013925,2026-03-19 13:57:14,0,0.0,LOW,APPROVE,0,LOW_RISK_ESTABLISHED_ACCOUNT,,,phase3-v1
tx_0025457,2026-03-19 13:57:41,0,0.0007,LOW,APPROVE,0,GRAPH_CONNECTED_USERS,PROMO_ACTIVITY,,phase3-v1
tx_0003451,2026-03-19 14:04:04,0,0.0001,LOW,APPROVE,0,LOW_RISK_ESTABLISHED_ACCOUNT,,,phase3-v1
tx_0009930,2026-03-19 14:06:57,0,0.0,LOW,APPROVE,0,LOW_RISK_ESTABLISHED_ACCOUNT,,,phase3-v1
tx_0019880,2026-03-19 14:08:15,0,0.0,LOW,APPROVE,0,LOW_RISK_ESTABLISHED_ACCOUNT,,,phase3-v1
tx_0010258,2026-03-19 14:13:27,0,0.0001,LOW,APPROVE,0,LOW_RISK_ESTABLISHED_ACCOUNT,,,phase3-v1
tx_0012453,2026-03-19 14:15:41,0,0.0,LOW,APPROVE,0,LOW_RISK_ESTABLISHED_ACCOUNT,,,phase3-v1
tx_0019555,2026-03-19 14:26:20,0,0.0001,LOW,APPROVE,0,LOW_RISK_ESTABLISHED_ACCOUNT,,,phase3-v1
tx_0011907,2026-03-19 14:29:07,0,0.0,LOW,APPROVE,0,LOW_RISK_ESTABLISHED_ACCOUNT,,,phase3-v1
tx_0007065,2026-03-19 14:30:32,0,0.0001,LOW,APPROVE,0,LOW_RISK_ESTABLISHED_ACCOUNT,,,phase3-v1
tx_0009223,2026-03-19 14:30:48,0,0.0,LOW,APPROVE,0,HIGH_AMOUNT_ANOMALY,,,phase3-v1
tx_0018963,2026-03-19 14:35:58,0,0.0,LOW,APPROVE,0,LOW_RISK_ESTABLISHED_ACCOUNT,,,phase3-v1
tx_0024046,2026-03-19 14:42:05,0,0.0001,LOW,APPROVE,0,GRAPH_SHARED_ADDRESS,GRAPH_MULTI_ENTITY_OVERLAP,GRAPH_CONNECTED_USERS,phase3-v1
tx_0013254,2026-03-19 14:47:14,0,0.0,LOW,APPROVE,0,LOW_RISK_ESTABLISHED_ACCOUNT,,,phase3-v1
tx_0002537,2026-03-19 14:49:09,0,0.0001,LOW,APPROVE,0,LOW_RISK_ESTABLISHED_ACCOUNT,,,phase3-v1
tx_0024459,2026-03-19 14:49:20,0,0.0002,LOW,APPROVE,0,GRAPH_SHARED_PAYMENT,GRAPH_SHARED_ADDRESS,GRAPH_MULTI_ENTITY_OVERLAP,phase3-v1
tx_0004745,2026-03-19 14:49:51,0,0.0,LOW,APPROVE,0,LOW_RISK_ESTABLISHED_ACCOUNT,,,phase3-v1
tx_0014510,2026-03-19 14:49:51,0,0.0001,LOW,APPROVE,0,LOW_RISK_ESTABLISHED_ACCOUNT,,,phase3-v1
tx_0003490,2026-03-19 14:53:08,0,0.0,LOW,APPROVE,0,LOW_RISK_ESTABLISHED_ACCOUNT,,,phase3-v1
tx_0017603,2026-03-19 14:53:10,0,0.0,LOW,APPROVE,0,LOW_RISK_ESTABLISHED_ACCOUNT,,,phase3-v1
tx_0021922,2026-03-19 14:56:56,0,0.0,LOW,APPROVE,0,PROMO_ACTIVITY,,,phase3-v1
tx_0022567,2026-03-19 15:00:47,0,0.0,LOW,APPROVE,0,LOW_RISK_ESTABLISHED_ACCOUNT,,,phase3-v1
tx_0020442,2026-03-19 15:05:14,0,0.0001,LOW,APPROVE,0,LOW_RISK_ESTABLISHED_ACCOUNT,,,phase3-v1
tx_0002866,2026-03-19 15:07:33,0,0.0,LOW,APPROVE,0,LOW_RISK_ESTABLISHED_ACCOUNT,,,phase3-v1
tx_0013225,2026-03-19 15:09:09,0,0.0,LOW,APPROVE,0,LOW_RISK_ESTABLISHED_ACCOUNT,,,phase3-v1
tx_0009258,2026-03-19 15:09:44,0,0.0,LOW,APPROVE,0,LOW_RISK_ESTABLISHED_ACCOUNT,,,phase3-v1
tx_0011212,2026-03-19 15:17:41,0,0.0,LOW,APPROVE,0,LOW_RISK_ESTABLISHED_ACCOUNT,,,phase3-v1
tx_0010747,2026-03-19 15:20:13,0,0.0,LOW,APPROVE,0,LOW_RISK_ESTABLISHED_ACCOUNT,,,phase3-v1
tx_0013664,2026-03-19 15:23:48,0,0.0,LOW,APPROVE,0,LOW_RISK_ESTABLISHED_ACCOUNT,,,phase3-v1
tx_0013872,2026-03-19 15:24:20,0,0.0,LOW,APPROVE,0,LOW_RISK_ESTABLISHED_ACCOUNT,,,phase3-v1
tx_0019132,2026-03-19 15:24:45,0,0.0,LOW,APPROVE,0,LOW_RISK_ESTABLISHED_ACCOUNT,,,phase3-v1
tx_0008792,2026-03-19 15:25:59,0,0.0001,LOW,APPROVE,0,LOW_RISK_ESTABLISHED_ACCOUNT,,,phase3-v1
tx_0016159,2026-03-19 15:26:15,0,0.0,LOW,APPROVE,0,LOW_RISK_ESTABLISHED_ACCOUNT,,,phase3-v1
tx_0000394,2026-03-19 15:28:06,0,0.0001,LOW,APPROVE,0,LOW_RISK_ESTABLISHED_ACCOUNT,,,phase3-v1
tx_0019212,2026-03-19 15:30:11,0,0.0,LOW,APPROVE,0,LOW_RISK_ESTABLISHED_ACCOUNT,,,phase3-v1
tx_0002205,2026-03-19 15:32:31,0,0.0,LOW,APPROVE,0,LOW_RISK_ESTABLISHED_ACCOUNT,,,phase3-v1
tx_0022224,2026-03-19 15:40:41,0,0.0,LOW,APPROVE,0,PROMO_ACTIVITY,,,phase3-v1
tx_0003757,2026-03-19 15:44:31,0,0.0,LOW,APPROVE,0,LOW_RISK_ESTABLISHED_ACCOUNT,,,phase3-v1
tx_0024352,2026-03-19 15:45:18,0,0.0001,LOW,APPROVE,0,GRAPH_MULTI_ENTITY_OVERLAP,GRAPH_SHARED_ADDRESS,,phase3-v1
tx_0004276,2026-03-19 15:45:21,0,0.0,LOW,APPROVE,0,LOW_RISK_ESTABLISHED_ACCOUNT,,,phase3-v1
tx_0021923,2026-03-19 15:46:36,0,0.0,LOW,APPROVE,0,HIGH_1H_VELOCITY,,,phase3-v1
tx_0004079,2026-03-19 15:46:49,0,0.0001,LOW,APPROVE,0,LOW_RISK_ESTABLISHED_ACCOUNT,,,phase3-v1
tx_0009115,2026-03-19 15:48:26,0,0.0001,LOW,APPROVE,0,LOW_RISK_ESTABLISHED_ACCOUNT,,,phase3-v1
tx_0010121,2026-03-19 15:50:23,0,0.0,LOW,APPROVE,0,HIGH_AMOUNT_ANOMALY,,,phase3-v1
tx_0009421,2026-03-19 15:53:28,0,0.0001,LOW,APPROVE,0,PROMO_ACTIVITY,,,phase3-v1
tx_0022919,2026-03-19 15:56:11,0,0.0001,LOW,APPROVE,0,GRAPH_SHARED_ADDRESS,GRAPH_MULTI_ENTITY_OVERLAP,GRAPH_CONNECTED_USERS,phase3-v1
tx_0019322,2026-03-19 15:59:07,0,0.0,LOW,APPROVE,0,LOW_RISK_ESTABLISHED_ACCOUNT,,,phase3-v1
tx_0008641,2026-03-19 16:00:22,0,0.0,LOW,APPROVE,0,LOW_RISK_ESTABLISHED_ACCOUNT,,,phase3-v1
tx_0010917,2026-03-19 16:01:31,0,0.0,LOW,APPROVE,0,LOW_RISK_ESTABLISHED_ACCOUNT,,,phase3-v1
tx_0020023,2026-03-19 16:04:46,0,0.0,LOW,APPROVE,0,LOW_RISK_ESTABLISHED_ACCOUNT,,,phase3-v1
tx_0009263,2026-03-19 16:11:53,0,0.0,LOW,APPROVE,0,LOW_RISK_ESTABLISHED_ACCOUNT,,,phase3-v1
tx_0018401,2026-03-19 16:13:44,0,0.0,LOW,APPROVE,0,LOW_RISK_ESTABLISHED_ACCOUNT,,,phase3-v1
tx_0020596,2026-03-19 16:17:57,0,0.0,LOW,APPROVE,0,LOW_RISK_ESTABLISHED_ACCOUNT,,,phase3-v1
tx_0014434,2026-03-19 16:19:12,0,0.0,LOW,APPROVE,0,LOW_RISK_ESTABLISHED_ACCOUNT,,,phase3-v1
tx_0015402,2026-03-19 16:19:20,0,0.0,LOW,APPROVE,0,LOW_RISK_ESTABLISHED_ACCOUNT,,,phase3-v1
tx_0025449,2026-03-19 16:24:04,0,0.0004,LOW,APPROVE,0,GRAPH_CONNECTED_USERS,,,phase3-v1
tx_0017245,2026-03-19 16:27:02,0,0.0,LOW,APPROVE,0,LOW_RISK_ESTABLISHED_ACCOUNT,,,phase3-v1
tx_0020026,2026-03-19 16:28:39,0,0.0,LOW,APPROVE,0,HIGH_1H_VELOCITY,,,phase3-v1
tx_0007131,2026-03-19 16:28:41,0,0.0,LOW,APPROVE,0,LOW_RISK_ESTABLISHED_ACCOUNT,,,phase3-v1
tx_0016775,2026-03-19 16:29:39,0,0.0001,LOW,APPROVE,0,LOW_RISK_ESTABLISHED_ACCOUNT,,,phase3-v1
tx_0020000,2026-03-19 16:32:05,0,0.0,LOW,APPROVE,0,LOW_RISK_ESTABLISHED_ACCOUNT,,,phase3-v1
tx_0017571,2026-03-19 16:34:13,0,0.0,LOW,APPROVE,0,LOW_RISK_ESTABLISHED_ACCOUNT,,,phase3-v1
tx_0019631,2026-03-19 16:36:38,0,0.0,LOW,APPROVE,0,LOW_RISK_ESTABLISHED_ACCOUNT,,,phase3-v1
tx_0003655,2026-03-19 16:37:37,0,0.0001,LOW,APPROVE,0,PROMO_ACTIVITY,,,phase3-v1
tx_0012183,2026-03-19 16:38:44,0,0.0001,LOW,APPROVE,0,LOW_RISK_ESTABLISHED_ACCOUNT,,,phase3-v1
tx_0000936,2026-03-19 16:43:18,0,0.0006,LOW,APPROVE,0,PROMO_ACTIVITY,NEW_ACCOUNT,,phase3-v1
tx_0002007,2026-03-19 16:46:12,0,0.0001,LOW,APPROVE,0,LOW_RISK_ESTABLISHED_ACCOUNT,,,phase3-v1
tx_0013011,2026-03-19 16:47:57,0,0.0001,LOW,APPROVE,0,LOW_RISK_ESTABLISHED_ACCOUNT,,,phase3-v1
tx_0014609,2026-03-19 16:52:13,0,0.0001,LOW,APPROVE,0,PROMO_ACTIVITY,,,phase3-v1
tx_0005398,2026-03-19 16:56:25,0,0.0,LOW,APPROVE,0,LOW_RISK_ESTABLISHED_ACCOUNT,,,phase3-v1
tx_0003834,2026-03-19 16:58:44,0,0.0001,LOW,APPROVE,0,LOW_RISK_ESTABLISHED_ACCOUNT,,,phase3-v1
tx_0019217,2026-03-19 16:59:28,0,0.0,LOW,APPROVE,0,LOW_RISK_ESTABLISHED_ACCOUNT,,,phase3-v1
tx_0001767,2026-03-19 17:00:53,0,0.0001,LOW,APPROVE,0,HIGH_AMOUNT_ANOMALY,,,phase3-v1
tx_0021276,2026-03-19 17:04:08,0,0.0,LOW,APPROVE,0,LOW_RISK_ESTABLISHED_ACCOUNT,,,phase3-v1
tx_0014897,2026-03-19 17:04:49,0,0.0001,LOW,APPROVE,0,LOW_RISK_ESTABLISHED_ACCOUNT,,,phase3-v1
tx_0012569,2026-03-19 17:08:59,0,0.0,LOW,APPROVE,0,LOW_RISK_ESTABLISHED_ACCOUNT,,,phase3-v1
tx_0005901,2026-03-19 17:09:58,0,0.0001,LOW,APPROVE,0,LOW_RISK_ESTABLISHED_ACCOUNT,,,phase3-v1
tx_0019386,2026-03-19 17:13:11,0,0.0,LOW,APPROVE,0,LOW_RISK_ESTABLISHED_ACCOUNT,,,phase3-v1
tx_0010825,2026-03-19 17:13:55,0,0.0,LOW,APPROVE,0,LOW_RISK_ESTABLISHED_ACCOUNT,,,phase3-v1
tx_0002496,2026-03-19 17:14:30,0,0.0001,LOW,APPROVE,0,LOW_RISK_ESTABLISHED_ACCOUNT,,,phase3-v1
tx_0012329,2026-03-19 17:17:27,0,0.0001,LOW,APPROVE,0,HIGH_AMOUNT_ANOMALY,,,phase3-v1
tx_0014358,2026-03-19 17:17:48,0,0.0,LOW,APPROVE,0,LOW_RISK_ESTABLISHED_ACCOUNT,,,phase3-v1
tx_0011993,2026-03-19 17:19:22,0,0.0001,LOW,APPROVE,0,HIGH_AMOUNT_ANOMALY,,,phase3-v1
tx_0022892,2026-03-19 17:19:49,0,0.0001,LOW,APPROVE,0,GRAPH_MULTI_ENTITY_OVERLAP,GRAPH_SHARED_ADDRESS,,phase3-v1
tx_0011069,2026-03-19 17:21:47,0,0.0,LOW,APPROVE,0,LOW_RISK_ESTABLISHED_ACCOUNT,,,phase3-v1
tx_0020594,2026-03-19 17:23:49,0,0.0,LOW,APPROVE,0,LOW_RISK_ESTABLISHED_ACCOUNT,,,phase3-v1
tx_0005919,2026-03-19 17:23:53,0,0.0,LOW,APPROVE,0,LOW_RISK_ESTABLISHED_ACCOUNT,,,phase3-v1
tx_0004366,2026-03-19 17:25:07,0,0.0,LOW,APPROVE,0,LOW_RISK_ESTABLISHED_ACCOUNT,,,phase3-v1
tx_0014989,2026-03-19 17:27:03,0,0.0,LOW,APPROVE,0,LOW_RISK_ESTABLISHED_ACCOUNT,,,phase3-v1
tx_0000265,2026-03-19 17:29:11,0,0.0,LOW,APPROVE,0,HIGH_AMOUNT_ANOMALY,,,phase3-v1
tx_0012176,2026-03-19 17:30:39,0,0.0,LOW,APPROVE,0,LOW_RISK_ESTABLISHED_ACCOUNT,,,phase3-v1
tx_0010697,2026-03-19 17:31:19,0,0.0001,LOW,APPROVE,0,LOW_RISK_ESTABLISHED_ACCOUNT,,,phase3-v1
tx_0020727,2026-03-19 17:33:42,0,0.0002,LOW,APPROVE,0,HIGH_24H_VELOCITY,PROMO_ACTIVITY,,phase3-v1
tx_0024711,2026-03-19 17:35:42,0,0.0001,LOW,APPROVE,0,GRAPH_CONNECTED_USERS,,,phase3-v1
tx_0022639,2026-03-19 17:36:35,0,0.0001,LOW,APPROVE,0,GRAPH_MULTI_ENTITY_OVERLAP,GRAPH_SHARED_ADDRESS,,phase3-v1
tx_0006513,2026-03-19 17:39:24,0,0.0,LOW,APPROVE,0,LOW_RISK_ESTABLISHED_ACCOUNT,,,phase3-v1
tx_0011106,2026-03-19 17:39:58,0,0.0,LOW,APPROVE,0,LOW_RISK_ESTABLISHED_ACCOUNT,,,phase3-v1
tx_0001548,2026-03-19 17:43:19,0,0.0,LOW,APPROVE,0,LOW_RISK_ESTABLISHED_ACCOUNT,,,phase3-v1
tx_0021858,2026-03-19 17:43:34,0,0.0,LOW,APPROVE,0,LOW_RISK_ESTABLISHED_ACCOUNT,,,phase3-v1
tx_0025020,2026-03-19 17:43:51,0,0.0003,LOW,APPROVE,0,GRAPH_CONNECTED_USERS,,,phase3-v1
tx_0019713,2026-03-19 17:45:49,0,0.0,LOW,APPROVE,0,LOW_RISK_ESTABLISHED_ACCOUNT,,,phase3-v1
tx_0003839,2026-03-19 17:46:30,0,0.0,LOW,APPROVE,0,LOW_RISK_ESTABLISHED_ACCOUNT,,,phase3-v1
tx_0017882,2026-03-19 17:46:54,0,0.0,LOW,APPROVE,0,LOW_RISK_ESTABLISHED_ACCOUNT,,,phase3-v1
tx_0006837,2026-03-19 17:47:40,0,0.0,LOW,APPROVE,0,LOW_RISK_ESTABLISHED_ACCOUNT,,,phase3-v1
tx_0000952,2026-03-19 17:48:46,0,0.0,LOW,APPROVE,0,HIGH_24H_VELOCITY,,,phase3-v1
tx_0007546,2026-03-19 17:51:02,0,0.0,LOW,APPROVE,0,LOW_RISK_ESTABLISHED_ACCOUNT,,,phase3-v1
tx_0013596,2026-03-19 17:51:51,0,0.0,LOW,APPROVE,0,LOW_RISK_ESTABLISHED_ACCOUNT,,,phase3-v1
tx_0021956,2026-03-19 17:52:29,0,0.0,LOW,APPROVE,0,LOW_RISK_ESTABLISHED_ACCOUNT,,,phase3-v1
tx_0022862,2026-03-19 17:55:01,0,0.0001,LOW,APPROVE,0,GRAPH_MULTI_ENTITY_OVERLAP,GRAPH_SHARED_ADDRESS,GRAPH_CONNECTED_USERS,phase3-v1
tx_0003614,2026-03-19 17:58:57,0,0.0,LOW,APPROVE,0,LOW_RISK_ESTABLISHED_ACCOUNT,,,phase3-v1
tx_0020290,2026-03-19 17:59:03,0,0.0002,LOW,APPROVE,0,NEW_ACCOUNT,,,phase3-v1
tx_0003131,2026-03-19 18:00:22,0,0.0,LOW,APPROVE,0,LOW_RISK_ESTABLISHED_ACCOUNT,,,phase3-v1
tx_0020285,2026-03-19 18:03:56,0,0.1864,LOW,APPROVE,0,NEW_ACCOUNT,,,phase3-v1
tx_0008196,2026-03-19 18:06:10,0,0.0,LOW,APPROVE,0,LOW_RISK_ESTABLISHED_ACCOUNT,,,phase3-v1
tx_0012275,2026-03-19 18:06:38,0,0.0001,LOW,APPROVE,0,LOW_RISK_ESTABLISHED_ACCOUNT,,,phase3-v1
tx_0004416,2026-03-19 18:08:53,0,0.0,LOW,APPROVE,0,LOW_RISK_ESTABLISHED_ACCOUNT,,,phase3-v1
tx_0013707,2026-03-19 18:08:57,0,0.0001,LOW,APPROVE,0,LOW_RISK_ESTABLISHED_ACCOUNT,,,phase3-v1
tx_0006367,2026-03-19 18:09:18,0,0.0,LOW,APPROVE,0,LOW_RISK_ESTABLISHED_ACCOUNT,,,phase3-v1
tx_0003940,2026-03-19 18:11:48,0,0.0,LOW,APPROVE,0,LOW_RISK_ESTABLISHED_ACCOUNT,,,phase3-v1
tx_0021493,2026-03-19 18:14:39,0,0.0,LOW,APPROVE,0,LOW_RISK_ESTABLISHED_ACCOUNT,,,phase3-v1
tx_0001557,2026-03-19 18:15:39,0,0.0,LOW,APPROVE,0,HIGH_24H_VELOCITY,HIGH_1H_VELOCITY,,phase3-v1
tx_0015492,2026-03-19 18:17:03,0,0.0001,LOW,APPROVE,0,LOW_RISK_ESTABLISHED_ACCOUNT,,,phase3-v1
tx_0021988,2026-03-19 18:17:28,0,0.0001,LOW,APPROVE,0,LOW_RISK_ESTABLISHED_ACCOUNT,,,phase3-v1
tx_0007414,2026-03-19 18:19:08,0,0.0,LOW,APPROVE,0,LOW_RISK_ESTABLISHED_ACCOUNT,,,phase3-v1
tx_0011645,2026-03-19 18:20:06,0,0.0,LOW,APPROVE,0,LOW_RISK_ESTABLISHED_ACCOUNT,,,phase3-v1
tx_0005353,2026-03-19 18:29:42,0,0.0,LOW,APPROVE,0,LOW_RISK_ESTABLISHED_ACCOUNT,,,phase3-v1
tx_0021602,2026-03-19 18:31:54,0,0.0,LOW,APPROVE,0,LOW_RISK_ESTABLISHED_ACCOUNT,,,phase3-v1
tx_0015379,2026-03-19 18:33:31,0,0.0006,LOW,APPROVE,0,NEW_ACCOUNT,,,phase3-v1
tx_0021630,2026-03-19 18:38:04,0,0.0007,LOW,APPROVE,0,HIGH_AMOUNT_ANOMALY,,,phase3-v1
tx_0023750,2026-03-19 18:38:08,0,0.0001,LOW,APPROVE,0,GRAPH_MULTI_ENTITY_OVERLAP,GRAPH_CONNECTED_USERS,GRAPH_SHARED_ADDRESS,phase3-v1
tx_0000074,2026-03-19 18:39:43,0,0.0001,LOW,APPROVE,0,LOW_RISK_ESTABLISHED_ACCOUNT,,,phase3-v1
tx_0002655,2026-03-19 18:40:05,0,0.0001,LOW,APPROVE,0,LOW_RISK_ESTABLISHED_ACCOUNT,,,phase3-v1
tx_0011555,2026-03-19 18:43:07,0,0.0,LOW,APPROVE,0,LOW_RISK_ESTABLISHED_ACCOUNT,,,phase3-v1
tx_0012679,2026-03-19 18:43:25,0,0.0,LOW,APPROVE,0,PROMO_ACTIVITY,,,phase3-v1
tx_0022701,2026-03-19 18:46:33,0,0.0001,LOW,APPROVE,0,GRAPH_CONNECTED_USERS,,,phase3-v1
tx_0013889,2026-03-19 18:46:56,0,0.0,LOW,APPROVE,0,LOW_RISK_ESTABLISHED_ACCOUNT,,,phase3-v1
tx_0012042,2026-03-19 18:47:24,0,0.0001,LOW,APPROVE,0,NEW_ACCOUNT,,,phase3-v1
tx_0014183,2026-03-19 18:49:30,0,0.0,LOW,APPROVE,0,LOW_RISK_ESTABLISHED_ACCOUNT,,,phase3-v1
tx_0016214,2026-03-19 18:55:18,0,0.0,LOW,APPROVE,0,LOW_RISK_ESTABLISHED_ACCOUNT,,,phase3-v1
tx_0010087,2026-03-19 18:57:06,0,0.0001,LOW,APPROVE,0,LOW_RISK_ESTABLISHED_ACCOUNT,,,phase3-v1
tx_0000675,2026-03-19 18:57:55,0,0.0001,LOW,APPROVE,0,LOW_RISK_ESTABLISHED_ACCOUNT,,,phase3-v1
tx_0010475,2026-03-19 18:59:53,0,0.0,LOW,APPROVE,0,LOW_RISK_ESTABLISHED_ACCOUNT,,,phase3-v1
tx_0011978,2026-03-19 19:01:07,0,0.0001,LOW,APPROVE,0,LOW_RISK_ESTABLISHED_ACCOUNT,,,phase3-v1
tx_0015081,2026-03-19 19:02:47,0,0.0001,LOW,APPROVE,0,HIGH_AMOUNT_ANOMALY,,,phase3-v1
tx_0002453,2026-03-19 19:04:30,0,0.0001,LOW,APPROVE,0,HIGH_AMOUNT_ANOMALY,,,phase3-v1
tx_0003135,2026-03-19 19:08:37,0,0.0001,LOW,APPROVE,0,LOW_RISK_ESTABLISHED_ACCOUNT,,,phase3-v1
tx_0012929,2026-03-19 19:12:32,0,0.0001,LOW,APPROVE,0,LOW_RISK_ESTABLISHED_ACCOUNT,,,phase3-v1
tx_0002698,2026-03-19 19:12:42,0,0.0,LOW,APPROVE,0,LOW_RISK_ESTABLISHED_ACCOUNT,,,phase3-v1
tx_0015570,2026-03-19 19:14:37,0,0.0,LOW,APPROVE,0,LOW_RISK_ESTABLISHED_ACCOUNT,,,phase3-v1
tx_0018640,2026-03-19 19:15:45,0,0.0,LOW,APPROVE,0,LOW_RISK_ESTABLISHED_ACCOUNT,,,phase3-v1
tx_0012287,2026-03-19 19:16:45,0,0.0001,LOW,APPROVE,0,LOW_RISK_ESTABLISHED_ACCOUNT,,,phase3-v1
tx_0006183,2026-03-19 19:18:13,0,0.0,LOW,APPROVE,0,LOW_RISK_ESTABLISHED_ACCOUNT,,,phase3-v1
tx_0017536,2026-03-19 19:18:18,0,0.0001,LOW,APPROVE,0,LOW_RISK_ESTABLISHED_ACCOUNT,,,phase3-v1
tx_0014549,2026-03-19 19:27:24,0,0.0001,LOW,APPROVE,0,PROMO_ACTIVITY,,,phase3-v1
tx_0002682,2026-03-19 19:29:28,0,0.0001,LOW,APPROVE,0,LOW_RISK_ESTABLISHED_ACCOUNT,,,phase3-v1
tx_0007931,2026-03-19 19:35:01,0,0.0,LOW,APPROVE,0,LOW_RISK_ESTABLISHED_ACCOUNT,,,phase3-v1
tx_0015287,2026-03-19 19:35:47,0,0.0,LOW,APPROVE,0,LOW_RISK_ESTABLISHED_ACCOUNT,,,phase3-v1
tx_0008466,2026-03-19 19:38:41,0,0.0001,LOW,APPROVE,0,LOW_RISK_ESTABLISHED_ACCOUNT,,,phase3-v1
tx_0014010,2026-03-19 19:41:41,0,0.0,LOW,APPROVE,0,LOW_RISK_ESTABLISHED_ACCOUNT,,,phase3-v1
tx_0024583,2026-03-19 19:43:18,0,0.0004,LOW,APPROVE,0,GRAPH_CONNECTED_USERS,,,phase3-v1
tx_0008345,2026-03-19 19:43:58,0,0.0,LOW,APPROVE,0,LOW_RISK_ESTABLISHED_ACCOUNT,,,phase3-v1
tx_0016937,2026-03-19 19:45:03,0,0.0001,LOW,APPROVE,0,HIGH_AMOUNT_ANOMALY,,,phase3-v1
tx_0016171,2026-03-19 19:45:43,0,0.0001,LOW,APPROVE,0,LOW_RISK_ESTABLISHED_ACCOUNT,,,phase3-v1
tx_0025405,2026-03-19 19:48:35,0,0.0001,LOW,APPROVE,0,GRAPH_SHARED_ADDRESS,GRAPH_MULTI_ENTITY_OVERLAP,GRAPH_CONNECTED_USERS,phase3-v1
tx_0014900,2026-03-19 19:57:54,0,0.0001,LOW,APPROVE,0,LOW_RISK_ESTABLISHED_ACCOUNT,,,phase3-v1
tx_0005061,2026-03-19 19:57:57,0,0.0,LOW,APPROVE,0,LOW_RISK_ESTABLISHED_ACCOUNT,,,phase3-v1
tx_0023618,2026-03-19 19:58:52,0,0.0005,LOW,APPROVE,0,GRAPH_CONNECTED_USERS,,,phase3-v1
tx_0008481,2026-03-19 20:03:34,0,0.0001,LOW,APPROVE,0,LOW_RISK_ESTABLISHED_ACCOUNT,,,phase3-v1
tx_0014825,2026-03-19 20:15:31,0,0.0001,LOW,APPROVE,0,LOW_RISK_ESTABLISHED_ACCOUNT,,,phase3-v1
tx_0011711,2026-03-19 20:15:46,0,0.0001,LOW,APPROVE,0,LOW_RISK_ESTABLISHED_ACCOUNT,,,phase3-v1
tx_0009452,2026-03-19 20:15:58,0,0.0001,LOW,APPROVE,0,LOW_RISK_ESTABLISHED_ACCOUNT,,,phase3-v1
tx_0018250,2026-03-19 20:17:18,0,0.0001,LOW,APPROVE,0,LOW_RISK_ESTABLISHED_ACCOUNT,,,phase3-v1
tx_0010963,2026-03-19 20:17:25,0,0.0007,LOW,APPROVE,0,LOW_RISK_ESTABLISHED_ACCOUNT,,,phase3-v1
tx_0020293,2026-03-19 20:17:37,0,0.0169,LOW,APPROVE,0,NEW_ACCOUNT,,,phase3-v1
tx_0004634,2026-03-19 20:18:28,0,0.0001,LOW,APPROVE,0,LOW_RISK_ESTABLISHED_ACCOUNT,,,phase3-v1
tx_0025830,2026-03-19 20:18:52,0,0.0052,LOW,APPROVE,0,LOW_RISK_ESTABLISHED_ACCOUNT,,,phase3-v1
tx_0009940,2026-03-19 20:19:21,0,0.0001,LOW,APPROVE,0,LOW_RISK_ESTABLISHED_ACCOUNT,,,phase3-v1
tx_0008219,2026-03-19 20:20:14,0,0.0001,LOW,APPROVE,0,LOW_RISK_ESTABLISHED_ACCOUNT,,,phase3-v1
tx_0017661,2026-03-19 20:24:15,0,0.0001,LOW,APPROVE,0,LOW_RISK_ESTABLISHED_ACCOUNT,,,phase3-v1
tx_0001948,2026-03-19 20:26:07,0,0.0001,LOW,APPROVE,0,LOW_RISK_ESTABLISHED_ACCOUNT,,,phase3-v1
tx_0000666,2026-03-19 20:27:47,0,0.0001,LOW,APPROVE,0,LOW_RISK_ESTABLISHED_ACCOUNT,,,phase3-v1
tx_0010290,2026-03-19 20:35:08,0,0.0001,LOW,APPROVE,0,LOW_RISK_ESTABLISHED_ACCOUNT,,,phase3-v1
tx_0023617,2026-03-19 20:35:48,0,0.0008,LOW,APPROVE,0,GRAPH_CONNECTED_USERS,HIGH_1H_VELOCITY,,phase3-v1
tx_0004135,2026-03-19 20:37:56,0,0.0001,LOW,APPROVE,0,LOW_RISK_ESTABLISHED_ACCOUNT,,,phase3-v1
tx_0015437,2026-03-19 20:39:05,0,0.0001,LOW,APPROVE,0,LOW_RISK_ESTABLISHED_ACCOUNT,,,phase3-v1
tx_0013372,2026-03-19 20:46:17,0,0.0001,LOW,APPROVE,0,LOW_RISK_ESTABLISHED_ACCOUNT,,,phase3-v1
tx_0013678,2026-03-19 20:48:05,0,0.0001,LOW,APPROVE,0,LOW_RISK_ESTABLISHED_ACCOUNT,,,phase3-v1
tx_0009736,2026-03-19 20:48:09,0,0.0001,LOW,APPROVE,0,PROMO_ACTIVITY,,,phase3-v1
tx_0018072,2026-03-19 20:48:48,0,0.0001,LOW,APPROVE,0,LOW_RISK_ESTABLISHED_ACCOUNT,,,phase3-v1
tx_0025931,2026-03-19 20:54:54,0,0.0002,LOW,APPROVE,0,GRAPH_SHARED_ADDRESS,GRAPH_MULTI_ENTITY_OVERLAP,GRAPH_CONNECTED_USERS,phase3-v1
tx_0002359,2026-03-19 20:56:57,0,0.0001,LOW,APPROVE,0,LOW_RISK_ESTABLISHED_ACCOUNT,,,phase3-v1
tx_0015509,2026-03-19 20:58:17,0,0.0001,LOW,APPROVE,0,LOW_RISK_ESTABLISHED_ACCOUNT,,,phase3-v1
tx_0003557,2026-03-19 21:00:07,0,0.0001,LOW,APPROVE,0,LOW_RISK_ESTABLISHED_ACCOUNT,,,phase3-v1
tx_0020090,2026-03-19 21:01:25,0,0.0001,LOW,APPROVE,0,LOW_RISK_ESTABLISHED_ACCOUNT,,,phase3-v1
tx_0005133,2026-03-19 21:02:56,0,0.0001,LOW,APPROVE,0,LOW_RISK_ESTABLISHED_ACCOUNT,,,phase3-v1
tx_0009270,2026-03-19 21:11:13,0,0.0001,LOW,APPROVE,0,LOW_RISK_ESTABLISHED_ACCOUNT,,,phase3-v1
tx_0005008,2026-03-19 21:18:12,0,0.0001,LOW,APPROVE,0,HIGH_AMOUNT_ANOMALY,,,phase3-v1
tx_0020893,2026-03-19 21:25:57,0,0.0001,LOW,APPROVE,0,LOW_RISK_ESTABLISHED_ACCOUNT,,,phase3-v1
tx_0021065,2026-03-19 21:27:18,0,0.0001,LOW,APPROVE,0,LOW_RISK_ESTABLISHED_ACCOUNT,,,phase3-v1
tx_0014054,2026-03-19 21:35:48,0,0.0001,LOW,APPROVE,0,LOW_RISK_ESTABLISHED_ACCOUNT,,,phase3-v1
tx_0002572,2026-03-19 21:43:43,0,0.0001,LOW,APPROVE,0,LOW_RISK_ESTABLISHED_ACCOUNT,,,phase3-v1
tx_0025779,2026-03-19 21:45:19,0,0.0001,LOW,APPROVE,0,GRAPH_SHARED_PAYMENT,GRAPH_MULTI_ENTITY_OVERLAP,GRAPH_CONNECTED_USERS,phase3-v1
tx_0010964,2026-03-19 21:48:49,0,0.0003,LOW,APPROVE,0,LOW_RISK_ESTABLISHED_ACCOUNT,,,phase3-v1
tx_0009743,2026-03-19 21:49:12,0,0.0001,LOW,APPROVE,0,LOW_RISK_ESTABLISHED_ACCOUNT,,,phase3-v1
tx_0011511,2026-03-19 21:52:44,0,0.0001,LOW,APPROVE,0,LOW_RISK_ESTABLISHED_ACCOUNT,,,phase3-v1
tx_0012069,2026-03-19 21:56:54,0,0.0001,LOW,APPROVE,0,LOW_RISK_ESTABLISHED_ACCOUNT,,,phase3-v1
tx_0011761,2026-03-19 22:09:11,0,0.0001,LOW,APPROVE,0,LOW_RISK_ESTABLISHED_ACCOUNT,,,phase3-v1
tx_0021642,2026-03-19 22:11:14,0,0.0001,LOW,APPROVE,0,LOW_RISK_ESTABLISHED_ACCOUNT,,,phase3-v1
tx_0019476,2026-03-19 22:18:44,0,0.0001,LOW,APPROVE,0,HIGH_AMOUNT_ANOMALY,,,phase3-v1
tx_0021896,2026-03-19 22:22:17,0,0.0001,LOW,APPROVE,0,LOW_RISK_ESTABLISHED_ACCOUNT,,,phase3-v1
tx_0000214,2026-03-19 22:22:30,0,0.0001,LOW,APPROVE,0,HIGH_AMOUNT_ANOMALY,,,phase3-v1
tx_0007132,2026-03-19 22:26:35,0,0.0001,LOW,APPROVE,0,LOW_RISK_ESTABLISHED_ACCOUNT,,,phase3-v1
tx_0019992,2026-03-19 22:31:31,0,0.0002,LOW,APPROVE,0,LOW_RISK_ESTABLISHED_ACCOUNT,,,phase3-v1
tx_0002517,2026-03-19 22:36:20,0,0.0001,LOW,APPROVE,0,HIGH_AMOUNT_ANOMALY,,,phase3-v1
tx_0024300,2026-03-19 22:44:13,0,0.0001,LOW,APPROVE,0,GRAPH_CONNECTED_USERS,,,phase3-v1
tx_0012542,2026-03-19 22:45:02,0,0.0025,LOW,APPROVE,0,HIGH_24H_VELOCITY,NEW_ACCOUNT,,phase3-v1
tx_0005741,2026-03-19 22:47:19,0,0.0001,LOW,APPROVE,0,LOW_RISK_ESTABLISHED_ACCOUNT,,,phase3-v1
tx_0007498,2026-03-19 22:48:32,0,0.0001,LOW,APPROVE,0,LOW_RISK_ESTABLISHED_ACCOUNT,,,phase3-v1
tx_0008649,2026-03-19 22:49:26,0,0.0001,LOW,APPROVE,0,LOW_RISK_ESTABLISHED_ACCOUNT,,,phase3-v1
tx_0006573,2026-03-19 22:56:06,0,0.0001,LOW,APPROVE,0,LOW_RISK_ESTABLISHED_ACCOUNT,,,phase3-v1
tx_0020225,2026-03-19 23:15:04,0,0.0001,LOW,APPROVE,0,LOW_RISK_ESTABLISHED_ACCOUNT,,,phase3-v1
tx_0022499,2026-03-19 23:17:34,0,0.0001,LOW,APPROVE,0,LOW_RISK_ESTABLISHED_ACCOUNT,,,phase3-v1
tx_0012119,2026-03-19 23:26:27,0,0.0001,LOW,APPROVE,0,LOW_RISK_ESTABLISHED_ACCOUNT,,,phase3-v1
tx_0017328,2026-03-19 23:27:30,0,0.0001,LOW,APPROVE,0,LOW_RISK_ESTABLISHED_ACCOUNT,,,phase3-v1
tx_0020353,2026-03-19 23:35:37,0,0.0001,LOW,APPROVE,0,LOW_RISK_ESTABLISHED_ACCOUNT,,,phase3-v1
tx_0007015,2026-03-19 23:36:46,0,0.0001,LOW,APPROVE,0,LOW_RISK_ESTABLISHED_ACCOUNT,,,phase3-v1
tx_0008928,2026-03-20 00:25:10,0,0.0001,LOW,APPROVE,0,LOW_RISK_ESTABLISHED_ACCOUNT,,,phase3-v1
tx_0013051,2026-03-20 00:26:27,0,0.9684,HIGH,BLOCK,1,NEW_ACCOUNT,PROMO_ACTIVITY,,phase3-v1
tx_0002970,2026-03-20 00:51:08,0,0.0001,LOW,APPROVE,0,LOW_RISK_ESTABLISHED_ACCOUNT,,,phase3-v1
tx_0009610,2026-03-20 01:02:49,0,0.0017,LOW,APPROVE,0,OFF_HOURS_ACTIVITY,NEW_ACCOUNT,,phase3-v1
tx_0008959,2026-03-20 01:12:50,0,0.0001,LOW,APPROVE,0,OFF_HOURS_ACTIVITY,,,phase3-v1
tx_0019393,2026-03-20 01:16:25,0,0.0001,LOW,APPROVE,0,OFF_HOURS_ACTIVITY,,,phase3-v1
tx_0012923,2026-03-20 01:22:33,0,0.0001,LOW,APPROVE,0,OFF_HOURS_ACTIVITY,,,phase3-v1
tx_0010806,2026-03-20 01:42:55,0,0.0001,LOW,APPROVE,0,OFF_HOURS_ACTIVITY,,,phase3-v1
tx_0008065,2026-03-20 02:01:12,0,0.0001,LOW,APPROVE,0,OFF_HOURS_ACTIVITY,,,phase3-v1
tx_0010311,2026-03-20 02:16:14,0,0.0001,LOW,APPROVE,0,OFF_HOURS_ACTIVITY,,,phase3-v1
tx_0020194,2026-03-20 02:24:05,0,0.0001,LOW,APPROVE,0,OFF_HOURS_ACTIVITY,,,phase3-v1
tx_0002975,2026-03-20 02:45:25,0,0.0001,LOW,APPROVE,0,OFF_HOURS_ACTIVITY,,,phase3-v1
tx_0001395,2026-03-20 03:02:21,0,0.0001,LOW,APPROVE,0,OFF_HOURS_ACTIVITY,,,phase3-v1
tx_0004494,2026-03-20 03:06:10,0,0.0001,LOW,APPROVE,0,OFF_HOURS_ACTIVITY,,,phase3-v1
tx_0003797,2026-03-20 03:41:18,0,0.0001,LOW,APPROVE,0,OFF_HOURS_ACTIVITY,,,phase3-v1
tx_0002669,2026-03-20 04:58:43,0,0.0001,LOW,APPROVE,0,OFF_HOURS_ACTIVITY,,,phase3-v1
tx_0012967,2026-03-20 05:08:37,0,0.0001,LOW,APPROVE,0,OFF_HOURS_ACTIVITY,,,phase3-v1
tx_0006787,2026-03-20 05:20:08,0,0.0,LOW,APPROVE,0,OFF_HOURS_ACTIVITY,,,phase3-v1
tx_0011258,2026-03-20 05:23:39,0,0.0001,LOW,APPROVE,0,OFF_HOURS_ACTIVITY,,,phase3-v1
tx_0025240,2026-03-20 06:19:51,0,0.0002,LOW,APPROVE,0,GRAPH_SHARED_PAYMENT,GRAPH_MULTI_ENTITY_OVERLAP,GRAPH_SHARED_ADDRESS,phase3-v1
tx_0014209,2026-03-20 06:37:09,0,0.0001,LOW,APPROVE,0,LOW_RISK_ESTABLISHED_ACCOUNT,,,phase3-v1
tx_0001684,2026-03-20 06:42:46,0,0.0002,LOW,APPROVE,0,LOW_RISK_ESTABLISHED_ACCOUNT,,,phase3-v1
tx_0006575,2026-03-20 06:44:36,0,0.0,LOW,APPROVE,0,LOW_RISK_ESTABLISHED_ACCOUNT,,,phase3-v1
tx_0013113,2026-03-20 06:44:40,0,0.0,LOW,APPROVE,0,LOW_RISK_ESTABLISHED_ACCOUNT,,,phase3-v1
tx_0002616,2026-03-20 06:54:08,0,0.0,LOW,APPROVE,0,LOW_RISK_ESTABLISHED_ACCOUNT,,,phase3-v1
tx_0004124,2026-03-20 07:00:49,0,0.0001,LOW,APPROVE,0,LOW_RISK_ESTABLISHED_ACCOUNT,,,phase3-v1
tx_0019614,2026-03-20 07:04:10,0,0.0001,LOW,APPROVE,0,HIGH_24H_VELOCITY,,,phase3-v1
tx_0013884,2026-03-20 07:13:34,0,0.0,LOW,APPROVE,0,LOW_RISK_ESTABLISHED_ACCOUNT,,,phase3-v1
tx_0015512,2026-03-20 07:28:23,0,0.0,LOW,APPROVE,0,LOW_RISK_ESTABLISHED_ACCOUNT,,,phase3-v1
tx_0020015,2026-03-20 07:30:29,0,0.0,LOW,APPROVE,0,LOW_RISK_ESTABLISHED_ACCOUNT,,,phase3-v1
tx_0009432,2026-03-20 07:42:03,0,0.0,LOW,APPROVE,0,LOW_RISK_ESTABLISHED_ACCOUNT,,,phase3-v1
tx_0000406,2026-03-20 07:47:52,0,0.0001,LOW,APPROVE,0,LOW_RISK_ESTABLISHED_ACCOUNT,,,phase3-v1
tx_0007078,2026-03-20 07:54:28,0,0.0,LOW,APPROVE,0,LOW_RISK_ESTABLISHED_ACCOUNT,,,phase3-v1
tx_0012721,2026-03-20 07:55:52,0,0.0,LOW,APPROVE,0,LOW_RISK_ESTABLISHED_ACCOUNT,,,phase3-v1
tx_0017211,2026-03-20 07:56:28,0,0.0,LOW,APPROVE,0,LOW_RISK_ESTABLISHED_ACCOUNT,,,phase3-v1
tx_0015105,2026-03-20 08:01:56,0,0.0001,LOW,APPROVE,0,LOW_RISK_ESTABLISHED_ACCOUNT,,,phase3-v1
tx_0017563,2026-03-20 08:02:06,0,0.0001,LOW,APPROVE,0,LOW_RISK_ESTABLISHED_ACCOUNT,,,phase3-v1
tx_0011514,2026-03-20 08:06:14,0,0.0,LOW,APPROVE,0,LOW_RISK_ESTABLISHED_ACCOUNT,,,phase3-v1
tx_0006809,2026-03-20 08:06:52,0,0.0,LOW,APPROVE,0,LOW_RISK_ESTABLISHED_ACCOUNT,,,phase3-v1
tx_0000808,2026-03-20 08:07:44,0,0.0,LOW,APPROVE,0,LOW_RISK_ESTABLISHED_ACCOUNT,,,phase3-v1
tx_0022796,2026-03-20 08:11:50,0,0.0001,LOW,APPROVE,0,GRAPH_MULTI_ENTITY_OVERLAP,GRAPH_SHARED_ADDRESS,GRAPH_CONNECTED_USERS,phase3-v1
tx_0001840,2026-03-20 08:13:43,0,0.0,LOW,APPROVE,0,LOW_RISK_ESTABLISHED_ACCOUNT,,,phase3-v1
tx_0022254,2026-03-20 08:28:03,0,0.0001,LOW,APPROVE,0,LOW_RISK_ESTABLISHED_ACCOUNT,,,phase3-v1
tx_0007613,2026-03-20 08:28:10,0,0.0001,LOW,APPROVE,0,LOW_RISK_ESTABLISHED_ACCOUNT,,,phase3-v1
tx_0017746,2026-03-20 08:32:14,0,0.0,LOW,APPROVE,0,LOW_RISK_ESTABLISHED_ACCOUNT,,,phase3-v1
tx_0011167,2026-03-20 08:33:06,0,0.0001,LOW,APPROVE,0,LOW_RISK_ESTABLISHED_ACCOUNT,,,phase3-v1
tx_0018595,2026-03-20 08:52:18,0,0.0001,LOW,APPROVE,0,LOW_RISK_ESTABLISHED_ACCOUNT,,,phase3-v1
tx_0005107,2026-03-20 08:58:03,0,0.0,LOW,APPROVE,0,LOW_RISK_ESTABLISHED_ACCOUNT,,,phase3-v1
tx_0008848,2026-03-20 09:02:20,0,0.0,LOW,APPROVE,0,LOW_RISK_ESTABLISHED_ACCOUNT,,,phase3-v1
tx_0004825,2026-03-20 09:02:43,0,0.0001,LOW,APPROVE,0,LOW_RISK_ESTABLISHED_ACCOUNT,,,phase3-v1
tx_0017884,2026-03-20 09:02:47,0,0.0,LOW,APPROVE,0,LOW_RISK_ESTABLISHED_ACCOUNT,,,phase3-v1
tx_0014532,2026-03-20 09:05:24,0,0.0,LOW,APPROVE,0,LOW_RISK_ESTABLISHED_ACCOUNT,,,phase3-v1
tx_0007927,2026-03-20 09:07:30,0,0.0,LOW,APPROVE,0,LOW_RISK_ESTABLISHED_ACCOUNT,,,phase3-v1
tx_0006471,2026-03-20 09:08:53,0,0.0,LOW,APPROVE,0,LOW_RISK_ESTABLISHED_ACCOUNT,,,phase3-v1
tx_0007879,2026-03-20 09:08:56,0,0.0,LOW,APPROVE,0,LOW_RISK_ESTABLISHED_ACCOUNT,,,phase3-v1
tx_0018174,2026-03-20 09:12:15,0,0.0,LOW,APPROVE,0,LOW_RISK_ESTABLISHED_ACCOUNT,,,phase3-v1
tx_0023722,2026-03-20 09:15:23,0,0.0001,LOW,APPROVE,0,GRAPH_SHARED_PAYMENT,GRAPH_MULTI_ENTITY_OVERLAP,GRAPH_SHARED_ADDRESS,phase3-v1
tx_0001482,2026-03-20 09:18:12,0,0.0,LOW,APPROVE,0,LOW_RISK_ESTABLISHED_ACCOUNT,,,phase3-v1
tx_0012589,2026-03-20 09:21:04,0,0.0,LOW,APPROVE,0,LOW_RISK_ESTABLISHED_ACCOUNT,,,phase3-v1
tx_0006262,2026-03-20 09:22:23,0,0.0001,LOW,APPROVE,0,LOW_RISK_ESTABLISHED_ACCOUNT,,,phase3-v1
tx_0012896,2026-03-20 09:27:58,0,0.0,LOW,APPROVE,0,LOW_RISK_ESTABLISHED_ACCOUNT,,,phase3-v1
tx_0020845,2026-03-20 09:31:37,0,0.0,LOW,APPROVE,0,LOW_RISK_ESTABLISHED_ACCOUNT,,,phase3-v1
tx_0023143,2026-03-20 09:32:13,0,0.0001,LOW,APPROVE,0,GRAPH_MULTI_ENTITY_OVERLAP,GRAPH_CONNECTED_USERS,GRAPH_SHARED_ADDRESS,phase3-v1
tx_0019999,2026-03-20 09:46:00,0,0.0,LOW,APPROVE,0,LOW_RISK_ESTABLISHED_ACCOUNT,,,phase3-v1
tx_0002667,2026-03-20 09:47:38,0,0.0,LOW,APPROVE,0,LOW_RISK_ESTABLISHED_ACCOUNT,,,phase3-v1
tx_0024862,2026-03-20 09:48:38,0,0.0003,LOW,APPROVE,0,GRAPH_CONNECTED_USERS,,,phase3-v1
tx_0013012,2026-03-20 09:49:07,0,0.0,LOW,APPROVE,0,LOW_RISK_ESTABLISHED_ACCOUNT,,,phase3-v1
tx_0015380,2026-03-20 09:51:15,0,0.0005,LOW,APPROVE,0,NEW_ACCOUNT,,,phase3-v1
tx_0020175,2026-03-20 09:58:13,0,0.0001,LOW,APPROVE,0,LOW_RISK_ESTABLISHED_ACCOUNT,,,phase3-v1
tx_0015574,2026-03-20 10:01:08,0,0.0001,LOW,APPROVE,0,PROMO_ACTIVITY,,,phase3-v1
tx_0021229,2026-03-20 10:01:10,0,0.0001,LOW,APPROVE,0,LOW_RISK_ESTABLISHED_ACCOUNT,,,phase3-v1
tx_0001012,2026-03-20 10:02:44,0,0.0,LOW,APPROVE,0,LOW_RISK_ESTABLISHED_ACCOUNT,,,phase3-v1
tx_0025260,2026-03-20 10:07:14,0,0.0005,LOW,APPROVE,0,GRAPH_CONNECTED_USERS,,,phase3-v1
tx_0024413,2026-03-20 10:07:34,0,0.0001,LOW,APPROVE,0,GRAPH_MULTI_ENTITY_OVERLAP,GRAPH_SHARED_ADDRESS,,phase3-v1
tx_0009125,2026-03-20 10:07:36,0,0.0001,LOW,APPROVE,0,LOW_RISK_ESTABLISHED_ACCOUNT,,,phase3-v1
tx_0001955,2026-03-20 10:08:37,0,0.0,LOW,APPROVE,0,HIGH_AMOUNT_ANOMALY,,,phase3-v1
tx_0012735,2026-03-20 10:11:04,0,0.0,LOW,APPROVE,0,LOW_RISK_ESTABLISHED_ACCOUNT,,,phase3-v1
tx_0015593,2026-03-20 10:13:49,0,0.0001,LOW,APPROVE,0,LOW_RISK_ESTABLISHED_ACCOUNT,,,phase3-v1
tx_0012902,2026-03-20 10:19:17,0,0.0,LOW,APPROVE,0,LOW_RISK_ESTABLISHED_ACCOUNT,,,phase3-v1
tx_0023800,2026-03-20 10:24:29,0,0.0001,LOW,APPROVE,0,GRAPH_CONNECTED_USERS,,,phase3-v1
tx_0017517,2026-03-20 10:26:17,0,0.0001,LOW,APPROVE,0,LOW_RISK_ESTABLISHED_ACCOUNT,,,phase3-v1
tx_0022752,2026-03-20 10:29:55,0,0.0005,LOW,APPROVE,0,GRAPH_CONNECTED_USERS,PROMO_ACTIVITY,,phase3-v1
tx_0020930,2026-03-20 10:34:18,0,0.0,LOW,APPROVE,0,HIGH_AMOUNT_ANOMALY,,,phase3-v1
tx_0008780,2026-03-20 10:35:10,0,0.0,LOW,APPROVE,0,LOW_RISK_ESTABLISHED_ACCOUNT,,,phase3-v1
tx_0020142,2026-03-20 10:37:31,0,0.0,LOW,APPROVE,0,LOW_RISK_ESTABLISHED_ACCOUNT,,,phase3-v1
tx_0011161,2026-03-20 10:37:33,0,0.0001,LOW,APPROVE,0,LOW_RISK_ESTABLISHED_ACCOUNT,,,phase3-v1
tx_0016501,2026-03-20 10:38:11,0,0.0,LOW,APPROVE,0,LOW_RISK_ESTABLISHED_ACCOUNT,,,phase3-v1
tx_0021239,2026-03-20 10:40:32,0,0.0001,LOW,APPROVE,0,LOW_RISK_ESTABLISHED_ACCOUNT,,,phase3-v1
tx_0017221,2026-03-20 10:42:04,0,0.0001,LOW,APPROVE,0,LOW_RISK_ESTABLISHED_ACCOUNT,,,phase3-v1
tx_0020709,2026-03-20 10:42:23,0,0.0001,LOW,APPROVE,0,LOW_RISK_ESTABLISHED_ACCOUNT,,,phase3-v1
tx_0002556,2026-03-20 10:44:14,0,0.0,LOW,APPROVE,0,LOW_RISK_ESTABLISHED_ACCOUNT,,,phase3-v1
tx_0010818,2026-03-20 10:45:01,0,0.0,LOW,APPROVE,0,LOW_RISK_ESTABLISHED_ACCOUNT,,,phase3-v1
tx_0002246,2026-03-20 10:49:15,0,0.0,LOW,APPROVE,0,LOW_RISK_ESTABLISHED_ACCOUNT,,,phase3-v1
tx_0001920,2026-03-20 10:52:26,0,0.0,LOW,APPROVE,0,LOW_RISK_ESTABLISHED_ACCOUNT,,,phase3-v1
tx_0011398,2026-03-20 10:55:02,0,0.0,LOW,APPROVE,0,LOW_RISK_ESTABLISHED_ACCOUNT,,,phase3-v1
tx_0016133,2026-03-20 10:57:43,0,0.0,LOW,APPROVE,0,LOW_RISK_ESTABLISHED_ACCOUNT,,,phase3-v1
tx_0020852,2026-03-20 11:03:41,0,0.0001,LOW,APPROVE,0,LOW_RISK_ESTABLISHED_ACCOUNT,,,phase3-v1
tx_0008909,2026-03-20 11:04:48,0,0.0,LOW,APPROVE,0,LOW_RISK_ESTABLISHED_ACCOUNT,,,phase3-v1
tx_0024829,2026-03-20 11:05:32,0,0.0002,LOW,APPROVE,0,GRAPH_SHARED_PAYMENT,GRAPH_SHARED_ADDRESS,GRAPH_MULTI_ENTITY_OVERLAP,phase3-v1
tx_0009757,2026-03-20 11:05:33,0,0.0,LOW,APPROVE,0,LOW_RISK_ESTABLISHED_ACCOUNT,,,phase3-v1
tx_0009463,2026-03-20 11:15:13,0,0.0,LOW,APPROVE,0,LOW_RISK_ESTABLISHED_ACCOUNT,,,phase3-v1
tx_0020027,2026-03-20 11:19:41,0,0.0,LOW,APPROVE,0,HIGH_24H_VELOCITY,,,phase3-v1
tx_0003598,2026-03-20 11:20:18,0,0.0001,LOW,APPROVE,0,HIGH_AMOUNT_ANOMALY,,,phase3-v1
tx_0008834,2026-03-20 11:22:33,0,0.0,LOW,APPROVE,0,LOW_RISK_ESTABLISHED_ACCOUNT,,,phase3-v1
tx_0003138,2026-03-20 11:24:07,0,0.0001,LOW,APPROVE,0,HIGH_AMOUNT_ANOMALY,,,phase3-v1
tx_0003390,2026-03-20 11:24:27,0,0.0,LOW,APPROVE,0,LOW_RISK_ESTABLISHED_ACCOUNT,,,phase3-v1
tx_0018486,2026-03-20 11:27:10,0,0.0,LOW,APPROVE,0,LOW_RISK_ESTABLISHED_ACCOUNT,,,phase3-v1
tx_0025541,2026-03-20 11:27:16,0,0.0001,LOW,APPROVE,0,GRAPH_CONNECTED_USERS,,,phase3-v1
tx_0002895,2026-03-20 11:31:47,0,0.7251,MEDIUM,REVIEW,0,NEW_ACCOUNT,,,phase3-v1
tx_0002171,2026-03-20 11:32:37,0,0.0001,LOW,APPROVE,0,LOW_RISK_ESTABLISHED_ACCOUNT,,,phase3-v1
tx_0014588,2026-03-20 11:35:22,0,0.0,LOW,APPROVE,0,LOW_RISK_ESTABLISHED_ACCOUNT,,,phase3-v1
tx_0015780,2026-03-20 11:37:21,0,0.0,LOW,APPROVE,0,LOW_RISK_ESTABLISHED_ACCOUNT,,,phase3-v1
tx_0005011,2026-03-20 11:39:50,0,0.0,LOW,APPROVE,0,LOW_RISK_ESTABLISHED_ACCOUNT,,,phase3-v1
tx_0000181,2026-03-20 11:40:44,0,0.0,LOW,APPROVE,0,LOW_RISK_ESTABLISHED_ACCOUNT,,,phase3-v1
tx_0015038,2026-03-20 11:48:57,0,0.0002,LOW,APPROVE,0,HIGH_AMOUNT_ANOMALY,,,phase3-v1
tx_0013186,2026-03-20 11:54:13,0,0.0001,LOW,APPROVE,0,LOW_RISK_ESTABLISHED_ACCOUNT,,,phase3-v1
tx_0012775,2026-03-20 11:54:41,0,0.0,LOW,APPROVE,0,PROMO_ACTIVITY,,,phase3-v1
tx_0011638,2026-03-20 11:54:41,0,0.0001,LOW,APPROVE,0,LOW_RISK_ESTABLISHED_ACCOUNT,,,phase3-v1
tx_0020179,2026-03-20 11:57:05,0,0.0,LOW,APPROVE,0,LOW_RISK_ESTABLISHED_ACCOUNT,,,phase3-v1
tx_0012905,2026-03-20 11:59:07,0,0.0,LOW,APPROVE,0,LOW_RISK_ESTABLISHED_ACCOUNT,,,phase3-v1
tx_0025191,2026-03-20 12:00:56,0,0.0001,LOW,APPROVE,0,GRAPH_MULTI_ENTITY_OVERLAP,GRAPH_SHARED_ADDRESS,,phase3-v1
tx_0010354,2026-03-20 12:02:11,0,0.0001,LOW,APPROVE,0,LOW_RISK_ESTABLISHED_ACCOUNT,,,phase3-v1
tx_0020569,2026-03-20 12:04:26,0,0.0001,LOW,APPROVE,0,LOW_RISK_ESTABLISHED_ACCOUNT,,,phase3-v1
tx_0020560,2026-03-20 12:04:27,0,0.0001,LOW,APPROVE,0,LOW_RISK_ESTABLISHED_ACCOUNT,,,phase3-v1
tx_0018186,2026-03-20 12:10:46,0,0.0001,LOW,APPROVE,0,LOW_RISK_ESTABLISHED_ACCOUNT,,,phase3-v1
tx_0022843,2026-03-20 12:12:11,0,0.0001,LOW,APPROVE,0,GRAPH_MULTI_ENTITY_OVERLAP,GRAPH_SHARED_ADDRESS,GRAPH_CONNECTED_USERS,phase3-v1
tx_0007470,2026-03-20 12:13:23,0,0.0,LOW,APPROVE,0,LOW_RISK_ESTABLISHED_ACCOUNT,,,phase3-v1
tx_0025473,2026-03-20 12:14:08,0,0.0001,LOW,APPROVE,0,GRAPH_SHARED_ADDRESS,GRAPH_MULTI_ENTITY_OVERLAP,GRAPH_CONNECTED_USERS,phase3-v1
tx_0007918,2026-03-20 12:17:54,0,0.0,LOW,APPROVE,0,LOW_RISK_ESTABLISHED_ACCOUNT,,,phase3-v1
tx_0001899,2026-03-20 12:23:15,0,0.0,LOW,APPROVE,0,LOW_RISK_ESTABLISHED_ACCOUNT,,,phase3-v1
tx_0025059,2026-03-20 12:30:04,0,0.0001,LOW,APPROVE,0,GRAPH_SHARED_ADDRESS,GRAPH_MULTI_ENTITY_OVERLAP,GRAPH_CONNECTED_USERS,phase3-v1
tx_0024883,2026-03-20 12:33:37,0,0.0001,LOW,APPROVE,0,GRAPH_CONNECTED_USERS,,,phase3-v1
tx_0007165,2026-03-20 12:34:03,0,0.0001,LOW,APPROVE,0,LOW_RISK_ESTABLISHED_ACCOUNT,,,phase3-v1
tx_0018639,2026-03-20 12:36:47,0,0.0002,LOW,APPROVE,0,HIGH_AMOUNT_ANOMALY,,,phase3-v1
tx_0024880,2026-03-20 12:37:00,0,0.0001,LOW,APPROVE,0,GRAPH_CONNECTED_USERS,HIGH_1H_VELOCITY,,phase3-v1
tx_0018921,2026-03-20 12:38:09,0,0.0001,LOW,APPROVE,0,LOW_RISK_ESTABLISHED_ACCOUNT,,,phase3-v1
tx_0013271,2026-03-20 12:44:12,0,0.0,LOW,APPROVE,0,LOW_RISK_ESTABLISHED_ACCOUNT,,,phase3-v1
tx_0004298,2026-03-20 12:44:51,0,0.0,LOW,APPROVE,0,LOW_RISK_ESTABLISHED_ACCOUNT,,,phase3-v1
tx_0012352,2026-03-20 12:45:54,0,0.0001,LOW,APPROVE,0,LOW_RISK_ESTABLISHED_ACCOUNT,,,phase3-v1
tx_0024386,2026-03-20 12:48:20,0,0.0001,LOW,APPROVE,0,GRAPH_SHARED_ADDRESS,GRAPH_MULTI_ENTITY_OVERLAP,GRAPH_CONNECTED_USERS,phase3-v1
tx_0018525,2026-03-20 12:49:10,0,0.0,LOW,APPROVE,0,LOW_RISK_ESTABLISHED_ACCOUNT,,,phase3-v1
tx_0025988,2026-03-20 12:51:48,0,0.0001,LOW,APPROVE,0,GRAPH_MULTI_ENTITY_OVERLAP,GRAPH_SHARED_ADDRESS,,phase3-v1
tx_0003155,2026-03-20 12:54:57,0,0.0001,LOW,APPROVE,0,LOW_RISK_ESTABLISHED_ACCOUNT,,,phase3-v1
tx_0012922,2026-03-20 12:55:34,0,0.0,LOW,APPROVE,0,LOW_RISK_ESTABLISHED_ACCOUNT,,,phase3-v1
tx_0022362,2026-03-20 12:58:06,0,0.0,LOW,APPROVE,0,LOW_RISK_ESTABLISHED_ACCOUNT,,,phase3-v1
tx_0016314,2026-03-20 12:58:48,0,0.0001,LOW,APPROVE,0,LOW_RISK_ESTABLISHED_ACCOUNT,,,phase3-v1
tx_0018987,2026-03-20 12:59:08,0,0.0001,LOW,APPROVE,0,LOW_RISK_ESTABLISHED_ACCOUNT,,,phase3-v1
tx_0021746,2026-03-20 13:00:26,0,0.0,LOW,APPROVE,0,LOW_RISK_ESTABLISHED_ACCOUNT,,,phase3-v1
tx_0010444,2026-03-20 13:02:09,0,0.0,LOW,APPROVE,0,LOW_RISK_ESTABLISHED_ACCOUNT,,,phase3-v1
tx_0010762,2026-03-20 13:09:35,0,0.0001,LOW,APPROVE,0,LOW_RISK_ESTABLISHED_ACCOUNT,,,phase3-v1
tx_0013005,2026-03-20 13:16:15,0,0.0,LOW,APPROVE,0,LOW_RISK_ESTABLISHED_ACCOUNT,,,phase3-v1
tx_0018063,2026-03-20 13:19:27,0,0.0,LOW,APPROVE,0,LOW_RISK_ESTABLISHED_ACCOUNT,,,phase3-v1
tx_0002320,2026-03-20 13:22:10,0,0.0,LOW,APPROVE,0,LOW_RISK_ESTABLISHED_ACCOUNT,,,phase3-v1
tx_0017845,2026-03-20 13:24:17,0,0.0,LOW,APPROVE,0,LOW_RISK_ESTABLISHED_ACCOUNT,,,phase3-v1
tx_0005054,2026-03-20 13:24:48,0,0.0001,LOW,APPROVE,0,LOW_RISK_ESTABLISHED_ACCOUNT,,,phase3-v1
tx_0013118,2026-03-20 13:26:11,0,0.0001,LOW,APPROVE,0,LOW_RISK_ESTABLISHED_ACCOUNT,,,phase3-v1
tx_0011554,2026-03-20 13:26:42,0,0.0,LOW,APPROVE,0,LOW_RISK_ESTABLISHED_ACCOUNT,,,phase3-v1
tx_0005687,2026-03-20 13:29:38,0,0.0,LOW,APPROVE,0,LOW_RISK_ESTABLISHED_ACCOUNT,,,phase3-v1
tx_0012568,2026-03-20 13:30:53,0,0.0,LOW,APPROVE,0,PROMO_ACTIVITY,,,phase3-v1
tx_0012455,2026-03-20 13:32:49,0,0.0,LOW,APPROVE,0,LOW_RISK_ESTABLISHED_ACCOUNT,,,phase3-v1
tx_0018682,2026-03-20 13:40:39,0,0.0,LOW,APPROVE,0,LOW_RISK_ESTABLISHED_ACCOUNT,,,phase3-v1
tx_0023630,2026-03-20 13:43:04,0,0.0003,LOW,APPROVE,0,GRAPH_CONNECTED_USERS,,,phase3-v1
tx_0014207,2026-03-20 13:43:16,0,0.0,LOW,APPROVE,0,LOW_RISK_ESTABLISHED_ACCOUNT,,,phase3-v1
tx_0016234,2026-03-20 13:45:24,0,0.0,LOW,APPROVE,0,LOW_RISK_ESTABLISHED_ACCOUNT,,,phase3-v1
tx_0005340,2026-03-20 13:46:41,0,0.0001,LOW,APPROVE,0,PROMO_ACTIVITY,,,phase3-v1
tx_0003106,2026-03-20 13:49:42,0,0.0,LOW,APPROVE,0,LOW_RISK_ESTABLISHED_ACCOUNT,,,phase3-v1
tx_0019647,2026-03-20 13:50:13,0,0.0,LOW,APPROVE,0,LOW_RISK_ESTABLISHED_ACCOUNT,,,phase3-v1
tx_0008291,2026-03-20 13:54:47,0,0.0,LOW,APPROVE,0,LOW_RISK_ESTABLISHED_ACCOUNT,,,phase3-v1
tx_0025507,2026-03-20 13:58:07,0,0.0002,LOW,APPROVE,0,GRAPH_SHARED_PAYMENT,GRAPH_MULTI_ENTITY_OVERLAP,GRAPH_SHARED_ADDRESS,phase3-v1
tx_0021900,2026-03-20 13:58:42,0,0.0,LOW,APPROVE,0,LOW_RISK_ESTABLISHED_ACCOUNT,,,phase3-v1
tx_0001033,2026-03-20 13:59:45,0,0.0,LOW,APPROVE,0,LOW_RISK_ESTABLISHED_ACCOUNT,,,phase3-v1
tx_0022811,2026-03-20 14:00:55,0,0.0183,LOW,APPROVE,0,GRAPH_SHARED_ADDRESS,GRAPH_MULTI_ENTITY_OVERLAP,GRAPH_CONNECTED_USERS,phase3-v1
tx_0013087,2026-03-20 14:01:00,0,0.0,LOW,APPROVE,0,LOW_RISK_ESTABLISHED_ACCOUNT,,,phase3-v1
tx_0019804,2026-03-20 14:03:18,0,0.0,LOW,APPROVE,0,LOW_RISK_ESTABLISHED_ACCOUNT,,,phase3-v1
tx_0025966,2026-03-20 14:05:07,0,0.0001,LOW,APPROVE,0,GRAPH_MULTI_ENTITY_OVERLAP,GRAPH_SHARED_ADDRESS,,phase3-v1
tx_0007604,2026-03-20 14:18:35,0,0.0,LOW,APPROVE,0,LOW_RISK_ESTABLISHED_ACCOUNT,,,phase3-v1
tx_0000760,2026-03-20 14:23:06,0,0.0,LOW,APPROVE,0,LOW_RISK_ESTABLISHED_ACCOUNT,,,phase3-v1
tx_0008888,2026-03-20 14:24:30,0,0.0001,LOW,APPROVE,0,LOW_RISK_ESTABLISHED_ACCOUNT,,,phase3-v1
tx_0021664,2026-03-20 14:24:46,0,0.0001,LOW,APPROVE,0,LOW_RISK_ESTABLISHED_ACCOUNT,,,phase3-v1
tx_0009674,2026-03-20 14:27:03,0,0.0,LOW,APPROVE,0,LOW_RISK_ESTABLISHED_ACCOUNT,,,phase3-v1
tx_0016928,2026-03-20 14:27:21,0,0.0003,LOW,APPROVE,0,NEW_ACCOUNT,,,phase3-v1
tx_0000300,2026-03-20 14:28:47,0,0.005,LOW,APPROVE,0,NEW_ACCOUNT,,,phase3-v1
tx_0007490,2026-03-20 14:29:37,0,0.0,LOW,APPROVE,0,LOW_RISK_ESTABLISHED_ACCOUNT,,,phase3-v1
tx_0009424,2026-03-20 14:32:40,0,0.0001,LOW,APPROVE,0,LOW_RISK_ESTABLISHED_ACCOUNT,,,phase3-v1
tx_0025337,2026-03-20 14:33:58,0,0.0004,LOW,APPROVE,0,GRAPH_CONNECTED_USERS,,,phase3-v1
tx_0008875,2026-03-20 14:34:26,0,0.0001,LOW,APPROVE,0,LOW_RISK_ESTABLISHED_ACCOUNT,,,phase3-v1
tx_0002291,2026-03-20 14:38:28,0,0.0,LOW,APPROVE,0,LOW_RISK_ESTABLISHED_ACCOUNT,,,phase3-v1
tx_0001585,2026-03-20 14:44:02,0,0.0,LOW,APPROVE,0,LOW_RISK_ESTABLISHED_ACCOUNT,,,phase3-v1
tx_0023996,2026-03-20 14:46:32,0,0.0005,LOW,APPROVE,0,GRAPH_MULTI_ENTITY_OVERLAP,NEW_ACCOUNT,GRAPH_CONNECTED_USERS,phase3-v1
tx_0011093,2026-03-20 14:51:18,0,0.0,LOW,APPROVE,0,LOW_RISK_ESTABLISHED_ACCOUNT,,,phase3-v1
tx_0013317,2026-03-20 14:52:34,0,0.0,LOW,APPROVE,0,LOW_RISK_ESTABLISHED_ACCOUNT,,,phase3-v1
tx_0023710,2026-03-20 14:53:59,0,0.0001,LOW,APPROVE,0,GRAPH_SHARED_ADDRESS,GRAPH_MULTI_ENTITY_OVERLAP,GRAPH_CONNECTED_USERS,phase3-v1
tx_0020144,2026-03-20 14:59:51,0,0.0,LOW,APPROVE,0,LOW_RISK_ESTABLISHED_ACCOUNT,,,phase3-v1
tx_0022402,2026-03-20 15:00:03,0,0.0001,LOW,APPROVE,0,LOW_RISK_ESTABLISHED_ACCOUNT,,,phase3-v1
tx_0025581,2026-03-20 15:00:07,0,0.0004,LOW,APPROVE,0,GRAPH_CONNECTED_USERS,,,phase3-v1
tx_0016930,2026-03-20 15:01:34,0,0.0002,LOW,APPROVE,0,HIGH_1H_VELOCITY,NEW_ACCOUNT,,phase3-v1
tx_0021385,2026-03-20 15:01:34,0,0.0,LOW,APPROVE,0,LOW_RISK_ESTABLISHED_ACCOUNT,,,phase3-v1
tx_0011566,2026-03-20 15:02:41,0,0.0,LOW,APPROVE,0,LOW_RISK_ESTABLISHED_ACCOUNT,,,phase3-v1
tx_0021772,2026-03-20 15:09:27,0,0.0,LOW,APPROVE,0,LOW_RISK_ESTABLISHED_ACCOUNT,,,phase3-v1
tx_0019510,2026-03-20 15:15:46,0,0.0,LOW,APPROVE,0,LOW_RISK_ESTABLISHED_ACCOUNT,,,phase3-v1
tx_0001708,2026-03-20 15:23:30,0,0.0001,LOW,APPROVE,0,LOW_RISK_ESTABLISHED_ACCOUNT,,,phase3-v1
tx_0000893,2026-03-20 15:23:58,0,0.0,LOW,APPROVE,0,LOW_RISK_ESTABLISHED_ACCOUNT,,,phase3-v1
tx_0010682,2026-03-20 15:24:56,0,0.0001,LOW,APPROVE,0,LOW_RISK_ESTABLISHED_ACCOUNT,,,phase3-v1
tx_0004835,2026-03-20 15:28:32,0,0.0,LOW,APPROVE,0,LOW_RISK_ESTABLISHED_ACCOUNT,,,phase3-v1
tx_0017568,2026-03-20 15:36:52,0,0.0001,LOW,APPROVE,0,LOW_RISK_ESTABLISHED_ACCOUNT,,,phase3-v1
tx_0020722,2026-03-20 15:38:02,0,0.0001,LOW,APPROVE,0,LOW_RISK_ESTABLISHED_ACCOUNT,,,phase3-v1
tx_0020332,2026-03-20 15:38:42,0,0.0,LOW,APPROVE,0,LOW_RISK_ESTABLISHED_ACCOUNT,,,phase3-v1
tx_0011976,2026-03-20 15:40:13,0,0.0,LOW,APPROVE,0,LOW_RISK_ESTABLISHED_ACCOUNT,,,phase3-v1
tx_0002617,2026-03-20 15:40:27,0,0.0,LOW,APPROVE,0,LOW_RISK_ESTABLISHED_ACCOUNT,,,phase3-v1
tx_0002892,2026-03-20 15:42:23,0,0.0001,LOW,APPROVE,0,LOW_RISK_ESTABLISHED_ACCOUNT,,,phase3-v1
tx_0007590,2026-03-20 15:46:04,0,0.0,LOW,APPROVE,0,LOW_RISK_ESTABLISHED_ACCOUNT,,,phase3-v1
tx_0022377,2026-03-20 15:46:30,0,0.0001,LOW,APPROVE,0,LOW_RISK_ESTABLISHED_ACCOUNT,,,phase3-v1
tx_0025898,2026-03-20 15:50:13,0,0.0001,LOW,APPROVE,0,GRAPH_SHARED_ADDRESS,GRAPH_MULTI_ENTITY_OVERLAP,GRAPH_CONNECTED_USERS,phase3-v1
tx_0001794,2026-03-20 15:50:16,0,0.0,LOW,APPROVE,0,LOW_RISK_ESTABLISHED_ACCOUNT,,,phase3-v1
tx_0023165,2026-03-20 15:55:48,0,0.0001,LOW,APPROVE,0,GRAPH_SHARED_ADDRESS,GRAPH_MULTI_ENTITY_OVERLAP,GRAPH_CONNECTED_USERS,phase3-v1
tx_0016591,2026-03-20 16:02:30,0,0.0,LOW,APPROVE,0,LOW_RISK_ESTABLISHED_ACCOUNT,,,phase3-v1
tx_0018273,2026-03-20 16:04:21,0,0.0,LOW,APPROVE,0,LOW_RISK_ESTABLISHED_ACCOUNT,,,phase3-v1
tx_0023021,2026-03-20 16:09:39,0,0.0001,LOW,APPROVE,0,GRAPH_CONNECTED_USERS,,,phase3-v1
tx_0020527,2026-03-20 16:10:36,0,0.0001,LOW,APPROVE,0,LOW_RISK_ESTABLISHED_ACCOUNT,,,phase3-v1
tx_0009755,2026-03-20 16:13:44,0,0.0001,LOW,APPROVE,0,HIGH_AMOUNT_ANOMALY,,,phase3-v1
tx_0013169,2026-03-20 16:14:42,0,0.0001,LOW,APPROVE,0,LOW_RISK_ESTABLISHED_ACCOUNT,,,phase3-v1
tx_0013807,2026-03-20 16:15:53,0,0.0,LOW,APPROVE,0,LOW_RISK_ESTABLISHED_ACCOUNT,,,phase3-v1
tx_0002393,2026-03-20 16:16:34,0,0.0,LOW,APPROVE,0,LOW_RISK_ESTABLISHED_ACCOUNT,,,phase3-v1
tx_0022548,2026-03-20 16:16:37,0,0.0,LOW,APPROVE,0,LOW_RISK_ESTABLISHED_ACCOUNT,,,phase3-v1
tx_0004537,2026-03-20 16:16:44,0,0.0,LOW,APPROVE,0,LOW_RISK_ESTABLISHED_ACCOUNT,,,phase3-v1
tx_0021798,2026-03-20 16:16:51,0,0.0001,LOW,APPROVE,0,LOW_RISK_ESTABLISHED_ACCOUNT,,,phase3-v1
tx_0024171,2026-03-20 16:18:39,0,0.0003,LOW,APPROVE,0,GRAPH_MULTI_ENTITY_OVERLAP,GRAPH_CONNECTED_USERS,GRAPH_SHARED_ADDRESS,phase3-v1
tx_0005079,2026-03-20 16:18:45,0,0.0001,LOW,APPROVE,0,HIGH_AMOUNT_ANOMALY,,,phase3-v1
tx_0001926,2026-03-20 16:22:53,0,0.0001,LOW,APPROVE,0,LOW_RISK_ESTABLISHED_ACCOUNT,,,phase3-v1
tx_0015938,2026-03-20 16:23:54,0,0.0,LOW,APPROVE,0,LOW_RISK_ESTABLISHED_ACCOUNT,,,phase3-v1
tx_0014169,2026-03-20 16:24:16,0,0.0,LOW,APPROVE,0,LOW_RISK_ESTABLISHED_ACCOUNT,,,phase3-v1
tx_0011410,2026-03-20 16:25:14,0,0.0,LOW,APPROVE,0,LOW_RISK_ESTABLISHED_ACCOUNT,,,phase3-v1
tx_0025829,2026-03-20 16:26:48,0,0.0002,LOW,APPROVE,0,GRAPH_MULTI_ENTITY_OVERLAP,GRAPH_SHARED_ADDRESS,,phase3-v1
tx_0021689,2026-03-20 16:28:28,0,0.0,LOW,APPROVE,0,LOW_RISK_ESTABLISHED_ACCOUNT,,,phase3-v1
tx_0016279,2026-03-20 16:30:28,0,0.0001,LOW,APPROVE,0,LOW_RISK_ESTABLISHED_ACCOUNT,,,phase3-v1
tx_0016398,2026-03-20 16:32:41,0,0.0,LOW,APPROVE,0,LOW_RISK_ESTABLISHED_ACCOUNT,,,phase3-v1
tx_0017683,2026-03-20 16:32:46,0,0.0,LOW,APPROVE,0,LOW_RISK_ESTABLISHED_ACCOUNT,,,phase3-v1
tx_0005245,2026-03-20 16:38:18,0,0.0,LOW,APPROVE,0,PROMO_ACTIVITY,,,phase3-v1
tx_0007151,2026-03-20 16:38:46,0,0.0,LOW,APPROVE,0,LOW_RISK_ESTABLISHED_ACCOUNT,,,phase3-v1
tx_0012597,2026-03-20 16:39:10,0,0.0,LOW,APPROVE,0,LOW_RISK_ESTABLISHED_ACCOUNT,,,phase3-v1
tx_0019148,2026-03-20 16:41:14,0,0.0,LOW,APPROVE,0,LOW_RISK_ESTABLISHED_ACCOUNT,,,phase3-v1
tx_0000299,2026-03-20 16:41:38,0,0.4797,LOW,APPROVE,0,NEW_ACCOUNT,,,phase3-v1
tx_0015471,2026-03-20 16:42:53,0,0.0001,LOW,APPROVE,0,LOW_RISK_ESTABLISHED_ACCOUNT,,,phase3-v1
tx_0025817,2026-03-20 16:43:34,0,0.0006,LOW,APPROVE,0,GRAPH_CONNECTED_USERS,,,phase3-v1
tx_0022544,2026-03-20 16:43:57,0,0.0001,LOW,APPROVE,0,HIGH_1H_VELOCITY,,,phase3-v1
tx_0000103,2026-03-20 16:44:33,0,0.0002,LOW,APPROVE,0,HIGH_AMOUNT_ANOMALY,,,phase3-v1
tx_0018111,2026-03-20 16:45:35,0,0.0,LOW,APPROVE,0,LOW_RISK_ESTABLISHED_ACCOUNT,,,phase3-v1
tx_0021919,2026-03-20 16:48:15,0,0.0002,LOW,APPROVE,0,HIGH_AMOUNT_ANOMALY,,,phase3-v1
tx_0001180,2026-03-20 16:49:03,0,0.0,LOW,APPROVE,0,LOW_RISK_ESTABLISHED_ACCOUNT,,,phase3-v1
tx_0021718,2026-03-20 16:57:07,0,0.0,LOW,APPROVE,0,LOW_RISK_ESTABLISHED_ACCOUNT,,,phase3-v1
tx_0017535,2026-03-20 17:00:19,0,0.0,LOW,APPROVE,0,LOW_RISK_ESTABLISHED_ACCOUNT,,,phase3-v1
tx_0022674,2026-03-20 17:01:14,0,0.0001,LOW,APPROVE,0,GRAPH_SHARED_ADDRESS,GRAPH_CONNECTED_USERS,GRAPH_MULTI_ENTITY_OVERLAP,phase3-v1
tx_0008217,2026-03-20 17:02:00,0,0.0,LOW,APPROVE,0,LOW_RISK_ESTABLISHED_ACCOUNT,,,phase3-v1
tx_0018803,2026-03-20 17:02:57,0,0.0,LOW,APPROVE,0,LOW_RISK_ESTABLISHED_ACCOUNT,,,phase3-v1
tx_0022465,2026-03-20 17:05:25,0,0.0,LOW,APPROVE,0,LOW_RISK_ESTABLISHED_ACCOUNT,,,phase3-v1
tx_0012295,2026-03-20 17:06:26,0,0.0,LOW,APPROVE,0,LOW_RISK_ESTABLISHED_ACCOUNT,,,phase3-v1
tx_0023956,2026-03-20 17:12:39,0,0.0002,LOW,APPROVE,0,GRAPH_SHARED_PAYMENT,GRAPH_SHARED_ADDRESS,GRAPH_MULTI_ENTITY_OVERLAP,phase3-v1
tx_0021500,2026-03-20 17:13:30,0,0.0001,LOW,APPROVE,0,LOW_RISK_ESTABLISHED_ACCOUNT,,,phase3-v1
tx_0015042,2026-03-20 17:13:42,0,0.0,LOW,APPROVE,0,LOW_RISK_ESTABLISHED_ACCOUNT,,,phase3-v1
tx_0001494,2026-03-20 17:16:28,0,0.0,LOW,APPROVE,0,LOW_RISK_ESTABLISHED_ACCOUNT,,,phase3-v1
tx_0012548,2026-03-20 17:17:31,0,0.0,LOW,APPROVE,0,LOW_RISK_ESTABLISHED_ACCOUNT,,,phase3-v1
tx_0002642,2026-03-20 17:21:34,0,0.0,LOW,APPROVE,0,LOW_RISK_ESTABLISHED_ACCOUNT,,,phase3-v1
tx_0005168,2026-03-20 17:24:36,0,0.0,LOW,APPROVE,0,LOW_RISK_ESTABLISHED_ACCOUNT,,,phase3-v1
tx_0003108,2026-03-20 17:27:06,0,0.0,LOW,APPROVE,0,LOW_RISK_ESTABLISHED_ACCOUNT,,,phase3-v1
tx_0024934,2026-03-20 17:27:31,0,0.0001,LOW,APPROVE,0,GRAPH_MULTI_ENTITY_OVERLAP,GRAPH_SHARED_ADDRESS,,phase3-v1
tx_0001184,2026-03-20 17:27:46,0,0.0,LOW,APPROVE,0,LOW_RISK_ESTABLISHED_ACCOUNT,,,phase3-v1
tx_0020420,2026-03-20 17:27:57,0,0.0,LOW,APPROVE,0,LOW_RISK_ESTABLISHED_ACCOUNT,,,phase3-v1
tx_0011888,2026-03-20 17:29:12,0,0.0001,LOW,APPROVE,0,LOW_RISK_ESTABLISHED_ACCOUNT,,,phase3-v1
tx_0020978,2026-03-20 17:33:50,0,0.0001,LOW,APPROVE,0,LOW_RISK_ESTABLISHED_ACCOUNT,,,phase3-v1
tx_0011020,2026-03-20 17:34:11,0,0.0001,LOW,APPROVE,0,LOW_RISK_ESTABLISHED_ACCOUNT,,,phase3-v1
tx_0010276,2026-03-20 17:34:33,0,0.0,LOW,APPROVE,0,LOW_RISK_ESTABLISHED_ACCOUNT,,,phase3-v1
tx_0001173,2026-03-20 17:39:53,0,0.0,LOW,APPROVE,0,LOW_RISK_ESTABLISHED_ACCOUNT,,,phase3-v1
tx_0018609,2026-03-20 17:46:24,0,0.0,LOW,APPROVE,0,LOW_RISK_ESTABLISHED_ACCOUNT,,,phase3-v1
tx_0008177,2026-03-20 17:49:58,0,0.0,LOW,APPROVE,0,LOW_RISK_ESTABLISHED_ACCOUNT,,,phase3-v1
tx_0007178,2026-03-20 17:58:23,0,0.0,LOW,APPROVE,0,LOW_RISK_ESTABLISHED_ACCOUNT,,,phase3-v1
tx_0018711,2026-03-20 18:00:23,0,0.0,LOW,APPROVE,0,LOW_RISK_ESTABLISHED_ACCOUNT,,,phase3-v1
tx_0018751,2026-03-20 18:01:53,0,0.0001,LOW,APPROVE,0,LOW_RISK_ESTABLISHED_ACCOUNT,,,phase3-v1
tx_0011687,2026-03-20 18:02:04,0,0.0001,LOW,APPROVE,0,LOW_RISK_ESTABLISHED_ACCOUNT,,,phase3-v1
tx_0022963,2026-03-20 18:04:10,0,0.0001,LOW,APPROVE,0,GRAPH_SHARED_ADDRESS,GRAPH_MULTI_ENTITY_OVERLAP,GRAPH_CONNECTED_USERS,phase3-v1
tx_0023795,2026-03-20 18:05:37,0,0.0004,LOW,APPROVE,0,GRAPH_CONNECTED_USERS,,,phase3-v1
tx_0011204,2026-03-20 18:08:20,0,0.0,LOW,APPROVE,0,PROMO_ACTIVITY,,,phase3-v1
tx_0009624,2026-03-20 18:09:10,0,0.0,LOW,APPROVE,0,LOW_RISK_ESTABLISHED_ACCOUNT,,,phase3-v1
tx_0025275,2026-03-20 18:11:15,0,0.0004,LOW,APPROVE,0,GRAPH_CONNECTED_USERS,,,phase3-v1
tx_0014298,2026-03-20 18:13:03,0,0.0001,LOW,APPROVE,0,LOW_RISK_ESTABLISHED_ACCOUNT,,,phase3-v1
tx_0005926,2026-03-20 18:16:06,0,0.0,LOW,APPROVE,0,LOW_RISK_ESTABLISHED_ACCOUNT,,,phase3-v1
tx_0011282,2026-03-20 18:18:20,0,0.0001,LOW,APPROVE,0,LOW_RISK_ESTABLISHED_ACCOUNT,,,phase3-v1
tx_0004627,2026-03-20 18:20:58,0,0.0,LOW,APPROVE,0,LOW_RISK_ESTABLISHED_ACCOUNT,,,phase3-v1
tx_0009892,2026-03-20 18:23:10,0,0.0,LOW,APPROVE,0,LOW_RISK_ESTABLISHED_ACCOUNT,,,phase3-v1
tx_0001468,2026-03-20 18:24:59,0,0.0,LOW,APPROVE,0,LOW_RISK_ESTABLISHED_ACCOUNT,,,phase3-v1
tx_0019141,2026-03-20 18:30:32,0,0.0,LOW,APPROVE,0,HIGH_AMOUNT_ANOMALY,,,phase3-v1
tx_0007060,2026-03-20 18:31:18,0,0.0,LOW,APPROVE,0,LOW_RISK_ESTABLISHED_ACCOUNT,,,phase3-v1
tx_0021395,2026-03-20 18:33:01,0,0.0001,LOW,APPROVE,0,LOW_RISK_ESTABLISHED_ACCOUNT,,,phase3-v1
tx_0008312,2026-03-20 18:33:24,0,0.0001,LOW,APPROVE,0,LOW_RISK_ESTABLISHED_ACCOUNT,,,phase3-v1
tx_0021925,2026-03-20 18:34:52,0,0.4074,LOW,APPROVE,0,NEW_ACCOUNT,,,phase3-v1
tx_0008032,2026-03-20 18:36:19,0,0.0,LOW,APPROVE,0,LOW_RISK_ESTABLISHED_ACCOUNT,,,phase3-v1
tx_0020416,2026-03-20 18:36:44,0,0.0,LOW,APPROVE,0,LOW_RISK_ESTABLISHED_ACCOUNT,,,phase3-v1
tx_0018769,2026-03-20 18:38:30,0,0.0,LOW,APPROVE,0,LOW_RISK_ESTABLISHED_ACCOUNT,,,phase3-v1
tx_0008929,2026-03-20 18:44:58,0,0.0001,LOW,APPROVE,0,LOW_RISK_ESTABLISHED_ACCOUNT,,,phase3-v1
tx_0006980,2026-03-20 18:45:00,0,0.0,LOW,APPROVE,0,LOW_RISK_ESTABLISHED_ACCOUNT,,,phase3-v1
tx_0013949,2026-03-20 18:46:14,0,0.0,LOW,APPROVE,0,LOW_RISK_ESTABLISHED_ACCOUNT,,,phase3-v1
tx_0004213,2026-03-20 18:47:18,0,0.0,LOW,APPROVE,0,LOW_RISK_ESTABLISHED_ACCOUNT,,,phase3-v1
tx_0022958,2026-03-20 18:49:05,0,0.0004,LOW,APPROVE,0,GRAPH_SHARED_ADDRESS,GRAPH_CONNECTED_USERS,GRAPH_MULTI_ENTITY_OVERLAP,phase3-v1
tx_0008577,2026-03-20 18:52:17,0,0.0,LOW,APPROVE,0,LOW_RISK_ESTABLISHED_ACCOUNT,,,phase3-v1
tx_0013553,2026-03-20 18:53:26,0,0.0,LOW,APPROVE,0,LOW_RISK_ESTABLISHED_ACCOUNT,,,phase3-v1
tx_0008871,2026-03-20 18:56:47,0,0.0,LOW,APPROVE,0,LOW_RISK_ESTABLISHED_ACCOUNT,,,phase3-v1
tx_0011302,2026-03-20 18:57:12,0,0.0,LOW,APPROVE,0,LOW_RISK_ESTABLISHED_ACCOUNT,,,phase3-v1
tx_0025877,2026-03-20 19:01:57,0,0.0001,LOW,APPROVE,0,GRAPH_CONNECTED_USERS,,,phase3-v1
tx_0022933,2026-03-20 19:02:22,0,0.0001,LOW,APPROVE,0,GRAPH_CONNECTED_USERS,,,phase3-v1
tx_0014611,2026-03-20 19:03:03,0,0.0,LOW,APPROVE,0,LOW_RISK_ESTABLISHED_ACCOUNT,,,phase3-v1
tx_0021629,2026-03-20 19:05:58,0,0.0001,LOW,APPROVE,0,LOW_RISK_ESTABLISHED_ACCOUNT,,,phase3-v1
tx_0005109,2026-03-20 19:06:20,0,0.0,LOW,APPROVE,0,LOW_RISK_ESTABLISHED_ACCOUNT,,,phase3-v1
tx_0000607,2026-03-20 19:07:03,0,0.0,LOW,APPROVE,0,LOW_RISK_ESTABLISHED_ACCOUNT,,,phase3-v1
tx_0000090,2026-03-20 19:11:56,0,0.0001,LOW,APPROVE,0,LOW_RISK_ESTABLISHED_ACCOUNT,,,phase3-v1
tx_0007971,2026-03-20 19:15:41,0,0.0,LOW,APPROVE,0,LOW_RISK_ESTABLISHED_ACCOUNT,,,phase3-v1
tx_0022301,2026-03-20 19:15:53,0,0.0001,LOW,APPROVE,0,HIGH_AMOUNT_ANOMALY,,,phase3-v1
tx_0021049,2026-03-20 19:16:25,0,0.0001,LOW,APPROVE,0,HIGH_AMOUNT_ANOMALY,,,phase3-v1
tx_0012125,2026-03-20 19:20:34,0,0.0001,LOW,APPROVE,0,LOW_RISK_ESTABLISHED_ACCOUNT,,,phase3-v1
tx_0006340,2026-03-20 19:23:51,0,0.0,LOW,APPROVE,0,LOW_RISK_ESTABLISHED_ACCOUNT,,,phase3-v1
tx_0021603,2026-03-20 19:25:10,0,0.0,LOW,APPROVE,0,LOW_RISK_ESTABLISHED_ACCOUNT,,,phase3-v1
tx_0013133,2026-03-20 19:28:52,0,0.0,LOW,APPROVE,0,LOW_RISK_ESTABLISHED_ACCOUNT,,,phase3-v1
tx_0013249,2026-03-20 19:29:09,0,0.0,LOW,APPROVE,0,LOW_RISK_ESTABLISHED_ACCOUNT,,,phase3-v1
tx_0016598,2026-03-20 19:30:44,0,0.0001,LOW,APPROVE,0,LOW_RISK_ESTABLISHED_ACCOUNT,,,phase3-v1
tx_0023094,2026-03-20 19:32:17,0,0.0001,LOW,APPROVE,0,GRAPH_CONNECTED_USERS,,,phase3-v1
tx_0014509,2026-03-20 19:32:33,0,0.0,LOW,APPROVE,0,LOW_RISK_ESTABLISHED_ACCOUNT,,,phase3-v1
tx_0025776,2026-03-20 19:34:26,0,0.0002,LOW,APPROVE,0,GRAPH_SHARED_PAYMENT,GRAPH_SHARED_ADDRESS,GRAPH_MULTI_ENTITY_OVERLAP,phase3-v1
tx_0018074,2026-03-20 19:37:50,0,0.0001,LOW,APPROVE,0,LOW_RISK_ESTABLISHED_ACCOUNT,,,phase3-v1
tx_0002831,2026-03-20 19:39:43,0,0.0,LOW,APPROVE,0,LOW_RISK_ESTABLISHED_ACCOUNT,,,phase3-v1
tx_0014556,2026-03-20 19:40:23,0,0.0,LOW,APPROVE,0,LOW_RISK_ESTABLISHED_ACCOUNT,,,phase3-v1
tx_0023110,2026-03-20 19:42:21,0,0.0004,LOW,APPROVE,0,GRAPH_CONNECTED_USERS,,,phase3-v1
tx_0016968,2026-03-20 19:44:13,0,0.0,LOW,APPROVE,0,LOW_RISK_ESTABLISHED_ACCOUNT,,,phase3-v1
tx_0004143,2026-03-20 19:46:18,0,0.0,LOW,APPROVE,0,LOW_RISK_ESTABLISHED_ACCOUNT,,,phase3-v1
tx_0016842,2026-03-20 19:49:37,0,0.0001,LOW,APPROVE,0,LOW_RISK_ESTABLISHED_ACCOUNT,,,phase3-v1
tx_0023116,2026-03-20 19:51:37,0,0.0004,LOW,APPROVE,0,GRAPH_CONNECTED_USERS,,,phase3-v1
tx_0023822,2026-03-20 19:54:00,0,0.0004,LOW,APPROVE,0,GRAPH_CONNECTED_USERS,,,phase3-v1
tx_0023391,2026-03-20 19:55:40,0,0.0001,LOW,APPROVE,0,GRAPH_CONNECTED_USERS,,,phase3-v1
tx_0008606,2026-03-20 19:56:05,0,0.0,LOW,APPROVE,0,LOW_RISK_ESTABLISHED_ACCOUNT,,,phase3-v1
tx_0000398,2026-03-20 19:56:50,0,0.0,LOW,APPROVE,0,LOW_RISK_ESTABLISHED_ACCOUNT,,,phase3-v1
tx_0015576,2026-03-20 19:58:41,0,0.0,LOW,APPROVE,0,LOW_RISK_ESTABLISHED_ACCOUNT,,,phase3-v1
tx_0020140,2026-03-20 20:01:36,0,0.0001,LOW,APPROVE,0,HIGH_24H_VELOCITY,,,phase3-v1
tx_0010662,2026-03-20 20:02:04,0,0.0001,LOW,APPROVE,0,LOW_RISK_ESTABLISHED_ACCOUNT,,,phase3-v1
tx_0025912,2026-03-20 20:04:06,0,0.0001,LOW,APPROVE,0,GRAPH_SHARED_ADDRESS,GRAPH_MULTI_ENTITY_OVERLAP,GRAPH_CONNECTED_USERS,phase3-v1
tx_0003674,2026-03-20 20:05:18,0,0.0001,LOW,APPROVE,0,LOW_RISK_ESTABLISHED_ACCOUNT,,,phase3-v1
tx_0023598,2026-03-20 20:09:46,0,0.0001,LOW,APPROVE,0,GRAPH_SHARED_ADDRESS,GRAPH_MULTI_ENTITY_OVERLAP,GRAPH_CONNECTED_USERS,phase3-v1
tx_0004306,2026-03-20 20:10:06,0,0.0001,LOW,APPROVE,0,PROMO_ACTIVITY,,,phase3-v1
tx_0008220,2026-03-20 20:13:57,0,0.0001,LOW,APPROVE,0,HIGH_24H_VELOCITY,,,phase3-v1
tx_0023920,2026-03-20 20:22:19,0,0.0001,LOW,APPROVE,0,GRAPH_CONNECTED_USERS,,,phase3-v1
tx_0025693,2026-03-20 20:23:23,0,0.0001,LOW,APPROVE,0,GRAPH_CONNECTED_USERS,,,phase3-v1
tx_0020967,2026-03-20 20:28:53,0,0.0001,LOW,APPROVE,0,LOW_RISK_ESTABLISHED_ACCOUNT,,,phase3-v1
tx_0006462,2026-03-20 20:33:48,0,0.0001,LOW,APPROVE,0,LOW_RISK_ESTABLISHED_ACCOUNT,,,phase3-v1
tx_0025572,2026-03-20 20:38:51,0,0.0006,LOW,APPROVE,0,GRAPH_CONNECTED_USERS,,,phase3-v1
tx_0002189,2026-03-20 20:38:57,0,0.0001,LOW,APPROVE,0,LOW_RISK_ESTABLISHED_ACCOUNT,,,phase3-v1
tx_0020193,2026-03-20 20:41:25,0,0.0001,LOW,APPROVE,0,LOW_RISK_ESTABLISHED_ACCOUNT,,,phase3-v1
tx_0008609,2026-03-20 20:43:22,0,0.0001,LOW,APPROVE,0,HIGH_1H_VELOCITY,,,phase3-v1
tx_0019431,2026-03-20 20:44:40,0,0.0001,LOW,APPROVE,0,HIGH_AMOUNT_ANOMALY,,,phase3-v1
tx_0019274,2026-03-20 20:45:01,0,0.0001,LOW,APPROVE,0,LOW_RISK_ESTABLISHED_ACCOUNT,,,phase3-v1
tx_0000836,2026-03-20 20:46:29,0,0.0001,LOW,APPROVE,0,LOW_RISK_ESTABLISHED_ACCOUNT,,,phase3-v1
tx_0016831,2026-03-20 20:49:28,0,0.0001,LOW,APPROVE,0,LOW_RISK_ESTABLISHED_ACCOUNT,,,phase3-v1
tx_0005869,2026-03-20 20:50:09,0,0.0001,LOW,APPROVE,0,LOW_RISK_ESTABLISHED_ACCOUNT,,,phase3-v1
tx_0000456,2026-03-20 20:50:22,0,0.0001,LOW,APPROVE,0,LOW_RISK_ESTABLISHED_ACCOUNT,,,phase3-v1
tx_0022075,2026-03-20 20:51:49,0,0.0001,LOW,APPROVE,0,LOW_RISK_ESTABLISHED_ACCOUNT,,,phase3-v1
tx_0008164,2026-03-20 20:53:19,0,0.0001,LOW,APPROVE,0,LOW_RISK_ESTABLISHED_ACCOUNT,,,phase3-v1
tx_0017161,2026-03-20 20:54:13,0,0.0001,LOW,APPROVE,0,LOW_RISK_ESTABLISHED_ACCOUNT,,,phase3-v1
tx_0022834,2026-03-20 20:55:17,0,0.0001,LOW,APPROVE,0,GRAPH_SHARED_ADDRESS,GRAPH_MULTI_ENTITY_OVERLAP,GRAPH_CONNECTED_USERS,phase3-v1
tx_0012772,2026-03-20 21:09:41,0,0.0001,LOW,APPROVE,0,LOW_RISK_ESTABLISHED_ACCOUNT,,,phase3-v1
tx_0009813,2026-03-20 21:10:32,0,0.0001,LOW,APPROVE,0,LOW_RISK_ESTABLISHED_ACCOUNT,,,phase3-v1
tx_0001069,2026-03-20 21:18:59,0,0.0001,LOW,APPROVE,0,LOW_RISK_ESTABLISHED_ACCOUNT,,,phase3-v1
tx_0022368,2026-03-20 21:19:10,0,0.0001,LOW,APPROVE,0,LOW_RISK_ESTABLISHED_ACCOUNT,,,phase3-v1
tx_0011286,2026-03-20 21:21:19,0,0.0001,LOW,APPROVE,0,LOW_RISK_ESTABLISHED_ACCOUNT,,,phase3-v1
tx_0008727,2026-03-20 21:24:13,0,0.0001,LOW,APPROVE,0,LOW_RISK_ESTABLISHED_ACCOUNT,,,phase3-v1
tx_0000685,2026-03-20 21:25:06,0,0.0001,LOW,APPROVE,0,LOW_RISK_ESTABLISHED_ACCOUNT,,,phase3-v1
tx_0000911,2026-03-20 21:28:19,0,0.0001,LOW,APPROVE,0,LOW_RISK_ESTABLISHED_ACCOUNT,,,phase3-v1
tx_0012919,2026-03-20 21:32:21,0,0.0001,LOW,APPROVE,0,HIGH_24H_VELOCITY,,,phase3-v1
tx_0016177,2026-03-20 21:35:50,0,0.0001,LOW,APPROVE,0,LOW_RISK_ESTABLISHED_ACCOUNT,,,phase3-v1
tx_0005606,2026-03-20 21:36:19,0,0.0001,LOW,APPROVE,0,LOW_RISK_ESTABLISHED_ACCOUNT,,,phase3-v1
tx_0006073,2026-03-20 21:40:10,0,0.0001,LOW,APPROVE,0,LOW_RISK_ESTABLISHED_ACCOUNT,,,phase3-v1
tx_0022717,2026-03-20 21:41:51,0,0.0001,LOW,APPROVE,0,GRAPH_MULTI_ENTITY_OVERLAP,GRAPH_SHARED_ADDRESS,,phase3-v1
tx_0019985,2026-03-20 21:42:16,0,0.0001,LOW,APPROVE,0,LOW_RISK_ESTABLISHED_ACCOUNT,,,phase3-v1
tx_0001406,2026-03-20 21:42:57,0,0.0001,LOW,APPROVE,0,LOW_RISK_ESTABLISHED_ACCOUNT,,,phase3-v1
tx_0000748,2026-03-20 21:43:10,0,0.0001,LOW,APPROVE,0,LOW_RISK_ESTABLISHED_ACCOUNT,,,phase3-v1
tx_0011559,2026-03-20 21:44:27,0,0.0001,LOW,APPROVE,0,LOW_RISK_ESTABLISHED_ACCOUNT,,,phase3-v1
tx_0005237,2026-03-20 21:44:56,0,0.0001,LOW,APPROVE,0,PROMO_ACTIVITY,,,phase3-v1
tx_0017878,2026-03-20 21:49:49,0,0.0001,LOW,APPROVE,0,LOW_RISK_ESTABLISHED_ACCOUNT,,,phase3-v1
tx_0015556,2026-03-20 21:50:00,0,0.0001,LOW,APPROVE,0,LOW_RISK_ESTABLISHED_ACCOUNT,,,phase3-v1
tx_0016595,2026-03-20 21:51:32,0,0.0003,LOW,APPROVE,0,PROMO_ACTIVITY,,,phase3-v1
tx_0022781,2026-03-20 21:54:36,0,0.0005,LOW,APPROVE,0,GRAPH_CONNECTED_USERS,,,phase3-v1
tx_0000876,2026-03-20 21:55:48,0,0.0001,LOW,APPROVE,0,LOW_RISK_ESTABLISHED_ACCOUNT,,,phase3-v1
tx_0004903,2026-03-20 21:56:32,0,0.0001,LOW,APPROVE,0,LOW_RISK_ESTABLISHED_ACCOUNT,,,phase3-v1
tx_0012147,2026-03-20 21:57:53,0,0.0001,LOW,APPROVE,0,LOW_RISK_ESTABLISHED_ACCOUNT,,,phase3-v1
tx_0015649,2026-03-20 22:07:05,0,0.0001,LOW,APPROVE,0,LOW_RISK_ESTABLISHED_ACCOUNT,,,phase3-v1
tx_0011397,2026-03-20 22:13:08,0,0.0001,LOW,APPROVE,0,LOW_RISK_ESTABLISHED_ACCOUNT,,,phase3-v1
tx_0018298,2026-03-20 22:14:21,0,0.0001,LOW,APPROVE,0,LOW_RISK_ESTABLISHED_ACCOUNT,,,phase3-v1
tx_0023741,2026-03-20 22:18:05,0,0.0001,LOW,APPROVE,0,GRAPH_CONNECTED_USERS,,,phase3-v1
tx_0005641,2026-03-20 22:20:46,0,0.0022,LOW,APPROVE,0,PROMO_ACTIVITY,NEW_ACCOUNT,,phase3-v1
tx_0025547,2026-03-20 22:25:49,0,0.0001,LOW,APPROVE,0,GRAPH_CONNECTED_USERS,,,phase3-v1
tx_0021363,2026-03-20 22:25:59,0,0.0001,LOW,APPROVE,0,LOW_RISK_ESTABLISHED_ACCOUNT,,,phase3-v1
tx_0002510,2026-03-20 22:27:43,0,0.0001,LOW,APPROVE,0,HIGH_AMOUNT_ANOMALY,,,phase3-v1
tx_0003779,2026-03-20 22:29:30,0,0.0001,LOW,APPROVE,0,LOW_RISK_ESTABLISHED_ACCOUNT,,,phase3-v1
tx_0015040,2026-03-20 22:30:22,0,0.0001,LOW,APPROVE,0,LOW_RISK_ESTABLISHED_ACCOUNT,,,phase3-v1
tx_0009529,2026-03-20 22:31:32,0,0.0001,LOW,APPROVE,0,LOW_RISK_ESTABLISHED_ACCOUNT,,,phase3-v1
tx_0020507,2026-03-20 22:37:00,0,0.0001,LOW,APPROVE,0,LOW_RISK_ESTABLISHED_ACCOUNT,,,phase3-v1
tx_0021120,2026-03-20 22:39:06,0,0.0001,LOW,APPROVE,0,LOW_RISK_ESTABLISHED_ACCOUNT,,,phase3-v1
tx_0018217,2026-03-20 22:39:57,0,0.0001,LOW,APPROVE,0,LOW_RISK_ESTABLISHED_ACCOUNT,,,phase3-v1
tx_0017870,2026-03-20 22:40:50,0,0.0001,LOW,APPROVE,0,LOW_RISK_ESTABLISHED_ACCOUNT,,,phase3-v1
tx_0001126,2026-03-20 22:43:11,0,0.0001,LOW,APPROVE,0,LOW_RISK_ESTABLISHED_ACCOUNT,,,phase3-v1
tx_0005481,2026-03-20 22:57:39,0,0.0001,LOW,APPROVE,0,LOW_RISK_ESTABLISHED_ACCOUNT,,,phase3-v1
tx_0017092,2026-03-20 23:22:26,0,0.0001,LOW,APPROVE,0,LOW_RISK_ESTABLISHED_ACCOUNT,,,phase3-v1
tx_0003841,2026-03-20 23:26:18,0,0.0001,LOW,APPROVE,0,LOW_RISK_ESTABLISHED_ACCOUNT,,,phase3-v1
tx_0004122,2026-03-20 23:38:41,0,0.0005,LOW,APPROVE,0,NEW_ACCOUNT,,,phase3-v1
tx_0017007,2026-03-20 23:46:09,0,0.0001,LOW,APPROVE,0,LOW_RISK_ESTABLISHED_ACCOUNT,,,phase3-v1
tx_0003845,2026-03-20 23:52:36,0,0.0001,LOW,APPROVE,0,HIGH_1H_VELOCITY,,,phase3-v1
tx_0015507,2026-03-21 00:04:08,0,0.0002,LOW,APPROVE,0,HIGH_AMOUNT_ANOMALY,,,phase3-v1
tx_0019646,2026-03-21 00:38:36,0,0.0001,LOW,APPROVE,0,PROMO_ACTIVITY,,,phase3-v1
tx_0008802,2026-03-21 00:46:57,0,0.0001,LOW,APPROVE,0,LOW_RISK_ESTABLISHED_ACCOUNT,,,phase3-v1
tx_0012075,2026-03-21 01:05:40,0,0.0001,LOW,APPROVE,0,OFF_HOURS_ACTIVITY,,,phase3-v1
tx_0019761,2026-03-21 01:14:26,0,0.0001,LOW,APPROVE,0,OFF_HOURS_ACTIVITY,,,phase3-v1
tx_0008399,2026-03-21 02:16:30,0,0.0001,LOW,APPROVE,0,OFF_HOURS_ACTIVITY,,,phase3-v1
tx_0016401,2026-03-21 02:36:31,0,0.0002,LOW,APPROVE,0,OFF_HOURS_ACTIVITY,,,phase3-v1
tx_0013564,2026-03-21 03:00:37,0,0.0001,LOW,APPROVE,0,OFF_HOURS_ACTIVITY,,,phase3-v1
tx_0019157,2026-03-21 05:07:50,0,0.0001,LOW,APPROVE,0,OFF_HOURS_ACTIVITY,,,phase3-v1
tx_0009483,2026-03-21 05:26:35,0,0.0001,LOW,APPROVE,0,OFF_HOURS_ACTIVITY,,,phase3-v1
tx_0021248,2026-03-21 05:52:50,0,0.0,LOW,APPROVE,0,OFF_HOURS_ACTIVITY,,,phase3-v1
tx_0007774,2026-03-21 05:57:59,0,0.0,LOW,APPROVE,0,OFF_HOURS_ACTIVITY,,,phase3-v1
tx_0002796,2026-03-21 06:03:57,0,0.0001,LOW,APPROVE,0,LOW_RISK_ESTABLISHED_ACCOUNT,,,phase3-v1
tx_0001362,2026-03-21 06:04:43,0,0.0,LOW,APPROVE,0,LOW_RISK_ESTABLISHED_ACCOUNT,,,phase3-v1
tx_0013895,2026-03-21 06:07:10,0,0.0001,LOW,APPROVE,0,LOW_RISK_ESTABLISHED_ACCOUNT,,,phase3-v1
tx_0013206,2026-03-21 06:08:50,0,0.0001,LOW,APPROVE,0,LOW_RISK_ESTABLISHED_ACCOUNT,,,phase3-v1
tx_0020462,2026-03-21 06:31:18,0,0.0,LOW,APPROVE,0,LOW_RISK_ESTABLISHED_ACCOUNT,,,phase3-v1
tx_0015168,2026-03-21 06:33:24,0,0.0001,LOW,APPROVE,0,LOW_RISK_ESTABLISHED_ACCOUNT,,,phase3-v1
tx_0024556,2026-03-21 06:48:12,0,0.0002,LOW,APPROVE,0,GRAPH_SHARED_ADDRESS,GRAPH_MULTI_ENTITY_OVERLAP,GRAPH_CONNECTED_USERS,phase3-v1
tx_0015350,2026-03-21 06:51:14,0,0.0001,LOW,APPROVE,0,LOW_RISK_ESTABLISHED_ACCOUNT,,,phase3-v1
tx_0001402,2026-03-21 06:57:34,0,0.0001,LOW,APPROVE,0,PROMO_ACTIVITY,,,phase3-v1
tx_0001132,2026-03-21 06:59:03,0,0.8106,MEDIUM,REVIEW,0,NEW_ACCOUNT,,,phase3-v1
tx_0025963,2026-03-21 07:00:51,0,0.0001,LOW,APPROVE,0,GRAPH_MULTI_ENTITY_OVERLAP,GRAPH_SHARED_ADDRESS,,phase3-v1
tx_0003507,2026-03-21 07:11:52,0,0.0,LOW,APPROVE,0,LOW_RISK_ESTABLISHED_ACCOUNT,,,phase3-v1
tx_0011781,2026-03-21 07:15:33,0,0.0,LOW,APPROVE,0,LOW_RISK_ESTABLISHED_ACCOUNT,,,phase3-v1
tx_0000481,2026-03-21 07:17:19,0,0.0,LOW,APPROVE,0,LOW_RISK_ESTABLISHED_ACCOUNT,,,phase3-v1
tx_0021812,2026-03-21 07:17:51,0,0.0001,LOW,APPROVE,0,LOW_RISK_ESTABLISHED_ACCOUNT,,,phase3-v1
tx_0017057,2026-03-21 07:22:40,0,0.0,LOW,APPROVE,0,LOW_RISK_ESTABLISHED_ACCOUNT,,,phase3-v1
tx_0012656,2026-03-21 07:23:53,0,0.0001,LOW,APPROVE,0,LOW_RISK_ESTABLISHED_ACCOUNT,,,phase3-v1
tx_0002030,2026-03-21 07:28:10,0,0.0005,LOW,APPROVE,0,LOW_RISK_ESTABLISHED_ACCOUNT,,,phase3-v1
tx_0000202,2026-03-21 07:31:43,0,0.0003,LOW,APPROVE,0,PROMO_ACTIVITY,NEW_ACCOUNT,,phase3-v1
tx_0004026,2026-03-21 07:32:45,0,0.0001,LOW,APPROVE,0,LOW_RISK_ESTABLISHED_ACCOUNT,,,phase3-v1
tx_0001229,2026-03-21 07:35:49,0,0.0065,LOW,APPROVE,0,NEW_ACCOUNT,,,phase3-v1
tx_0021637,2026-03-21 07:36:36,0,0.0059,LOW,APPROVE,0,NEW_ACCOUNT,,,phase3-v1
tx_0015339,2026-03-21 07:38:49,0,0.0,LOW,APPROVE,0,LOW_RISK_ESTABLISHED_ACCOUNT,,,phase3-v1
tx_0016846,2026-03-21 07:40:51,0,0.0001,LOW,APPROVE,0,LOW_RISK_ESTABLISHED_ACCOUNT,,,phase3-v1
tx_0025150,2026-03-21 07:44:00,0,0.0001,LOW,APPROVE,0,GRAPH_SHARED_ADDRESS,GRAPH_MULTI_ENTITY_OVERLAP,GRAPH_CONNECTED_USERS,phase3-v1
tx_0004637,2026-03-21 07:52:07,0,0.0,LOW,APPROVE,0,LOW_RISK_ESTABLISHED_ACCOUNT,,,phase3-v1
tx_0017168,2026-03-21 07:53:14,0,0.0001,LOW,APPROVE,0,LOW_RISK_ESTABLISHED_ACCOUNT,,,phase3-v1
tx_0000825,2026-03-21 07:55:34,0,0.0001,LOW,APPROVE,0,LOW_RISK_ESTABLISHED_ACCOUNT,,,phase3-v1
tx_0016065,2026-03-21 08:04:30,0,0.0,LOW,APPROVE,0,LOW_RISK_ESTABLISHED_ACCOUNT,,,phase3-v1
tx_0009303,2026-03-21 08:10:01,0,0.0,LOW,APPROVE,0,LOW_RISK_ESTABLISHED_ACCOUNT,,,phase3-v1
tx_0018616,2026-03-21 08:11:37,0,0.0001,LOW,APPROVE,0,LOW_RISK_ESTABLISHED_ACCOUNT,,,phase3-v1
tx_0010924,2026-03-21 08:12:11,0,0.0001,LOW,APPROVE,0,LOW_RISK_ESTABLISHED_ACCOUNT,,,phase3-v1
tx_0005129,2026-03-21 08:14:27,0,0.0001,LOW,APPROVE,0,LOW_RISK_ESTABLISHED_ACCOUNT,,,phase3-v1
tx_0006780,2026-03-21 08:17:08,0,0.0001,LOW,APPROVE,0,LOW_RISK_ESTABLISHED_ACCOUNT,,,phase3-v1
tx_0001239,2026-03-21 08:20:27,0,0.5006,MEDIUM,REVIEW,0,NEW_ACCOUNT,,,phase3-v1
tx_0002898,2026-03-21 08:25:38,0,0.058,LOW,APPROVE,0,NEW_ACCOUNT,,,phase3-v1
tx_0007595,2026-03-21 08:28:25,0,0.0,LOW,APPROVE,0,LOW_RISK_ESTABLISHED_ACCOUNT,,,phase3-v1
tx_0009013,2026-03-21 08:29:00,0,0.0,LOW,APPROVE,0,LOW_RISK_ESTABLISHED_ACCOUNT,,,phase3-v1
tx_0008192,2026-03-21 08:29:12,0,0.0,LOW,APPROVE,0,NEW_ACCOUNT,,,phase3-v1
tx_0015932,2026-03-21 08:31:31,0,0.0,LOW,APPROVE,0,LOW_RISK_ESTABLISHED_ACCOUNT,,,phase3-v1
tx_0009857,2026-03-21 08:34:29,0,0.0001,LOW,APPROVE,0,LOW_RISK_ESTABLISHED_ACCOUNT,,,phase3-v1
tx_0021093,2026-03-21 08:36:05,0,0.0,LOW,APPROVE,0,LOW_RISK_ESTABLISHED_ACCOUNT,,,phase3-v1
tx_0017274,2026-03-21 08:36:16,0,0.0,LOW,APPROVE,0,LOW_RISK_ESTABLISHED_ACCOUNT,,,phase3-v1
tx_0014263,2026-03-21 08:39:45,0,0.0,LOW,APPROVE,0,LOW_RISK_ESTABLISHED_ACCOUNT,,,phase3-v1
tx_0018020,2026-03-21 08:41:17,0,0.0001,LOW,APPROVE,0,LOW_RISK_ESTABLISHED_ACCOUNT,,,phase3-v1
tx_0012724,2026-03-21 08:42:18,0,0.0,LOW,APPROVE,0,LOW_RISK_ESTABLISHED_ACCOUNT,,,phase3-v1
tx_0000870,2026-03-21 08:43:39,0,0.0,LOW,APPROVE,0,LOW_RISK_ESTABLISHED_ACCOUNT,,,phase3-v1
tx_0012616,2026-03-21 08:44:03,0,0.0001,LOW,APPROVE,0,LOW_RISK_ESTABLISHED_ACCOUNT,,,phase3-v1
tx_0000314,2026-03-21 08:45:57,0,0.0,LOW,APPROVE,0,LOW_RISK_ESTABLISHED_ACCOUNT,,,phase3-v1
tx_0025353,2026-03-21 08:46:40,0,0.0004,LOW,APPROVE,0,GRAPH_CONNECTED_USERS,,,phase3-v1
tx_0024763,2026-03-21 08:50:52,0,0.0001,LOW,APPROVE,0,GRAPH_CONNECTED_USERS,,,phase3-v1
tx_0002468,2026-03-21 08:51:24,0,0.0,LOW,APPROVE,0,LOW_RISK_ESTABLISHED_ACCOUNT,,,phase3-v1
tx_0020114,2026-03-21 08:54:45,0,0.0002,LOW,APPROVE,0,HIGH_AMOUNT_ANOMALY,,,phase3-v1
tx_0007511,2026-03-21 08:57:06,0,0.0,LOW,APPROVE,0,LOW_RISK_ESTABLISHED_ACCOUNT,,,phase3-v1
tx_0010364,2026-03-21 09:06:25,0,0.0001,LOW,APPROVE,0,LOW_RISK_ESTABLISHED_ACCOUNT,,,phase3-v1
tx_0008448,2026-03-21 09:07:40,0,0.0001,LOW,APPROVE,0,LOW_RISK_ESTABLISHED_ACCOUNT,,,phase3-v1
tx_0023155,2026-03-21 09:08:40,0,0.8633,MEDIUM,REVIEW,0,NEW_ACCOUNT,GRAPH_MULTI_ENTITY_OVERLAP,GRAPH_CONNECTED_USERS,phase3-v1
tx_0012388,2026-03-21 09:10:16,0,0.0,LOW,APPROVE,0,LOW_RISK_ESTABLISHED_ACCOUNT,,,phase3-v1
tx_0017899,2026-03-21 09:14:47,0,0.0,LOW,APPROVE,0,LOW_RISK_ESTABLISHED_ACCOUNT,,,phase3-v1
tx_0025439,2026-03-21 09:15:56,0,0.0003,LOW,APPROVE,0,GRAPH_CONNECTED_USERS,,,phase3-v1
tx_0022866,2026-03-21 09:16:28,0,0.0001,LOW,APPROVE,0,GRAPH_MULTI_ENTITY_OVERLAP,GRAPH_SHARED_PAYMENT,GRAPH_SHARED_ADDRESS,phase3-v1
tx_0001481,2026-03-21 09:18:16,0,0.0,LOW,APPROVE,0,LOW_RISK_ESTABLISHED_ACCOUNT,,,phase3-v1
tx_0000582,2026-03-21 09:19:25,0,0.0,LOW,APPROVE,0,LOW_RISK_ESTABLISHED_ACCOUNT,,,phase3-v1
tx_0011885,2026-03-21 09:24:29,0,0.0,LOW,APPROVE,0,LOW_RISK_ESTABLISHED_ACCOUNT,,,phase3-v1
tx_0019556,2026-03-21 09:33:02,0,0.0,LOW,APPROVE,0,LOW_RISK_ESTABLISHED_ACCOUNT,,,phase3-v1
tx_0020580,2026-03-21 09:39:55,0,0.0,LOW,APPROVE,0,LOW_RISK_ESTABLISHED_ACCOUNT,,,phase3-v1
tx_0015901,2026-03-21 09:43:02,0,0.0,LOW,APPROVE,0,LOW_RISK_ESTABLISHED_ACCOUNT,,,phase3-v1
tx_0019926,2026-03-21 09:44:43,0,0.0001,LOW,APPROVE,0,HIGH_AMOUNT_ANOMALY,,,phase3-v1
tx_0009158,2026-03-21 09:48:35,0,0.0,LOW,APPROVE,0,LOW_RISK_ESTABLISHED_ACCOUNT,,,phase3-v1
tx_0021532,2026-03-21 09:54:35,0,0.0,LOW,APPROVE,0,LOW_RISK_ESTABLISHED_ACCOUNT,,,phase3-v1
tx_0003668,2026-03-21 09:55:33,0,0.0001,LOW,APPROVE,0,PROMO_ACTIVITY,,,phase3-v1
tx_0022555,2026-03-21 09:58:23,0,0.0,LOW,APPROVE,0,LOW_RISK_ESTABLISHED_ACCOUNT,,,phase3-v1
tx_0015459,2026-03-21 10:02:03,0,0.0,LOW,APPROVE,0,LOW_RISK_ESTABLISHED_ACCOUNT,,,phase3-v1
tx_0009327,2026-03-21 10:02:37,0,0.0001,LOW,APPROVE,0,LOW_RISK_ESTABLISHED_ACCOUNT,,,phase3-v1
tx_0008425,2026-03-21 10:04:56,0,0.0001,LOW,APPROVE,0,LOW_RISK_ESTABLISHED_ACCOUNT,,,phase3-v1
tx_0001511,2026-03-21 10:08:11,0,0.0001,LOW,APPROVE,0,NEW_ACCOUNT,,,phase3-v1
tx_0012526,2026-03-21 10:08:28,0,0.0,LOW,APPROVE,0,LOW_RISK_ESTABLISHED_ACCOUNT,,,phase3-v1
tx_0011292,2026-03-21 10:14:59,0,0.0,LOW,APPROVE,0,LOW_RISK_ESTABLISHED_ACCOUNT,,,phase3-v1
tx_0012469,2026-03-21 10:18:11,0,0.0,LOW,APPROVE,0,LOW_RISK_ESTABLISHED_ACCOUNT,,,phase3-v1
tx_0015969,2026-03-21 10:18:14,0,0.0,LOW,APPROVE,0,LOW_RISK_ESTABLISHED_ACCOUNT,,,phase3-v1
tx_0018890,2026-03-21 10:26:49,0,0.0002,LOW,APPROVE,0,HIGH_AMOUNT_ANOMALY,,,phase3-v1
tx_0024112,2026-03-21 10:28:20,0,0.0001,LOW,APPROVE,0,GRAPH_MULTI_ENTITY_OVERLAP,GRAPH_SHARED_ADDRESS,,phase3-v1
tx_0007413,2026-03-21 10:32:47,0,0.0001,LOW,APPROVE,0,LOW_RISK_ESTABLISHED_ACCOUNT,,,phase3-v1
tx_0001444,2026-03-21 10:33:30,0,0.0001,LOW,APPROVE,0,LOW_RISK_ESTABLISHED_ACCOUNT,,,phase3-v1
tx_0024358,2026-03-21 10:34:14,0,0.0001,LOW,APPROVE,0,GRAPH_MULTI_ENTITY_OVERLAP,GRAPH_SHARED_ADDRESS,,phase3-v1
tx_0016843,2026-03-21 10:34:18,0,0.0,LOW,APPROVE,0,HIGH_24H_VELOCITY,,,phase3-v1
tx_0011636,2026-03-21 10:39:27,0,0.0001,LOW,APPROVE,0,LOW_RISK_ESTABLISHED_ACCOUNT,,,phase3-v1
tx_0015057,2026-03-21 10:39:29,0,0.0,LOW,APPROVE,0,LOW_RISK_ESTABLISHED_ACCOUNT,,,phase3-v1
tx_0000644,2026-03-21 10:41:59,0,0.0,LOW,APPROVE,0,LOW_RISK_ESTABLISHED_ACCOUNT,,,phase3-v1
tx_0019635,2026-03-21 10:42:41,0,0.0001,LOW,APPROVE,0,LOW_RISK_ESTABLISHED_ACCOUNT,,,phase3-v1
tx_0010389,2026-03-21 10:45:36,0,0.0,LOW,APPROVE,0,LOW_RISK_ESTABLISHED_ACCOUNT,,,phase3-v1
tx_0021186,2026-03-21 10:46:23,0,0.0001,LOW,APPROVE,0,LOW_RISK_ESTABLISHED_ACCOUNT,,,phase3-v1
tx_0004199,2026-03-21 10:47:05,0,0.0,LOW,APPROVE,0,LOW_RISK_ESTABLISHED_ACCOUNT,,,phase3-v1
tx_0023566,2026-03-21 10:47:36,0,0.0001,LOW,APPROVE,0,GRAPH_MULTI_ENTITY_OVERLAP,GRAPH_SHARED_ADDRESS,,phase3-v1
tx_0017196,2026-03-21 10:48:08,0,0.0,LOW,APPROVE,0,LOW_RISK_ESTABLISHED_ACCOUNT,,,phase3-v1
tx_0003144,2026-03-21 10:55:33,0,0.0001,LOW,APPROVE,0,LOW_RISK_ESTABLISHED_ACCOUNT,,,phase3-v1
tx_0009587,2026-03-21 11:00:33,0,0.0,LOW,APPROVE,0,LOW_RISK_ESTABLISHED_ACCOUNT,,,phase3-v1
tx_0001686,2026-03-21 11:02:12,0,0.0001,LOW,APPROVE,0,LOW_RISK_ESTABLISHED_ACCOUNT,,,phase3-v1
tx_0014496,2026-03-21 11:05:10,0,0.0,LOW,APPROVE,0,LOW_RISK_ESTABLISHED_ACCOUNT,,,phase3-v1
tx_0015360,2026-03-21 11:05:26,0,0.0,LOW,APPROVE,0,LOW_RISK_ESTABLISHED_ACCOUNT,,,phase3-v1
tx_0018011,2026-03-21 11:06:03,0,0.0,LOW,APPROVE,0,LOW_RISK_ESTABLISHED_ACCOUNT,,,phase3-v1
tx_0001081,2026-03-21 11:08:42,0,0.0,LOW,APPROVE,0,LOW_RISK_ESTABLISHED_ACCOUNT,,,phase3-v1
tx_0017714,2026-03-21 11:08:47,0,0.0,LOW,APPROVE,0,LOW_RISK_ESTABLISHED_ACCOUNT,,,phase3-v1
tx_0009951,2026-03-21 11:09:23,0,0.0,LOW,APPROVE,0,LOW_RISK_ESTABLISHED_ACCOUNT,,,phase3-v1
tx_0024442,2026-03-21 11:10:44,0,0.0002,LOW,APPROVE,0,GRAPH_SHARED_PAYMENT,GRAPH_SHARED_ADDRESS,GRAPH_MULTI_ENTITY_OVERLAP,phase3-v1
tx_0022736,2026-03-21 11:10:51,0,0.0004,LOW,APPROVE,0,GRAPH_CONNECTED_USERS,,,phase3-v1
tx_0025582,2026-03-21 11:15:49,0,0.0006,LOW,APPROVE,0,GRAPH_CONNECTED_USERS,,,phase3-v1
tx_0015012,2026-03-21 11:17:20,0,0.0,LOW,APPROVE,0,LOW_RISK_ESTABLISHED_ACCOUNT,,,phase3-v1
tx_0001688,2026-03-21 11:19:37,0,0.0001,LOW,APPROVE,0,LOW_RISK_ESTABLISHED_ACCOUNT,,,phase3-v1
tx_0022553,2026-03-21 11:19:59,0,0.0,LOW,APPROVE,0,LOW_RISK_ESTABLISHED_ACCOUNT,,,phase3-v1
tx_0017819,2026-03-21 11:32:00,0,0.0001,LOW,APPROVE,0,LOW_RISK_ESTABLISHED_ACCOUNT,,,phase3-v1
tx_0023428,2026-03-21 11:38:17,0,0.0001,LOW,APPROVE,0,GRAPH_CONNECTED_USERS,,,phase3-v1
tx_0022693,2026-03-21 11:40:38,0,0.0001,LOW,APPROVE,0,GRAPH_CONNECTED_USERS,,,phase3-v1
tx_0004981,2026-03-21 11:41:20,0,0.0,LOW,APPROVE,0,LOW_RISK_ESTABLISHED_ACCOUNT,,,phase3-v1
tx_0022643,2026-03-21 11:41:37,0,0.0002,LOW,APPROVE,0,GRAPH_MULTI_ENTITY_OVERLAP,GRAPH_SHARED_PAYMENT,GRAPH_SHARED_ADDRESS,phase3-v1
tx_0019007,2026-03-21 11:44:18,0,0.0001,LOW,APPROVE,0,LOW_RISK_ESTABLISHED_ACCOUNT,,,phase3-v1
tx_0023009,2026-03-21 11:52:56,0,0.0004,LOW,APPROVE,0,GRAPH_CONNECTED_USERS,,,phase3-v1
tx_0022620,2026-03-21 11:56:15,0,0.0,LOW,APPROVE,0,LOW_RISK_ESTABLISHED_ACCOUNT,,,phase3-v1
tx_0024833,2026-03-21 11:56:23,0,0.0002,LOW,APPROVE,0,GRAPH_SHARED_PAYMENT,GRAPH_SHARED_ADDRESS,GRAPH_MULTI_ENTITY_OVERLAP,phase3-v1
tx_0009069,2026-03-21 11:58:15,0,0.0001,LOW,APPROVE,0,PROMO_ACTIVITY,,,phase3-v1
tx_0010464,2026-03-21 12:02:35,0,0.0,LOW,APPROVE,0,LOW_RISK_ESTABLISHED_ACCOUNT,,,phase3-v1
tx_0018183,2026-03-21 12:03:51,0,0.0,LOW,APPROVE,0,LOW_RISK_ESTABLISHED_ACCOUNT,,,phase3-v1
tx_0022108,2026-03-21 12:04:22,0,0.0001,LOW,APPROVE,0,LOW_RISK_ESTABLISHED_ACCOUNT,,,phase3-v1
tx_0010382,2026-03-21 12:07:24,0,0.0,LOW,APPROVE,0,LOW_RISK_ESTABLISHED_ACCOUNT,,,phase3-v1
tx_0020583,2026-03-21 12:09:39,0,0.0,LOW,APPROVE,0,LOW_RISK_ESTABLISHED_ACCOUNT,,,phase3-v1
tx_0014386,2026-03-21 12:10:08,0,0.0,LOW,APPROVE,0,LOW_RISK_ESTABLISHED_ACCOUNT,,,phase3-v1
tx_0001829,2026-03-21 12:13:01,0,0.0,LOW,APPROVE,0,LOW_RISK_ESTABLISHED_ACCOUNT,,,phase3-v1
tx_0022175,2026-03-21 12:13:40,0,0.0,LOW,APPROVE,0,LOW_RISK_ESTABLISHED_ACCOUNT,,,phase3-v1
tx_0017379,2026-03-21 12:20:02,0,0.0001,LOW,APPROVE,0,LOW_RISK_ESTABLISHED_ACCOUNT,,,phase3-v1
tx_0008620,2026-03-21 12:21:08,0,0.0,LOW,APPROVE,0,LOW_RISK_ESTABLISHED_ACCOUNT,,,phase3-v1
tx_0007118,2026-03-21 12:21:27,0,0.0,LOW,APPROVE,0,LOW_RISK_ESTABLISHED_ACCOUNT,,,phase3-v1
tx_0019990,2026-03-21 12:24:23,0,0.0,LOW,APPROVE,0,LOW_RISK_ESTABLISHED_ACCOUNT,,,phase3-v1
tx_0011262,2026-03-21 12:28:24,0,0.0,LOW,APPROVE,0,LOW_RISK_ESTABLISHED_ACCOUNT,,,phase3-v1
tx_0021790,2026-03-21 12:33:15,0,0.0,LOW,APPROVE,0,LOW_RISK_ESTABLISHED_ACCOUNT,,,phase3-v1
tx_0011909,2026-03-21 12:36:18,0,0.0,LOW,APPROVE,0,LOW_RISK_ESTABLISHED_ACCOUNT,,,phase3-v1
tx_0006297,2026-03-21 12:37:28,0,0.0,LOW,APPROVE,0,LOW_RISK_ESTABLISHED_ACCOUNT,,,phase3-v1
tx_0005086,2026-03-21 12:37:51,0,0.0001,LOW,APPROVE,0,LOW_RISK_ESTABLISHED_ACCOUNT,,,phase3-v1
tx_0003722,2026-03-21 12:38:07,0,0.0,LOW,APPROVE,0,LOW_RISK_ESTABLISHED_ACCOUNT,,,phase3-v1
tx_0018786,2026-03-21 12:40:30,0,0.0,LOW,APPROVE,0,LOW_RISK_ESTABLISHED_ACCOUNT,,,phase3-v1
tx_0021492,2026-03-21 12:40:31,0,0.0001,LOW,APPROVE,0,LOW_RISK_ESTABLISHED_ACCOUNT,,,phase3-v1
tx_0005548,2026-03-21 12:44:52,0,0.3789,LOW,APPROVE,0,NEW_ACCOUNT,,,phase3-v1
tx_0017848,2026-03-21 12:48:32,0,0.0,LOW,APPROVE,0,LOW_RISK_ESTABLISHED_ACCOUNT,,,phase3-v1
tx_0025967,2026-03-21 12:50:17,0,0.0001,LOW,APPROVE,0,GRAPH_MULTI_ENTITY_OVERLAP,GRAPH_SHARED_ADDRESS,HIGH_24H_VELOCITY,phase3-v1
tx_0003453,2026-03-21 12:50:29,0,0.0001,LOW,APPROVE,0,LOW_RISK_ESTABLISHED_ACCOUNT,,,phase3-v1
tx_0012695,2026-03-21 12:53:39,0,0.0,LOW,APPROVE,0,LOW_RISK_ESTABLISHED_ACCOUNT,,,phase3-v1
tx_0019620,2026-03-21 12:56:22,0,0.0,LOW,APPROVE,0,LOW_RISK_ESTABLISHED_ACCOUNT,,,phase3-v1
tx_0000865,2026-03-21 12:59:39,0,0.0,LOW,APPROVE,0,LOW_RISK_ESTABLISHED_ACCOUNT,,,phase3-v1
tx_0012517,2026-03-21 13:03:54,0,0.0,LOW,APPROVE,0,LOW_RISK_ESTABLISHED_ACCOUNT,,,phase3-v1
tx_0004515,2026-03-21 13:05:56,0,0.0,LOW,APPROVE,0,LOW_RISK_ESTABLISHED_ACCOUNT,,,phase3-v1
tx_0004443,2026-03-21 13:14:23,0,0.0,LOW,APPROVE,0,LOW_RISK_ESTABLISHED_ACCOUNT,,,phase3-v1
tx_0022740,2026-03-21 13:14:26,0,0.0004,LOW,APPROVE,0,GRAPH_CONNECTED_USERS,,,phase3-v1
tx_0005113,2026-03-21 13:16:05,0,0.0,LOW,APPROVE,0,LOW_RISK_ESTABLISHED_ACCOUNT,,,phase3-v1
tx_0008182,2026-03-21 13:20:02,0,0.0001,LOW,APPROVE,0,LOW_RISK_ESTABLISHED_ACCOUNT,,,phase3-v1
tx_0019162,2026-03-21 13:23:13,0,0.0,LOW,APPROVE,0,LOW_RISK_ESTABLISHED_ACCOUNT,,,phase3-v1
tx_0003057,2026-03-21 13:27:44,0,0.0,LOW,APPROVE,0,LOW_RISK_ESTABLISHED_ACCOUNT,,,phase3-v1
tx_0014702,2026-03-21 13:28:22,0,0.0001,LOW,APPROVE,0,LOW_RISK_ESTABLISHED_ACCOUNT,,,phase3-v1
tx_0025579,2026-03-21 13:29:34,0,0.0006,LOW,APPROVE,0,GRAPH_CONNECTED_USERS,HIGH_24H_VELOCITY,,phase3-v1
tx_0016086,2026-03-21 13:29:47,0,0.0001,LOW,APPROVE,0,NEW_ACCOUNT,,,phase3-v1
tx_0025884,2026-03-21 13:30:23,0,0.0001,LOW,APPROVE,0,GRAPH_CONNECTED_USERS,,,phase3-v1
tx_0014083,2026-03-21 13:31:56,0,0.0,LOW,APPROVE,0,LOW_RISK_ESTABLISHED_ACCOUNT,,,phase3-v1
tx_0013335,2026-03-21 13:32:46,0,0.0001,LOW,APPROVE,0,LOW_RISK_ESTABLISHED_ACCOUNT,,,phase3-v1
tx_0002533,2026-03-21 13:34:29,0,0.0004,LOW,APPROVE,0,NEW_ACCOUNT,,,phase3-v1
tx_0015410,2026-03-21 13:39:10,0,0.0,LOW,APPROVE,0,LOW_RISK_ESTABLISHED_ACCOUNT,,,phase3-v1
tx_0000784,2026-03-21 13:42:36,0,0.0001,LOW,APPROVE,0,LOW_RISK_ESTABLISHED_ACCOUNT,,,phase3-v1
tx_0000606,2026-03-21 13:44:53,0,0.0,LOW,APPROVE,0,LOW_RISK_ESTABLISHED_ACCOUNT,,,phase3-v1
tx_0002183,2026-03-21 13:45:14,0,0.0,LOW,APPROVE,0,PROMO_ACTIVITY,,,phase3-v1
tx_0003683,2026-03-21 13:52:38,0,0.0,LOW,APPROVE,0,LOW_RISK_ESTABLISHED_ACCOUNT,,,phase3-v1
tx_0025836,2026-03-21 13:53:04,0,0.0001,LOW,APPROVE,0,GRAPH_MULTI_ENTITY_OVERLAP,GRAPH_SHARED_ADDRESS,GRAPH_CONNECTED_USERS,phase3-v1
tx_0016931,2026-03-21 13:55:35,0,0.0,LOW,APPROVE,0,HIGH_24H_VELOCITY,,,phase3-v1
tx_0005462,2026-03-21 14:00:31,0,0.0001,LOW,APPROVE,0,HIGH_AMOUNT_ANOMALY,,,phase3-v1
tx_0001158,2026-03-21 14:07:20,0,0.0001,LOW,APPROVE,0,LOW_RISK_ESTABLISHED_ACCOUNT,,,phase3-v1
tx_0012567,2026-03-21 14:10:23,0,0.0,LOW,APPROVE,0,LOW_RISK_ESTABLISHED_ACCOUNT,,,phase3-v1
tx_0006939,2026-03-21 14:10:54,0,0.0,LOW,APPROVE,0,PROMO_ACTIVITY,,,phase3-v1
tx_0025510,2026-03-21 14:15:11,0,0.0001,LOW,APPROVE,0,GRAPH_SHARED_PAYMENT,GRAPH_MULTI_ENTITY_OVERLAP,GRAPH_SHARED_ADDRESS,phase3-v1
tx_0025403,2026-03-21 14:19:02,0,0.0001,LOW,APPROVE,0,GRAPH_MULTI_ENTITY_OVERLAP,GRAPH_SHARED_ADDRESS,GRAPH_CONNECTED_USERS,phase3-v1
tx_0017525,2026-03-21 14:19:12,0,0.0001,LOW,APPROVE,0,LOW_RISK_ESTABLISHED_ACCOUNT,,,phase3-v1
tx_0008237,2026-03-21 14:20:06,0,0.0,LOW,APPROVE,0,LOW_RISK_ESTABLISHED_ACCOUNT,,,phase3-v1
tx_0016073,2026-03-21 14:20:21,0,0.0,LOW,APPROVE,0,LOW_RISK_ESTABLISHED_ACCOUNT,,,phase3-v1
tx_0016923,2026-03-21 14:20:47,0,0.0001,LOW,APPROVE,0,LOW_RISK_ESTABLISHED_ACCOUNT,,,phase3-v1
tx_0005477,2026-03-21 14:21:24,0,0.0001,LOW,APPROVE,0,LOW_RISK_ESTABLISHED_ACCOUNT,,,phase3-v1
tx_0004538,2026-03-21 14:22:38,0,0.0,LOW,APPROVE,0,LOW_RISK_ESTABLISHED_ACCOUNT,,,phase3-v1
tx_0000889,2026-03-21 14:25:13,0,0.0,LOW,APPROVE,0,LOW_RISK_ESTABLISHED_ACCOUNT,,,phase3-v1
tx_0017293,2026-03-21 14:29:52,0,0.0,LOW,APPROVE,0,LOW_RISK_ESTABLISHED_ACCOUNT,,,phase3-v1
tx_0005939,2026-03-21 14:34:38,0,0.0,LOW,APPROVE,0,LOW_RISK_ESTABLISHED_ACCOUNT,,,phase3-v1
tx_0001436,2026-03-21 14:37:06,0,0.0001,LOW,APPROVE,0,LOW_RISK_ESTABLISHED_ACCOUNT,,,phase3-v1
tx_0008828,2026-03-21 14:39:15,0,0.0,LOW,APPROVE,0,LOW_RISK_ESTABLISHED_ACCOUNT,,,phase3-v1
tx_0004629,2026-03-21 14:42:00,0,0.0,LOW,APPROVE,0,LOW_RISK_ESTABLISHED_ACCOUNT,,,phase3-v1
tx_0009525,2026-03-21 14:46:29,0,0.0,LOW,APPROVE,0,LOW_RISK_ESTABLISHED_ACCOUNT,,,phase3-v1
tx_0007381,2026-03-21 14:47:04,0,0.0001,LOW,APPROVE,0,LOW_RISK_ESTABLISHED_ACCOUNT,,,phase3-v1
tx_0020075,2026-03-21 14:51:02,0,0.0,LOW,APPROVE,0,LOW_RISK_ESTABLISHED_ACCOUNT,,,phase3-v1
tx_0001359,2026-03-21 14:51:08,0,0.0,LOW,APPROVE,0,LOW_RISK_ESTABLISHED_ACCOUNT,,,phase3-v1
tx_0020112,2026-03-21 14:51:26,0,0.0,LOW,APPROVE,0,LOW_RISK_ESTABLISHED_ACCOUNT,,,phase3-v1
tx_0020294,2026-03-21 14:53:25,0,0.0001,LOW,APPROVE,0,LOW_RISK_ESTABLISHED_ACCOUNT,,,phase3-v1
tx_0020060,2026-03-21 14:56:47,0,0.0,LOW,APPROVE,0,LOW_RISK_ESTABLISHED_ACCOUNT,,,phase3-v1
tx_0012170,2026-03-21 14:56:50,0,0.0001,LOW,APPROVE,0,LOW_RISK_ESTABLISHED_ACCOUNT,,,phase3-v1
tx_0012289,2026-03-21 14:57:29,0,0.0001,LOW,APPROVE,0,LOW_RISK_ESTABLISHED_ACCOUNT,,,phase3-v1
tx_0002439,2026-03-21 15:00:57,0,0.0,LOW,APPROVE,0,LOW_RISK_ESTABLISHED_ACCOUNT,,,phase3-v1
tx_0016845,2026-03-21 15:01:19,0,0.0001,LOW,APPROVE,0,HIGH_24H_VELOCITY,,,phase3-v1
tx_0008483,2026-03-21 15:01:33,0,0.0001,LOW,APPROVE,0,LOW_RISK_ESTABLISHED_ACCOUNT,,,phase3-v1
tx_0025664,2026-03-21 15:05:22,0,0.0001,LOW,APPROVE,0,GRAPH_SHARED_PAYMENT,GRAPH_MULTI_ENTITY_OVERLAP,GRAPH_SHARED_ADDRESS,phase3-v1
tx_0008879,2026-03-21 15:09:54,0,0.0001,LOW,APPROVE,0,LOW_RISK_ESTABLISHED_ACCOUNT,,,phase3-v1
tx_0007542,2026-03-21 15:19:29,0,0.0,LOW,APPROVE,0,LOW_RISK_ESTABLISHED_ACCOUNT,,,phase3-v1
tx_0020002,2026-03-21 15:20:01,0,0.0,LOW,APPROVE,0,LOW_RISK_ESTABLISHED_ACCOUNT,,,phase3-v1
tx_0011196,2026-03-21 15:20:15,0,0.0,LOW,APPROVE,0,LOW_RISK_ESTABLISHED_ACCOUNT,,,phase3-v1
tx_0014097,2026-03-21 15:22:31,0,0.0001,LOW,APPROVE,0,LOW_RISK_ESTABLISHED_ACCOUNT,,,phase3-v1
tx_0014182,2026-03-21 15:25:39,0,0.0001,LOW,APPROVE,0,LOW_RISK_ESTABLISHED_ACCOUNT,,,phase3-v1
tx_0009103,2026-03-21 15:30:06,0,0.0,LOW,APPROVE,0,LOW_RISK_ESTABLISHED_ACCOUNT,,,phase3-v1
tx_0004852,2026-03-21 15:31:08,0,0.0,LOW,APPROVE,0,LOW_RISK_ESTABLISHED_ACCOUNT,,,phase3-v1
tx_0024177,2026-03-21 15:37:26,0,0.0001,LOW,APPROVE,0,GRAPH_CONNECTED_USERS,,,phase3-v1
tx_0016909,2026-03-21 15:37:29,0,0.0,LOW,APPROVE,0,LOW_RISK_ESTABLISHED_ACCOUNT,,,phase3-v1
tx_0005738,2026-03-21 15:39:24,0,0.0,LOW,APPROVE,0,LOW_RISK_ESTABLISHED_ACCOUNT,,,phase3-v1
tx_0006333,2026-03-21 15:41:46,0,0.0001,LOW,APPROVE,0,LOW_RISK_ESTABLISHED_ACCOUNT,,,phase3-v1
tx_0010646,2026-03-21 15:41:48,0,0.0,LOW,APPROVE,0,LOW_RISK_ESTABLISHED_ACCOUNT,,,phase3-v1
tx_0001072,2026-03-21 15:43:57,0,0.0001,LOW,APPROVE,0,LOW_RISK_ESTABLISHED_ACCOUNT,,,phase3-v1
tx_0005968,2026-03-21 15:45:38,0,0.0001,LOW,APPROVE,0,LOW_RISK_ESTABLISHED_ACCOUNT,,,phase3-v1
tx_0005057,2026-03-21 15:47:02,0,0.0,LOW,APPROVE,0,LOW_RISK_ESTABLISHED_ACCOUNT,,,phase3-v1
tx_0003777,2026-03-21 15:47:18,0,0.0001,LOW,APPROVE,0,LOW_RISK_ESTABLISHED_ACCOUNT,,,phase3-v1
tx_0009105,2026-03-21 15:48:06,0,0.0001,LOW,APPROVE,0,PROMO_ACTIVITY,,,phase3-v1
tx_0007370,2026-03-21 15:52:23,0,0.0,LOW,APPROVE,0,LOW_RISK_ESTABLISHED_ACCOUNT,,,phase3-v1
tx_0021125,2026-03-21 15:54:13,0,0.0,LOW,APPROVE,0,LOW_RISK_ESTABLISHED_ACCOUNT,,,phase3-v1
tx_0007565,2026-03-21 15:56:05,0,0.0,LOW,APPROVE,0,LOW_RISK_ESTABLISHED_ACCOUNT,,,phase3-v1
tx_0025846,2026-03-21 16:02:02,0,0.0001,LOW,APPROVE,0,GRAPH_MULTI_ENTITY_OVERLAP,GRAPH_SHARED_ADDRESS,GRAPH_CONNECTED_USERS,phase3-v1
tx_0006571,2026-03-21 16:02:15,0,0.0001,LOW,APPROVE,0,LOW_RISK_ESTABLISHED_ACCOUNT,,,phase3-v1
tx_0010206,2026-03-21 16:03:17,0,0.0,LOW,APPROVE,0,LOW_RISK_ESTABLISHED_ACCOUNT,,,phase3-v1
tx_0012586,2026-03-21 16:04:16,0,0.0,LOW,APPROVE,0,LOW_RISK_ESTABLISHED_ACCOUNT,,,phase3-v1
tx_0008518,2026-03-21 16:08:48,0,0.0,LOW,APPROVE,0,LOW_RISK_ESTABLISHED_ACCOUNT,,,phase3-v1
tx_0019639,2026-03-21 16:10:23,0,0.0,LOW,APPROVE,0,LOW_RISK_ESTABLISHED_ACCOUNT,,,phase3-v1
tx_0011434,2026-03-21 16:11:32,0,0.0,LOW,APPROVE,0,LOW_RISK_ESTABLISHED_ACCOUNT,,,phase3-v1
tx_0024216,2026-03-21 16:20:51,0,0.0001,LOW,APPROVE,0,GRAPH_SHARED_PAYMENT,GRAPH_MULTI_ENTITY_OVERLAP,GRAPH_SHARED_ADDRESS,phase3-v1
tx_0007854,2026-03-21 16:21:50,0,0.0,LOW,APPROVE,0,LOW_RISK_ESTABLISHED_ACCOUNT,,,phase3-v1
tx_0000591,2026-03-21 16:22:33,0,0.0,LOW,APPROVE,0,LOW_RISK_ESTABLISHED_ACCOUNT,,,phase3-v1
tx_0017602,2026-03-21 16:26:38,0,0.0,LOW,APPROVE,0,LOW_RISK_ESTABLISHED_ACCOUNT,,,phase3-v1
tx_0020697,2026-03-21 16:27:13,0,0.0,LOW,APPROVE,0,LOW_RISK_ESTABLISHED_ACCOUNT,,,phase3-v1
tx_0007062,2026-03-21 16:28:38,0,0.0,LOW,APPROVE,0,LOW_RISK_ESTABLISHED_ACCOUNT,,,phase3-v1
tx_0013024,2026-03-21 16:31:17,0,0.0,LOW,APPROVE,0,PROMO_ACTIVITY,,,phase3-v1
tx_0001641,2026-03-21 16:32:05,0,0.0001,LOW,APPROVE,0,LOW_RISK_ESTABLISHED_ACCOUNT,,,phase3-v1
tx_0018980,2026-03-21 16:32:35,0,0.0,LOW,APPROVE,0,LOW_RISK_ESTABLISHED_ACCOUNT,,,phase3-v1
tx_0010637,2026-03-21 16:34:25,0,0.0,LOW,APPROVE,0,LOW_RISK_ESTABLISHED_ACCOUNT,,,phase3-v1
tx_0009657,2026-03-21 16:37:41,0,0.0,LOW,APPROVE,0,PROMO_ACTIVITY,,,phase3-v1
tx_0013718,2026-03-21 16:38:07,0,0.0,LOW,APPROVE,0,LOW_RISK_ESTABLISHED_ACCOUNT,,,phase3-v1
tx_0025393,2026-03-21 16:39:54,0,0.0001,LOW,APPROVE,0,GRAPH_SHARED_ADDRESS,GRAPH_MULTI_ENTITY_OVERLAP,GRAPH_CONNECTED_USERS,phase3-v1
tx_0023811,2026-03-21 16:45:16,0,0.0001,LOW,APPROVE,0,GRAPH_CONNECTED_USERS,,,phase3-v1
tx_0002864,2026-03-21 16:45:53,0,0.0,LOW,APPROVE,0,LOW_RISK_ESTABLISHED_ACCOUNT,,,phase3-v1
tx_0024004,2026-03-21 16:46:01,0,0.0001,LOW,APPROVE,0,GRAPH_CONNECTED_USERS,,,phase3-v1
tx_0019090,2026-03-21 16:46:03,0,0.0,LOW,APPROVE,0,LOW_RISK_ESTABLISHED_ACCOUNT,,,phase3-v1
tx_0017864,2026-03-21 16:51:18,0,0.0,LOW,APPROVE,0,LOW_RISK_ESTABLISHED_ACCOUNT,,,phase3-v1
tx_0010050,2026-03-21 16:56:14,0,0.0001,LOW,APPROVE,0,LOW_RISK_ESTABLISHED_ACCOUNT,,,phase3-v1
tx_0017770,2026-03-21 16:59:57,0,0.0,LOW,APPROVE,0,LOW_RISK_ESTABLISHED_ACCOUNT,,,phase3-v1
tx_0005730,2026-03-21 17:00:01,0,0.0,LOW,APPROVE,0,LOW_RISK_ESTABLISHED_ACCOUNT,,,phase3-v1
tx_0003248,2026-03-21 17:00:42,0,0.0,LOW,APPROVE,0,LOW_RISK_ESTABLISHED_ACCOUNT,,,phase3-v1
tx_0009269,2026-03-21 17:01:17,0,0.0,LOW,APPROVE,0,LOW_RISK_ESTABLISHED_ACCOUNT,,,phase3-v1
tx_0005841,2026-03-21 17:04:28,0,0.0001,LOW,APPROVE,0,LOW_RISK_ESTABLISHED_ACCOUNT,,,phase3-v1
tx_0015766,2026-03-21 17:05:24,0,0.0,LOW,APPROVE,0,LOW_RISK_ESTABLISHED_ACCOUNT,,,phase3-v1
tx_0022350,2026-03-21 17:11:17,0,0.0001,LOW,APPROVE,0,LOW_RISK_ESTABLISHED_ACCOUNT,,,phase3-v1
tx_0018359,2026-03-21 17:12:02,0,0.0,LOW,APPROVE,0,LOW_RISK_ESTABLISHED_ACCOUNT,,,phase3-v1
tx_0015885,2026-03-21 17:12:08,0,0.0001,LOW,APPROVE,0,PROMO_ACTIVITY,,,phase3-v1
tx_0000616,2026-03-21 17:13:45,0,0.0,LOW,APPROVE,0,LOW_RISK_ESTABLISHED_ACCOUNT,,,phase3-v1
tx_0013668,2026-03-21 17:14:52,0,0.0001,LOW,APPROVE,0,LOW_RISK_ESTABLISHED_ACCOUNT,,,phase3-v1
tx_0024925,2026-03-21 17:15:00,0,0.0001,LOW,APPROVE,0,GRAPH_MULTI_ENTITY_OVERLAP,GRAPH_SHARED_ADDRESS,GRAPH_CONNECTED_USERS,phase3-v1
tx_0015925,2026-03-21 17:19:24,0,0.0,LOW,APPROVE,0,LOW_RISK_ESTABLISHED_ACCOUNT,,,phase3-v1
tx_0002410,2026-03-21 17:19:41,0,0.0,LOW,APPROVE,0,HIGH_AMOUNT_ANOMALY,,,phase3-v1
tx_0017775,2026-03-21 17:20:18,0,0.0001,LOW,APPROVE,0,HIGH_1H_VELOCITY,,,phase3-v1
tx_0014689,2026-03-21 17:24:01,0,0.0001,LOW,APPROVE,0,LOW_RISK_ESTABLISHED_ACCOUNT,,,phase3-v1
tx_0012322,2026-03-21 17:24:16,0,0.0,LOW,APPROVE,0,LOW_RISK_ESTABLISHED_ACCOUNT,,,phase3-v1
tx_0013547,2026-03-21 17:24:49,0,0.0,LOW,APPROVE,0,LOW_RISK_ESTABLISHED_ACCOUNT,,,phase3-v1
tx_0020652,2026-03-21 17:27:08,0,0.0,LOW,APPROVE,0,LOW_RISK_ESTABLISHED_ACCOUNT,,,phase3-v1
tx_0011265,2026-03-21 17:27:48,0,0.0001,LOW,APPROVE,0,LOW_RISK_ESTABLISHED_ACCOUNT,,,phase3-v1
tx_0006607,2026-03-21 17:27:57,0,0.0,LOW,APPROVE,0,LOW_RISK_ESTABLISHED_ACCOUNT,,,phase3-v1
tx_0015094,2026-03-21 17:29:00,0,0.0,LOW,APPROVE,0,LOW_RISK_ESTABLISHED_ACCOUNT,,,phase3-v1
tx_0007307,2026-03-21 17:32:03,0,0.0,LOW,APPROVE,0,LOW_RISK_ESTABLISHED_ACCOUNT,,,phase3-v1
tx_0009852,2026-03-21 17:34:05,0,0.0001,LOW,APPROVE,0,HIGH_AMOUNT_ANOMALY,,,phase3-v1
tx_0022894,2026-03-21 17:38:19,0,0.0004,LOW,APPROVE,0,GRAPH_CONNECTED_USERS,,,phase3-v1
tx_0002307,2026-03-21 17:38:37,0,0.0001,LOW,APPROVE,0,LOW_RISK_ESTABLISHED_ACCOUNT,,,phase3-v1
tx_0015994,2026-03-21 17:39:52,0,0.0,LOW,APPROVE,0,LOW_RISK_ESTABLISHED_ACCOUNT,,,phase3-v1
tx_0010144,2026-03-21 17:40:02,0,0.0001,LOW,APPROVE,0,LOW_RISK_ESTABLISHED_ACCOUNT,,,phase3-v1
tx_0022498,2026-03-21 17:41:09,0,0.0,LOW,APPROVE,0,LOW_RISK_ESTABLISHED_ACCOUNT,,,phase3-v1
tx_0018612,2026-03-21 17:41:28,0,0.0,LOW,APPROVE,0,LOW_RISK_ESTABLISHED_ACCOUNT,,,phase3-v1
tx_0009611,2026-03-21 17:42:23,0,0.0001,LOW,APPROVE,0,LOW_RISK_ESTABLISHED_ACCOUNT,,,phase3-v1
tx_0022879,2026-03-21 17:42:58,0,0.0001,LOW,APPROVE,0,GRAPH_MULTI_ENTITY_OVERLAP,GRAPH_SHARED_ADDRESS,,phase3-v1
tx_0013431,2026-03-21 17:49:27,0,0.0001,LOW,APPROVE,0,LOW_RISK_ESTABLISHED_ACCOUNT,,,phase3-v1
tx_0017544,2026-03-21 17:49:59,0,0.0001,LOW,APPROVE,0,LOW_RISK_ESTABLISHED_ACCOUNT,,,phase3-v1
tx_0019290,2026-03-21 17:57:09,0,0.0,LOW,APPROVE,0,LOW_RISK_ESTABLISHED_ACCOUNT,,,phase3-v1
tx_0021930,2026-03-21 17:58:15,0,0.0058,LOW,APPROVE,0,NEW_ACCOUNT,,,phase3-v1
tx_0023449,2026-03-21 17:59:32,0,0.0001,LOW,APPROVE,0,GRAPH_MULTI_ENTITY_OVERLAP,GRAPH_SHARED_PAYMENT,GRAPH_SHARED_ADDRESS,phase3-v1
tx_0007829,2026-03-21 18:02:50,0,0.0,LOW,APPROVE,0,LOW_RISK_ESTABLISHED_ACCOUNT,,,phase3-v1
tx_0001992,2026-03-21 18:05:00,0,0.0,LOW,APPROVE,0,LOW_RISK_ESTABLISHED_ACCOUNT,,,phase3-v1
tx_0024961,2026-03-21 18:06:05,0,0.0001,LOW,APPROVE,0,GRAPH_CONNECTED_USERS,,,phase3-v1
tx_0000294,2026-03-21 18:08:14,0,0.0,LOW,APPROVE,0,LOW_RISK_ESTABLISHED_ACCOUNT,,,phase3-v1
tx_0002233,2026-03-21 18:11:54,0,0.0,LOW,APPROVE,0,LOW_RISK_ESTABLISHED_ACCOUNT,,,phase3-v1
tx_0006907,2026-03-21 18:12:08,0,0.0001,LOW,APPROVE,0,LOW_RISK_ESTABLISHED_ACCOUNT,,,phase3-v1
tx_0009213,2026-03-21 18:15:01,0,0.0,LOW,APPROVE,0,LOW_RISK_ESTABLISHED_ACCOUNT,,,phase3-v1
tx_0023816,2026-03-21 18:15:34,0,0.0004,LOW,APPROVE,0,GRAPH_CONNECTED_USERS,,,phase3-v1
tx_0016720,2026-03-21 18:15:39,0,0.0,LOW,APPROVE,0,LOW_RISK_ESTABLISHED_ACCOUNT,,,phase3-v1
tx_0019645,2026-03-21 18:16:09,0,0.0001,LOW,APPROVE,0,HIGH_24H_VELOCITY,,,phase3-v1
tx_0021333,2026-03-21 18:16:11,0,0.0,LOW,APPROVE,0,LOW_RISK_ESTABLISHED_ACCOUNT,,,phase3-v1
tx_0002222,2026-03-21 18:19:17,0,0.0,LOW,APPROVE,0,LOW_RISK_ESTABLISHED_ACCOUNT,,,phase3-v1
tx_0020289,2026-03-21 18:22:30,0,0.0001,LOW,APPROVE,0,LOW_RISK_ESTABLISHED_ACCOUNT,,,phase3-v1
tx_0005600,2026-03-21 18:24:17,0,0.0001,LOW,APPROVE,0,LOW_RISK_ESTABLISHED_ACCOUNT,,,phase3-v1
tx_0015019,2026-03-21 18:24:28,0,0.0,LOW,APPROVE,0,LOW_RISK_ESTABLISHED_ACCOUNT,,,phase3-v1
tx_0007937,2026-03-21 18:28:28,0,0.0,LOW,APPROVE,0,LOW_RISK_ESTABLISHED_ACCOUNT,,,phase3-v1
tx_0023960,2026-03-21 18:29:18,0,0.0003,LOW,APPROVE,0,GRAPH_SHARED_PAYMENT,GRAPH_SHARED_ADDRESS,GRAPH_MULTI_ENTITY_OVERLAP,phase3-v1
tx_0007210,2026-03-21 18:36:49,0,0.0,LOW,APPROVE,0,LOW_RISK_ESTABLISHED_ACCOUNT,,,phase3-v1
tx_0001277,2026-03-21 18:36:50,0,0.0001,LOW,APPROVE,0,LOW_RISK_ESTABLISHED_ACCOUNT,,,phase3-v1
tx_0012867,2026-03-21 18:38:37,0,0.0,LOW,APPROVE,0,LOW_RISK_ESTABLISHED_ACCOUNT,,,phase3-v1
tx_0017699,2026-03-21 18:38:39,0,0.0001,LOW,APPROVE,0,NEW_ACCOUNT,,,phase3-v1
tx_0025244,2026-03-21 18:40:04,0,0.0069,LOW,APPROVE,0,GRAPH_SHARED_DEVICE,GRAPH_MULTI_ENTITY_OVERLAP,GRAPH_CONNECTED_USERS,phase3-v1
tx_0012575,2026-03-21 18:41:35,0,0.0,LOW,APPROVE,0,LOW_RISK_ESTABLISHED_ACCOUNT,,,phase3-v1
tx_0018458,2026-03-21 18:42:04,0,0.0001,LOW,APPROVE,0,LOW_RISK_ESTABLISHED_ACCOUNT,,,phase3-v1
tx_0013713,2026-03-21 18:43:54,0,0.0001,LOW,APPROVE,0,PROMO_ACTIVITY,,,phase3-v1
tx_0010080,2026-03-21 18:44:05,0,0.0001,LOW,APPROVE,0,LOW_RISK_ESTABLISHED_ACCOUNT,,,phase3-v1
tx_0004630,2026-03-21 18:44:16,0,0.0,LOW,APPROVE,0,LOW_RISK_ESTABLISHED_ACCOUNT,,,phase3-v1
tx_0004528,2026-03-21 18:45:05,0,0.0,LOW,APPROVE,0,LOW_RISK_ESTABLISHED_ACCOUNT,,,phase3-v1
tx_0015945,2026-03-21 18:46:00,0,0.0001,LOW,APPROVE,0,LOW_RISK_ESTABLISHED_ACCOUNT,,,phase3-v1
tx_0025533,2026-03-21 18:47:42,0,0.0001,LOW,APPROVE,0,GRAPH_CONNECTED_USERS,,,phase3-v1
tx_0019241,2026-03-21 18:48:43,0,0.0,LOW,APPROVE,0,LOW_RISK_ESTABLISHED_ACCOUNT,,,phase3-v1
tx_0013616,2026-03-21 18:49:58,0,0.0,LOW,APPROVE,0,LOW_RISK_ESTABLISHED_ACCOUNT,,,phase3-v1
tx_0022292,2026-03-21 18:51:16,0,0.0,LOW,APPROVE,0,LOW_RISK_ESTABLISHED_ACCOUNT,,,phase3-v1
tx_0007207,2026-03-21 18:54:46,0,0.0002,LOW,APPROVE,0,HIGH_AMOUNT_ANOMALY,HIGH_1H_VELOCITY,,phase3-v1
tx_0019164,2026-03-21 18:55:38,0,0.0,LOW,APPROVE,0,LOW_RISK_ESTABLISHED_ACCOUNT,,,phase3-v1
tx_0017963,2026-03-21 18:57:45,0,0.0,LOW,APPROVE,0,LOW_RISK_ESTABLISHED_ACCOUNT,,,phase3-v1
tx_0020759,2026-03-21 18:57:53,0,0.0,LOW,APPROVE,0,LOW_RISK_ESTABLISHED_ACCOUNT,,,phase3-v1
tx_0013402,2026-03-21 19:02:08,0,0.0,LOW,APPROVE,0,LOW_RISK_ESTABLISHED_ACCOUNT,,,phase3-v1
tx_0022025,2026-03-21 19:02:10,0,0.0,LOW,APPROVE,0,LOW_RISK_ESTABLISHED_ACCOUNT,,,phase3-v1
tx_0008190,2026-03-21 19:02:12,0,0.0002,LOW,APPROVE,0,NEW_ACCOUNT,,,phase3-v1
tx_0000154,2026-03-21 19:04:12,0,0.0,LOW,APPROVE,0,LOW_RISK_ESTABLISHED_ACCOUNT,,,phase3-v1
tx_0005067,2026-03-21 19:04:42,0,0.0001,LOW,APPROVE,0,LOW_RISK_ESTABLISHED_ACCOUNT,,,phase3-v1
tx_0011227,2026-03-21 19:04:43,0,0.0,LOW,APPROVE,0,LOW_RISK_ESTABLISHED_ACCOUNT,,,phase3-v1
tx_0002294,2026-03-21 19:06:06,0,0.0,LOW,APPROVE,0,LOW_RISK_ESTABLISHED_ACCOUNT,,,phase3-v1
tx_0017381,2026-03-21 19:08:20,0,0.0,LOW,APPROVE,0,LOW_RISK_ESTABLISHED_ACCOUNT,,,phase3-v1
tx_0008819,2026-03-21 19:08:44,0,0.0001,LOW,APPROVE,0,LOW_RISK_ESTABLISHED_ACCOUNT,,,phase3-v1
tx_0000604,2026-03-21 19:11:00,0,0.0,LOW,APPROVE,0,LOW_RISK_ESTABLISHED_ACCOUNT,,,phase3-v1
tx_0009807,2026-03-21 19:11:54,0,0.0,LOW,APPROVE,0,LOW_RISK_ESTABLISHED_ACCOUNT,,,phase3-v1
tx_0014921,2026-03-21 19:12:02,0,0.0,LOW,APPROVE,0,LOW_RISK_ESTABLISHED_ACCOUNT,,,phase3-v1
tx_0018008,2026-03-21 19:14:04,0,0.0,LOW,APPROVE,0,PROMO_ACTIVITY,,,phase3-v1
tx_0005432,2026-03-21 19:15:04,0,0.0,LOW,APPROVE,0,LOW_RISK_ESTABLISHED_ACCOUNT,,,phase3-v1
tx_0013651,2026-03-21 19:16:11,0,0.0,LOW,APPROVE,0,LOW_RISK_ESTABLISHED_ACCOUNT,,,phase3-v1
tx_0007563,2026-03-21 19:16:53,0,0.0001,LOW,APPROVE,0,LOW_RISK_ESTABLISHED_ACCOUNT,,,phase3-v1
tx_0024857,2026-03-21 19:19:48,0,0.0005,LOW,APPROVE,0,GRAPH_CONNECTED_USERS,,,phase3-v1
tx_0000201,2026-03-21 19:22:18,0,0.0008,LOW,APPROVE,0,NEW_ACCOUNT,,,phase3-v1
tx_0006020,2026-03-21 19:22:23,0,0.0,LOW,APPROVE,0,LOW_RISK_ESTABLISHED_ACCOUNT,,,phase3-v1
tx_0014257,2026-03-21 19:24:29,0,0.0,LOW,APPROVE,0,LOW_RISK_ESTABLISHED_ACCOUNT,,,phase3-v1
tx_0021072,2026-03-21 19:24:43,0,0.0001,LOW,APPROVE,0,LOW_RISK_ESTABLISHED_ACCOUNT,,,phase3-v1
tx_0020768,2026-03-21 19:25:26,0,0.0,LOW,APPROVE,0,PROMO_ACTIVITY,,,phase3-v1
tx_0023114,2026-03-21 19:30:00,0,0.0005,LOW,APPROVE,0,GRAPH_CONNECTED_USERS,,,phase3-v1
tx_0004954,2026-03-21 19:31:21,0,0.0,LOW,APPROVE,0,LOW_RISK_ESTABLISHED_ACCOUNT,,,phase3-v1
tx_0024090,2026-03-21 19:31:31,0,0.0001,LOW,APPROVE,0,GRAPH_CONNECTED_USERS,,,phase3-v1
tx_0021378,2026-03-21 19:31:52,0,0.0,LOW,APPROVE,0,LOW_RISK_ESTABLISHED_ACCOUNT,,,phase3-v1
tx_0005584,2026-03-21 19:32:33,0,0.0001,LOW,APPROVE,0,LOW_RISK_ESTABLISHED_ACCOUNT,,,phase3-v1
tx_0008651,2026-03-21 19:33:05,0,0.0,LOW,APPROVE,0,HIGH_AMOUNT_ANOMALY,,,phase3-v1
tx_0003157,2026-03-21 19:34:27,0,0.0001,LOW,APPROVE,0,NEW_ACCOUNT,,,phase3-v1
tx_0009010,2026-03-21 19:36:39,0,0.0,LOW,APPROVE,0,LOW_RISK_ESTABLISHED_ACCOUNT,,,phase3-v1
tx_0001502,2026-03-21 19:42:38,0,0.0001,LOW,APPROVE,0,LOW_RISK_ESTABLISHED_ACCOUNT,,,phase3-v1
tx_0019820,2026-03-21 19:43:17,0,0.0,LOW,APPROVE,0,PROMO_ACTIVITY,,,phase3-v1
tx_0022762,2026-03-21 19:50:11,0,0.0001,LOW,APPROVE,0,GRAPH_MULTI_ENTITY_OVERLAP,GRAPH_SHARED_ADDRESS,,phase3-v1
tx_0002893,2026-03-21 19:51:35,0,0.0001,LOW,APPROVE,0,LOW_RISK_ESTABLISHED_ACCOUNT,,,phase3-v1
tx_0014895,2026-03-21 19:52:25,0,0.0,LOW,APPROVE,0,LOW_RISK_ESTABLISHED_ACCOUNT,,,phase3-v1
tx_0004345,2026-03-21 19:53:15,0,0.0,LOW,APPROVE,0,LOW_RISK_ESTABLISHED_ACCOUNT,,,phase3-v1
tx_0002064,2026-03-21 19:57:20,0,0.0001,LOW,APPROVE,0,LOW_RISK_ESTABLISHED_ACCOUNT,,,phase3-v1
tx_0024388,2026-03-21 19:58:19,0,0.0001,LOW,APPROVE,0,GRAPH_MULTI_ENTITY_OVERLAP,GRAPH_SHARED_ADDRESS,GRAPH_CONNECTED_USERS,phase3-v1
tx_0006795,2026-03-21 20:02:17,0,0.0001,LOW,APPROVE,0,LOW_RISK_ESTABLISHED_ACCOUNT,,,phase3-v1
tx_0019612,2026-03-21 20:03:28,0,0.0001,LOW,APPROVE,0,LOW_RISK_ESTABLISHED_ACCOUNT,,,phase3-v1
tx_0002961,2026-03-21 20:14:29,0,0.0001,LOW,APPROVE,0,LOW_RISK_ESTABLISHED_ACCOUNT,,,phase3-v1
tx_0001649,2026-03-21 20:15:41,0,0.0001,LOW,APPROVE,0,LOW_RISK_ESTABLISHED_ACCOUNT,,,phase3-v1
tx_0024224,2026-03-21 20:19:20,0,0.0001,LOW,APPROVE,0,GRAPH_SHARED_PAYMENT,GRAPH_MULTI_ENTITY_OVERLAP,GRAPH_SHARED_ADDRESS,phase3-v1
tx_0022831,2026-03-21 20:26:03,0,0.0001,LOW,APPROVE,0,GRAPH_SHARED_ADDRESS,GRAPH_MULTI_ENTITY_OVERLAP,GRAPH_CONNECTED_USERS,phase3-v1
tx_0023068,2026-03-21 20:29:08,0,0.0018,LOW,APPROVE,0,GRAPH_MULTI_ENTITY_OVERLAP,GRAPH_SHARED_DEVICE,GRAPH_SHARED_ADDRESS,phase3-v1
tx_0003171,2026-03-21 20:35:47,0,0.0001,LOW,APPROVE,0,LOW_RISK_ESTABLISHED_ACCOUNT,,,phase3-v1
tx_0002184,2026-03-21 20:37:10,0,0.0113,LOW,APPROVE,0,NEW_ACCOUNT,,,phase3-v1
tx_0020063,2026-03-21 20:38:05,0,0.0001,LOW,APPROVE,0,LOW_RISK_ESTABLISHED_ACCOUNT,,,phase3-v1
tx_0021721,2026-03-21 20:39:51,0,0.0001,LOW,APPROVE,0,LOW_RISK_ESTABLISHED_ACCOUNT,,,phase3-v1
tx_0012903,2026-03-21 20:43:39,0,0.0001,LOW,APPROVE,0,LOW_RISK_ESTABLISHED_ACCOUNT,,,phase3-v1
tx_0024230,2026-03-21 20:47:09,0,0.4294,LOW,APPROVE,0,GRAPH_SHARED_PAYMENT,GRAPH_MULTI_ENTITY_OVERLAP,GRAPH_CONNECTED_USERS,phase3-v1
tx_0003745,2026-03-21 20:47:21,0,0.0001,LOW,APPROVE,0,LOW_RISK_ESTABLISHED_ACCOUNT,,,phase3-v1
tx_0022867,2026-03-21 20:48:19,0,0.0001,LOW,APPROVE,0,GRAPH_MULTI_ENTITY_OVERLAP,GRAPH_SHARED_PAYMENT,GRAPH_SHARED_ADDRESS,phase3-v1
tx_0025976,2026-03-21 20:49:06,0,0.0001,LOW,APPROVE,0,GRAPH_SHARED_PAYMENT,GRAPH_MULTI_ENTITY_OVERLAP,GRAPH_SHARED_ADDRESS,phase3-v1
tx_0019979,2026-03-21 20:53:02,0,0.0001,LOW,APPROVE,0,LOW_RISK_ESTABLISHED_ACCOUNT,,,phase3-v1
tx_0004506,2026-03-21 20:55:22,0,0.0001,LOW,APPROVE,0,LOW_RISK_ESTABLISHED_ACCOUNT,,,phase3-v1
tx_0021441,2026-03-21 20:56:10,0,0.0001,LOW,APPROVE,0,LOW_RISK_ESTABLISHED_ACCOUNT,,,phase3-v1
tx_0021419,2026-03-21 20:56:42,0,0.0002,LOW,APPROVE,0,HIGH_AMOUNT_ANOMALY,,,phase3-v1
tx_0007440,2026-03-21 20:59:08,0,0.0001,LOW,APPROVE,0,LOW_RISK_ESTABLISHED_ACCOUNT,,,phase3-v1
tx_0004392,2026-03-21 21:09:10,0,0.0001,LOW,APPROVE,0,LOW_RISK_ESTABLISHED_ACCOUNT,,,phase3-v1
tx_0014547,2026-03-21 21:14:30,0,0.0001,LOW,APPROVE,0,LOW_RISK_ESTABLISHED_ACCOUNT,,,phase3-v1
tx_0005779,2026-03-21 21:15:08,0,0.0001,LOW,APPROVE,0,LOW_RISK_ESTABLISHED_ACCOUNT,,,phase3-v1
tx_0023343,2026-03-21 21:19:23,0,0.0001,LOW,APPROVE,0,GRAPH_MULTI_ENTITY_OVERLAP,GRAPH_SHARED_ADDRESS,GRAPH_CONNECTED_USERS,phase3-v1
tx_0004382,2026-03-21 21:21:03,0,0.0001,LOW,APPROVE,0,PROMO_ACTIVITY,,,phase3-v1
tx_0011797,2026-03-21 21:24:38,0,0.0001,LOW,APPROVE,0,LOW_RISK_ESTABLISHED_ACCOUNT,,,phase3-v1
tx_0015080,2026-03-21 21:25:07,0,0.0001,LOW,APPROVE,0,LOW_RISK_ESTABLISHED_ACCOUNT,,,phase3-v1
tx_0003059,2026-03-21 21:32:09,0,0.0001,LOW,APPROVE,0,LOW_RISK_ESTABLISHED_ACCOUNT,,,phase3-v1
tx_0017883,2026-03-21 21:32:38,0,0.0001,LOW,APPROVE,0,LOW_RISK_ESTABLISHED_ACCOUNT,,,phase3-v1
tx_0001082,2026-03-21 21:33:41,0,0.0001,LOW,APPROVE,0,LOW_RISK_ESTABLISHED_ACCOUNT,,,phase3-v1
tx_0003860,2026-03-21 21:36:48,0,0.0001,LOW,APPROVE,0,LOW_RISK_ESTABLISHED_ACCOUNT,,,phase3-v1
tx_0022977,2026-03-21 21:42:47,0,0.0002,LOW,APPROVE,0,GRAPH_SHARED_ADDRESS,GRAPH_CONNECTED_USERS,GRAPH_MULTI_ENTITY_OVERLAP,phase3-v1
tx_0020892,2026-03-21 21:42:50,0,0.0001,LOW,APPROVE,0,LOW_RISK_ESTABLISHED_ACCOUNT,,,phase3-v1
tx_0001085,2026-03-21 21:44:39,0,0.0001,LOW,APPROVE,0,LOW_RISK_ESTABLISHED_ACCOUNT,,,phase3-v1
tx_0019934,2026-03-21 21:45:08,0,0.0002,LOW,APPROVE,0,LOW_RISK_ESTABLISHED_ACCOUNT,,,phase3-v1
tx_0000311,2026-03-21 21:53:48,0,0.0001,LOW,APPROVE,0,LOW_RISK_ESTABLISHED_ACCOUNT,,,phase3-v1
tx_0001886,2026-03-21 21:53:56,0,0.0001,LOW,APPROVE,0,LOW_RISK_ESTABLISHED_ACCOUNT,,,phase3-v1
tx_0015257,2026-03-21 21:55:33,0,0.0001,LOW,APPROVE,0,LOW_RISK_ESTABLISHED_ACCOUNT,,,phase3-v1
tx_0015774,2026-03-21 22:08:53,0,0.0001,LOW,APPROVE,0,LOW_RISK_ESTABLISHED_ACCOUNT,,,phase3-v1
tx_0012452,2026-03-21 22:18:18,0,0.0002,LOW,APPROVE,0,LOW_RISK_ESTABLISHED_ACCOUNT,,,phase3-v1
tx_0023683,2026-03-21 22:27:49,0,0.0006,LOW,APPROVE,0,GRAPH_CONNECTED_USERS,,,phase3-v1
tx_0011314,2026-03-21 22:36:41,0,0.0001,LOW,APPROVE,0,LOW_RISK_ESTABLISHED_ACCOUNT,,,phase3-v1
tx_0012535,2026-03-21 22:58:19,0,0.0001,LOW,APPROVE,0,LOW_RISK_ESTABLISHED_ACCOUNT,,,phase3-v1
tx_0016064,2026-03-21 23:00:24,0,0.0001,LOW,APPROVE,0,LOW_RISK_ESTABLISHED_ACCOUNT,,,phase3-v1
tx_0025871,2026-03-21 23:05:38,0,0.0001,LOW,APPROVE,0,GRAPH_CONNECTED_USERS,,,phase3-v1
tx_0000928,2026-03-21 23:10:39,0,0.0001,LOW,APPROVE,0,LOW_RISK_ESTABLISHED_ACCOUNT,,,phase3-v1
tx_0010595,2026-03-21 23:14:10,0,0.0001,LOW,APPROVE,0,LOW_RISK_ESTABLISHED_ACCOUNT,,,phase3-v1
tx_0020295,2026-03-21 23:23:08,0,0.0004,LOW,APPROVE,0,HIGH_24H_VELOCITY,,,phase3-v1
tx_0025574,2026-03-21 23:23:09,0,0.0006,LOW,APPROVE,0,GRAPH_CONNECTED_USERS,,,phase3-v1
tx_0005404,2026-03-21 23:27:59,0,0.0001,LOW,APPROVE,0,PROMO_ACTIVITY,,,phase3-v1
tx_0025146,2026-03-21 23:30:56,0,0.0001,LOW,APPROVE,0,GRAPH_SHARED_ADDRESS,GRAPH_MULTI_ENTITY_OVERLAP,GRAPH_CONNECTED_USERS,phase3-v1
tx_0012771,2026-03-21 23:31:59,0,0.0001,LOW,APPROVE,0,LOW_RISK_ESTABLISHED_ACCOUNT,,,phase3-v1
tx_0012127,2026-03-21 23:52:09,0,0.0001,LOW,APPROVE,0,LOW_RISK_ESTABLISHED_ACCOUNT,,,phase3-v1
tx_0023005,2026-03-21 23:58:08,0,0.0006,LOW,APPROVE,0,GRAPH_CONNECTED_USERS,,,phase3-v1
tx_0020443,2026-03-22 00:33:52,0,0.0001,LOW,APPROVE,0,LOW_RISK_ESTABLISHED_ACCOUNT,,,phase3-v1
tx_0010561,2026-03-22 00:52:56,0,0.0001,LOW,APPROVE,0,HIGH_AMOUNT_ANOMALY,,,phase3-v1
tx_0002012,2026-03-22 01:22:49,0,0.0001,LOW,APPROVE,0,OFF_HOURS_ACTIVITY,,,phase3-v1
tx_0008736,2026-03-22 01:37:33,0,0.0001,LOW,APPROVE,0,OFF_HOURS_ACTIVITY,,,phase3-v1
tx_0016062,2026-03-22 02:41:07,0,0.0002,LOW,APPROVE,0,HIGH_24H_VELOCITY,OFF_HOURS_ACTIVITY,,phase3-v1
tx_0005368,2026-03-22 03:52:44,0,0.0001,LOW,APPROVE,0,OFF_HOURS_ACTIVITY,,,phase3-v1
tx_0020733,2026-03-22 04:03:10,0,0.0002,LOW,APPROVE,0,OFF_HOURS_ACTIVITY,,,phase3-v1
tx_0024166,2026-03-22 04:11:18,0,0.0928,LOW,APPROVE,0,GRAPH_SHARED_ADDRESS,GRAPH_MULTI_ENTITY_OVERLAP,GRAPH_CONNECTED_USERS,phase3-v1
tx_0000663,2026-03-22 04:22:43,0,0.0001,LOW,APPROVE,0,HIGH_AMOUNT_ANOMALY,OFF_HOURS_ACTIVITY,,phase3-v1
tx_0016936,2026-03-22 05:14:25,0,0.0001,LOW,APPROVE,0,OFF_HOURS_ACTIVITY,,,phase3-v1
tx_0020800,2026-03-22 05:26:40,0,0.0,LOW,APPROVE,0,OFF_HOURS_ACTIVITY,,,phase3-v1
tx_0000710,2026-03-22 05:30:32,0,0.0001,LOW,APPROVE,0,OFF_HOURS_ACTIVITY,,,phase3-v1
tx_0001028,2026-03-22 05:47:10,0,0.0,LOW,APPROVE,0,OFF_HOURS_ACTIVITY,,,phase3-v1
tx_0025629,2026-03-22 06:09:56,0,0.0001,LOW,APPROVE,0,GRAPH_CONNECTED_USERS,,,phase3-v1
tx_0010353,2026-03-22 06:17:24,0,0.0001,LOW,APPROVE,0,LOW_RISK_ESTABLISHED_ACCOUNT,,,phase3-v1
tx_0021636,2026-03-22 06:19:01,0,0.0012,LOW,APPROVE,0,NEW_ACCOUNT,,,phase3-v1
tx_0023567,2026-03-22 06:21:25,0,0.0002,LOW,APPROVE,0,GRAPH_MULTI_ENTITY_OVERLAP,GRAPH_SHARED_ADDRESS,,phase3-v1
tx_0024348,2026-03-22 06:23:56,0,0.0001,LOW,APPROVE,0,GRAPH_SHARED_ADDRESS,GRAPH_MULTI_ENTITY_OVERLAP,GRAPH_CONNECTED_USERS,phase3-v1
tx_0011091,2026-03-22 06:27:05,0,0.0001,LOW,APPROVE,0,PROMO_ACTIVITY,,,phase3-v1
tx_0017148,2026-03-22 06:42:50,0,0.0001,LOW,APPROVE,0,LOW_RISK_ESTABLISHED_ACCOUNT,,,phase3-v1
tx_0013154,2026-03-22 06:45:37,0,0.0,LOW,APPROVE,0,LOW_RISK_ESTABLISHED_ACCOUNT,,,phase3-v1
tx_0010291,2026-03-22 06:48:14,0,0.0,LOW,APPROVE,0,LOW_RISK_ESTABLISHED_ACCOUNT,,,phase3-v1
tx_0005846,2026-03-22 06:50:18,0,0.0,LOW,APPROVE,0,LOW_RISK_ESTABLISHED_ACCOUNT,,,phase3-v1
tx_0022305,2026-03-22 07:01:07,0,0.0001,LOW,APPROVE,0,LOW_RISK_ESTABLISHED_ACCOUNT,,,phase3-v1
tx_0009613,2026-03-22 07:06:59,0,0.0002,LOW,APPROVE,0,LOW_RISK_ESTABLISHED_ACCOUNT,,,phase3-v1
tx_0013745,2026-03-22 07:24:39,0,0.0,LOW,APPROVE,0,LOW_RISK_ESTABLISHED_ACCOUNT,,,phase3-v1
tx_0005437,2026-03-22 07:25:48,0,0.0001,LOW,APPROVE,0,LOW_RISK_ESTABLISHED_ACCOUNT,,,phase3-v1
tx_0025352,2026-03-22 07:27:36,0,0.0003,LOW,APPROVE,0,GRAPH_CONNECTED_USERS,,,phase3-v1
tx_0010612,2026-03-22 07:30:59,0,0.0001,LOW,APPROVE,0,LOW_RISK_ESTABLISHED_ACCOUNT,,,phase3-v1
tx_0020772,2026-03-22 07:31:23,0,0.0,LOW,APPROVE,0,LOW_RISK_ESTABLISHED_ACCOUNT,,,phase3-v1
tx_0020584,2026-03-22 07:31:32,0,0.0,LOW,APPROVE,0,PROMO_ACTIVITY,,,phase3-v1
tx_0012025,2026-03-22 07:33:36,0,0.0,LOW,APPROVE,0,LOW_RISK_ESTABLISHED_ACCOUNT,,,phase3-v1
tx_0003636,2026-03-22 07:39:44,0,0.0,LOW,APPROVE,0,LOW_RISK_ESTABLISHED_ACCOUNT,,,phase3-v1
tx_0013538,2026-03-22 07:40:37,0,0.0,LOW,APPROVE,0,LOW_RISK_ESTABLISHED_ACCOUNT,,,phase3-v1
tx_0006612,2026-03-22 07:55:01,0,0.0001,LOW,APPROVE,0,LOW_RISK_ESTABLISHED_ACCOUNT,,,phase3-v1
tx_0000025,2026-03-22 08:05:50,0,0.0,LOW,APPROVE,0,LOW_RISK_ESTABLISHED_ACCOUNT,,,phase3-v1
tx_0005731,2026-03-22 08:10:17,0,0.0,LOW,APPROVE,0,LOW_RISK_ESTABLISHED_ACCOUNT,,,phase3-v1
tx_0012973,2026-03-22 08:12:13,0,0.0001,LOW,APPROVE,0,LOW_RISK_ESTABLISHED_ACCOUNT,,,phase3-v1
tx_0012728,2026-03-22 08:18:47,0,0.0,LOW,APPROVE,0,LOW_RISK_ESTABLISHED_ACCOUNT,,,phase3-v1
tx_0014140,2026-03-22 08:21:45,0,0.0,LOW,APPROVE,0,LOW_RISK_ESTABLISHED_ACCOUNT,,,phase3-v1
tx_0014066,2026-03-22 08:21:51,0,0.0,LOW,APPROVE,0,LOW_RISK_ESTABLISHED_ACCOUNT,,,phase3-v1
tx_0017823,2026-03-22 08:27:06,0,0.027,LOW,APPROVE,0,NEW_ACCOUNT,,,phase3-v1
tx_0010158,2026-03-22 08:29:46,0,0.0,LOW,APPROVE,0,LOW_RISK_ESTABLISHED_ACCOUNT,,,phase3-v1
tx_0019353,2026-03-22 08:47:27,0,0.0001,LOW,APPROVE,0,LOW_RISK_ESTABLISHED_ACCOUNT,,,phase3-v1
tx_0001317,2026-03-22 08:48:44,0,0.0001,LOW,APPROVE,0,LOW_RISK_ESTABLISHED_ACCOUNT,,,phase3-v1
tx_0003630,2026-03-22 08:51:02,0,0.0,LOW,APPROVE,0,LOW_RISK_ESTABLISHED_ACCOUNT,,,phase3-v1
tx_0003982,2026-03-22 09:03:34,0,0.0001,LOW,APPROVE,0,LOW_RISK_ESTABLISHED_ACCOUNT,,,phase3-v1
tx_0024329,2026-03-22 09:16:11,0,0.0019,LOW,APPROVE,0,GRAPH_SHARED_ADDRESS,GRAPH_MULTI_ENTITY_OVERLAP,GRAPH_SHARED_DEVICE,phase3-v1
tx_0008232,2026-03-22 09:19:50,0,0.0001,LOW,APPROVE,0,LOW_RISK_ESTABLISHED_ACCOUNT,,,phase3-v1
tx_0019993,2026-03-22 09:20:28,0,0.0,LOW,APPROVE,0,LOW_RISK_ESTABLISHED_ACCOUNT,,,phase3-v1
tx_0013242,2026-03-22 09:20:31,0,0.0,LOW,APPROVE,0,LOW_RISK_ESTABLISHED_ACCOUNT,,,phase3-v1
tx_0023705,2026-03-22 09:23:33,0,0.0001,LOW,APPROVE,0,GRAPH_SHARED_ADDRESS,GRAPH_MULTI_ENTITY_OVERLAP,GRAPH_CONNECTED_USERS,phase3-v1
tx_0013662,2026-03-22 09:24:29,0,0.0001,LOW,APPROVE,0,LOW_RISK_ESTABLISHED_ACCOUNT,,,phase3-v1
tx_0005402,2026-03-22 09:25:06,0,0.0001,LOW,APPROVE,0,LOW_RISK_ESTABLISHED_ACCOUNT,,,phase3-v1
tx_0025857,2026-03-22 09:28:52,0,0.0001,LOW,APPROVE,0,GRAPH_CONNECTED_USERS,,,phase3-v1
tx_0024092,2026-03-22 09:32:35,0,0.0001,LOW,APPROVE,0,GRAPH_CONNECTED_USERS,,,phase3-v1
tx_0017294,2026-03-22 09:35:48,0,0.0001,LOW,APPROVE,0,LOW_RISK_ESTABLISHED_ACCOUNT,,,phase3-v1
tx_0018419,2026-03-22 09:35:49,0,0.0,LOW,APPROVE,0,LOW_RISK_ESTABLISHED_ACCOUNT,,,phase3-v1
tx_0003564,2026-03-22 09:38:16,0,0.0,LOW,APPROVE,0,LOW_RISK_ESTABLISHED_ACCOUNT,,,phase3-v1
tx_0016344,2026-03-22 09:43:40,0,0.0001,LOW,APPROVE,0,LOW_RISK_ESTABLISHED_ACCOUNT,,,phase3-v1
tx_0024305,2026-03-22 09:43:51,0,0.2243,LOW,APPROVE,0,GRAPH_CONNECTED_USERS,NEW_ACCOUNT,,phase3-v1
tx_0019390,2026-03-22 09:44:08,0,0.0,LOW,APPROVE,0,LOW_RISK_ESTABLISHED_ACCOUNT,,,phase3-v1
tx_0000491,2026-03-22 09:44:35,0,0.0,LOW,APPROVE,0,LOW_RISK_ESTABLISHED_ACCOUNT,,,phase3-v1
tx_0000490,2026-03-22 09:46:44,0,0.0001,LOW,APPROVE,0,LOW_RISK_ESTABLISHED_ACCOUNT,,,phase3-v1
tx_0021117,2026-03-22 09:50:05,0,0.0002,LOW,APPROVE,0,HIGH_AMOUNT_ANOMALY,,,phase3-v1
tx_0009191,2026-03-22 09:55:15,0,0.0001,LOW,APPROVE,0,LOW_RISK_ESTABLISHED_ACCOUNT,,,phase3-v1
tx_0013349,2026-03-22 09:59:37,0,0.0001,LOW,APPROVE,0,LOW_RISK_ESTABLISHED_ACCOUNT,,,phase3-v1
tx_0001846,2026-03-22 10:01:46,0,0.0001,LOW,APPROVE,0,LOW_RISK_ESTABLISHED_ACCOUNT,,,phase3-v1
tx_0012496,2026-03-22 10:01:57,0,0.0,LOW,APPROVE,0,LOW_RISK_ESTABLISHED_ACCOUNT,,,phase3-v1
tx_0012868,2026-03-22 10:03:13,0,0.0001,LOW,APPROVE,0,LOW_RISK_ESTABLISHED_ACCOUNT,,,phase3-v1
tx_0006449,2026-03-22 10:03:57,0,0.0001,LOW,APPROVE,0,LOW_RISK_ESTABLISHED_ACCOUNT,,,phase3-v1
tx_0021929,2026-03-22 10:04:10,0,0.0051,LOW,APPROVE,0,NEW_ACCOUNT,,,phase3-v1
tx_0011155,2026-03-22 10:07:22,0,0.0,LOW,APPROVE,0,LOW_RISK_ESTABLISHED_ACCOUNT,,,phase3-v1
tx_0020945,2026-03-22 10:10:36,0,0.0,LOW,APPROVE,0,LOW_RISK_ESTABLISHED_ACCOUNT,,,phase3-v1
tx_0019177,2026-03-22 10:13:47,0,0.0001,LOW,APPROVE,0,LOW_RISK_ESTABLISHED_ACCOUNT,,,phase3-v1
tx_0019928,2026-03-22 10:16:03,0,0.0,LOW,APPROVE,0,LOW_RISK_ESTABLISHED_ACCOUNT,,,phase3-v1
tx_0000958,2026-03-22 10:16:03,0,0.0,LOW,APPROVE,0,LOW_RISK_ESTABLISHED_ACCOUNT,,,phase3-v1
tx_0022463,2026-03-22 10:17:04,0,0.0001,LOW,APPROVE,0,LOW_RISK_ESTABLISHED_ACCOUNT,,,phase3-v1
tx_0008855,2026-03-22 10:18:35,0,0.0002,LOW,APPROVE,0,NEW_ACCOUNT,,,phase3-v1
tx_0019414,2026-03-22 10:21:07,0,0.0006,LOW,APPROVE,0,LOW_RISK_ESTABLISHED_ACCOUNT,,,phase3-v1
tx_0021376,2026-03-22 10:24:23,0,0.0001,LOW,APPROVE,0,LOW_RISK_ESTABLISHED_ACCOUNT,,,phase3-v1
tx_0001959,2026-03-22 10:26:15,0,0.0,LOW,APPROVE,0,LOW_RISK_ESTABLISHED_ACCOUNT,,,phase3-v1
tx_0025170,2026-03-22 10:27:12,0,0.0001,LOW,APPROVE,0,GRAPH_MULTI_ENTITY_OVERLAP,GRAPH_SHARED_ADDRESS,GRAPH_CONNECTED_USERS,phase3-v1
tx_0013597,2026-03-22 10:28:31,0,0.0,LOW,APPROVE,0,LOW_RISK_ESTABLISHED_ACCOUNT,,,phase3-v1
tx_0010500,2026-03-22 10:31:25,0,0.0,LOW,APPROVE,0,LOW_RISK_ESTABLISHED_ACCOUNT,,,phase3-v1
tx_0012383,2026-03-22 10:32:25,0,0.0,LOW,APPROVE,0,LOW_RISK_ESTABLISHED_ACCOUNT,,,phase3-v1
tx_0025969,2026-03-22 10:33:00,0,0.0001,LOW,APPROVE,0,GRAPH_MULTI_ENTITY_OVERLAP,GRAPH_SHARED_ADDRESS,,phase3-v1
tx_0021960,2026-03-22 10:33:18,0,0.0,LOW,APPROVE,0,LOW_RISK_ESTABLISHED_ACCOUNT,,,phase3-v1
tx_0024111,2026-03-22 10:33:39,0,0.0001,LOW,APPROVE,0,GRAPH_MULTI_ENTITY_OVERLAP,GRAPH_SHARED_ADDRESS,,phase3-v1
tx_0025088,2026-03-22 10:37:05,0,0.0004,LOW,APPROVE,0,GRAPH_CONNECTED_USERS,,,phase3-v1
tx_0002900,2026-03-22 10:37:35,0,0.0001,LOW,APPROVE,0,LOW_RISK_ESTABLISHED_ACCOUNT,,,phase3-v1
tx_0013503,2026-03-22 10:38:29,0,0.0001,LOW,APPROVE,0,LOW_RISK_ESTABLISHED_ACCOUNT,,,phase3-v1
tx_0021760,2026-03-22 10:39:09,0,0.0001,LOW,APPROVE,0,LOW_RISK_ESTABLISHED_ACCOUNT,,,phase3-v1
tx_0007928,2026-03-22 10:39:28,0,0.0001,LOW,APPROVE,0,HIGH_AMOUNT_ANOMALY,,,phase3-v1
tx_0023661,2026-03-22 10:45:01,0,0.0004,LOW,APPROVE,0,GRAPH_CONNECTED_USERS,,,phase3-v1
tx_0007376,2026-03-22 10:45:35,0,0.0059,LOW,APPROVE,0,NEW_ACCOUNT,,,phase3-v1
tx_0024660,2026-03-22 10:45:49,0,0.0001,LOW,APPROVE,0,GRAPH_SHARED_ADDRESS,GRAPH_MULTI_ENTITY_OVERLAP,GRAPH_CONNECTED_USERS,phase3-v1
tx_0021600,2026-03-22 10:47:52,0,0.0,LOW,APPROVE,0,LOW_RISK_ESTABLISHED_ACCOUNT,,,phase3-v1
tx_0008482,2026-03-22 10:52:56,0,0.0001,LOW,APPROVE,0,LOW_RISK_ESTABLISHED_ACCOUNT,,,phase3-v1
tx_0004681,2026-03-22 10:55:08,0,0.0,LOW,APPROVE,0,LOW_RISK_ESTABLISHED_ACCOUNT,,,phase3-v1
tx_0015868,2026-03-22 11:00:42,0,0.0001,LOW,APPROVE,0,LOW_RISK_ESTABLISHED_ACCOUNT,,,phase3-v1
tx_0003907,2026-03-22 11:05:50,0,0.0,LOW,APPROVE,0,LOW_RISK_ESTABLISHED_ACCOUNT,,,phase3-v1
tx_0017235,2026-03-22 11:12:03,0,0.0,LOW,APPROVE,0,LOW_RISK_ESTABLISHED_ACCOUNT,,,phase3-v1
tx_0002193,2026-03-22 11:14:00,0,0.0,LOW,APPROVE,0,NEW_ACCOUNT,,,phase3-v1
tx_0012404,2026-03-22 11:20:52,0,0.0,LOW,APPROVE,0,LOW_RISK_ESTABLISHED_ACCOUNT,,,phase3-v1
tx_0006266,2026-03-22 11:21:43,0,0.0,LOW,APPROVE,0,LOW_RISK_ESTABLISHED_ACCOUNT,,,phase3-v1
tx_0017409,2026-03-22 11:23:04,0,0.0,LOW,APPROVE,0,LOW_RISK_ESTABLISHED_ACCOUNT,,,phase3-v1
tx_0009014,2026-03-22 11:25:53,0,0.0,LOW,APPROVE,0,LOW_RISK_ESTABLISHED_ACCOUNT,,,phase3-v1
tx_0003977,2026-03-22 11:30:40,0,0.0001,LOW,APPROVE,0,LOW_RISK_ESTABLISHED_ACCOUNT,,,phase3-v1
tx_0016924,2026-03-22 11:31:34,0,0.0001,LOW,APPROVE,0,LOW_RISK_ESTABLISHED_ACCOUNT,,,phase3-v1
tx_0010441,2026-03-22 11:32:50,0,0.0,LOW,APPROVE,0,LOW_RISK_ESTABLISHED_ACCOUNT,,,phase3-v1
tx_0018966,2026-03-22 11:34:46,0,0.0002,LOW,APPROVE,0,HIGH_AMOUNT_ANOMALY,,,phase3-v1
tx_0021539,2026-03-22 11:35:25,0,0.0,LOW,APPROVE,0,LOW_RISK_ESTABLISHED_ACCOUNT,,,phase3-v1
tx_0025724,2026-03-22 11:35:41,0,0.0004,LOW,APPROVE,0,GRAPH_CONNECTED_USERS,,,phase3-v1
tx_0005857,2026-03-22 11:35:50,0,0.0001,LOW,APPROVE,0,LOW_RISK_ESTABLISHED_ACCOUNT,,,phase3-v1
tx_0018114,2026-03-22 11:38:36,0,0.0,LOW,APPROVE,0,LOW_RISK_ESTABLISHED_ACCOUNT,,,phase3-v1
tx_0002443,2026-03-22 11:40:24,0,0.0,LOW,APPROVE,0,LOW_RISK_ESTABLISHED_ACCOUNT,,,phase3-v1
tx_0025841,2026-03-22 11:46:38,0,0.0001,LOW,APPROVE,0,GRAPH_MULTI_ENTITY_OVERLAP,GRAPH_SHARED_ADDRESS,GRAPH_CONNECTED_USERS,phase3-v1
tx_0002714,2026-03-22 11:47:52,0,0.0,LOW,APPROVE,0,LOW_RISK_ESTABLISHED_ACCOUNT,,,phase3-v1
tx_0018648,2026-03-22 11:48:35,0,0.0,LOW,APPROVE,0,LOW_RISK_ESTABLISHED_ACCOUNT,,,phase3-v1
tx_0023452,2026-03-22 11:49:20,0,0.0001,LOW,APPROVE,0,GRAPH_MULTI_ENTITY_OVERLAP,GRAPH_SHARED_PAYMENT,GRAPH_SHARED_ADDRESS,phase3-v1
tx_0018730,2026-03-22 11:53:42,0,0.0,LOW,APPROVE,0,LOW_RISK_ESTABLISHED_ACCOUNT,,,phase3-v1
tx_0001555,2026-03-22 11:55:14,0,0.0,LOW,APPROVE,0,LOW_RISK_ESTABLISHED_ACCOUNT,,,phase3-v1
tx_0025467,2026-03-22 11:57:32,0,0.0001,LOW,APPROVE,0,GRAPH_MULTI_ENTITY_OVERLAP,GRAPH_SHARED_ADDRESS,GRAPH_CONNECTED_USERS,phase3-v1
tx_0004037,2026-03-22 11:58:02,0,0.0,LOW,APPROVE,0,LOW_RISK_ESTABLISHED_ACCOUNT,,,phase3-v1
tx_0000290,2026-03-22 12:02:12,0,0.0,LOW,APPROVE,0,LOW_RISK_ESTABLISHED_ACCOUNT,,,phase3-v1
tx_0004769,2026-03-22 12:05:44,0,0.0,LOW,APPROVE,0,LOW_RISK_ESTABLISHED_ACCOUNT,,,phase3-v1
tx_0025647,2026-03-22 12:09:15,0,0.0001,LOW,APPROVE,0,GRAPH_SHARED_PAYMENT,GRAPH_MULTI_ENTITY_OVERLAP,GRAPH_SHARED_ADDRESS,phase3-v1
tx_0002180,2026-03-22 12:10:47,0,0.0,LOW,APPROVE,0,LOW_RISK_ESTABLISHED_ACCOUNT,,,phase3-v1
tx_0010625,2026-03-22 12:11:20,0,0.0001,LOW,APPROVE,0,HIGH_AMOUNT_ANOMALY,,,phase3-v1
tx_0017809,2026-03-22 12:11:57,0,0.0001,LOW,APPROVE,0,LOW_RISK_ESTABLISHED_ACCOUNT,,,phase3-v1
tx_0004315,2026-03-22 12:17:47,0,0.0,LOW,APPROVE,0,LOW_RISK_ESTABLISHED_ACCOUNT,,,phase3-v1
tx_0024455,2026-03-22 12:17:59,0,0.0024,LOW,APPROVE,0,GRAPH_SHARED_DEVICE,GRAPH_SHARED_PAYMENT,GRAPH_SHARED_ADDRESS,phase3-v1
tx_0021681,2026-03-22 12:19:42,0,0.0,LOW,APPROVE,0,LOW_RISK_ESTABLISHED_ACCOUNT,,,phase3-v1
tx_0019009,2026-03-22 12:21:00,0,0.0002,LOW,APPROVE,0,HIGH_AMOUNT_ANOMALY,,,phase3-v1
tx_0021953,2026-03-22 12:21:17,0,0.0,LOW,APPROVE,0,LOW_RISK_ESTABLISHED_ACCOUNT,,,phase3-v1
tx_0009417,2026-03-22 12:22:11,0,0.0,LOW,APPROVE,0,LOW_RISK_ESTABLISHED_ACCOUNT,,,phase3-v1
tx_0001284,2026-03-22 12:22:45,0,0.0001,LOW,APPROVE,0,LOW_RISK_ESTABLISHED_ACCOUNT,,,phase3-v1
tx_0007347,2026-03-22 12:25:39,0,0.0,LOW,APPROVE,0,LOW_RISK_ESTABLISHED_ACCOUNT,,,phase3-v1
tx_0017025,2026-03-22 12:27:40,0,0.0,LOW,APPROVE,0,NEW_ACCOUNT,,,phase3-v1
tx_0015718,2026-03-22 12:35:08,0,0.0,LOW,APPROVE,0,LOW_RISK_ESTABLISHED_ACCOUNT,,,phase3-v1
tx_0003955,2026-03-22 12:36:52,0,0.0001,LOW,APPROVE,0,LOW_RISK_ESTABLISHED_ACCOUNT,,,phase3-v1
tx_0003091,2026-03-22 12:39:25,0,0.0001,LOW,APPROVE,0,LOW_RISK_ESTABLISHED_ACCOUNT,,,phase3-v1
tx_0025965,2026-03-22 12:39:32,0,0.0002,LOW,APPROVE,0,GRAPH_MULTI_ENTITY_OVERLAP,GRAPH_SHARED_ADDRESS,HIGH_24H_VELOCITY,phase3-v1
tx_0010066,2026-03-22 12:40:43,0,0.0,LOW,APPROVE,0,LOW_RISK_ESTABLISHED_ACCOUNT,,,phase3-v1
tx_0011908,2026-03-22 12:43:09,0,0.0,LOW,APPROVE,0,LOW_RISK_ESTABLISHED_ACCOUNT,,,phase3-v1
tx_0020664,2026-03-22 12:43:11,0,0.0,LOW,APPROVE,0,LOW_RISK_ESTABLISHED_ACCOUNT,,,phase3-v1
tx_0013527,2026-03-22 12:43:48,0,0.0,LOW,APPROVE,0,LOW_RISK_ESTABLISHED_ACCOUNT,,,phase3-v1
tx_0002440,2026-03-22 12:45:22,0,0.0,LOW,APPROVE,0,HIGH_24H_VELOCITY,,,phase3-v1
tx_0020340,2026-03-22 12:46:50,0,0.0,LOW,APPROVE,0,LOW_RISK_ESTABLISHED_ACCOUNT,,,phase3-v1
tx_0009597,2026-03-22 12:49:13,0,0.0,LOW,APPROVE,0,LOW_RISK_ESTABLISHED_ACCOUNT,,,phase3-v1
tx_0012181,2026-03-22 12:56:40,0,0.0001,LOW,APPROVE,0,LOW_RISK_ESTABLISHED_ACCOUNT,,,phase3-v1
tx_0019244,2026-03-22 12:58:24,0,0.0,LOW,APPROVE,0,LOW_RISK_ESTABLISHED_ACCOUNT,,,phase3-v1
tx_0017457,2026-03-22 13:01:38,0,0.0,LOW,APPROVE,0,LOW_RISK_ESTABLISHED_ACCOUNT,,,phase3-v1
tx_0023151,2026-03-22 13:02:45,0,0.0047,LOW,APPROVE,0,GRAPH_SHARED_ADDRESS,GRAPH_MULTI_ENTITY_OVERLAP,GRAPH_CONNECTED_USERS,phase3-v1
tx_0016705,2026-03-22 13:12:07,0,0.0,LOW,APPROVE,0,LOW_RISK_ESTABLISHED_ACCOUNT,,,phase3-v1
tx_0021730,2026-03-22 13:12:51,0,0.0,LOW,APPROVE,0,LOW_RISK_ESTABLISHED_ACCOUNT,,,phase3-v1
tx_0017024,2026-03-22 13:13:52,0,0.0049,LOW,APPROVE,0,NEW_ACCOUNT,HIGH_1H_VELOCITY,,phase3-v1
tx_0009008,2026-03-22 13:15:23,0,0.0,LOW,APPROVE,0,HIGH_24H_VELOCITY,,,phase3-v1
tx_0001219,2026-03-22 13:16:54,0,0.0001,LOW,APPROVE,0,LOW_RISK_ESTABLISHED_ACCOUNT,,,phase3-v1
tx_0024988,2026-03-22 13:17:35,0,0.0001,LOW,APPROVE,0,GRAPH_MULTI_ENTITY_OVERLAP,GRAPH_SHARED_ADDRESS,,phase3-v1
tx_0017006,2026-03-22 13:18:10,0,0.0,LOW,APPROVE,0,LOW_RISK_ESTABLISHED_ACCOUNT,,,phase3-v1
tx_0024720,2026-03-22 13:19:35,0,0.0001,LOW,APPROVE,0,GRAPH_CONNECTED_USERS,,,phase3-v1
tx_0025882,2026-03-22 13:19:59,0,0.0001,LOW,APPROVE,0,GRAPH_CONNECTED_USERS,,,phase3-v1
tx_0022938,2026-03-22 13:24:53,0,0.0001,LOW,APPROVE,0,GRAPH_CONNECTED_USERS,,,phase3-v1
tx_0025243,2026-03-22 13:24:56,0,0.0007,LOW,APPROVE,0,GRAPH_SHARED_ADDRESS,GRAPH_CONNECTED_USERS,GRAPH_MULTI_ENTITY_OVERLAP,phase3-v1
tx_0018577,2026-03-22 13:25:46,0,0.0,LOW,APPROVE,0,LOW_RISK_ESTABLISHED_ACCOUNT,,,phase3-v1
tx_0019129,2026-03-22 13:26:33,0,0.0,LOW,APPROVE,0,LOW_RISK_ESTABLISHED_ACCOUNT,,,phase3-v1
tx_0001405,2026-03-22 13:26:38,0,0.0,LOW,APPROVE,0,LOW_RISK_ESTABLISHED_ACCOUNT,,,phase3-v1
tx_0023602,2026-03-22 13:27:00,0,0.0001,LOW,APPROVE,0,GRAPH_MULTI_ENTITY_OVERLAP,GRAPH_SHARED_PAYMENT,GRAPH_SHARED_ADDRESS,phase3-v1
tx_0008637,2026-03-22 13:31:36,0,0.0,LOW,APPROVE,0,LOW_RISK_ESTABLISHED_ACCOUNT,,,phase3-v1
tx_0024237,2026-03-22 13:34:33,0,0.0001,LOW,APPROVE,0,GRAPH_CONNECTED_USERS,,,phase3-v1
tx_0002128,2026-03-22 13:36:51,0,0.0,LOW,APPROVE,0,LOW_RISK_ESTABLISHED_ACCOUNT,,,phase3-v1
tx_0010925,2026-03-22 13:42:09,0,0.0,LOW,APPROVE,0,LOW_RISK_ESTABLISHED_ACCOUNT,,,phase3-v1
tx_0023839,2026-03-22 13:45:44,0,0.0003,LOW,APPROVE,0,GRAPH_CONNECTED_USERS,,,phase3-v1
tx_0019415,2026-03-22 13:45:47,0,0.0003,LOW,APPROVE,0,LOW_RISK_ESTABLISHED_ACCOUNT,,,phase3-v1
tx_0008578,2026-03-22 13:47:05,0,0.0,LOW,APPROVE,0,LOW_RISK_ESTABLISHED_ACCOUNT,,,phase3-v1
tx_0023726,2026-03-22 13:49:39,0,0.0001,LOW,APPROVE,0,GRAPH_SHARED_PAYMENT,GRAPH_MULTI_ENTITY_OVERLAP,GRAPH_SHARED_ADDRESS,phase3-v1
tx_0000645,2026-03-22 14:00:59,0,0.0001,LOW,APPROVE,0,LOW_RISK_ESTABLISHED_ACCOUNT,,,phase3-v1
tx_0006039,2026-03-22 14:01:02,0,0.0,LOW,APPROVE,0,LOW_RISK_ESTABLISHED_ACCOUNT,,,phase3-v1
tx_0020553,2026-03-22 14:03:20,0,0.0,LOW,APPROVE,0,LOW_RISK_ESTABLISHED_ACCOUNT,,,phase3-v1
tx_0016622,2026-03-22 14:04:25,0,0.0001,LOW,APPROVE,0,HIGH_AMOUNT_ANOMALY,,,phase3-v1
tx_0008184,2026-03-22 14:05:25,0,0.0,LOW,APPROVE,0,LOW_RISK_ESTABLISHED_ACCOUNT,,,phase3-v1
tx_0003589,2026-03-22 14:14:27,0,0.0,LOW,APPROVE,0,LOW_RISK_ESTABLISHED_ACCOUNT,,,phase3-v1
tx_0022688,2026-03-22 14:14:57,0,0.0001,LOW,APPROVE,0,GRAPH_SHARED_ADDRESS,GRAPH_MULTI_ENTITY_OVERLAP,GRAPH_CONNECTED_USERS,phase3-v1
tx_0008530,2026-03-22 14:15:19,0,0.0,LOW,APPROVE,0,LOW_RISK_ESTABLISHED_ACCOUNT,,,phase3-v1
tx_0015242,2026-03-22 14:16:02,0,0.0001,LOW,APPROVE,0,LOW_RISK_ESTABLISHED_ACCOUNT,,,phase3-v1
tx_0019400,2026-03-22 14:17:29,0,0.0001,LOW,APPROVE,0,LOW_RISK_ESTABLISHED_ACCOUNT,,,phase3-v1
tx_0022430,2026-03-22 14:23:32,0,0.0001,LOW,APPROVE,0,HIGH_AMOUNT_ANOMALY,,,phase3-v1
tx_0024670,2026-03-22 14:25:46,0,0.0006,LOW,APPROVE,0,GRAPH_CONNECTED_USERS,,,phase3-v1
tx_0013049,2026-03-22 14:26:30,0,0.0005,LOW,APPROVE,0,PROMO_ACTIVITY,NEW_ACCOUNT,,phase3-v1
tx_0024547,2026-03-22 14:28:36,0,0.0001,LOW,APPROVE,0,GRAPH_SHARED_ADDRESS,GRAPH_MULTI_ENTITY_OVERLAP,GRAPH_CONNECTED_USERS,phase3-v1
tx_0003207,2026-03-22 14:30:46,0,0.0,LOW,APPROVE,0,HIGH_AMOUNT_ANOMALY,,,phase3-v1
tx_0003844,2026-03-22 14:31:42,0,0.0,LOW,APPROVE,0,LOW_RISK_ESTABLISHED_ACCOUNT,,,phase3-v1
tx_0008167,2026-03-22 14:31:54,0,0.0,LOW,APPROVE,0,LOW_RISK_ESTABLISHED_ACCOUNT,,,phase3-v1
tx_0002429,2026-03-22 14:33:55,0,0.0,LOW,APPROVE,0,LOW_RISK_ESTABLISHED_ACCOUNT,,,phase3-v1
tx_0013736,2026-03-22 14:34:42,0,0.0,LOW,APPROVE,0,LOW_RISK_ESTABLISHED_ACCOUNT,,,phase3-v1
tx_0012416,2026-03-22 14:38:53,0,0.0,LOW,APPROVE,0,LOW_RISK_ESTABLISHED_ACCOUNT,,,phase3-v1
tx_0004892,2026-03-22 14:45:48,0,0.0001,LOW,APPROVE,0,LOW_RISK_ESTABLISHED_ACCOUNT,,,phase3-v1
tx_0017412,2026-03-22 14:52:41,0,0.0001,LOW,APPROVE,0,LOW_RISK_ESTABLISHED_ACCOUNT,,,phase3-v1
tx_0015394,2026-03-22 14:56:33,0,0.0,LOW,APPROVE,0,LOW_RISK_ESTABLISHED_ACCOUNT,,,phase3-v1
tx_0025153,2026-03-22 14:58:33,0,0.0001,LOW,APPROVE,0,GRAPH_SHARED_ADDRESS,GRAPH_MULTI_ENTITY_OVERLAP,GRAPH_CONNECTED_USERS,phase3-v1
tx_0007383,2026-03-22 14:59:07,0,0.0001,LOW,APPROVE,0,LOW_RISK_ESTABLISHED_ACCOUNT,,,phase3-v1
tx_0003681,2026-03-22 15:01:39,0,0.0001,LOW,APPROVE,0,LOW_RISK_ESTABLISHED_ACCOUNT,,,phase3-v1
tx_0006944,2026-03-22 15:01:48,0,0.0001,LOW,APPROVE,0,HIGH_AMOUNT_ANOMALY,PROMO_ACTIVITY,,phase3-v1
tx_0001516,2026-03-22 15:04:03,0,0.0,LOW,APPROVE,0,LOW_RISK_ESTABLISHED_ACCOUNT,,,phase3-v1
tx_0001628,2026-03-22 15:05:04,0,0.0,LOW,APPROVE,0,LOW_RISK_ESTABLISHED_ACCOUNT,,,phase3-v1
tx_0023919,2026-03-22 15:08:19,0,0.0001,LOW,APPROVE,0,GRAPH_CONNECTED_USERS,,,phase3-v1
tx_0008896,2026-03-22 15:10:35,0,0.0,LOW,APPROVE,0,LOW_RISK_ESTABLISHED_ACCOUNT,,,phase3-v1
tx_0007003,2026-03-22 15:13:45,0,0.0001,LOW,APPROVE,0,LOW_RISK_ESTABLISHED_ACCOUNT,,,phase3-v1
tx_0021182,2026-03-22 15:13:54,0,0.0,LOW,APPROVE,0,LOW_RISK_ESTABLISHED_ACCOUNT,,,phase3-v1
tx_0010619,2026-03-22 15:14:00,0,0.0,LOW,APPROVE,0,LOW_RISK_ESTABLISHED_ACCOUNT,,,phase3-v1
tx_0008327,2026-03-22 15:15:38,0,0.0,LOW,APPROVE,0,LOW_RISK_ESTABLISHED_ACCOUNT,,,phase3-v1
tx_0023402,2026-03-22 15:16:54,0,0.0001,LOW,APPROVE,0,GRAPH_SHARED_ADDRESS,GRAPH_MULTI_ENTITY_OVERLAP,GRAPH_CONNECTED_USERS,phase3-v1
tx_0007018,2026-03-22 15:20:27,0,0.0,LOW,APPROVE,0,LOW_RISK_ESTABLISHED_ACCOUNT,,,phase3-v1
tx_0010203,2026-03-22 15:21:16,0,0.0,LOW,APPROVE,0,LOW_RISK_ESTABLISHED_ACCOUNT,,,phase3-v1
tx_0019988,2026-03-22 15:21:22,0,0.0,LOW,APPROVE,0,LOW_RISK_ESTABLISHED_ACCOUNT,,,phase3-v1
tx_0011618,2026-03-22 15:27:17,0,0.0001,LOW,APPROVE,0,LOW_RISK_ESTABLISHED_ACCOUNT,,,phase3-v1
tx_0012036,2026-03-22 15:30:13,0,0.0,LOW,APPROVE,0,HIGH_AMOUNT_ANOMALY,,,phase3-v1
tx_0004209,2026-03-22 15:30:45,0,0.0,LOW,APPROVE,0,LOW_RISK_ESTABLISHED_ACCOUNT,,,phase3-v1
tx_0019377,2026-03-22 15:33:53,0,0.0,LOW,APPROVE,0,LOW_RISK_ESTABLISHED_ACCOUNT,,,phase3-v1
tx_0016678,2026-03-22 15:35:06,0,0.0,LOW,APPROVE,0,LOW_RISK_ESTABLISHED_ACCOUNT,,,phase3-v1
tx_0002055,2026-03-22 15:35:40,0,0.0001,LOW,APPROVE,0,HIGH_AMOUNT_ANOMALY,,,phase3-v1
tx_0018015,2026-03-22 15:39:02,0,0.0,LOW,APPROVE,0,NEW_ACCOUNT,,,phase3-v1
tx_0019485,2026-03-22 15:39:40,0,0.0,LOW,APPROVE,0,LOW_RISK_ESTABLISHED_ACCOUNT,,,phase3-v1
tx_0021959,2026-03-22 15:42:31,0,0.0,LOW,APPROVE,0,LOW_RISK_ESTABLISHED_ACCOUNT,,,phase3-v1
tx_0011980,2026-03-22 15:46:22,0,0.0001,LOW,APPROVE,0,LOW_RISK_ESTABLISHED_ACCOUNT,,,phase3-v1
tx_0017155,2026-03-22 15:51:18,0,0.0,LOW,APPROVE,0,LOW_RISK_ESTABLISHED_ACCOUNT,,,phase3-v1
tx_0008174,2026-03-22 15:55:54,0,0.0,LOW,APPROVE,0,LOW_RISK_ESTABLISHED_ACCOUNT,,,phase3-v1
tx_0025446,2026-03-22 15:55:59,0,0.0007,LOW,APPROVE,0,GRAPH_CONNECTED_USERS,,,phase3-v1
tx_0002259,2026-03-22 15:59:22,0,0.0,LOW,APPROVE,0,LOW_RISK_ESTABLISHED_ACCOUNT,,,phase3-v1
tx_0000377,2026-03-22 16:05:14,0,0.0,LOW,APPROVE,0,LOW_RISK_ESTABLISHED_ACCOUNT,,,phase3-v1
tx_0017475,2026-03-22 16:06:00,0,0.0,LOW,APPROVE,0,LOW_RISK_ESTABLISHED_ACCOUNT,,,phase3-v1
tx_0020145,2026-03-22 16:07:41,0,0.0001,LOW,APPROVE,0,LOW_RISK_ESTABLISHED_ACCOUNT,,,phase3-v1
tx_0000304,2026-03-22 16:10:48,0,0.0001,LOW,APPROVE,0,LOW_RISK_ESTABLISHED_ACCOUNT,,,phase3-v1
tx_0008508,2026-03-22 16:22:57,0,0.0,LOW,APPROVE,0,LOW_RISK_ESTABLISHED_ACCOUNT,,,phase3-v1
tx_0024532,2026-03-22 16:23:19,0,0.0002,LOW,APPROVE,0,GRAPH_SHARED_PAYMENT,GRAPH_SHARED_ADDRESS,GRAPH_MULTI_ENTITY_OVERLAP,phase3-v1
tx_0014101,2026-03-22 16:24:25,0,0.0001,LOW,APPROVE,0,LOW_RISK_ESTABLISHED_ACCOUNT,,,phase3-v1
tx_0026001,2026-03-22 16:24:44,0,0.0001,LOW,APPROVE,0,GRAPH_MULTI_ENTITY_OVERLAP,GRAPH_SHARED_ADDRESS,,phase3-v1
tx_0022828,2026-03-22 16:27:26,0,0.0001,LOW,APPROVE,0,GRAPH_MULTI_ENTITY_OVERLAP,GRAPH_CONNECTED_USERS,GRAPH_SHARED_ADDRESS,phase3-v1
tx_0009662,2026-03-22 16:27:33,0,0.0001,LOW,APPROVE,0,LOW_RISK_ESTABLISHED_ACCOUNT,,,phase3-v1
tx_0024100,2026-03-22 16:27:39,0,0.0001,LOW,APPROVE,0,GRAPH_MULTI_ENTITY_OVERLAP,GRAPH_SHARED_PAYMENT,GRAPH_SHARED_ADDRESS,phase3-v1
tx_0008914,2026-03-22 16:33:40,0,0.0001,LOW,APPROVE,0,LOW_RISK_ESTABLISHED_ACCOUNT,,,phase3-v1
tx_0004518,2026-03-22 16:36:24,0,0.0,LOW,APPROVE,0,LOW_RISK_ESTABLISHED_ACCOUNT,,,phase3-v1
tx_0011245,2026-03-22 16:40:24,0,0.0,LOW,APPROVE,0,LOW_RISK_ESTABLISHED_ACCOUNT,,,phase3-v1
tx_0025444,2026-03-22 16:41:41,0,0.0007,LOW,APPROVE,0,GRAPH_CONNECTED_USERS,HIGH_1H_VELOCITY,,phase3-v1
tx_0002400,2026-03-22 16:44:32,0,0.0001,LOW,APPROVE,0,LOW_RISK_ESTABLISHED_ACCOUNT,,,phase3-v1
tx_0025725,2026-03-22 16:45:28,0,0.0003,LOW,APPROVE,0,GRAPH_CONNECTED_USERS,,,phase3-v1
tx_0023159,2026-03-22 16:49:24,0,0.0001,LOW,APPROVE,0,GRAPH_SHARED_ADDRESS,GRAPH_MULTI_ENTITY_OVERLAP,GRAPH_CONNECTED_USERS,phase3-v1
tx_0006150,2026-03-22 16:49:39,0,0.0,LOW,APPROVE,0,LOW_RISK_ESTABLISHED_ACCOUNT,,,phase3-v1
tx_0010851,2026-03-22 16:49:41,0,0.0064,LOW,APPROVE,0,NEW_ACCOUNT,,,phase3-v1
tx_0015482,2026-03-22 16:52:53,0,0.0,LOW,APPROVE,0,LOW_RISK_ESTABLISHED_ACCOUNT,,,phase3-v1
tx_0000949,2026-03-22 16:54:34,0,0.0,LOW,APPROVE,0,LOW_RISK_ESTABLISHED_ACCOUNT,,,phase3-v1
tx_0011823,2026-03-22 16:54:54,0,0.0001,LOW,APPROVE,0,LOW_RISK_ESTABLISHED_ACCOUNT,,,phase3-v1
tx_0016204,2026-03-22 16:55:27,0,0.0,LOW,APPROVE,0,LOW_RISK_ESTABLISHED_ACCOUNT,,,phase3-v1
tx_0024096,2026-03-22 17:01:25,0,0.0001,LOW,APPROVE,0,GRAPH_CONNECTED_USERS,,,phase3-v1
tx_0020835,2026-03-22 17:04:38,0,0.0,LOW,APPROVE,0,LOW_RISK_ESTABLISHED_ACCOUNT,,,phase3-v1
tx_0013404,2026-03-22 17:04:44,0,0.0,LOW,APPROVE,0,LOW_RISK_ESTABLISHED_ACCOUNT,,,phase3-v1
tx_0024708,2026-03-22 17:15:56,0,0.0001,LOW,APPROVE,0,GRAPH_CONNECTED_USERS,,,phase3-v1
tx_0006282,2026-03-22 17:16:57,0,0.0,LOW,APPROVE,0,LOW_RISK_ESTABLISHED_ACCOUNT,,,phase3-v1
tx_0024911,2026-03-22 17:18:14,0,0.0123,LOW,APPROVE,0,GRAPH_MULTI_ENTITY_OVERLAP,GRAPH_CONNECTED_USERS,GRAPH_SHARED_PAYMENT,phase3-v1
tx_0008489,2026-03-22 17:18:20,0,0.0,LOW,APPROVE,0,LOW_RISK_ESTABLISHED_ACCOUNT,,,phase3-v1
tx_0014695,2026-03-22 17:22:09,0,0.0001,LOW,APPROVE,0,LOW_RISK_ESTABLISHED_ACCOUNT,,,phase3-v1
tx_0010132,2026-03-22 17:23:43,0,0.0,LOW,APPROVE,0,LOW_RISK_ESTABLISHED_ACCOUNT,,,phase3-v1
tx_0007504,2026-03-22 17:24:24,0,0.0,LOW,APPROVE,0,LOW_RISK_ESTABLISHED_ACCOUNT,,,phase3-v1
tx_0012800,2026-03-22 17:24:42,0,0.0,LOW,APPROVE,0,LOW_RISK_ESTABLISHED_ACCOUNT,,,phase3-v1
tx_0008188,2026-03-22 17:27:31,0,0.0001,LOW,APPROVE,0,LOW_RISK_ESTABLISHED_ACCOUNT,,,phase3-v1
tx_0014274,2026-03-22 17:30:10,0,0.0001,LOW,APPROVE,0,LOW_RISK_ESTABLISHED_ACCOUNT,,,phase3-v1
tx_0008099,2026-03-22 17:31:48,0,0.0001,LOW,APPROVE,0,LOW_RISK_ESTABLISHED_ACCOUNT,,,phase3-v1
tx_0020282,2026-03-22 17:37:54,0,0.0,LOW,APPROVE,0,LOW_RISK_ESTABLISHED_ACCOUNT,,,phase3-v1
tx_0022206,2026-03-22 17:39:43,0,0.0001,LOW,APPROVE,0,LOW_RISK_ESTABLISHED_ACCOUNT,,,phase3-v1
tx_0018132,2026-03-22 17:39:49,0,0.0,LOW,APPROVE,0,LOW_RISK_ESTABLISHED_ACCOUNT,,,phase3-v1
tx_0003174,2026-03-22 17:43:08,0,0.0001,LOW,APPROVE,0,HIGH_AMOUNT_ANOMALY,,,phase3-v1
tx_0020066,2026-03-22 17:43:38,0,0.0001,LOW,APPROVE,0,LOW_RISK_ESTABLISHED_ACCOUNT,,,phase3-v1
tx_0003334,2026-03-22 17:43:42,0,0.0001,LOW,APPROVE,0,LOW_RISK_ESTABLISHED_ACCOUNT,,,phase3-v1
tx_0024821,2026-03-22 17:46:04,0,0.0002,LOW,APPROVE,0,GRAPH_SHARED_PAYMENT,GRAPH_SHARED_ADDRESS,GRAPH_MULTI_ENTITY_OVERLAP,phase3-v1
tx_0017687,2026-03-22 17:48:41,0,0.0,LOW,APPROVE,0,LOW_RISK_ESTABLISHED_ACCOUNT,,,phase3-v1
tx_0013787,2026-03-22 17:50:13,0,0.0,LOW,APPROVE,0,LOW_RISK_ESTABLISHED_ACCOUNT,,,phase3-v1
tx_0003318,2026-03-22 17:56:30,0,0.0,LOW,APPROVE,0,LOW_RISK_ESTABLISHED_ACCOUNT,,,phase3-v1
tx_0011625,2026-03-22 17:58:23,0,0.0001,LOW,APPROVE,0,LOW_RISK_ESTABLISHED_ACCOUNT,,,phase3-v1
tx_0020762,2026-03-22 18:01:47,0,0.0001,LOW,APPROVE,0,LOW_RISK_ESTABLISHED_ACCOUNT,,,phase3-v1
tx_0023134,2026-03-22 18:08:27,0,0.0004,LOW,APPROVE,0,GRAPH_CONNECTED_USERS,,,phase3-v1
tx_0021894,2026-03-22 18:10:42,0,0.0,LOW,APPROVE,0,LOW_RISK_ESTABLISHED_ACCOUNT,,,phase3-v1
tx_0000166,2026-03-22 18:11:35,0,0.0,LOW,APPROVE,0,LOW_RISK_ESTABLISHED_ACCOUNT,,,phase3-v1
tx_0012086,2026-03-22 18:12:02,0,0.0,LOW,APPROVE,0,LOW_RISK_ESTABLISHED_ACCOUNT,,,phase3-v1
tx_0006063,2026-03-22 18:13:39,0,0.0,LOW,APPROVE,0,LOW_RISK_ESTABLISHED_ACCOUNT,,,phase3-v1
tx_0022697,2026-03-22 18:14:12,0,0.0001,LOW,APPROVE,0,GRAPH_CONNECTED_USERS,,,phase3-v1
tx_0021314,2026-03-22 18:14:56,0,0.0005,LOW,APPROVE,0,NEW_ACCOUNT,,,phase3-v1
tx_0015025,2026-03-22 18:16:33,0,0.0001,LOW,APPROVE,0,LOW_RISK_ESTABLISHED_ACCOUNT,,,phase3-v1
tx_0014474,2026-03-22 18:20:27,0,0.0001,LOW,APPROVE,0,LOW_RISK_ESTABLISHED_ACCOUNT,,,phase3-v1
tx_0012375,2026-03-22 18:20:42,0,0.0,LOW,APPROVE,0,LOW_RISK_ESTABLISHED_ACCOUNT,,,phase3-v1
tx_0003761,2026-03-22 18:21:20,0,0.0,LOW,APPROVE,0,LOW_RISK_ESTABLISHED_ACCOUNT,,,phase3-v1
tx_0007342,2026-03-22 18:23:50,0,0.0,LOW,APPROVE,0,LOW_RISK_ESTABLISHED_ACCOUNT,,,phase3-v1
tx_0010912,2026-03-22 18:25:18,0,0.0,LOW,APPROVE,0,LOW_RISK_ESTABLISHED_ACCOUNT,,,phase3-v1
tx_0016605,2026-03-22 18:27:25,0,0.0,LOW,APPROVE,0,LOW_RISK_ESTABLISHED_ACCOUNT,,,phase3-v1
tx_0011232,2026-03-22 18:28:22,0,0.0,LOW,APPROVE,0,LOW_RISK_ESTABLISHED_ACCOUNT,,,phase3-v1
tx_0017526,2026-03-22 18:32:40,0,0.0001,LOW,APPROVE,0,LOW_RISK_ESTABLISHED_ACCOUNT,,,phase3-v1
tx_0022569,2026-03-22 18:34:27,0,0.0,LOW,APPROVE,0,LOW_RISK_ESTABLISHED_ACCOUNT,,,phase3-v1
tx_0019334,2026-03-22 18:34:35,0,0.0001,LOW,APPROVE,0,LOW_RISK_ESTABLISHED_ACCOUNT,,,phase3-v1
tx_0025763,2026-03-22 18:34:57,0,0.0004,LOW,APPROVE,0,GRAPH_CONNECTED_USERS,,,phase3-v1
tx_0020643,2026-03-22 18:35:51,0,0.0001,LOW,APPROVE,0,LOW_RISK_ESTABLISHED_ACCOUNT,,,phase3-v1
tx_0009155,2026-03-22 18:38:08,0,0.0,LOW,APPROVE,0,LOW_RISK_ESTABLISHED_ACCOUNT,,,phase3-v1
tx_0004880,2026-03-22 18:40:40,0,0.0001,LOW,APPROVE,0,LOW_RISK_ESTABLISHED_ACCOUNT,,,phase3-v1
tx_0008913,2026-03-22 18:41:24,0,0.0001,LOW,APPROVE,0,LOW_RISK_ESTABLISHED_ACCOUNT,,,phase3-v1
tx_0019257,2026-03-22 18:42:26,0,0.0001,LOW,APPROVE,0,LOW_RISK_ESTABLISHED_ACCOUNT,,,phase3-v1
tx_0016519,2026-03-22 18:45:35,0,0.0,LOW,APPROVE,0,LOW_RISK_ESTABLISHED_ACCOUNT,,,phase3-v1
tx_0022438,2026-03-22 18:49:01,0,0.0,LOW,APPROVE,0,LOW_RISK_ESTABLISHED_ACCOUNT,,,phase3-v1
tx_0016858,2026-03-22 18:51:59,0,0.0,LOW,APPROVE,0,LOW_RISK_ESTABLISHED_ACCOUNT,,,phase3-v1
tx_0009749,2026-03-22 18:57:40,0,0.0,LOW,APPROVE,0,LOW_RISK_ESTABLISHED_ACCOUNT,,,phase3-v1
tx_0021445,2026-03-22 18:58:36,0,0.0,LOW,APPROVE,0,LOW_RISK_ESTABLISHED_ACCOUNT,,,phase3-v1
tx_0019997,2026-03-22 18:58:43,0,0.0,LOW,APPROVE,0,LOW_RISK_ESTABLISHED_ACCOUNT,,,phase3-v1
tx_0018256,2026-03-22 19:00:51,0,0.0,LOW,APPROVE,0,LOW_RISK_ESTABLISHED_ACCOUNT,,,phase3-v1
tx_0023497,2026-03-22 19:04:46,0,0.0001,LOW,APPROVE,0,GRAPH_CONNECTED_USERS,,,phase3-v1
tx_0022626,2026-03-22 19:10:59,0,0.0001,LOW,APPROVE,0,GRAPH_MULTI_ENTITY_OVERLAP,GRAPH_SHARED_ADDRESS,,phase3-v1
tx_0000938,2026-03-22 19:14:00,0,0.0005,LOW,APPROVE,0,PROMO_ACTIVITY,NEW_ACCOUNT,,phase3-v1
tx_0007570,2026-03-22 19:14:29,0,0.0,LOW,APPROVE,0,PROMO_ACTIVITY,,,phase3-v1
tx_0024102,2026-03-22 19:17:13,0,0.0001,LOW,APPROVE,0,GRAPH_MULTI_ENTITY_OVERLAP,GRAPH_SHARED_PAYMENT,GRAPH_SHARED_ADDRESS,phase3-v1
tx_0013762,2026-03-22 19:19:49,0,0.0011,LOW,APPROVE,0,NEW_ACCOUNT,PROMO_ACTIVITY,,phase3-v1
tx_0013535,2026-03-22 19:22:52,0,0.0,LOW,APPROVE,0,LOW_RISK_ESTABLISHED_ACCOUNT,,,phase3-v1
tx_0023612,2026-03-22 19:28:06,0,0.0001,LOW,APPROVE,0,GRAPH_MULTI_ENTITY_OVERLAP,HIGH_AMOUNT_ANOMALY,GRAPH_SHARED_ADDRESS,phase3-v1
tx_0009534,2026-03-22 19:28:25,0,0.0001,LOW,APPROVE,0,LOW_RISK_ESTABLISHED_ACCOUNT,,,phase3-v1
tx_0006319,2026-03-22 19:28:30,0,0.0,LOW,APPROVE,0,LOW_RISK_ESTABLISHED_ACCOUNT,,,phase3-v1
tx_0019269,2026-03-22 19:29:26,0,0.0,LOW,APPROVE,0,LOW_RISK_ESTABLISHED_ACCOUNT,,,phase3-v1
tx_0021805,2026-03-22 19:30:46,0,0.0001,LOW,APPROVE,0,LOW_RISK_ESTABLISHED_ACCOUNT,,,phase3-v1
tx_0017849,2026-03-22 19:33:17,0,0.0001,LOW,APPROVE,0,LOW_RISK_ESTABLISHED_ACCOUNT,,,phase3-v1
tx_0001761,2026-03-22 19:34:26,0,0.0001,LOW,APPROVE,0,LOW_RISK_ESTABLISHED_ACCOUNT,,,phase3-v1
tx_0002693,2026-03-22 19:38:01,0,0.0,LOW,APPROVE,0,LOW_RISK_ESTABLISHED_ACCOUNT,,,phase3-v1
tx_0023267,2026-03-22 19:41:24,0,0.0001,LOW,APPROVE,0,GRAPH_SHARED_PAYMENT,GRAPH_MULTI_ENTITY_OVERLAP,GRAPH_SHARED_ADDRESS,phase3-v1
tx_0000669,2026-03-22 19:43:25,0,0.0,LOW,APPROVE,0,HIGH_AMOUNT_ANOMALY,,,phase3-v1
tx_0014559,2026-03-22 19:45:23,0,0.0,LOW,APPROVE,0,LOW_RISK_ESTABLISHED_ACCOUNT,,,phase3-v1
tx_0011065,2026-03-22 19:46:25,0,0.0,LOW,APPROVE,0,HIGH_AMOUNT_ANOMALY,,,phase3-v1
tx_0007348,2026-03-22 19:47:45,0,0.0,LOW,APPROVE,0,HIGH_24H_VELOCITY,,,phase3-v1
tx_0019640,2026-03-22 19:53:57,0,0.0001,LOW,APPROVE,0,LOW_RISK_ESTABLISHED_ACCOUNT,,,phase3-v1
tx_0000204,2026-03-22 19:56:03,0,0.0002,LOW,APPROVE,0,LOW_RISK_ESTABLISHED_ACCOUNT,,,phase3-v1
tx_0024170,2026-03-22 20:02:02,0,0.0002,LOW,APPROVE,0,GRAPH_SHARED_ADDRESS,GRAPH_MULTI_ENTITY_OVERLAP,GRAPH_CONNECTED_USERS,phase3-v1
tx_0024029,2026-03-22 20:04:13,0,0.0001,LOW,APPROVE,0,GRAPH_MULTI_ENTITY_OVERLAP,GRAPH_SHARED_ADDRESS,GRAPH_CONNECTED_USERS,phase3-v1
tx_0014883,2026-03-22 20:08:13,0,0.0001,LOW,APPROVE,0,LOW_RISK_ESTABLISHED_ACCOUNT,,,phase3-v1
tx_0025112,2026-03-22 20:14:18,0,0.0006,LOW,APPROVE,0,GRAPH_CONNECTED_USERS,,,phase3-v1
tx_0016912,2026-03-22 20:14:36,0,0.0001,LOW,APPROVE,0,LOW_RISK_ESTABLISHED_ACCOUNT,,,phase3-v1
tx_0024310,2026-03-22 20:14:50,0,0.0001,LOW,APPROVE,0,GRAPH_CONNECTED_USERS,,,phase3-v1
tx_0018142,2026-03-22 20:15:37,0,0.0001,LOW,APPROVE,0,LOW_RISK_ESTABLISHED_ACCOUNT,,,phase3-v1
tx_0000993,2026-03-22 20:17:02,0,0.0001,LOW,APPROVE,0,LOW_RISK_ESTABLISHED_ACCOUNT,,,phase3-v1
tx_0015637,2026-03-22 20:18:49,0,0.0001,LOW,APPROVE,0,PROMO_ACTIVITY,,,phase3-v1
tx_0021315,2026-03-22 20:19:18,0,0.2224,LOW,APPROVE,0,NEW_ACCOUNT,,,phase3-v1
tx_0018870,2026-03-22 20:25:05,0,0.0001,LOW,APPROVE,0,LOW_RISK_ESTABLISHED_ACCOUNT,,,phase3-v1
tx_0001273,2026-03-22 20:34:01,0,0.0001,LOW,APPROVE,0,LOW_RISK_ESTABLISHED_ACCOUNT,,,phase3-v1
tx_0000961,2026-03-22 20:36:12,0,0.0001,LOW,APPROVE,0,LOW_RISK_ESTABLISHED_ACCOUNT,,,phase3-v1
tx_0015454,2026-03-22 20:36:26,0,0.0001,LOW,APPROVE,0,LOW_RISK_ESTABLISHED_ACCOUNT,,,phase3-v1
tx_0010632,2026-03-22 20:37:27,0,0.0001,LOW,APPROVE,0,LOW_RISK_ESTABLISHED_ACCOUNT,,,phase3-v1
tx_0024346,2026-03-22 20:37:29,0,0.0001,LOW,APPROVE,0,GRAPH_SHARED_ADDRESS,GRAPH_MULTI_ENTITY_OVERLAP,GRAPH_CONNECTED_USERS,phase3-v1
tx_0014670,2026-03-22 20:38:45,0,0.0001,LOW,APPROVE,0,LOW_RISK_ESTABLISHED_ACCOUNT,,,phase3-v1
tx_0014563,2026-03-22 20:40:53,0,0.0001,LOW,APPROVE,0,LOW_RISK_ESTABLISHED_ACCOUNT,,,phase3-v1
tx_0025035,2026-03-22 20:42:42,0,0.0001,LOW,APPROVE,0,GRAPH_MULTI_ENTITY_OVERLAP,GRAPH_SHARED_ADDRESS,,phase3-v1
tx_0011435,2026-03-22 20:44:22,0,0.0001,LOW,APPROVE,0,LOW_RISK_ESTABLISHED_ACCOUNT,,,phase3-v1
tx_0001314,2026-03-22 20:52:14,0,0.0001,LOW,APPROVE,0,LOW_RISK_ESTABLISHED_ACCOUNT,,,phase3-v1
tx_0017004,2026-03-22 20:52:49,0,0.0001,LOW,APPROVE,0,LOW_RISK_ESTABLISHED_ACCOUNT,,,phase3-v1
tx_0013743,2026-03-22 20:52:56,0,0.0001,LOW,APPROVE,0,LOW_RISK_ESTABLISHED_ACCOUNT,,,phase3-v1
tx_0013709,2026-03-22 20:53:20,0,0.0001,LOW,APPROVE,0,LOW_RISK_ESTABLISHED_ACCOUNT,,,phase3-v1
tx_0021121,2026-03-22 20:54:13,0,0.0001,LOW,APPROVE,0,LOW_RISK_ESTABLISHED_ACCOUNT,,,phase3-v1
tx_0020171,2026-03-22 20:57:29,0,0.0001,LOW,APPROVE,0,LOW_RISK_ESTABLISHED_ACCOUNT,,,phase3-v1
tx_0023944,2026-03-22 20:58:47,0,0.0002,LOW,APPROVE,0,GRAPH_SHARED_PAYMENT,GRAPH_SHARED_ADDRESS,GRAPH_MULTI_ENTITY_OVERLAP,phase3-v1
tx_0021086,2026-03-22 21:03:45,0,0.0001,LOW,APPROVE,0,LOW_RISK_ESTABLISHED_ACCOUNT,,,phase3-v1
tx_0025585,2026-03-22 21:07:46,0,0.0006,LOW,APPROVE,0,GRAPH_CONNECTED_USERS,,,phase3-v1
tx_0000472,2026-03-22 21:10:36,0,0.0001,LOW,APPROVE,0,LOW_RISK_ESTABLISHED_ACCOUNT,,,phase3-v1
tx_0015304,2026-03-22 21:10:49,0,0.0001,LOW,APPROVE,0,LOW_RISK_ESTABLISHED_ACCOUNT,,,phase3-v1
tx_0004434,2026-03-22 21:12:35,0,0.0001,LOW,APPROVE,0,LOW_RISK_ESTABLISHED_ACCOUNT,,,phase3-v1
tx_0012297,2026-03-22 21:14:18,0,0.0001,LOW,APPROVE,0,LOW_RISK_ESTABLISHED_ACCOUNT,,,phase3-v1
tx_0022681,2026-03-22 21:28:18,0,0.0001,LOW,APPROVE,0,GRAPH_SHARED_ADDRESS,GRAPH_MULTI_ENTITY_OVERLAP,GRAPH_CONNECTED_USERS,phase3-v1
tx_0022696,2026-03-22 21:29:15,0,0.0001,LOW,APPROVE,0,GRAPH_CONNECTED_USERS,,,phase3-v1
tx_0006485,2026-03-22 21:29:20,0,0.0001,LOW,APPROVE,0,LOW_RISK_ESTABLISHED_ACCOUNT,,,phase3-v1
tx_0017700,2026-03-22 21:32:09,0,0.0001,LOW,APPROVE,0,LOW_RISK_ESTABLISHED_ACCOUNT,,,phase3-v1
tx_0019725,2026-03-22 21:32:38,0,0.0001,LOW,APPROVE,0,LOW_RISK_ESTABLISHED_ACCOUNT,,,phase3-v1
tx_0024167,2026-03-22 21:36:48,0,0.0013,LOW,APPROVE,0,GRAPH_SHARED_ADDRESS,GRAPH_MULTI_ENTITY_OVERLAP,GRAPH_CONNECTED_USERS,phase3-v1
tx_0001115,2026-03-22 21:40:09,0,0.0001,LOW,APPROVE,0,LOW_RISK_ESTABLISHED_ACCOUNT,,,phase3-v1
tx_0010230,2026-03-22 21:47:14,0,0.0001,LOW,APPROVE,0,LOW_RISK_ESTABLISHED_ACCOUNT,,,phase3-v1
tx_0005333,2026-03-22 21:54:16,0,0.0001,LOW,APPROVE,0,LOW_RISK_ESTABLISHED_ACCOUNT,,,phase3-v1
tx_0010523,2026-03-22 22:11:52,0,0.0001,LOW,APPROVE,0,LOW_RISK_ESTABLISHED_ACCOUNT,,,phase3-v1
tx_0010972,2026-03-22 22:12:59,0,0.0001,LOW,APPROVE,0,LOW_RISK_ESTABLISHED_ACCOUNT,,,phase3-v1
tx_0017697,2026-03-22 22:19:48,0,0.0001,LOW,APPROVE,0,HIGH_1H_VELOCITY,,,phase3-v1
tx_0022949,2026-03-22 22:20:02,0,0.0001,LOW,APPROVE,0,GRAPH_SHARED_ADDRESS,GRAPH_MULTI_ENTITY_OVERLAP,GRAPH_CONNECTED_USERS,phase3-v1
tx_0013837,2026-03-22 22:28:21,0,0.0001,LOW,APPROVE,0,LOW_RISK_ESTABLISHED_ACCOUNT,,,phase3-v1
tx_0005052,2026-03-22 22:38:21,0,0.0001,LOW,APPROVE,0,LOW_RISK_ESTABLISHED_ACCOUNT,,,phase3-v1
tx_0010449,2026-03-22 22:38:42,0,0.0001,LOW,APPROVE,0,HIGH_AMOUNT_ANOMALY,,,phase3-v1
tx_0009406,2026-03-22 22:40:57,0,0.0001,LOW,APPROVE,0,LOW_RISK_ESTABLISHED_ACCOUNT,,,phase3-v1
tx_0025287,2026-03-22 22:42:07,0,0.0006,LOW,APPROVE,0,GRAPH_CONNECTED_USERS,,,phase3-v1
tx_0017616,2026-03-22 22:43:15,0,0.0001,LOW,APPROVE,0,LOW_RISK_ESTABLISHED_ACCOUNT,,,phase3-v1
tx_0010453,2026-03-22 22:46:01,0,0.0001,LOW,APPROVE,0,HIGH_1H_VELOCITY,,,phase3-v1
tx_0020335,2026-03-22 22:47:02,0,0.0001,LOW,APPROVE,0,LOW_RISK_ESTABLISHED_ACCOUNT,,,phase3-v1
tx_0024912,2026-03-22 22:48:16,0,0.7057,MEDIUM,REVIEW,0,GRAPH_SHARED_PAYMENT,GRAPH_SHARED_ADDRESS,GRAPH_MULTI_ENTITY_OVERLAP,phase3-v1
tx_0019133,2026-03-22 22:48:57,0,0.0001,LOW,APPROVE,0,LOW_RISK_ESTABLISHED_ACCOUNT,,,phase3-v1
tx_0020515,2026-03-22 22:51:06,0,0.0001,LOW,APPROVE,0,LOW_RISK_ESTABLISHED_ACCOUNT,,,phase3-v1
tx_0015107,2026-03-22 22:57:39,0,0.0001,LOW,APPROVE,0,LOW_RISK_ESTABLISHED_ACCOUNT,,,phase3-v1
tx_0023323,2026-03-22 22:58:41,0,0.0001,LOW,APPROVE,0,GRAPH_CONNECTED_USERS,PROMO_ACTIVITY,,phase3-v1
tx_0005547,2026-03-22 23:13:40,0,0.0039,LOW,APPROVE,0,NEW_ACCOUNT,,,phase3-v1
tx_0006976,2026-03-22 23:16:49,0,0.0001,LOW,APPROVE,0,LOW_RISK_ESTABLISHED_ACCOUNT,,,phase3-v1
tx_0011506,2026-03-22 23:26:58,0,0.0001,LOW,APPROVE,0,LOW_RISK_ESTABLISHED_ACCOUNT,,,phase3-v1
tx_0021725,2026-03-22 23:29:28,0,0.0001,LOW,APPROVE,0,LOW_RISK_ESTABLISHED_ACCOUNT,,,phase3-v1
tx_0010106,2026-03-22 23:30:04,0,0.0001,LOW,APPROVE,0,LOW_RISK_ESTABLISHED_ACCOUNT,,,phase3-v1
tx_0000297,2026-03-22 23:33:26,0,0.0003,LOW,APPROVE,0,NEW_ACCOUNT,,,phase3-v1
tx_0000494,2026-03-22 23:33:57,0,0.0001,LOW,APPROVE,0,LOW_RISK_ESTABLISHED_ACCOUNT,,,phase3-v1
tx_0016088,2026-03-22 23:37:08,0,0.0006,LOW,APPROVE,0,NEW_ACCOUNT,,,phase3-v1
tx_0023454,2026-03-22 23:54:26,0,0.0001,LOW,APPROVE,0,GRAPH_MULTI_ENTITY_OVERLAP,GRAPH_SHARED_PAYMENT,GRAPH_SHARED_ADDRESS,phase3-v1
tx_0004599,2026-03-23 00:30:41,0,0.0001,LOW,APPROVE,0,LOW_RISK_ESTABLISHED_ACCOUNT,,,phase3-v1
tx_0019613,2026-03-23 00:52:38,0,0.0002,LOW,APPROVE,0,LOW_RISK_ESTABLISHED_ACCOUNT,,,phase3-v1
tx_0016527,2026-03-23 01:02:22,0,0.0001,LOW,APPROVE,0,OFF_HOURS_ACTIVITY,,,phase3-v1
tx_0021470,2026-03-23 01:26:10,0,0.0002,LOW,APPROVE,0,OFF_HOURS_ACTIVITY,,,phase3-v1
tx_0025010,2026-03-23 01:36:33,0,0.0011,LOW,APPROVE,0,GRAPH_CONNECTED_USERS,OFF_HOURS_ACTIVITY,,phase3-v1
tx_0012963,2026-03-23 01:41:12,0,0.0001,LOW,APPROVE,0,OFF_HOURS_ACTIVITY,,,phase3-v1
tx_0014724,2026-03-23 02:30:50,0,0.0001,LOW,APPROVE,0,OFF_HOURS_ACTIVITY,,,phase3-v1
tx_0002954,2026-03-23 03:10:56,0,0.0002,LOW,APPROVE,0,OFF_HOURS_ACTIVITY,,,phase3-v1
tx_0017860,2026-03-23 03:33:53,0,0.9282,HIGH,BLOCK,1,NEW_ACCOUNT,OFF_HOURS_ACTIVITY,,phase3-v1
tx_0011111,2026-03-23 04:08:36,0,0.0016,LOW,APPROVE,0,OFF_HOURS_ACTIVITY,NEW_ACCOUNT,,phase3-v1
tx_0011816,2026-03-23 04:24:47,0,0.0001,LOW,APPROVE,0,OFF_HOURS_ACTIVITY,,,phase3-v1
tx_0019702,2026-03-23 05:04:36,0,0.0001,LOW,APPROVE,0,OFF_HOURS_ACTIVITY,,,phase3-v1
tx_0015346,2026-03-23 05:45:19,0,0.0001,LOW,APPROVE,0,OFF_HOURS_ACTIVITY,,,phase3-v1
tx_0002046,2026-03-23 06:21:33,0,0.0001,LOW,APPROVE,0,LOW_RISK_ESTABLISHED_ACCOUNT,,,phase3-v1
tx_0003582,2026-03-23 06:24:31,0,0.0001,LOW,APPROVE,0,LOW_RISK_ESTABLISHED_ACCOUNT,,,phase3-v1
tx_0019384,2026-03-23 06:40:09,0,0.0001,LOW,APPROVE,0,LOW_RISK_ESTABLISHED_ACCOUNT,,,phase3-v1
tx_0000317,2026-03-23 06:52:13,0,0.0,LOW,APPROVE,0,LOW_RISK_ESTABLISHED_ACCOUNT,,,phase3-v1
tx_0025445,2026-03-23 07:01:09,0,0.0005,LOW,APPROVE,0,GRAPH_CONNECTED_USERS,HIGH_24H_VELOCITY,,phase3-v1
tx_0025862,2026-03-23 07:04:37,0,0.0006,LOW,APPROVE,0,GRAPH_CONNECTED_USERS,,,phase3-v1
tx_0016272,2026-03-23 07:07:48,0,0.0001,LOW,APPROVE,0,LOW_RISK_ESTABLISHED_ACCOUNT,,,phase3-v1
tx_0015323,2026-03-23 07:12:33,0,0.0,LOW,APPROVE,0,LOW_RISK_ESTABLISHED_ACCOUNT,,,phase3-v1
tx_0009247,2026-03-23 07:22:42,0,0.0,LOW,APPROVE,0,LOW_RISK_ESTABLISHED_ACCOUNT,,,phase3-v1
tx_0013765,2026-03-23 07:23:30,0,0.0002,LOW,APPROVE,0,PROMO_ACTIVITY,NEW_ACCOUNT,,phase3-v1
tx_0020688,2026-03-23 07:26:17,0,0.0,LOW,APPROVE,0,LOW_RISK_ESTABLISHED_ACCOUNT,,,phase3-v1
tx_0011762,2026-03-23 07:45:33,0,0.0001,LOW,APPROVE,0,LOW_RISK_ESTABLISHED_ACCOUNT,,,phase3-v1
tx_0011381,2026-03-23 07:50:06,0,0.0,LOW,APPROVE,0,LOW_RISK_ESTABLISHED_ACCOUNT,,,phase3-v1
tx_0014279,2026-03-23 08:02:08,0,0.0,LOW,APPROVE,0,LOW_RISK_ESTABLISHED_ACCOUNT,,,phase3-v1
tx_0013337,2026-03-23 08:13:21,0,0.0001,LOW,APPROVE,0,LOW_RISK_ESTABLISHED_ACCOUNT,,,phase3-v1
tx_0009700,2026-03-23 08:13:49,0,0.0,LOW,APPROVE,0,LOW_RISK_ESTABLISHED_ACCOUNT,,,phase3-v1
tx_0023217,2026-03-23 08:16:50,0,0.0001,LOW,APPROVE,0,GRAPH_CONNECTED_USERS,,,phase3-v1
tx_0014690,2026-03-23 08:20:31,0,0.0001,LOW,APPROVE,0,LOW_RISK_ESTABLISHED_ACCOUNT,,,phase3-v1
tx_0021837,2026-03-23 08:21:07,0,0.0,LOW,APPROVE,0,LOW_RISK_ESTABLISHED_ACCOUNT,,,phase3-v1
tx_0018855,2026-03-23 08:25:58,0,0.0,LOW,APPROVE,0,LOW_RISK_ESTABLISHED_ACCOUNT,,,phase3-v1
tx_0018355,2026-03-23 08:28:52,0,0.0,LOW,APPROVE,0,LOW_RISK_ESTABLISHED_ACCOUNT,,,phase3-v1
tx_0006748,2026-03-23 08:32:18,0,0.0001,LOW,APPROVE,0,LOW_RISK_ESTABLISHED_ACCOUNT,,,phase3-v1
tx_0004607,2026-03-23 08:32:47,0,0.0001,LOW,APPROVE,0,LOW_RISK_ESTABLISHED_ACCOUNT,,,phase3-v1
tx_0006374,2026-03-23 08:49:58,0,0.0,LOW,APPROVE,0,LOW_RISK_ESTABLISHED_ACCOUNT,,,phase3-v1
tx_0007626,2026-03-23 08:51:19,0,0.0,LOW,APPROVE,0,LOW_RISK_ESTABLISHED_ACCOUNT,,,phase3-v1
tx_0021118,2026-03-23 08:53:47,0,0.0,LOW,APPROVE,0,LOW_RISK_ESTABLISHED_ACCOUNT,,,phase3-v1
tx_0024152,2026-03-23 09:04:10,0,0.0002,LOW,APPROVE,0,GRAPH_MULTI_ENTITY_OVERLAP,HIGH_AMOUNT_ANOMALY,GRAPH_SHARED_ADDRESS,phase3-v1
tx_0012318,2026-03-23 09:07:32,0,0.0,LOW,APPROVE,0,LOW_RISK_ESTABLISHED_ACCOUNT,,,phase3-v1
tx_0011053,2026-03-23 09:09:44,0,0.0,LOW,APPROVE,0,LOW_RISK_ESTABLISHED_ACCOUNT,,,phase3-v1
tx_0010840,2026-03-23 09:13:07,0,0.0001,LOW,APPROVE,0,LOW_RISK_ESTABLISHED_ACCOUNT,,,phase3-v1
tx_0013784,2026-03-23 09:13:37,0,0.0,LOW,APPROVE,0,LOW_RISK_ESTABLISHED_ACCOUNT,,,phase3-v1
tx_0008445,2026-03-23 09:13:40,0,0.0,LOW,APPROVE,0,LOW_RISK_ESTABLISHED_ACCOUNT,,,phase3-v1
tx_0017135,2026-03-23 09:14:39,0,0.0001,LOW,APPROVE,0,LOW_RISK_ESTABLISHED_ACCOUNT,,,phase3-v1
tx_0019170,2026-03-23 09:15:05,0,0.0,LOW,APPROVE,0,LOW_RISK_ESTABLISHED_ACCOUNT,,,phase3-v1
tx_0005417,2026-03-23 09:17:15,0,0.0,LOW,APPROVE,0,LOW_RISK_ESTABLISHED_ACCOUNT,,,phase3-v1
tx_0003728,2026-03-23 09:18:00,0,0.0,LOW,APPROVE,0,LOW_RISK_ESTABLISHED_ACCOUNT,,,phase3-v1
tx_0018313,2026-03-23 09:29:08,0,0.0,LOW,APPROVE,0,LOW_RISK_ESTABLISHED_ACCOUNT,,,phase3-v1
tx_0024946,2026-03-23 09:29:09,0,0.0001,LOW,APPROVE,0,GRAPH_CONNECTED_USERS,,,phase3-v1
tx_0005190,2026-03-23 09:36:03,0,0.2535,LOW,APPROVE,0,NEW_ACCOUNT,,,phase3-v1
tx_0000941,2026-03-23 09:37:49,0,0.0002,LOW,APPROVE,0,NEW_ACCOUNT,,,phase3-v1
tx_0008331,2026-03-23 09:41:12,0,0.0001,LOW,APPROVE,0,LOW_RISK_ESTABLISHED_ACCOUNT,,,phase3-v1
tx_0010986,2026-03-23 09:41:49,0,0.0,LOW,APPROVE,0,LOW_RISK_ESTABLISHED_ACCOUNT,,,phase3-v1
tx_0015613,2026-03-23 09:42:07,0,0.0,LOW,APPROVE,0,LOW_RISK_ESTABLISHED_ACCOUNT,,,phase3-v1
tx_0000371,2026-03-23 09:54:54,0,0.0,LOW,APPROVE,0,LOW_RISK_ESTABLISHED_ACCOUNT,,,phase3-v1
tx_0021811,2026-03-23 09:56:14,0,0.0001,LOW,APPROVE,0,HIGH_AMOUNT_ANOMALY,,,phase3-v1
tx_0000664,2026-03-23 09:56:36,0,0.0,LOW,APPROVE,0,LOW_RISK_ESTABLISHED_ACCOUNT,,,phase3-v1
tx_0000029,2026-03-23 09:56:57,0,0.0,LOW,APPROVE,0,LOW_RISK_ESTABLISHED_ACCOUNT,,,phase3-v1
tx_0024226,2026-03-23 09:58:13,0,0.0002,LOW,APPROVE,0,GRAPH_SHARED_PAYMENT,GRAPH_SHARED_ADDRESS,GRAPH_MULTI_ENTITY_OVERLAP,phase3-v1
tx_0018750,2026-03-23 09:58:44,0,0.0,LOW,APPROVE,0,LOW_RISK_ESTABLISHED_ACCOUNT,,,phase3-v1
tx_0020590,2026-03-23 10:01:21,0,0.0,LOW,APPROVE,0,LOW_RISK_ESTABLISHED_ACCOUNT,,,phase3-v1
tx_0000298,2026-03-23 10:02:02,0,0.0001,LOW,APPROVE,0,LOW_RISK_ESTABLISHED_ACCOUNT,,,phase3-v1
tx_0001751,2026-03-23 10:05:39,0,0.0001,LOW,APPROVE,0,LOW_RISK_ESTABLISHED_ACCOUNT,,,phase3-v1
tx_0009646,2026-03-23 10:05:59,0,0.0001,LOW,APPROVE,0,LOW_RISK_ESTABLISHED_ACCOUNT,,,phase3-v1
tx_0023304,2026-03-23 10:11:51,0,0.0004,LOW,APPROVE,0,GRAPH_CONNECTED_USERS,,,phase3-v1
tx_0006277,2026-03-23 10:15:32,0,0.0,LOW,APPROVE,0,LOW_RISK_ESTABLISHED_ACCOUNT,,,phase3-v1
tx_0022742,2026-03-23 10:15:42,0,0.0004,LOW,APPROVE,0,GRAPH_CONNECTED_USERS,,,phase3-v1
tx_0025781,2026-03-23 10:16:02,0,0.0001,LOW,APPROVE,0,GRAPH_SHARED_PAYMENT,GRAPH_SHARED_ADDRESS,GRAPH_MULTI_ENTITY_OVERLAP,phase3-v1
tx_0007534,2026-03-23 10:16:14,0,0.0,LOW,APPROVE,0,LOW_RISK_ESTABLISHED_ACCOUNT,,,phase3-v1
tx_0019264,2026-03-23 10:18:52,0,0.0,LOW,APPROVE,0,LOW_RISK_ESTABLISHED_ACCOUNT,,,phase3-v1
tx_0023378,2026-03-23 10:19:40,0,0.0001,LOW,APPROVE,0,GRAPH_CONNECTED_USERS,,,phase3-v1
tx_0001061,2026-03-23 10:23:43,0,0.0,LOW,APPROVE,0,LOW_RISK_ESTABLISHED_ACCOUNT,,,phase3-v1
tx_0013211,2026-03-23 10:24:35,0,0.0,LOW,APPROVE,0,LOW_RISK_ESTABLISHED_ACCOUNT,,,phase3-v1
tx_0007624,2026-03-23 10:30:12,0,0.0,LOW,APPROVE,0,LOW_RISK_ESTABLISHED_ACCOUNT,,,phase3-v1
tx_0019215,2026-03-23 10:33:04,0,0.0,LOW,APPROVE,0,LOW_RISK_ESTABLISHED_ACCOUNT,,,phase3-v1
tx_0010135,2026-03-23 10:33:21,0,0.0,LOW,APPROVE,0,LOW_RISK_ESTABLISHED_ACCOUNT,,,phase3-v1
tx_0010209,2026-03-23 10:37:53,0,0.0001,LOW,APPROVE,0,LOW_RISK_ESTABLISHED_ACCOUNT,,,phase3-v1
tx_0011622,2026-03-23 10:38:02,0,0.0,LOW,APPROVE,0,LOW_RISK_ESTABLISHED_ACCOUNT,,,phase3-v1
tx_0009663,2026-03-23 10:42:51,0,0.0,LOW,APPROVE,0,LOW_RISK_ESTABLISHED_ACCOUNT,,,phase3-v1
tx_0003175,2026-03-23 10:43:43,0,0.0001,LOW,APPROVE,0,LOW_RISK_ESTABLISHED_ACCOUNT,,,phase3-v1
tx_0009120,2026-03-23 10:45:00,0,0.0001,LOW,APPROVE,0,LOW_RISK_ESTABLISHED_ACCOUNT,,,phase3-v1
tx_0008653,2026-03-23 10:54:27,0,0.0,LOW,APPROVE,0,LOW_RISK_ESTABLISHED_ACCOUNT,,,phase3-v1
tx_0019644,2026-03-23 10:55:48,0,0.0001,LOW,APPROVE,0,LOW_RISK_ESTABLISHED_ACCOUNT,,,phase3-v1
tx_0011477,2026-03-23 10:56:28,0,0.0,LOW,APPROVE,0,LOW_RISK_ESTABLISHED_ACCOUNT,,,phase3-v1
tx_0009111,2026-03-23 10:59:11,0,0.0001,LOW,APPROVE,0,HIGH_1H_VELOCITY,,,phase3-v1
tx_0018280,2026-03-23 11:01:44,0,0.0,LOW,APPROVE,0,LOW_RISK_ESTABLISHED_ACCOUNT,,,phase3-v1
tx_0003637,2026-03-23 11:04:47,0,0.0,LOW,APPROVE,0,LOW_RISK_ESTABLISHED_ACCOUNT,,,phase3-v1
tx_0018012,2026-03-23 11:06:09,0,0.0001,LOW,APPROVE,0,NEW_ACCOUNT,,,phase3-v1
tx_0002741,2026-03-23 11:06:29,0,0.0,LOW,APPROVE,0,LOW_RISK_ESTABLISHED_ACCOUNT,,,phase3-v1
tx_0007602,2026-03-23 11:08:45,0,0.0,LOW,APPROVE,0,LOW_RISK_ESTABLISHED_ACCOUNT,,,phase3-v1
tx_0022670,2026-03-23 11:09:57,0,0.0001,LOW,APPROVE,0,GRAPH_SHARED_ADDRESS,GRAPH_MULTI_ENTITY_OVERLAP,GRAPH_CONNECTED_USERS,phase3-v1
tx_0000250,2026-03-23 11:13:08,0,0.0,LOW,APPROVE,0,LOW_RISK_ESTABLISHED_ACCOUNT,,,phase3-v1
tx_0007651,2026-03-23 11:14:44,0,0.0,LOW,APPROVE,0,LOW_RISK_ESTABLISHED_ACCOUNT,,,phase3-v1
tx_0016628,2026-03-23 11:15:13,0,0.0,LOW,APPROVE,0,LOW_RISK_ESTABLISHED_ACCOUNT,,,phase3-v1
tx_0015623,2026-03-23 11:16:24,0,0.0,LOW,APPROVE,0,LOW_RISK_ESTABLISHED_ACCOUNT,,,phase3-v1
tx_0002676,2026-03-23 11:16:53,0,0.0001,LOW,APPROVE,0,LOW_RISK_ESTABLISHED_ACCOUNT,,,phase3-v1
tx_0007225,2026-03-23 11:23:09,0,0.0001,LOW,APPROVE,0,LOW_RISK_ESTABLISHED_ACCOUNT,,,phase3-v1
tx_0009439,2026-03-23 11:23:17,0,0.0,LOW,APPROVE,0,LOW_RISK_ESTABLISHED_ACCOUNT,,,phase3-v1
tx_0015771,2026-03-23 11:25:36,0,0.0,LOW,APPROVE,0,LOW_RISK_ESTABLISHED_ACCOUNT,,,phase3-v1
tx_0004223,2026-03-23 11:26:02,0,0.0,LOW,APPROVE,0,LOW_RISK_ESTABLISHED_ACCOUNT,,,phase3-v1
tx_0021149,2026-03-23 11:29:53,0,0.0001,LOW,APPROVE,0,LOW_RISK_ESTABLISHED_ACCOUNT,,,phase3-v1
tx_0015393,2026-03-23 11:30:21,0,0.0,LOW,APPROVE,0,LOW_RISK_ESTABLISHED_ACCOUNT,,,phase3-v1
tx_0018440,2026-03-23 11:33:43,0,0.0,LOW,APPROVE,0,LOW_RISK_ESTABLISHED_ACCOUNT,,,phase3-v1
tx_0010769,2026-03-23 11:33:57,0,0.0,LOW,APPROVE,0,LOW_RISK_ESTABLISHED_ACCOUNT,,,phase3-v1
tx_0006784,2026-03-23 11:37:45,0,0.0,LOW,APPROVE,0,LOW_RISK_ESTABLISHED_ACCOUNT,,,phase3-v1
tx_0022223,2026-03-23 11:44:47,0,0.0,LOW,APPROVE,0,LOW_RISK_ESTABLISHED_ACCOUNT,,,phase3-v1
tx_0014679,2026-03-23 11:47:32,0,0.0001,LOW,APPROVE,0,LOW_RISK_ESTABLISHED_ACCOUNT,,,phase3-v1
tx_0001111,2026-03-23 11:52:11,0,0.0,LOW,APPROVE,0,LOW_RISK_ESTABLISHED_ACCOUNT,,,phase3-v1
tx_0014796,2026-03-23 11:55:58,0,0.0,LOW,APPROVE,0,LOW_RISK_ESTABLISHED_ACCOUNT,,,phase3-v1
tx_0025245,2026-03-23 12:01:22,0,0.0002,LOW,APPROVE,0,GRAPH_SHARED_PAYMENT,GRAPH_SHARED_ADDRESS,GRAPH_MULTI_ENTITY_OVERLAP,phase3-v1
tx_0018852,2026-03-23 12:01:36,0,0.0001,LOW,APPROVE,0,LOW_RISK_ESTABLISHED_ACCOUNT,,,phase3-v1
tx_0005281,2026-03-23 12:03:04,0,0.0,LOW,APPROVE,0,LOW_RISK_ESTABLISHED_ACCOUNT,,,phase3-v1
tx_0021447,2026-03-23 12:03:48,0,0.0,LOW,APPROVE,0,LOW_RISK_ESTABLISHED_ACCOUNT,,,phase3-v1
tx_0020680,2026-03-23 12:06:55,0,0.0,LOW,APPROVE,0,LOW_RISK_ESTABLISHED_ACCOUNT,,,phase3-v1
tx_0024873,2026-03-23 12:11:13,0,0.0001,LOW,APPROVE,0,GRAPH_CONNECTED_USERS,,,phase3-v1
tx_0017866,2026-03-23 12:12:00,0,0.0001,LOW,APPROVE,0,LOW_RISK_ESTABLISHED_ACCOUNT,,,phase3-v1
tx_0004639,2026-03-23 12:12:36,0,0.0001,LOW,APPROVE,0,LOW_RISK_ESTABLISHED_ACCOUNT,,,phase3-v1
tx_0018860,2026-03-23 12:13:34,0,0.0001,LOW,APPROVE,0,LOW_RISK_ESTABLISHED_ACCOUNT,,,phase3-v1
tx_0017709,2026-03-23 12:15:50,0,0.0,LOW,APPROVE,0,LOW_RISK_ESTABLISHED_ACCOUNT,,,phase3-v1
tx_0017266,2026-03-23 12:17:21,0,0.0,LOW,APPROVE,0,LOW_RISK_ESTABLISHED_ACCOUNT,,,phase3-v1
tx_0022570,2026-03-23 12:18:34,0,0.0,LOW,APPROVE,0,LOW_RISK_ESTABLISHED_ACCOUNT,,,phase3-v1
tx_0020938,2026-03-23 12:20:45,0,0.0,LOW,APPROVE,0,LOW_RISK_ESTABLISHED_ACCOUNT,,,phase3-v1
tx_0001187,2026-03-23 12:20:54,0,0.0,LOW,APPROVE,0,LOW_RISK_ESTABLISHED_ACCOUNT,,,phase3-v1
tx_0010238,2026-03-23 12:22:01,0,0.0,LOW,APPROVE,0,LOW_RISK_ESTABLISHED_ACCOUNT,,,phase3-v1
tx_0004884,2026-03-23 12:22:11,0,0.0,LOW,APPROVE,0,LOW_RISK_ESTABLISHED_ACCOUNT,,,phase3-v1
tx_0012936,2026-03-23 12:22:16,0,0.0,LOW,APPROVE,0,LOW_RISK_ESTABLISHED_ACCOUNT,,,phase3-v1
tx_0021631,2026-03-23 12:25:39,0,0.0,LOW,APPROVE,0,LOW_RISK_ESTABLISHED_ACCOUNT,,,phase3-v1
tx_0001384,2026-03-23 12:27:08,0,0.0,LOW,APPROVE,0,LOW_RISK_ESTABLISHED_ACCOUNT,,,phase3-v1
tx_0014357,2026-03-23 12:27:44,0,0.0,LOW,APPROVE,0,LOW_RISK_ESTABLISHED_ACCOUNT,,,phase3-v1
tx_0017856,2026-03-23 12:31:18,0,0.0044,LOW,APPROVE,0,NEW_ACCOUNT,,,phase3-v1
tx_0017359,2026-03-23 12:39:04,0,0.0001,LOW,APPROVE,0,LOW_RISK_ESTABLISHED_ACCOUNT,,,phase3-v1
tx_0002643,2026-03-23 12:40:14,0,0.0,LOW,APPROVE,0,LOW_RISK_ESTABLISHED_ACCOUNT,,,phase3-v1
tx_0009635,2026-03-23 12:44:16,0,0.0,LOW,APPROVE,0,LOW_RISK_ESTABLISHED_ACCOUNT,,,phase3-v1
tx_0006523,2026-03-23 12:44:20,0,0.2522,LOW,APPROVE,0,NEW_ACCOUNT,,,phase3-v1
tx_0017480,2026-03-23 12:45:23,0,0.0,LOW,APPROVE,0,LOW_RISK_ESTABLISHED_ACCOUNT,,,phase3-v1
tx_0015762,2026-03-23 12:45:41,0,0.0,LOW,APPROVE,0,LOW_RISK_ESTABLISHED_ACCOUNT,,,phase3-v1
tx_0015609,2026-03-23 12:52:08,0,0.0,LOW,APPROVE,0,LOW_RISK_ESTABLISHED_ACCOUNT,,,phase3-v1
tx_0020098,2026-03-23 12:55:46,0,0.0,LOW,APPROVE,0,HIGH_AMOUNT_ANOMALY,,,phase3-v1
tx_0013108,2026-03-23 12:56:27,0,0.0001,LOW,APPROVE,0,NEW_ACCOUNT,,,phase3-v1
tx_0011193,2026-03-23 12:58:03,0,0.0,LOW,APPROVE,0,LOW_RISK_ESTABLISHED_ACCOUNT,,,phase3-v1
tx_0012651,2026-03-23 12:58:18,0,0.0001,LOW,APPROVE,0,LOW_RISK_ESTABLISHED_ACCOUNT,,,phase3-v1
tx_0021416,2026-03-23 13:00:44,0,0.0001,LOW,APPROVE,0,LOW_RISK_ESTABLISHED_ACCOUNT,,,phase3-v1
tx_0006698,2026-03-23 13:01:02,0,0.0,LOW,APPROVE,0,LOW_RISK_ESTABLISHED_ACCOUNT,,,phase3-v1
tx_0007799,2026-03-23 13:04:14,0,0.0001,LOW,APPROVE,0,HIGH_AMOUNT_ANOMALY,,,phase3-v1
tx_0007835,2026-03-23 13:08:47,0,0.0,LOW,APPROVE,0,LOW_RISK_ESTABLISHED_ACCOUNT,,,phase3-v1
tx_0002894,2026-03-23 13:09:32,0,0.0001,LOW,APPROVE,0,NEW_ACCOUNT,,,phase3-v1
tx_0023154,2026-03-23 13:09:56,0,0.0007,LOW,APPROVE,0,GRAPH_SHARED_ADDRESS,GRAPH_CONNECTED_USERS,GRAPH_MULTI_ENTITY_OVERLAP,phase3-v1
tx_0008806,2026-03-23 13:17:09,0,0.0,LOW,APPROVE,0,LOW_RISK_ESTABLISHED_ACCOUNT,,,phase3-v1
tx_0022871,2026-03-23 13:23:38,0,0.0001,LOW,APPROVE,0,GRAPH_MULTI_ENTITY_OVERLAP,GRAPH_SHARED_PAYMENT,GRAPH_SHARED_ADDRESS,phase3-v1
tx_0000033,2026-03-23 13:26:07,0,0.0,LOW,APPROVE,0,LOW_RISK_ESTABLISHED_ACCOUNT,,,phase3-v1
tx_0016820,2026-03-23 13:29:35,0,0.0001,LOW,APPROVE,0,LOW_RISK_ESTABLISHED_ACCOUNT,,,phase3-v1
tx_0004486,2026-03-23 13:29:58,0,0.0001,LOW,APPROVE,0,LOW_RISK_ESTABLISHED_ACCOUNT,,,phase3-v1
tx_0011608,2026-03-23 13:30:37,0,0.0,LOW,APPROVE,0,LOW_RISK_ESTABLISHED_ACCOUNT,,,phase3-v1
tx_0024569,2026-03-23 13:31:22,0,0.0004,LOW,APPROVE,0,GRAPH_CONNECTED_USERS,,,phase3-v1
tx_0017807,2026-03-23 13:35:30,0,0.0,LOW,APPROVE,0,LOW_RISK_ESTABLISHED_ACCOUNT,,,phase3-v1
tx_0005700,2026-03-23 13:35:54,0,0.0,LOW,APPROVE,0,LOW_RISK_ESTABLISHED_ACCOUNT,,,phase3-v1
tx_0003151,2026-03-23 13:36:34,0,0.0,LOW,APPROVE,0,LOW_RISK_ESTABLISHED_ACCOUNT,,,phase3-v1
tx_0014302,2026-03-23 13:36:38,0,0.0001,LOW,APPROVE,0,LOW_RISK_ESTABLISHED_ACCOUNT,,,phase3-v1
tx_0010341,2026-03-23 13:39:12,0,0.0,LOW,APPROVE,0,LOW_RISK_ESTABLISHED_ACCOUNT,,,phase3-v1
tx_0004542,2026-03-23 13:43:23,0,0.0001,LOW,APPROVE,0,LOW_RISK_ESTABLISHED_ACCOUNT,,,phase3-v1
tx_0000200,2026-03-23 13:44:04,0,0.0,LOW,APPROVE,0,LOW_RISK_ESTABLISHED_ACCOUNT,,,phase3-v1
tx_0001816,2026-03-23 13:48:43,0,0.0,LOW,APPROVE,0,LOW_RISK_ESTABLISHED_ACCOUNT,,,phase3-v1
tx_0015711,2026-03-23 13:49:35,0,0.0,LOW,APPROVE,0,LOW_RISK_ESTABLISHED_ACCOUNT,,,phase3-v1
tx_0013891,2026-03-23 13:51:44,0,0.0001,LOW,APPROVE,0,LOW_RISK_ESTABLISHED_ACCOUNT,,,phase3-v1
tx_0009741,2026-03-23 13:56:16,0,0.0,LOW,APPROVE,0,LOW_RISK_ESTABLISHED_ACCOUNT,,,phase3-v1
tx_0019248,2026-03-23 14:03:46,0,0.0,LOW,APPROVE,0,LOW_RISK_ESTABLISHED_ACCOUNT,,,phase3-v1
tx_0003954,2026-03-23 14:08:15,0,0.0001,LOW,APPROVE,0,LOW_RISK_ESTABLISHED_ACCOUNT,,,phase3-v1
tx_0012311,2026-03-23 14:09:02,0,0.0,LOW,APPROVE,0,LOW_RISK_ESTABLISHED_ACCOUNT,,,phase3-v1
tx_0023283,2026-03-23 14:09:44,0,0.0001,LOW,APPROVE,0,GRAPH_CONNECTED_USERS,,,phase3-v1
tx_0016061,2026-03-23 14:12:26,0,0.0001,LOW,APPROVE,0,LOW_RISK_ESTABLISHED_ACCOUNT,,,phase3-v1
tx_0012097,2026-03-23 14:15:36,0,0.0001,LOW,APPROVE,0,LOW_RISK_ESTABLISHED_ACCOUNT,,,phase3-v1
tx_0007527,2026-03-23 14:15:51,0,0.0,LOW,APPROVE,0,LOW_RISK_ESTABLISHED_ACCOUNT,,,phase3-v1
tx_0007214,2026-03-23 14:17:50,0,0.0001,LOW,APPROVE,0,LOW_RISK_ESTABLISHED_ACCOUNT,,,phase3-v1
tx_0024015,2026-03-23 14:18:23,0,0.0001,LOW,APPROVE,0,GRAPH_MULTI_ENTITY_OVERLAP,GRAPH_SHARED_ADDRESS,,phase3-v1
tx_0005844,2026-03-23 14:18:43,0,0.0001,LOW,APPROVE,0,LOW_RISK_ESTABLISHED_ACCOUNT,,,phase3-v1
tx_0004020,2026-03-23 14:19:11,0,0.0,LOW,APPROVE,0,LOW_RISK_ESTABLISHED_ACCOUNT,,,phase3-v1
tx_0004955,2026-03-23 14:19:28,0,0.0001,LOW,APPROVE,0,LOW_RISK_ESTABLISHED_ACCOUNT,,,phase3-v1
tx_0024707,2026-03-23 14:23:50,0,0.0001,LOW,APPROVE,0,GRAPH_CONNECTED_USERS,,,phase3-v1
tx_0004390,2026-03-23 14:26:29,0,0.0,LOW,APPROVE,0,LOW_RISK_ESTABLISHED_ACCOUNT,,,phase3-v1
tx_0017523,2026-03-23 14:30:42,0,0.0,LOW,APPROVE,0,LOW_RISK_ESTABLISHED_ACCOUNT,,,phase3-v1
tx_0000205,2026-03-23 14:31:25,0,0.0002,LOW,APPROVE,0,HIGH_24H_VELOCITY,HIGH_1H_VELOCITY,,phase3-v1
tx_0001186,2026-03-23 14:37:27,0,0.0,LOW,APPROVE,0,LOW_RISK_ESTABLISHED_ACCOUNT,,,phase3-v1
tx_0001496,2026-03-23 14:37:43,0,0.0,LOW,APPROVE,0,LOW_RISK_ESTABLISHED_ACCOUNT,,,phase3-v1
tx_0012389,2026-03-23 14:40:24,0,0.0,LOW,APPROVE,0,LOW_RISK_ESTABLISHED_ACCOUNT,,,phase3-v1
tx_0023401,2026-03-23 14:40:28,0,0.0001,LOW,APPROVE,0,GRAPH_SHARED_ADDRESS,GRAPH_MULTI_ENTITY_OVERLAP,GRAPH_CONNECTED_USERS,phase3-v1
tx_0011953,2026-03-23 14:40:51,0,0.0,LOW,APPROVE,0,LOW_RISK_ESTABLISHED_ACCOUNT,,,phase3-v1
tx_0022918,2026-03-23 14:44:04,0,0.0001,LOW,APPROVE,0,GRAPH_MULTI_ENTITY_OVERLAP,GRAPH_SHARED_ADDRESS,GRAPH_CONNECTED_USERS,phase3-v1
tx_0004171,2026-03-23 14:44:36,0,0.0,LOW,APPROVE,0,LOW_RISK_ESTABLISHED_ACCOUNT,,,phase3-v1
tx_0004458,2026-03-23 14:46:09,0,0.0,LOW,APPROVE,0,LOW_RISK_ESTABLISHED_ACCOUNT,,,phase3-v1
tx_0023408,2026-03-23 14:47:37,0,0.0001,LOW,APPROVE,0,GRAPH_SHARED_ADDRESS,GRAPH_MULTI_ENTITY_OVERLAP,GRAPH_CONNECTED_USERS,phase3-v1
tx_0009051,2026-03-23 14:49:49,0,0.0,LOW,APPROVE,0,LOW_RISK_ESTABLISHED_ACCOUNT,,,phase3-v1
tx_0008340,2026-03-23 14:56:50,0,0.0,LOW,APPROVE,0,LOW_RISK_ESTABLISHED_ACCOUNT,,,phase3-v1
tx_0010467,2026-03-23 14:59:35,0,0.0,LOW,APPROVE,0,LOW_RISK_ESTABLISHED_ACCOUNT,,,phase3-v1
tx_0010680,2026-03-23 15:00:24,0,0.0,LOW,APPROVE,0,LOW_RISK_ESTABLISHED_ACCOUNT,,,phase3-v1
tx_0014034,2026-03-23 15:03:43,0,0.0,LOW,APPROVE,0,LOW_RISK_ESTABLISHED_ACCOUNT,,,phase3-v1
tx_0023059,2026-03-23 15:05:26,0,0.0001,LOW,APPROVE,0,GRAPH_CONNECTED_USERS,,,phase3-v1
tx_0012005,2026-03-23 15:09:44,0,0.0,LOW,APPROVE,0,LOW_RISK_ESTABLISHED_ACCOUNT,,,phase3-v1
tx_0008739,2026-03-23 15:10:01,0,0.0,LOW,APPROVE,0,LOW_RISK_ESTABLISHED_ACCOUNT,,,phase3-v1
tx_0025334,2026-03-23 15:12:09,0,0.0004,LOW,APPROVE,0,GRAPH_CONNECTED_USERS,,,phase3-v1
tx_0002026,2026-03-23 15:13:35,0,0.0,LOW,APPROVE,0,LOW_RISK_ESTABLISHED_ACCOUNT,,,phase3-v1
tx_0005797,2026-03-23 15:14:10,0,0.0001,LOW,APPROVE,0,LOW_RISK_ESTABLISHED_ACCOUNT,,,phase3-v1
tx_0007046,2026-03-23 15:16:04,0,0.0,LOW,APPROVE,0,LOW_RISK_ESTABLISHED_ACCOUNT,,,phase3-v1
tx_0005193,2026-03-23 15:18:48,0,0.9235,HIGH,BLOCK,1,NEW_ACCOUNT,PROMO_ACTIVITY,,phase3-v1
tx_0013457,2026-03-23 15:19:10,0,0.0002,LOW,APPROVE,0,HIGH_AMOUNT_ANOMALY,,,phase3-v1
tx_0011280,2026-03-23 15:20:10,0,0.0,LOW,APPROVE,0,LOW_RISK_ESTABLISHED_ACCOUNT,,,phase3-v1
tx_0011487,2026-03-23 15:21:20,0,0.0,LOW,APPROVE,0,LOW_RISK_ESTABLISHED_ACCOUNT,,,phase3-v1
tx_0005880,2026-03-23 15:22:25,0,0.0,LOW,APPROVE,0,LOW_RISK_ESTABLISHED_ACCOUNT,,,phase3-v1
tx_0006271,2026-03-23 15:25:32,0,0.0,LOW,APPROVE,0,LOW_RISK_ESTABLISHED_ACCOUNT,,,phase3-v1
tx_0002653,2026-03-23 15:26:47,0,0.0,LOW,APPROVE,0,LOW_RISK_ESTABLISHED_ACCOUNT,,,phase3-v1
tx_0006033,2026-03-23 15:28:44,0,0.0,LOW,APPROVE,0,LOW_RISK_ESTABLISHED_ACCOUNT,,,phase3-v1
tx_0024393,2026-03-23 15:30:02,0,0.0001,LOW,APPROVE,0,GRAPH_SHARED_ADDRESS,GRAPH_MULTI_ENTITY_OVERLAP,GRAPH_CONNECTED_USERS,phase3-v1
tx_0015989,2026-03-23 15:37:22,0,0.0,LOW,APPROVE,0,LOW_RISK_ESTABLISHED_ACCOUNT,,,phase3-v1
tx_0021241,2026-03-23 15:42:26,0,0.0,LOW,APPROVE,0,LOW_RISK_ESTABLISHED_ACCOUNT,,,phase3-v1
tx_0010817,2026-03-23 15:43:31,0,0.0,LOW,APPROVE,0,LOW_RISK_ESTABLISHED_ACCOUNT,,,phase3-v1
tx_0010568,2026-03-23 15:46:39,0,0.0,LOW,APPROVE,0,LOW_RISK_ESTABLISHED_ACCOUNT,,,phase3-v1
tx_0009718,2026-03-23 15:48:52,0,0.0,LOW,APPROVE,0,LOW_RISK_ESTABLISHED_ACCOUNT,,,phase3-v1
tx_0011735,2026-03-23 15:53:43,0,0.0002,LOW,APPROVE,0,HIGH_AMOUNT_ANOMALY,,,phase3-v1
tx_0021714,2026-03-23 15:55:35,0,0.0001,LOW,APPROVE,0,NEW_ACCOUNT,,,phase3-v1
tx_0005843,2026-03-23 15:56:45,0,0.0,LOW,APPROVE,0,LOW_RISK_ESTABLISHED_ACCOUNT,,,phase3-v1
tx_0022767,2026-03-23 16:03:45,0,0.0004,LOW,APPROVE,0,GRAPH_CONNECTED_USERS,,,phase3-v1
tx_0023517,2026-03-23 16:08:33,0,0.0001,LOW,APPROVE,0,GRAPH_SHARED_ADDRESS,GRAPH_MULTI_ENTITY_OVERLAP,GRAPH_CONNECTED_USERS,phase3-v1
tx_0014982,2026-03-23 16:08:37,0,0.0,LOW,APPROVE,0,LOW_RISK_ESTABLISHED_ACCOUNT,,,phase3-v1
tx_0016415,2026-03-23 16:13:56,0,0.0,LOW,APPROVE,0,LOW_RISK_ESTABLISHED_ACCOUNT,,,phase3-v1
tx_0010730,2026-03-23 16:14:11,0,0.0001,LOW,APPROVE,0,LOW_RISK_ESTABLISHED_ACCOUNT,,,phase3-v1
tx_0018189,2026-03-23 16:16:00,0,0.0001,LOW,APPROVE,0,LOW_RISK_ESTABLISHED_ACCOUNT,,,phase3-v1
tx_0007981,2026-03-23 16:16:32,0,0.0,LOW,APPROVE,0,LOW_RISK_ESTABLISHED_ACCOUNT,,,phase3-v1
tx_0010580,2026-03-23 16:17:03,0,0.0001,LOW,APPROVE,0,LOW_RISK_ESTABLISHED_ACCOUNT,,,phase3-v1
tx_0000056,2026-03-23 16:17:26,0,0.0,LOW,APPROVE,0,LOW_RISK_ESTABLISHED_ACCOUNT,,,phase3-v1
tx_0007364,2026-03-23 16:23:37,0,0.0001,LOW,APPROVE,0,LOW_RISK_ESTABLISHED_ACCOUNT,,,phase3-v1
tx_0021383,2026-03-23 16:25:14,0,0.0,LOW,APPROVE,0,LOW_RISK_ESTABLISHED_ACCOUNT,,,phase3-v1
tx_0012357,2026-03-23 16:26:42,0,0.0001,LOW,APPROVE,0,LOW_RISK_ESTABLISHED_ACCOUNT,,,phase3-v1
tx_0022687,2026-03-23 16:29:38,0,0.0001,LOW,APPROVE,0,GRAPH_SHARED_ADDRESS,GRAPH_MULTI_ENTITY_OVERLAP,GRAPH_CONNECTED_USERS,phase3-v1
tx_0020153,2026-03-23 16:31:51,0,0.0,LOW,APPROVE,0,LOW_RISK_ESTABLISHED_ACCOUNT,,,phase3-v1
tx_0015940,2026-03-23 16:32:21,0,0.0,LOW,APPROVE,0,LOW_RISK_ESTABLISHED_ACCOUNT,,,phase3-v1
tx_0012851,2026-03-23 16:35:31,0,0.0,LOW,APPROVE,0,LOW_RISK_ESTABLISHED_ACCOUNT,,,phase3-v1
tx_0012917,2026-03-23 16:38:26,0,0.0002,LOW,APPROVE,0,HIGH_AMOUNT_ANOMALY,,,phase3-v1
tx_0025458,2026-03-23 16:39:04,0,0.0004,LOW,APPROVE,0,GRAPH_CONNECTED_USERS,,,phase3-v1
tx_0016382,2026-03-23 16:42:07,0,0.0001,LOW,APPROVE,0,LOW_RISK_ESTABLISHED_ACCOUNT,,,phase3-v1
tx_0004252,2026-03-23 16:44:12,0,0.0,LOW,APPROVE,0,LOW_RISK_ESTABLISHED_ACCOUNT,,,phase3-v1
tx_0023364,2026-03-23 16:47:46,0,0.0001,LOW,APPROVE,0,GRAPH_CONNECTED_USERS,NEW_ACCOUNT,,phase3-v1
tx_0020425,2026-03-23 16:49:14,0,0.0,LOW,APPROVE,0,LOW_RISK_ESTABLISHED_ACCOUNT,,,phase3-v1
tx_0016864,2026-03-23 16:49:37,0,0.0,LOW,APPROVE,0,LOW_RISK_ESTABLISHED_ACCOUNT,,,phase3-v1
tx_0015028,2026-03-23 16:52:39,0,0.0,LOW,APPROVE,0,LOW_RISK_ESTABLISHED_ACCOUNT,,,phase3-v1
tx_0022453,2026-03-23 16:53:11,0,0.0,LOW,APPROVE,0,LOW_RISK_ESTABLISHED_ACCOUNT,,,phase3-v1
tx_0019198,2026-03-23 16:53:27,0,0.0,LOW,APPROVE,0,LOW_RISK_ESTABLISHED_ACCOUNT,,,phase3-v1
tx_0004897,2026-03-23 16:53:34,0,0.0,LOW,APPROVE,0,LOW_RISK_ESTABLISHED_ACCOUNT,,,phase3-v1
tx_0025894,2026-03-23 16:54:12,0,0.0001,LOW,APPROVE,0,GRAPH_SHARED_ADDRESS,GRAPH_CONNECTED_USERS,GRAPH_MULTI_ENTITY_OVERLAP,phase3-v1
tx_0025701,2026-03-23 17:01:38,0,0.0001,LOW,APPROVE,0,GRAPH_CONNECTED_USERS,,,phase3-v1
tx_0018937,2026-03-23 17:04:37,0,0.0,LOW,APPROVE,0,LOW_RISK_ESTABLISHED_ACCOUNT,,,phase3-v1
tx_0021986,2026-03-23 17:04:50,0,0.0001,LOW,APPROVE,0,LOW_RISK_ESTABLISHED_ACCOUNT,,,phase3-v1
tx_0000296,2026-03-23 17:06:24,0,0.0001,LOW,APPROVE,0,HIGH_24H_VELOCITY,,,phase3-v1
tx_0021227,2026-03-23 17:06:41,0,0.0,LOW,APPROVE,0,LOW_RISK_ESTABLISHED_ACCOUNT,,,phase3-v1
tx_0009333,2026-03-23 17:07:58,0,0.0,LOW,APPROVE,0,LOW_RISK_ESTABLISHED_ACCOUNT,,,phase3-v1
tx_0024756,2026-03-23 17:08:59,0,0.0001,LOW,APPROVE,0,GRAPH_CONNECTED_USERS,,,phase3-v1
tx_0022741,2026-03-23 17:10:50,0,0.0004,LOW,APPROVE,0,GRAPH_CONNECTED_USERS,,,phase3-v1
tx_0006865,2026-03-23 17:11:09,0,0.0001,LOW,APPROVE,0,LOW_RISK_ESTABLISHED_ACCOUNT,,,phase3-v1
tx_0015658,2026-03-23 17:12:02,0,0.0,LOW,APPROVE,0,LOW_RISK_ESTABLISHED_ACCOUNT,,,phase3-v1
tx_0017717,2026-03-23 17:12:57,0,0.0,LOW,APPROVE,0,LOW_RISK_ESTABLISHED_ACCOUNT,,,phase3-v1
tx_0019883,2026-03-23 17:13:39,0,0.0,LOW,APPROVE,0,LOW_RISK_ESTABLISHED_ACCOUNT,,,phase3-v1
tx_0008934,2026-03-23 17:14:13,0,0.0,LOW,APPROVE,0,LOW_RISK_ESTABLISHED_ACCOUNT,,,phase3-v1
tx_0000939,2026-03-23 17:14:43,0,0.0001,LOW,APPROVE,0,HIGH_24H_VELOCITY,NEW_ACCOUNT,,phase3-v1
tx_0006030,2026-03-23 17:18:17,0,0.0001,LOW,APPROVE,0,LOW_RISK_ESTABLISHED_ACCOUNT,,,phase3-v1
tx_0001942,2026-03-23 17:18:29,0,0.0,LOW,APPROVE,0,LOW_RISK_ESTABLISHED_ACCOUNT,,,phase3-v1
tx_0011273,2026-03-23 17:19:33,0,0.0,LOW,APPROVE,0,LOW_RISK_ESTABLISHED_ACCOUNT,,,phase3-v1
tx_0019189,2026-03-23 17:20:01,0,0.0001,LOW,APPROVE,0,HIGH_AMOUNT_ANOMALY,,,phase3-v1
tx_0006438,2026-03-23 17:24:43,0,0.0002,LOW,APPROVE,0,HIGH_AMOUNT_ANOMALY,,,phase3-v1
tx_0012705,2026-03-23 17:27:13,0,0.0001,LOW,APPROVE,0,HIGH_AMOUNT_ANOMALY,,,phase3-v1
tx_0000031,2026-03-23 17:29:08,0,0.0001,LOW,APPROVE,0,HIGH_24H_VELOCITY,,,phase3-v1
tx_0000125,2026-03-23 17:32:47,0,0.0,LOW,APPROVE,0,LOW_RISK_ESTABLISHED_ACCOUNT,,,phase3-v1
tx_0005369,2026-03-23 17:35:30,0,0.0,LOW,APPROVE,0,LOW_RISK_ESTABLISHED_ACCOUNT,,,phase3-v1
tx_0004863,2026-03-23 17:36:01,0,0.0001,LOW,APPROVE,0,LOW_RISK_ESTABLISHED_ACCOUNT,,,phase3-v1
tx_0022543,2026-03-23 17:37:38,0,0.0001,LOW,APPROVE,0,LOW_RISK_ESTABLISHED_ACCOUNT,,,phase3-v1
tx_0022587,2026-03-23 17:39:05,0,0.0,LOW,APPROVE,0,LOW_RISK_ESTABLISHED_ACCOUNT,,,phase3-v1
tx_0025690,2026-03-23 17:41:02,0,0.0001,LOW,APPROVE,0,GRAPH_CONNECTED_USERS,,,phase3-v1
tx_0006518,2026-03-23 17:42:20,0,0.0048,LOW,APPROVE,0,NEW_ACCOUNT,,,phase3-v1
tx_0014470,2026-03-23 17:44:19,0,0.0,LOW,APPROVE,0,LOW_RISK_ESTABLISHED_ACCOUNT,,,phase3-v1
tx_0002072,2026-03-23 17:44:40,0,0.0001,LOW,APPROVE,0,PROMO_ACTIVITY,,,phase3-v1
tx_0006056,2026-03-23 17:47:30,0,0.0,LOW,APPROVE,0,LOW_RISK_ESTABLISHED_ACCOUNT,,,phase3-v1
tx_0011571,2026-03-23 17:51:39,0,0.0002,LOW,APPROVE,0,NEW_ACCOUNT,,,phase3-v1
tx_0011058,2026-03-23 17:52:16,0,0.0001,LOW,APPROVE,0,LOW_RISK_ESTABLISHED_ACCOUNT,,,phase3-v1
tx_0013598,2026-03-23 17:55:00,0,0.0,LOW,APPROVE,0,LOW_RISK_ESTABLISHED_ACCOUNT,,,phase3-v1
tx_0005136,2026-03-23 17:55:55,0,0.0,LOW,APPROVE,0,LOW_RISK_ESTABLISHED_ACCOUNT,,,phase3-v1
tx_0007374,2026-03-23 17:56:53,0,0.0,LOW,APPROVE,0,LOW_RISK_ESTABLISHED_ACCOUNT,,,phase3-v1
tx_0021529,2026-03-23 17:57:12,0,0.0,LOW,APPROVE,0,LOW_RISK_ESTABLISHED_ACCOUNT,,,phase3-v1
tx_0020139,2026-03-23 17:59:50,0,0.0001,LOW,APPROVE,0,LOW_RISK_ESTABLISHED_ACCOUNT,,,phase3-v1
tx_0008033,2026-03-23 18:00:11,0,0.0,LOW,APPROVE,0,LOW_RISK_ESTABLISHED_ACCOUNT,,,phase3-v1
tx_0012459,2026-03-23 18:01:05,0,0.0,LOW,APPROVE,0,LOW_RISK_ESTABLISHED_ACCOUNT,,,phase3-v1
tx_0024926,2026-03-23 18:02:40,0,0.0001,LOW,APPROVE,0,GRAPH_MULTI_ENTITY_OVERLAP,GRAPH_SHARED_ADDRESS,GRAPH_CONNECTED_USERS,phase3-v1
tx_0025087,2026-03-23 18:04:14,0,0.0005,LOW,APPROVE,0,GRAPH_CONNECTED_USERS,,,phase3-v1
tx_0000660,2026-03-23 18:05:40,0,0.0,LOW,APPROVE,0,LOW_RISK_ESTABLISHED_ACCOUNT,,,phase3-v1
tx_0007775,2026-03-23 18:07:36,0,0.0,LOW,APPROVE,0,LOW_RISK_ESTABLISHED_ACCOUNT,,,phase3-v1
tx_0016528,2026-03-23 18:10:41,0,0.0,LOW,APPROVE,0,LOW_RISK_ESTABLISHED_ACCOUNT,,,phase3-v1
tx_0021374,2026-03-23 18:12:15,0,0.0,LOW,APPROVE,0,LOW_RISK_ESTABLISHED_ACCOUNT,,,phase3-v1
tx_0011184,2026-03-23 18:13:04,0,0.0,LOW,APPROVE,0,LOW_RISK_ESTABLISHED_ACCOUNT,,,phase3-v1
tx_0019395,2026-03-23 18:16:37,0,0.0,LOW,APPROVE,0,HIGH_AMOUNT_ANOMALY,,,phase3-v1
tx_0003467,2026-03-23 18:19:01,0,0.0001,LOW,APPROVE,0,HIGH_AMOUNT_ANOMALY,,,phase3-v1
tx_0000661,2026-03-23 18:19:27,0,0.0001,LOW,APPROVE,0,HIGH_1H_VELOCITY,,,phase3-v1
tx_0020021,2026-03-23 18:20:36,0,0.0001,LOW,APPROVE,0,LOW_RISK_ESTABLISHED_ACCOUNT,,,phase3-v1
tx_0001136,2026-03-23 18:21:46,0,0.0001,LOW,APPROVE,0,NEW_ACCOUNT,,,phase3-v1
tx_0016156,2026-03-23 18:24:42,0,0.0001,LOW,APPROVE,0,LOW_RISK_ESTABLISHED_ACCOUNT,,,phase3-v1
tx_0023240,2026-03-23 18:26:39,0,0.0004,LOW,APPROVE,0,GRAPH_CONNECTED_USERS,,,phase3-v1
tx_0022540,2026-03-23 18:27:51,0,0.0001,LOW,APPROVE,0,HIGH_1H_VELOCITY,,,phase3-v1
tx_0008753,2026-03-23 18:28:48,0,0.0,LOW,APPROVE,0,LOW_RISK_ESTABLISHED_ACCOUNT,,,phase3-v1
tx_0003381,2026-03-23 18:35:06,0,0.0,LOW,APPROVE,0,LOW_RISK_ESTABLISHED_ACCOUNT,,,phase3-v1
tx_0013403,2026-03-23 18:35:09,0,0.0,LOW,APPROVE,0,LOW_RISK_ESTABLISHED_ACCOUNT,,,phase3-v1
tx_0017724,2026-03-23 18:35:53,0,0.0,LOW,APPROVE,0,LOW_RISK_ESTABLISHED_ACCOUNT,,,phase3-v1
tx_0005570,2026-03-23 18:36:18,0,0.0,LOW,APPROVE,0,LOW_RISK_ESTABLISHED_ACCOUNT,,,phase3-v1
tx_0021792,2026-03-23 18:36:49,0,0.0,LOW,APPROVE,0,LOW_RISK_ESTABLISHED_ACCOUNT,,,phase3-v1
tx_0006499,2026-03-23 18:42:38,0,0.0001,LOW,APPROVE,0,LOW_RISK_ESTABLISHED_ACCOUNT,,,phase3-v1
tx_0023400,2026-03-23 18:44:06,0,0.0001,LOW,APPROVE,0,GRAPH_SHARED_ADDRESS,GRAPH_MULTI_ENTITY_OVERLAP,GRAPH_CONNECTED_USERS,phase3-v1
tx_0024972,2026-03-23 18:46:42,0,0.0001,LOW,APPROVE,0,GRAPH_MULTI_ENTITY_OVERLAP,GRAPH_CONNECTED_USERS,GRAPH_SHARED_ADDRESS,phase3-v1
tx_0011998,2026-03-23 18:48:11,0,0.0,LOW,APPROVE,0,LOW_RISK_ESTABLISHED_ACCOUNT,,,phase3-v1
tx_0009686,2026-03-23 18:48:38,0,0.0,LOW,APPROVE,0,LOW_RISK_ESTABLISHED_ACCOUNT,,,phase3-v1
tx_0011526,2026-03-23 18:48:42,0,0.0,LOW,APPROVE,0,LOW_RISK_ESTABLISHED_ACCOUNT,,,phase3-v1
tx_0019484,2026-03-23 18:49:23,0,0.0,LOW,APPROVE,0,LOW_RISK_ESTABLISHED_ACCOUNT,,,phase3-v1
tx_0001922,2026-03-23 18:49:51,0,0.0,LOW,APPROVE,0,LOW_RISK_ESTABLISHED_ACCOUNT,,,phase3-v1
tx_0024142,2026-03-23 18:50:37,0,0.0001,LOW,APPROVE,0,GRAPH_CONNECTED_USERS,,,phase3-v1
tx_0023149,2026-03-23 18:51:21,0,0.0008,LOW,APPROVE,0,GRAPH_SHARED_ADDRESS,GRAPH_MULTI_ENTITY_OVERLAP,GRAPH_CONNECTED_USERS,phase3-v1
tx_0013111,2026-03-23 18:51:27,0,0.012,LOW,APPROVE,0,NEW_ACCOUNT,,,phase3-v1
tx_0018269,2026-03-23 18:52:50,0,0.0,LOW,APPROVE,0,LOW_RISK_ESTABLISHED_ACCOUNT,,,phase3-v1
tx_0018061,2026-03-23 18:55:05,0,0.0,LOW,APPROVE,0,LOW_RISK_ESTABLISHED_ACCOUNT,,,phase3-v1
tx_0005884,2026-03-23 18:57:47,0,0.0001,LOW,APPROVE,0,LOW_RISK_ESTABLISHED_ACCOUNT,,,phase3-v1
tx_0000206,2026-03-23 18:58:50,0,0.0001,LOW,APPROVE,0,HIGH_24H_VELOCITY,,,phase3-v1
tx_0013014,2026-03-23 18:59:03,0,0.0,LOW,APPROVE,0,LOW_RISK_ESTABLISHED_ACCOUNT,,,phase3-v1
tx_0000658,2026-03-23 19:01:48,0,0.0001,LOW,APPROVE,0,HIGH_1H_VELOCITY,HIGH_24H_VELOCITY,,phase3-v1
tx_0021041,2026-03-23 19:03:29,0,0.0,LOW,APPROVE,0,LOW_RISK_ESTABLISHED_ACCOUNT,,,phase3-v1
tx_0011233,2026-03-23 19:04:36,0,0.0,LOW,APPROVE,0,LOW_RISK_ESTABLISHED_ACCOUNT,,,phase3-v1
tx_0012990,2026-03-23 19:05:32,0,0.0,LOW,APPROVE,0,LOW_RISK_ESTABLISHED_ACCOUNT,,,phase3-v1
tx_0006397,2026-03-23 19:06:38,0,0.0,LOW,APPROVE,0,LOW_RISK_ESTABLISHED_ACCOUNT,,,phase3-v1
tx_0004543,2026-03-23 19:08:47,0,0.0,LOW,APPROVE,0,LOW_RISK_ESTABLISHED_ACCOUNT,,,phase3-v1
tx_0018727,2026-03-23 19:09:08,0,0.0,LOW,APPROVE,0,LOW_RISK_ESTABLISHED_ACCOUNT,,,phase3-v1
tx_0000657,2026-03-23 19:09:24,0,0.0002,LOW,APPROVE,0,HIGH_1H_VELOCITY,HIGH_24H_VELOCITY,,phase3-v1
tx_0000389,2026-03-23 19:10:06,0,0.0,LOW,APPROVE,0,LOW_RISK_ESTABLISHED_ACCOUNT,,,phase3-v1
tx_0019670,2026-03-23 19:11:01,0,0.0,LOW,APPROVE,0,LOW_RISK_ESTABLISHED_ACCOUNT,,,phase3-v1
tx_0019235,2026-03-23 19:11:27,0,0.0,LOW,APPROVE,0,LOW_RISK_ESTABLISHED_ACCOUNT,,,phase3-v1
tx_0014516,2026-03-23 19:11:53,0,0.0001,LOW,APPROVE,0,LOW_RISK_ESTABLISHED_ACCOUNT,,,phase3-v1
tx_0007059,2026-03-23 19:13:06,0,0.0001,LOW,APPROVE,0,LOW_RISK_ESTABLISHED_ACCOUNT,,,phase3-v1
tx_0008191,2026-03-23 19:14:50,0,0.0,LOW,APPROVE,0,LOW_RISK_ESTABLISHED_ACCOUNT,,,phase3-v1
tx_0015336,2026-03-23 19:15:44,0,0.0,LOW,APPROVE,0,LOW_RISK_ESTABLISHED_ACCOUNT,,,phase3-v1
tx_0018527,2026-03-23 19:17:59,0,0.0,LOW,APPROVE,0,LOW_RISK_ESTABLISHED_ACCOUNT,,,phase3-v1
tx_0022788,2026-03-23 19:20:52,0,0.0004,LOW,APPROVE,0,GRAPH_CONNECTED_USERS,,,phase3-v1
tx_0012315,2026-03-23 19:21:49,0,0.0,LOW,APPROVE,0,LOW_RISK_ESTABLISHED_ACCOUNT,,,phase3-v1
tx_0025200,2026-03-23 19:21:50,0,0.0001,LOW,APPROVE,0,GRAPH_CONNECTED_USERS,,,phase3-v1
tx_0002186,2026-03-23 19:23:27,0,0.0003,LOW,APPROVE,0,LOW_RISK_ESTABLISHED_ACCOUNT,,,phase3-v1
tx_0006151,2026-03-23 19:27:20,0,0.0,LOW,APPROVE,0,LOW_RISK_ESTABLISHED_ACCOUNT,,,phase3-v1
tx_0013682,2026-03-23 19:27:31,0,0.0001,LOW,APPROVE,0,LOW_RISK_ESTABLISHED_ACCOUNT,,,phase3-v1
tx_0008712,2026-03-23 19:30:04,0,0.0,LOW,APPROVE,0,LOW_RISK_ESTABLISHED_ACCOUNT,,,phase3-v1
tx_0021153,2026-03-23 19:32:48,0,0.0,LOW,APPROVE,0,LOW_RISK_ESTABLISHED_ACCOUNT,,,phase3-v1
tx_0025034,2026-03-23 19:33:28,0,0.0002,LOW,APPROVE,0,GRAPH_MULTI_ENTITY_OVERLAP,HIGH_AMOUNT_ANOMALY,GRAPH_SHARED_ADDRESS,phase3-v1
tx_0021465,2026-03-23 19:33:49,0,0.0001,LOW,APPROVE,0,LOW_RISK_ESTABLISHED_ACCOUNT,,,phase3-v1
tx_0022314,2026-03-23 19:38:25,0,0.0002,LOW,APPROVE,0,NEW_ACCOUNT,,,phase3-v1
tx_0023599,2026-03-23 19:42:25,0,0.0001,LOW,APPROVE,0,GRAPH_SHARED_ADDRESS,GRAPH_MULTI_ENTITY_OVERLAP,GRAPH_CONNECTED_USERS,phase3-v1
tx_0023479,2026-03-23 19:43:41,0,0.0001,LOW,APPROVE,0,GRAPH_CONNECTED_USERS,,,phase3-v1
tx_0002624,2026-03-23 19:44:16,0,0.0001,LOW,APPROVE,0,LOW_RISK_ESTABLISHED_ACCOUNT,,,phase3-v1
tx_0007266,2026-03-23 19:48:13,0,0.0,LOW,APPROVE,0,LOW_RISK_ESTABLISHED_ACCOUNT,,,phase3-v1
tx_0014487,2026-03-23 19:49:21,0,0.0001,LOW,APPROVE,0,LOW_RISK_ESTABLISHED_ACCOUNT,,,phase3-v1
tx_0004391,2026-03-23 19:49:30,0,0.0,LOW,APPROVE,0,LOW_RISK_ESTABLISHED_ACCOUNT,,,phase3-v1
tx_0021609,2026-03-23 19:50:20,0,0.0001,LOW,APPROVE,0,LOW_RISK_ESTABLISHED_ACCOUNT,,,phase3-v1
tx_0011442,2026-03-23 19:53:30,0,0.0001,LOW,APPROVE,0,LOW_RISK_ESTABLISHED_ACCOUNT,,,phase3-v1
tx_0012947,2026-03-23 19:55:01,0,0.0,LOW,APPROVE,0,LOW_RISK_ESTABLISHED_ACCOUNT,,,phase3-v1
tx_0008057,2026-03-23 19:56:18,0,0.0,LOW,APPROVE,0,LOW_RISK_ESTABLISHED_ACCOUNT,,,phase3-v1
tx_0025869,2026-03-23 20:01:21,0,0.0006,LOW,APPROVE,0,GRAPH_CONNECTED_USERS,,,phase3-v1
tx_0002357,2026-03-23 20:04:45,0,0.0001,LOW,APPROVE,0,LOW_RISK_ESTABLISHED_ACCOUNT,,,phase3-v1
tx_0005126,2026-03-23 20:06:58,0,0.0001,LOW,APPROVE,0,LOW_RISK_ESTABLISHED_ACCOUNT,,,phase3-v1
tx_0009204,2026-03-23 20:07:34,0,0.0001,LOW,APPROVE,0,LOW_RISK_ESTABLISHED_ACCOUNT,,,phase3-v1
tx_0001227,2026-03-23 20:13:57,0,0.0001,LOW,APPROVE,0,LOW_RISK_ESTABLISHED_ACCOUNT,,,phase3-v1
tx_0009793,2026-03-23 20:15:41,0,0.0001,LOW,APPROVE,0,LOW_RISK_ESTABLISHED_ACCOUNT,,,phase3-v1
tx_0022380,2026-03-23 20:16:56,0,0.0001,LOW,APPROVE,0,HIGH_AMOUNT_ANOMALY,,,phase3-v1
tx_0012458,2026-03-23 20:18:00,0,0.0001,LOW,APPROVE,0,LOW_RISK_ESTABLISHED_ACCOUNT,,,phase3-v1
tx_0009286,2026-03-23 20:18:22,0,0.0001,LOW,APPROVE,0,LOW_RISK_ESTABLISHED_ACCOUNT,,,phase3-v1
tx_0010411,2026-03-23 20:18:57,0,0.0001,LOW,APPROVE,0,LOW_RISK_ESTABLISHED_ACCOUNT,,,phase3-v1
tx_0022988,2026-03-23 20:26:26,0,0.0001,LOW,APPROVE,0,GRAPH_MULTI_ENTITY_OVERLAP,GRAPH_SHARED_ADDRESS,,phase3-v1
tx_0012019,2026-03-23 20:27:15,0,0.0001,LOW,APPROVE,0,LOW_RISK_ESTABLISHED_ACCOUNT,,,phase3-v1
tx_0001661,2026-03-23 20:27:41,0,0.0003,LOW,APPROVE,0,LOW_RISK_ESTABLISHED_ACCOUNT,,,phase3-v1
tx_0007096,2026-03-23 20:28:44,0,0.0001,LOW,APPROVE,0,LOW_RISK_ESTABLISHED_ACCOUNT,,,phase3-v1
tx_0009264,2026-03-23 20:29:03,0,0.0001,LOW,APPROVE,0,LOW_RISK_ESTABLISHED_ACCOUNT,,,phase3-v1
tx_0005288,2026-03-23 20:33:00,0,0.0001,LOW,APPROVE,0,LOW_RISK_ESTABLISHED_ACCOUNT,,,phase3-v1
tx_0009659,2026-03-23 20:33:04,0,0.0001,LOW,APPROVE,0,LOW_RISK_ESTABLISHED_ACCOUNT,,,phase3-v1
tx_0019785,2026-03-23 20:36:40,0,0.0001,LOW,APPROVE,0,LOW_RISK_ESTABLISHED_ACCOUNT,,,phase3-v1
tx_0017656,2026-03-23 20:38:04,0,0.0001,LOW,APPROVE,0,LOW_RISK_ESTABLISHED_ACCOUNT,,,phase3-v1
tx_0019447,2026-03-23 20:38:42,0,0.0001,LOW,APPROVE,0,LOW_RISK_ESTABLISHED_ACCOUNT,,,phase3-v1
tx_0017131,2026-03-23 20:39:17,0,0.0001,LOW,APPROVE,0,LOW_RISK_ESTABLISHED_ACCOUNT,,,phase3-v1
tx_0018532,2026-03-23 20:41:36,0,0.0001,LOW,APPROVE,0,LOW_RISK_ESTABLISHED_ACCOUNT,,,phase3-v1
tx_0011205,2026-03-23 20:42:57,0,0.0001,LOW,APPROVE,0,LOW_RISK_ESTABLISHED_ACCOUNT,,,phase3-v1
tx_0008442,2026-03-23 20:46:15,0,0.0001,LOW,APPROVE,0,LOW_RISK_ESTABLISHED_ACCOUNT,,,phase3-v1
tx_0025778,2026-03-23 20:47:25,0,0.0002,LOW,APPROVE,0,GRAPH_SHARED_PAYMENT,GRAPH_SHARED_ADDRESS,GRAPH_MULTI_ENTITY_OVERLAP,phase3-v1
tx_0009806,2026-03-23 20:48:39,0,0.0001,LOW,APPROVE,0,LOW_RISK_ESTABLISHED_ACCOUNT,,,phase3-v1
tx_0007507,2026-03-23 20:50:25,0,0.0001,LOW,APPROVE,0,LOW_RISK_ESTABLISHED_ACCOUNT,,,phase3-v1
tx_0004521,2026-03-23 20:51:12,0,0.0001,LOW,APPROVE,0,LOW_RISK_ESTABLISHED_ACCOUNT,,,phase3-v1
tx_0001445,2026-03-23 20:51:24,0,0.0001,LOW,APPROVE,0,LOW_RISK_ESTABLISHED_ACCOUNT,,,phase3-v1
tx_0020977,2026-03-23 20:53:16,0,0.0001,LOW,APPROVE,0,LOW_RISK_ESTABLISHED_ACCOUNT,,,phase3-v1
tx_0008922,2026-03-23 20:54:02,0,0.0001,LOW,APPROVE,0,LOW_RISK_ESTABLISHED_ACCOUNT,,,phase3-v1
tx_0003173,2026-03-23 20:56:31,0,0.0001,LOW,APPROVE,0,LOW_RISK_ESTABLISHED_ACCOUNT,,,phase3-v1
tx_0023751,2026-03-23 21:00:04,0,0.0001,LOW,APPROVE,0,GRAPH_SHARED_ADDRESS,GRAPH_MULTI_ENTITY_OVERLAP,GRAPH_CONNECTED_USERS,phase3-v1
tx_0021595,2026-03-23 21:01:55,0,0.0001,LOW,APPROVE,0,PROMO_ACTIVITY,,,phase3-v1
tx_0016337,2026-03-23 21:08:43,0,0.0001,LOW,APPROVE,0,LOW_RISK_ESTABLISHED_ACCOUNT,,,phase3-v1
tx_0009581,2026-03-23 21:08:47,0,0.0001,LOW,APPROVE,0,LOW_RISK_ESTABLISHED_ACCOUNT,,,phase3-v1
tx_0000126,2026-03-23 21:10:45,0,0.0001,LOW,APPROVE,0,LOW_RISK_ESTABLISHED_ACCOUNT,,,phase3-v1
tx_0002573,2026-03-23 21:14:36,0,0.0001,LOW,APPROVE,0,LOW_RISK_ESTABLISHED_ACCOUNT,,,phase3-v1
tx_0005769,2026-03-23 21:16:05,0,0.0001,LOW,APPROVE,0,LOW_RISK_ESTABLISHED_ACCOUNT,,,phase3-v1
tx_0020141,2026-03-23 21:17:51,0,0.0002,LOW,APPROVE,0,LOW_RISK_ESTABLISHED_ACCOUNT,,,phase3-v1
tx_0025759,2026-03-23 21:18:30,0,0.0005,LOW,APPROVE,0,GRAPH_CONNECTED_USERS,,,phase3-v1
tx_0021933,2026-03-23 21:21:53,0,0.0002,LOW,APPROVE,0,LOW_RISK_ESTABLISHED_ACCOUNT,,,phase3-v1
tx_0009423,2026-03-23 21:22:11,0,0.0001,LOW,APPROVE,0,LOW_RISK_ESTABLISHED_ACCOUNT,,,phase3-v1
tx_0018219,2026-03-23 21:24:03,0,0.0001,LOW,APPROVE,0,LOW_RISK_ESTABLISHED_ACCOUNT,,,phase3-v1
tx_0001385,2026-03-23 21:27:44,0,0.0001,LOW,APPROVE,0,LOW_RISK_ESTABLISHED_ACCOUNT,,,phase3-v1
tx_0005951,2026-03-23 21:27:59,0,0.0001,LOW,APPROVE,0,LOW_RISK_ESTABLISHED_ACCOUNT,,,phase3-v1
tx_0016178,2026-03-23 21:30:04,0,0.0001,LOW,APPROVE,0,LOW_RISK_ESTABLISHED_ACCOUNT,,,phase3-v1
tx_0023281,2026-03-23 21:32:27,0,0.0001,LOW,APPROVE,0,GRAPH_CONNECTED_USERS,,,phase3-v1
tx_0020497,2026-03-23 21:36:36,0,0.0001,LOW,APPROVE,0,LOW_RISK_ESTABLISHED_ACCOUNT,,,phase3-v1
tx_0004698,2026-03-23 21:37:57,0,0.0001,LOW,APPROVE,0,LOW_RISK_ESTABLISHED_ACCOUNT,,,phase3-v1
tx_0008602,2026-03-23 21:40:49,0,0.0001,LOW,APPROVE,0,LOW_RISK_ESTABLISHED_ACCOUNT,,,phase3-v1
tx_0025929,2026-03-23 21:43:54,0,0.0021,LOW,APPROVE,0,GRAPH_SHARED_ADDRESS,GRAPH_MULTI_ENTITY_OVERLAP,GRAPH_CONNECTED_USERS,phase3-v1
tx_0004017,2026-03-23 21:49:40,0,0.0001,LOW,APPROVE,0,LOW_RISK_ESTABLISHED_ACCOUNT,,,phase3-v1
tx_0015696,2026-03-23 21:50:00,0,0.0001,LOW,APPROVE,0,LOW_RISK_ESTABLISHED_ACCOUNT,,,phase3-v1
tx_0016170,2026-03-23 21:51:18,0,0.0001,LOW,APPROVE,0,HIGH_1H_VELOCITY,,,phase3-v1
tx_0024788,2026-03-23 21:51:32,0,0.0005,LOW,APPROVE,0,GRAPH_CONNECTED_USERS,,,phase3-v1
tx_0013429,2026-03-23 21:52:10,0,0.0001,LOW,APPROVE,0,LOW_RISK_ESTABLISHED_ACCOUNT,,,phase3-v1
tx_0014667,2026-03-23 21:53:29,0,0.0001,LOW,APPROVE,0,LOW_RISK_ESTABLISHED_ACCOUNT,,,phase3-v1
tx_0001655,2026-03-23 21:54:45,0,0.0017,LOW,APPROVE,0,NEW_ACCOUNT,,,phase3-v1
tx_0008129,2026-03-23 21:55:51,0,0.0001,LOW,APPROVE,0,LOW_RISK_ESTABLISHED_ACCOUNT,,,phase3-v1
tx_0002969,2026-03-23 21:56:24,0,0.0001,LOW,APPROVE,0,LOW_RISK_ESTABLISHED_ACCOUNT,,,phase3-v1
tx_0019412,2026-03-23 21:58:30,0,0.0001,LOW,APPROVE,0,LOW_RISK_ESTABLISHED_ACCOUNT,,,phase3-v1
tx_0017428,2026-03-23 21:58:31,0,0.0001,LOW,APPROVE,0,LOW_RISK_ESTABLISHED_ACCOUNT,,,phase3-v1
tx_0016084,2026-03-23 21:59:45,0,0.0002,LOW,APPROVE,0,LOW_RISK_ESTABLISHED_ACCOUNT,,,phase3-v1
tx_0017999,2026-03-23 22:01:14,0,0.0001,LOW,APPROVE,0,PROMO_ACTIVITY,,,phase3-v1
tx_0022623,2026-03-23 22:03:58,0,0.0001,LOW,APPROVE,0,LOW_RISK_ESTABLISHED_ACCOUNT,,,phase3-v1
tx_0024851,2026-03-23 22:10:15,0,0.0005,LOW,APPROVE,0,GRAPH_CONNECTED_USERS,,,phase3-v1
tx_0006613,2026-03-23 22:17:59,0,0.0001,LOW,APPROVE,0,LOW_RISK_ESTABLISHED_ACCOUNT,,,phase3-v1
tx_0019222,2026-03-23 22:26:50,0,0.0001,LOW,APPROVE,0,LOW_RISK_ESTABLISHED_ACCOUNT,,,phase3-v1
tx_0018318,2026-03-23 22:30:49,0,0.0001,LOW,APPROVE,0,HIGH_AMOUNT_ANOMALY,,,phase3-v1
tx_0002340,2026-03-23 22:33:20,0,0.0001,LOW,APPROVE,0,LOW_RISK_ESTABLISHED_ACCOUNT,,,phase3-v1
tx_0010678,2026-03-23 22:34:54,0,0.0001,LOW,APPROVE,0,LOW_RISK_ESTABLISHED_ACCOUNT,,,phase3-v1
tx_0006370,2026-03-23 22:40:17,0,0.0001,LOW,APPROVE,0,LOW_RISK_ESTABLISHED_ACCOUNT,,,phase3-v1
tx_0011470,2026-03-23 22:42:30,0,0.0001,LOW,APPROVE,0,LOW_RISK_ESTABLISHED_ACCOUNT,,,phase3-v1
tx_0008706,2026-03-23 22:48:39,0,0.0001,LOW,APPROVE,0,LOW_RISK_ESTABLISHED_ACCOUNT,,,phase3-v1
tx_0007350,2026-03-23 22:49:14,0,0.0001,LOW,APPROVE,0,LOW_RISK_ESTABLISHED_ACCOUNT,,,phase3-v1
tx_0003364,2026-03-23 22:57:25,0,0.0001,LOW,APPROVE,0,LOW_RISK_ESTABLISHED_ACCOUNT,,,phase3-v1
tx_0013198,2026-03-23 23:04:27,0,0.0001,LOW,APPROVE,0,LOW_RISK_ESTABLISHED_ACCOUNT,,,phase3-v1
tx_0015814,2026-03-23 23:10:02,0,0.0001,LOW,APPROVE,0,LOW_RISK_ESTABLISHED_ACCOUNT,,,phase3-v1
tx_0009770,2026-03-23 23:12:00,0,0.0001,LOW,APPROVE,0,LOW_RISK_ESTABLISHED_ACCOUNT,,,phase3-v1
tx_0006639,2026-03-23 23:33:25,0,0.0001,LOW,APPROVE,0,LOW_RISK_ESTABLISHED_ACCOUNT,,,phase3-v1
tx_0004722,2026-03-23 23:52:57,0,0.0001,LOW,APPROVE,0,LOW_RISK_ESTABLISHED_ACCOUNT,,,phase3-v1
tx_0009297,2026-03-23 23:55:41,0,0.0001,LOW,APPROVE,0,LOW_RISK_ESTABLISHED_ACCOUNT,,,phase3-v1
tx_0015958,2026-03-23 23:55:54,0,0.0001,LOW,APPROVE,0,HIGH_AMOUNT_ANOMALY,,,phase3-v1
tx_0006018,2026-03-24 00:04:35,0,0.0002,LOW,APPROVE,0,LOW_RISK_ESTABLISHED_ACCOUNT,,,phase3-v1
tx_0001374,2026-03-24 00:06:54,0,0.0001,LOW,APPROVE,0,LOW_RISK_ESTABLISHED_ACCOUNT,,,phase3-v1
tx_0006195,2026-03-24 00:35:31,0,0.0002,LOW,APPROVE,0,LOW_RISK_ESTABLISHED_ACCOUNT,,,phase3-v1
tx_0006077,2026-03-24 00:40:32,0,0.0001,LOW,APPROVE,0,LOW_RISK_ESTABLISHED_ACCOUNT,,,phase3-v1
tx_0001135,2026-03-24 00:42:51,0,0.0003,LOW,APPROVE,0,NEW_ACCOUNT,,,phase3-v1
tx_0010375,2026-03-24 00:46:49,0,0.0001,LOW,APPROVE,0,LOW_RISK_ESTABLISHED_ACCOUNT,,,phase3-v1
tx_0022366,2026-03-24 00:52:55,0,0.0001,LOW,APPROVE,0,LOW_RISK_ESTABLISHED_ACCOUNT,,,phase3-v1
tx_0010141,2026-03-24 00:59:42,0,0.0001,LOW,APPROVE,0,LOW_RISK_ESTABLISHED_ACCOUNT,,,phase3-v1
tx_0008322,2026-03-24 01:06:06,0,0.0001,LOW,APPROVE,0,OFF_HOURS_ACTIVITY,,,phase3-v1
tx_0021399,2026-03-24 02:41:23,0,0.0001,LOW,APPROVE,0,PROMO_ACTIVITY,OFF_HOURS_ACTIVITY,,phase3-v1
tx_0000954,2026-03-24 02:42:57,0,0.0002,LOW,APPROVE,0,OFF_HOURS_ACTIVITY,,,phase3-v1
tx_0012052,2026-03-24 04:24:00,0,0.0001,LOW,APPROVE,0,OFF_HOURS_ACTIVITY,,,phase3-v1
tx_0020970,2026-03-24 05:03:21,0,0.0001,LOW,APPROVE,0,OFF_HOURS_ACTIVITY,,,phase3-v1
tx_0001410,2026-03-24 05:19:59,0,0.0001,LOW,APPROVE,0,OFF_HOURS_ACTIVITY,,,phase3-v1
tx_0001154,2026-03-24 05:30:45,0,0.0,LOW,APPROVE,0,OFF_HOURS_ACTIVITY,,,phase3-v1
tx_0002267,2026-03-24 06:03:06,0,0.0,LOW,APPROVE,0,LOW_RISK_ESTABLISHED_ACCOUNT,,,phase3-v1
tx_0011663,2026-03-24 06:16:20,0,0.0,LOW,APPROVE,0,LOW_RISK_ESTABLISHED_ACCOUNT,,,phase3-v1
tx_0023270,2026-03-24 06:16:23,0,0.0001,LOW,APPROVE,0,GRAPH_SHARED_PAYMENT,GRAPH_MULTI_ENTITY_OVERLAP,GRAPH_SHARED_ADDRESS,phase3-v1
tx_0024773,2026-03-24 06:18:22,0,0.0004,LOW,APPROVE,0,GRAPH_CONNECTED_USERS,,,phase3-v1
tx_0004119,2026-03-24 06:23:44,0,0.0,LOW,APPROVE,0,LOW_RISK_ESTABLISHED_ACCOUNT,,,phase3-v1
tx_0020880,2026-03-24 06:25:19,0,0.0001,LOW,APPROVE,0,LOW_RISK_ESTABLISHED_ACCOUNT,,,phase3-v1
tx_0015973,2026-03-24 06:28:11,0,0.0001,LOW,APPROVE,0,LOW_RISK_ESTABLISHED_ACCOUNT,,,phase3-v1
tx_0012435,2026-03-24 06:34:08,0,0.0,LOW,APPROVE,0,LOW_RISK_ESTABLISHED_ACCOUNT,,,phase3-v1
tx_0018684,2026-03-24 06:40:05,0,0.0001,LOW,APPROVE,0,LOW_RISK_ESTABLISHED_ACCOUNT,,,phase3-v1
tx_0004869,2026-03-24 06:41:52,0,0.0,LOW,APPROVE,0,LOW_RISK_ESTABLISHED_ACCOUNT,,,phase3-v1
tx_0015372,2026-03-24 06:45:54,0,0.0001,LOW,APPROVE,0,LOW_RISK_ESTABLISHED_ACCOUNT,,,phase3-v1
tx_0020523,2026-03-24 06:47:36,0,0.0,LOW,APPROVE,0,LOW_RISK_ESTABLISHED_ACCOUNT,,,phase3-v1
tx_0002296,2026-03-24 06:49:42,0,0.0,LOW,APPROVE,0,LOW_RISK_ESTABLISHED_ACCOUNT,,,phase3-v1
tx_0013399,2026-03-24 07:05:56,0,0.0,LOW,APPROVE,0,LOW_RISK_ESTABLISHED_ACCOUNT,,,phase3-v1
tx_0019477,2026-03-24 07:24:33,0,0.0,LOW,APPROVE,0,LOW_RISK_ESTABLISHED_ACCOUNT,,,phase3-v1
tx_0015374,2026-03-24 07:27:13,0,0.0,LOW,APPROVE,0,LOW_RISK_ESTABLISHED_ACCOUNT,,,phase3-v1
tx_0017157,2026-03-24 07:30:29,0,0.0,LOW,APPROVE,0,LOW_RISK_ESTABLISHED_ACCOUNT,,,phase3-v1
tx_0009150,2026-03-24 07:38:09,0,0.0,LOW,APPROVE,0,LOW_RISK_ESTABLISHED_ACCOUNT,,,phase3-v1
tx_0022889,2026-03-24 07:47:30,0,0.0001,LOW,APPROVE,0,GRAPH_MULTI_ENTITY_OVERLAP,GRAPH_SHARED_ADDRESS,,phase3-v1
tx_0024956,2026-03-24 07:49:23,0,0.0001,LOW,APPROVE,0,GRAPH_CONNECTED_USERS,,,phase3-v1
tx_0024109,2026-03-24 07:52:42,0,0.0001,LOW,APPROVE,0,GRAPH_MULTI_ENTITY_OVERLAP,GRAPH_SHARED_ADDRESS,,phase3-v1
tx_0022496,2026-03-24 07:55:06,0,0.0,LOW,APPROVE,0,LOW_RISK_ESTABLISHED_ACCOUNT,,,phase3-v1
tx_0022475,2026-03-24 07:57:38,0,0.0,LOW,APPROVE,0,LOW_RISK_ESTABLISHED_ACCOUNT,,,phase3-v1
tx_0024242,2026-03-24 08:04:08,0,0.0001,LOW,APPROVE,0,GRAPH_CONNECTED_USERS,,,phase3-v1
tx_0014331,2026-03-24 08:10:20,0,0.0,LOW,APPROVE,0,LOW_RISK_ESTABLISHED_ACCOUNT,,,phase3-v1
tx_0020195,2026-03-24 08:13:28,0,0.0,LOW,APPROVE,0,LOW_RISK_ESTABLISHED_ACCOUNT,,,phase3-v1
tx_0011335,2026-03-24 08:19:03,0,0.0,LOW,APPROVE,0,LOW_RISK_ESTABLISHED_ACCOUNT,,,phase3-v1
tx_0022538,2026-03-24 08:23:54,0,0.0,LOW,APPROVE,0,LOW_RISK_ESTABLISHED_ACCOUNT,,,phase3-v1
tx_0008097,2026-03-24 08:24:57,0,0.0001,LOW,APPROVE,0,LOW_RISK_ESTABLISHED_ACCOUNT,,,phase3-v1
tx_0008485,2026-03-24 08:27:51,0,0.0001,LOW,APPROVE,0,LOW_RISK_ESTABLISHED_ACCOUNT,,,phase3-v1
tx_0020309,2026-03-24 08:29:11,0,0.0,LOW,APPROVE,0,LOW_RISK_ESTABLISHED_ACCOUNT,,,phase3-v1
tx_0003686,2026-03-24 08:33:58,0,0.0,LOW,APPROVE,0,LOW_RISK_ESTABLISHED_ACCOUNT,,,phase3-v1
tx_0002771,2026-03-24 08:37:10,0,0.0001,LOW,APPROVE,0,LOW_RISK_ESTABLISHED_ACCOUNT,,,phase3-v1
tx_0021048,2026-03-24 08:42:29,0,0.0001,LOW,APPROVE,0,LOW_RISK_ESTABLISHED_ACCOUNT,,,phase3-v1
tx_0011192,2026-03-24 08:42:32,0,0.0,LOW,APPROVE,0,LOW_RISK_ESTABLISHED_ACCOUNT,,,phase3-v1
tx_0016188,2026-03-24 08:51:31,0,0.0001,LOW,APPROVE,0,LOW_RISK_ESTABLISHED_ACCOUNT,,,phase3-v1
tx_0017579,2026-03-24 08:58:00,0,0.0001,LOW,APPROVE,0,LOW_RISK_ESTABLISHED_ACCOUNT,,,phase3-v1
tx_0004519,2026-03-24 08:59:00,0,0.0,LOW,APPROVE,0,LOW_RISK_ESTABLISHED_ACCOUNT,,,phase3-v1
tx_0011217,2026-03-24 08:59:23,0,0.0001,LOW,APPROVE,0,LOW_RISK_ESTABLISHED_ACCOUNT,,,phase3-v1
tx_0008515,2026-03-24 09:02:10,0,0.0,LOW,APPROVE,0,LOW_RISK_ESTABLISHED_ACCOUNT,,,phase3-v1
tx_0000098,2026-03-24 09:05:18,0,0.0001,LOW,APPROVE,0,LOW_RISK_ESTABLISHED_ACCOUNT,,,phase3-v1
tx_0003724,2026-03-24 09:05:58,0,0.0,LOW,APPROVE,0,LOW_RISK_ESTABLISHED_ACCOUNT,,,phase3-v1
tx_0017839,2026-03-24 09:13:00,0,0.0,LOW,APPROVE,0,LOW_RISK_ESTABLISHED_ACCOUNT,,,phase3-v1
tx_0009325,2026-03-24 09:13:10,0,0.0001,LOW,APPROVE,0,HIGH_AMOUNT_ANOMALY,,,phase3-v1
tx_0001062,2026-03-24 09:16:21,0,0.0,LOW,APPROVE,0,LOW_RISK_ESTABLISHED_ACCOUNT,,,phase3-v1
tx_0008417,2026-03-24 09:19:54,0,0.0001,LOW,APPROVE,0,LOW_RISK_ESTABLISHED_ACCOUNT,,,phase3-v1
tx_0014527,2026-03-24 09:21:45,0,0.0,LOW,APPROVE,0,LOW_RISK_ESTABLISHED_ACCOUNT,,,phase3-v1
tx_0001025,2026-03-24 09:22:03,0,0.0,LOW,APPROVE,0,LOW_RISK_ESTABLISHED_ACCOUNT,,,phase3-v1
tx_0024528,2026-03-24 09:24:06,0,0.0001,LOW,APPROVE,0,GRAPH_SHARED_ADDRESS,GRAPH_MULTI_ENTITY_OVERLAP,GRAPH_CONNECTED_USERS,phase3-v1
tx_0003931,2026-03-24 09:27:39,0,0.0,LOW,APPROVE,0,LOW_RISK_ESTABLISHED_ACCOUNT,,,phase3-v1
tx_0010503,2026-03-24 09:28:16,0,0.0001,LOW,APPROVE,0,LOW_RISK_ESTABLISHED_ACCOUNT,,,phase3-v1
tx_0010839,2026-03-24 09:28:44,0,0.0001,LOW,APPROVE,0,LOW_RISK_ESTABLISHED_ACCOUNT,,,phase3-v1
tx_0018109,2026-03-24 09:35:19,0,0.0,LOW,APPROVE,0,LOW_RISK_ESTABLISHED_ACCOUNT,,,phase3-v1
tx_0019673,2026-03-24 09:36:33,0,0.0,LOW,APPROVE,0,LOW_RISK_ESTABLISHED_ACCOUNT,,,phase3-v1
tx_0002744,2026-03-24 09:43:26,0,0.0,LOW,APPROVE,0,LOW_RISK_ESTABLISHED_ACCOUNT,,,phase3-v1
tx_0020734,2026-03-24 09:43:27,0,0.0001,LOW,APPROVE,0,PROMO_ACTIVITY,,,phase3-v1
tx_0008400,2026-03-24 09:43:29,0,0.0,LOW,APPROVE,0,LOW_RISK_ESTABLISHED_ACCOUNT,,,phase3-v1
tx_0011137,2026-03-24 09:44:05,0,0.0001,LOW,APPROVE,0,LOW_RISK_ESTABLISHED_ACCOUNT,,,phase3-v1
tx_0005729,2026-03-24 09:47:42,0,0.0,LOW,APPROVE,0,LOW_RISK_ESTABLISHED_ACCOUNT,,,phase3-v1
tx_0005379,2026-03-24 09:52:02,0,0.0001,LOW,APPROVE,0,LOW_RISK_ESTABLISHED_ACCOUNT,,,phase3-v1
tx_0023619,2026-03-24 09:53:51,0,0.0004,LOW,APPROVE,0,GRAPH_CONNECTED_USERS,,,phase3-v1
tx_0000433,2026-03-24 09:57:28,0,0.0001,LOW,APPROVE,0,LOW_RISK_ESTABLISHED_ACCOUNT,,,phase3-v1
tx_0003313,2026-03-24 10:00:47,0,0.0001,LOW,APPROVE,0,LOW_RISK_ESTABLISHED_ACCOUNT,,,phase3-v1
tx_0025355,2026-03-24 10:01:10,0,0.0004,LOW,APPROVE,0,GRAPH_CONNECTED_USERS,,,phase3-v1
tx_0022142,2026-03-24 10:04:05,0,0.0001,LOW,APPROVE,0,LOW_RISK_ESTABLISHED_ACCOUNT,,,phase3-v1
tx_0011247,2026-03-24 10:04:14,0,0.0,LOW,APPROVE,0,LOW_RISK_ESTABLISHED_ACCOUNT,,,phase3-v1
tx_0025858,2026-03-24 10:04:25,0,0.0004,LOW,APPROVE,0,GRAPH_CONNECTED_USERS,,,phase3-v1
tx_0019076,2026-03-24 10:05:43,0,0.0,LOW,APPROVE,0,LOW_RISK_ESTABLISHED_ACCOUNT,,,phase3-v1
tx_0003064,2026-03-24 10:06:12,0,0.0,LOW,APPROVE,0,LOW_RISK_ESTABLISHED_ACCOUNT,,,phase3-v1
tx_0018197,2026-03-24 10:07:31,0,0.0,LOW,APPROVE,0,LOW_RISK_ESTABLISHED_ACCOUNT,,,phase3-v1
tx_0003167,2026-03-24 10:07:32,0,0.0001,LOW,APPROVE,0,LOW_RISK_ESTABLISHED_ACCOUNT,,,phase3-v1
tx_0023053,2026-03-24 10:09:50,0,0.0001,LOW,APPROVE,0,GRAPH_MULTI_ENTITY_OVERLAP,GRAPH_SHARED_ADDRESS,GRAPH_CONNECTED_USERS,phase3-v1
tx_0006804,2026-03-24 10:10:37,0,0.0,LOW,APPROVE,0,LOW_RISK_ESTABLISHED_ACCOUNT,,,phase3-v1
tx_0016378,2026-03-24 10:11:44,0,0.0,LOW,APPROVE,0,LOW_RISK_ESTABLISHED_ACCOUNT,,,phase3-v1
tx_0020536,2026-03-24 10:15:53,0,0.0,LOW,APPROVE,0,LOW_RISK_ESTABLISHED_ACCOUNT,,,phase3-v1
tx_0011002,2026-03-24 10:21:32,0,0.0001,LOW,APPROVE,0,LOW_RISK_ESTABLISHED_ACCOUNT,,,phase3-v1
tx_0000199,2026-03-24 10:23:45,0,0.0001,LOW,APPROVE,0,HIGH_24H_VELOCITY,,,phase3-v1
tx_0007856,2026-03-24 10:24:02,0,0.0,LOW,APPROVE,0,LOW_RISK_ESTABLISHED_ACCOUNT,,,phase3-v1
tx_0000590,2026-03-24 10:30:46,0,0.0,LOW,APPROVE,0,LOW_RISK_ESTABLISHED_ACCOUNT,,,phase3-v1
tx_0022709,2026-03-24 10:31:13,0,0.0001,LOW,APPROVE,0,GRAPH_CONNECTED_USERS,,,phase3-v1
tx_0021442,2026-03-24 10:31:14,0,0.0,LOW,APPROVE,0,LOW_RISK_ESTABLISHED_ACCOUNT,,,phase3-v1
tx_0018700,2026-03-24 10:36:03,0,0.0,LOW,APPROVE,0,LOW_RISK_ESTABLISHED_ACCOUNT,,,phase3-v1
tx_0015701,2026-03-24 10:36:36,0,0.0001,LOW,APPROVE,0,LOW_RISK_ESTABLISHED_ACCOUNT,,,phase3-v1
tx_0005255,2026-03-24 10:39:04,0,0.0,LOW,APPROVE,0,HIGH_AMOUNT_ANOMALY,,,phase3-v1
tx_0016767,2026-03-24 10:45:38,0,0.0,LOW,APPROVE,0,LOW_RISK_ESTABLISHED_ACCOUNT,,,phase3-v1
tx_0018433,2026-03-24 10:57:36,0,0.0001,LOW,APPROVE,0,LOW_RISK_ESTABLISHED_ACCOUNT,,,phase3-v1
tx_0001553,2026-03-24 10:58:57,0,0.0,LOW,APPROVE,0,LOW_RISK_ESTABLISHED_ACCOUNT,,,phase3-v1
tx_0020005,2026-03-24 10:59:27,0,0.0001,LOW,APPROVE,0,LOW_RISK_ESTABLISHED_ACCOUNT,,,phase3-v1
tx_0001662,2026-03-24 11:09:44,0,0.0001,LOW,APPROVE,0,LOW_RISK_ESTABLISHED_ACCOUNT,,,phase3-v1
tx_0011018,2026-03-24 11:11:47,0,0.0,LOW,APPROVE,0,LOW_RISK_ESTABLISHED_ACCOUNT,,,phase3-v1
tx_0015870,2026-03-24 11:12:19,0,0.0001,LOW,APPROVE,0,LOW_RISK_ESTABLISHED_ACCOUNT,,,phase3-v1
tx_0005196,2026-03-24 11:23:29,0,0.0012,LOW,APPROVE,0,NEW_ACCOUNT,,,phase3-v1
tx_0012732,2026-03-24 11:26:04,0,0.0,LOW,APPROVE,0,LOW_RISK_ESTABLISHED_ACCOUNT,,,phase3-v1
tx_0008660,2026-03-24 11:30:27,0,0.0001,LOW,APPROVE,0,LOW_RISK_ESTABLISHED_ACCOUNT,,,phase3-v1
tx_0023657,2026-03-24 11:33:18,0,0.0003,LOW,APPROVE,0,GRAPH_CONNECTED_USERS,,,phase3-v1
tx_0023164,2026-03-24 11:35:50,0,0.0001,LOW,APPROVE,0,GRAPH_SHARED_ADDRESS,GRAPH_CONNECTED_USERS,GRAPH_MULTI_ENTITY_OVERLAP,phase3-v1
tx_0003200,2026-03-24 11:36:37,0,0.0001,LOW,APPROVE,0,LOW_RISK_ESTABLISHED_ACCOUNT,,,phase3-v1
tx_0012778,2026-03-24 11:39:49,0,0.0,LOW,APPROVE,0,LOW_RISK_ESTABLISHED_ACCOUNT,,,phase3-v1
tx_0000476,2026-03-24 11:39:50,0,0.0,LOW,APPROVE,0,LOW_RISK_ESTABLISHED_ACCOUNT,,,phase3-v1
tx_0003782,2026-03-24 11:40:20,0,0.0001,LOW,APPROVE,0,HIGH_AMOUNT_ANOMALY,,,phase3-v1
tx_0005745,2026-03-24 11:42:03,0,0.0,LOW,APPROVE,0,LOW_RISK_ESTABLISHED_ACCOUNT,,,phase3-v1
tx_0015117,2026-03-24 11:46:24,0,0.0001,LOW,APPROVE,0,LOW_RISK_ESTABLISHED_ACCOUNT,,,phase3-v1
tx_0022782,2026-03-24 11:47:53,0,0.0004,LOW,APPROVE,0,GRAPH_CONNECTED_USERS,,,phase3-v1
tx_0025096,2026-03-24 11:48:13,0,0.0003,LOW,APPROVE,0,GRAPH_CONNECTED_USERS,,,phase3-v1
tx_0003440,2026-03-24 11:52:50,0,0.0,LOW,APPROVE,0,LOW_RISK_ESTABLISHED_ACCOUNT,,,phase3-v1
tx_0012298,2026-03-24 11:52:52,0,0.0001,LOW,APPROVE,0,HIGH_AMOUNT_ANOMALY,,,phase3-v1
tx_0015378,2026-03-24 11:59:31,0,0.0,LOW,APPROVE,0,LOW_RISK_ESTABLISHED_ACCOUNT,,,phase3-v1
tx_0023954,2026-03-24 11:59:54,0,0.0001,LOW,APPROVE,0,GRAPH_SHARED_PAYMENT,GRAPH_SHARED_ADDRESS,GRAPH_MULTI_ENTITY_OVERLAP,phase3-v1
tx_0022317,2026-03-24 12:00:30,0,0.0001,LOW,APPROVE,0,LOW_RISK_ESTABLISHED_ACCOUNT,,,phase3-v1
tx_0025851,2026-03-24 12:03:02,0,0.0001,LOW,APPROVE,0,GRAPH_SHARED_ADDRESS,GRAPH_MULTI_ENTITY_OVERLAP,GRAPH_CONNECTED_USERS,phase3-v1
tx_0017735,2026-03-24 12:04:26,0,0.0001,LOW,APPROVE,0,LOW_RISK_ESTABLISHED_ACCOUNT,,,phase3-v1
tx_0013107,2026-03-24 12:08:50,0,0.0002,LOW,APPROVE,0,HIGH_24H_VELOCITY,NEW_ACCOUNT,,phase3-v1
tx_0020578,2026-03-24 12:10:03,0,0.0,LOW,APPROVE,0,LOW_RISK_ESTABLISHED_ACCOUNT,,,phase3-v1
tx_0019891,2026-03-24 12:10:06,0,0.0001,LOW,APPROVE,0,PROMO_ACTIVITY,,,phase3-v1
tx_0002516,2026-03-24 12:11:41,0,0.0001,LOW,APPROVE,0,LOW_RISK_ESTABLISHED_ACCOUNT,,,phase3-v1
tx_0007323,2026-03-24 12:11:50,0,0.0798,LOW,APPROVE,0,NEW_ACCOUNT,PROMO_ACTIVITY,,phase3-v1
tx_0024205,2026-03-24 12:12:13,0,0.0001,LOW,APPROVE,0,GRAPH_SHARED_ADDRESS,GRAPH_MULTI_ENTITY_OVERLAP,GRAPH_CONNECTED_USERS,phase3-v1
tx_0013661,2026-03-24 12:18:07,0,0.0,LOW,APPROVE,0,LOW_RISK_ESTABLISHED_ACCOUNT,,,phase3-v1
tx_0023812,2026-03-24 12:21:16,0,0.0001,LOW,APPROVE,0,GRAPH_CONNECTED_USERS,,,phase3-v1
tx_0023417,2026-03-24 12:24:48,0,0.0001,LOW,APPROVE,0,GRAPH_CONNECTED_USERS,,,phase3-v1
tx_0003347,2026-03-24 12:25:21,0,0.0001,LOW,APPROVE,0,HIGH_AMOUNT_ANOMALY,,,phase3-v1
tx_0021317,2026-03-24 12:30:08,0,0.0001,LOW,APPROVE,0,NEW_ACCOUNT,,,phase3-v1
tx_0003626,2026-03-24 12:32:58,0,0.0,LOW,APPROVE,0,LOW_RISK_ESTABLISHED_ACCOUNT,,,phase3-v1
tx_0025064,2026-03-24 12:35:33,0,0.0001,LOW,APPROVE,0,GRAPH_SHARED_ADDRESS,GRAPH_MULTI_ENTITY_OVERLAP,GRAPH_CONNECTED_USERS,phase3-v1
tx_0004659,2026-03-24 12:38:09,0,0.0,LOW,APPROVE,0,LOW_RISK_ESTABLISHED_ACCOUNT,,,phase3-v1
tx_0018683,2026-03-24 12:47:14,0,0.0,LOW,APPROVE,0,LOW_RISK_ESTABLISHED_ACCOUNT,,,phase3-v1
tx_0025666,2026-03-24 12:47:44,0,0.0001,LOW,APPROVE,0,GRAPH_SHARED_PAYMENT,GRAPH_MULTI_ENTITY_OVERLAP,GRAPH_SHARED_ADDRESS,phase3-v1
tx_0023791,2026-03-24 12:49:22,0,0.0004,LOW,APPROVE,0,GRAPH_CONNECTED_USERS,,,phase3-v1
tx_0024360,2026-03-24 12:51:58,0,0.0001,LOW,APPROVE,0,GRAPH_MULTI_ENTITY_OVERLAP,GRAPH_SHARED_ADDRESS,HIGH_AMOUNT_ANOMALY,phase3-v1
tx_0000340,2026-03-24 12:52:16,0,0.0,LOW,APPROVE,0,LOW_RISK_ESTABLISHED_ACCOUNT,,,phase3-v1
tx_0009196,2026-03-24 12:53:24,0,0.0001,LOW,APPROVE,0,LOW_RISK_ESTABLISHED_ACCOUNT,,,phase3-v1
tx_0019690,2026-03-24 12:54:23,0,0.0,LOW,APPROVE,0,LOW_RISK_ESTABLISHED_ACCOUNT,,,phase3-v1
tx_0023625,2026-03-24 12:56:21,0,0.0003,LOW,APPROVE,0,GRAPH_CONNECTED_USERS,,,phase3-v1
tx_0006372,2026-03-24 12:56:24,0,0.0,LOW,APPROVE,0,LOW_RISK_ESTABLISHED_ACCOUNT,,,phase3-v1
tx_0006508,2026-03-24 12:57:01,0,0.0,LOW,APPROVE,0,LOW_RISK_ESTABLISHED_ACCOUNT,,,phase3-v1
tx_0009378,2026-03-24 12:57:21,0,0.0001,LOW,APPROVE,0,LOW_RISK_ESTABLISHED_ACCOUNT,,,phase3-v1
tx_0002264,2026-03-24 12:59:20,0,0.0,LOW,APPROVE,0,LOW_RISK_ESTABLISHED_ACCOUNT,,,phase3-v1
tx_0014552,2026-03-24 13:01:20,0,0.0001,LOW,APPROVE,0,HIGH_AMOUNT_ANOMALY,,,phase3-v1
tx_0023792,2026-03-24 13:02:28,0,0.0004,LOW,APPROVE,0,GRAPH_CONNECTED_USERS,,,phase3-v1
tx_0017347,2026-03-24 13:02:55,0,0.0,LOW,APPROVE,0,LOW_RISK_ESTABLISHED_ACCOUNT,,,phase3-v1
tx_0000370,2026-03-24 13:02:56,0,0.0001,LOW,APPROVE,0,LOW_RISK_ESTABLISHED_ACCOUNT,,,phase3-v1
tx_0005813,2026-03-24 13:04:55,0,0.0,LOW,APPROVE,0,LOW_RISK_ESTABLISHED_ACCOUNT,,,phase3-v1
tx_0017824,2026-03-24 13:05:08,0,0.0003,LOW,APPROVE,0,NEW_ACCOUNT,,,phase3-v1
tx_0013590,2026-03-24 13:06:06,0,0.0001,LOW,APPROVE,0,LOW_RISK_ESTABLISHED_ACCOUNT,,,phase3-v1
tx_0015391,2026-03-24 13:08:26,0,0.0,LOW,APPROVE,0,LOW_RISK_ESTABLISHED_ACCOUNT,,,phase3-v1
tx_0023684,2026-03-24 13:11:24,0,0.0004,LOW,APPROVE,0,GRAPH_CONNECTED_USERS,,,phase3-v1
tx_0009019,2026-03-24 13:11:44,0,0.0,LOW,APPROVE,0,LOW_RISK_ESTABLISHED_ACCOUNT,,,phase3-v1
tx_0020577,2026-03-24 13:16:11,0,0.0,LOW,APPROVE,0,LOW_RISK_ESTABLISHED_ACCOUNT,,,phase3-v1
tx_0010026,2026-03-24 13:17:39,0,0.0,LOW,APPROVE,0,LOW_RISK_ESTABLISHED_ACCOUNT,,,phase3-v1
tx_0025751,2026-03-24 13:19:29,0,0.0003,LOW,APPROVE,0,GRAPH_CONNECTED_USERS,,,phase3-v1
tx_0025038,2026-03-24 13:19:49,0,0.0001,LOW,APPROVE,0,GRAPH_MULTI_ENTITY_OVERLAP,GRAPH_SHARED_ADDRESS,,phase3-v1
tx_0017281,2026-03-24 13:20:20,0,0.0002,LOW,APPROVE,0,HIGH_AMOUNT_ANOMALY,,,phase3-v1
tx_0008661,2026-03-24 13:23:45,0,0.0,LOW,APPROVE,0,LOW_RISK_ESTABLISHED_ACCOUNT,,,phase3-v1
tx_0014756,2026-03-24 13:27:03,0,0.0,LOW,APPROVE,0,LOW_RISK_ESTABLISHED_ACCOUNT,,,phase3-v1
tx_0023923,2026-03-24 13:31:35,0,0.0001,LOW,APPROVE,0,GRAPH_CONNECTED_USERS,,,phase3-v1
tx_0022067,2026-03-24 13:31:46,0,0.0,LOW,APPROVE,0,LOW_RISK_ESTABLISHED_ACCOUNT,,,phase3-v1
tx_0002710,2026-03-24 13:31:51,0,0.0001,LOW,APPROVE,0,LOW_RISK_ESTABLISHED_ACCOUNT,,,phase3-v1
tx_0003756,2026-03-24 13:34:41,0,0.0,LOW,APPROVE,0,LOW_RISK_ESTABLISHED_ACCOUNT,,,phase3-v1
tx_0007185,2026-03-24 13:34:54,0,0.0,LOW,APPROVE,0,LOW_RISK_ESTABLISHED_ACCOUNT,,,phase3-v1
tx_0002187,2026-03-24 13:38:13,0,0.0,LOW,APPROVE,0,LOW_RISK_ESTABLISHED_ACCOUNT,,,phase3-v1
tx_0012709,2026-03-24 13:39:15,0,0.0,LOW,APPROVE,0,LOW_RISK_ESTABLISHED_ACCOUNT,,,phase3-v1
tx_0010293,2026-03-24 13:47:43,0,0.0001,LOW,APPROVE,0,HIGH_AMOUNT_ANOMALY,,,phase3-v1
tx_0003701,2026-03-24 14:13:23,0,0.0002,LOW,APPROVE,0,NEW_ACCOUNT,,,phase3-v1
tx_0013607,2026-03-24 14:13:38,0,0.0,LOW,APPROVE,0,LOW_RISK_ESTABLISHED_ACCOUNT,,,phase3-v1
tx_0018018,2026-03-24 14:14:22,0,0.0,LOW,APPROVE,0,LOW_RISK_ESTABLISHED_ACCOUNT,,,phase3-v1
tx_0010070,2026-03-24 14:17:09,0,0.003,LOW,APPROVE,0,NEW_ACCOUNT,,,phase3-v1
tx_0005761,2026-03-24 14:22:08,0,0.0,LOW,APPROVE,0,LOW_RISK_ESTABLISHED_ACCOUNT,,,phase3-v1
tx_0020989,2026-03-24 14:24:20,0,0.0,LOW,APPROVE,0,LOW_RISK_ESTABLISHED_ACCOUNT,,,phase3-v1
tx_0014167,2026-03-24 14:24:25,0,0.0,LOW,APPROVE,0,LOW_RISK_ESTABLISHED_ACCOUNT,,,phase3-v1
tx_0023634,2026-03-24 14:28:02,0,0.0004,LOW,APPROVE,0,GRAPH_CONNECTED_USERS,,,phase3-v1
tx_0007506,2026-03-24 14:29:30,0,0.0,LOW,APPROVE,0,LOW_RISK_ESTABLISHED_ACCOUNT,,,phase3-v1
tx_0019557,2026-03-24 14:30:00,0,0.0,LOW,APPROVE,0,LOW_RISK_ESTABLISHED_ACCOUNT,,,phase3-v1
tx_0016231,2026-03-24 14:30:28,0,0.0,LOW,APPROVE,0,LOW_RISK_ESTABLISHED_ACCOUNT,,,phase3-v1
tx_0006287,2026-03-24 14:31:36,0,0.0,LOW,APPROVE,0,LOW_RISK_ESTABLISHED_ACCOUNT,,,phase3-v1
tx_0000551,2026-03-24 14:33:20,0,0.0,LOW,APPROVE,0,LOW_RISK_ESTABLISHED_ACCOUNT,,,phase3-v1
tx_0002119,2026-03-24 14:33:52,0,0.0,LOW,APPROVE,0,LOW_RISK_ESTABLISHED_ACCOUNT,,,phase3-v1
tx_0011894,2026-03-24 14:36:07,0,0.0,LOW,APPROVE,0,LOW_RISK_ESTABLISHED_ACCOUNT,,,phase3-v1
tx_0001885,2026-03-24 14:37:52,0,0.0,LOW,APPROVE,0,LOW_RISK_ESTABLISHED_ACCOUNT,,,phase3-v1
tx_0018017,2026-03-24 14:38:46,0,0.0,LOW,APPROVE,0,LOW_RISK_ESTABLISHED_ACCOUNT,,,phase3-v1
tx_0015765,2026-03-24 14:39:05,0,0.0001,LOW,APPROVE,0,LOW_RISK_ESTABLISHED_ACCOUNT,,,phase3-v1
tx_0015655,2026-03-24 14:41:53,0,0.0,LOW,APPROVE,0,LOW_RISK_ESTABLISHED_ACCOUNT,,,phase3-v1
tx_0007221,2026-03-24 14:42:13,0,0.0001,LOW,APPROVE,0,LOW_RISK_ESTABLISHED_ACCOUNT,,,phase3-v1
tx_0004756,2026-03-24 14:43:58,0,0.0,LOW,APPROVE,0,LOW_RISK_ESTABLISHED_ACCOUNT,,,phase3-v1
tx_0012234,2026-03-24 14:51:06,0,0.0001,LOW,APPROVE,0,LOW_RISK_ESTABLISHED_ACCOUNT,,,phase3-v1
tx_0016311,2026-03-24 14:51:21,0,0.0,LOW,APPROVE,0,LOW_RISK_ESTABLISHED_ACCOUNT,,,phase3-v1
tx_0013401,2026-03-24 14:54:01,0,0.0,LOW,APPROVE,0,HIGH_24H_VELOCITY,,,phase3-v1
tx_0016291,2026-03-24 14:55:30,0,0.0,LOW,APPROVE,0,LOW_RISK_ESTABLISHED_ACCOUNT,,,phase3-v1
tx_0005986,2026-03-24 14:57:11,0,0.0,LOW,APPROVE,0,LOW_RISK_ESTABLISHED_ACCOUNT,,,phase3-v1
tx_0000121,2026-03-24 14:59:03,0,0.0001,LOW,APPROVE,0,LOW_RISK_ESTABLISHED_ACCOUNT,,,phase3-v1
tx_0017397,2026-03-24 15:02:15,0,0.0,LOW,APPROVE,0,LOW_RISK_ESTABLISHED_ACCOUNT,,,phase3-v1
tx_0002630,2026-03-24 15:05:33,0,0.0,LOW,APPROVE,0,LOW_RISK_ESTABLISHED_ACCOUNT,,,phase3-v1
tx_0014191,2026-03-24 15:05:57,0,0.0,LOW,APPROVE,0,LOW_RISK_ESTABLISHED_ACCOUNT,,,phase3-v1
tx_0013862,2026-03-24 15:08:05,0,0.0,LOW,APPROVE,0,LOW_RISK_ESTABLISHED_ACCOUNT,,,phase3-v1
tx_0023405,2026-03-24 15:15:34,0,0.0001,LOW,APPROVE,0,GRAPH_SHARED_ADDRESS,GRAPH_MULTI_ENTITY_OVERLAP,GRAPH_CONNECTED_USERS,phase3-v1
tx_0001658,2026-03-24 15:19:38,0,0.0001,LOW,APPROVE,0,HIGH_24H_VELOCITY,,,phase3-v1
tx_0006910,2026-03-24 15:20:17,0,0.0,LOW,APPROVE,0,LOW_RISK_ESTABLISHED_ACCOUNT,,,phase3-v1
tx_0002550,2026-03-24 15:20:26,0,0.0,LOW,APPROVE,0,LOW_RISK_ESTABLISHED_ACCOUNT,,,phase3-v1
tx_0013819,2026-03-24 15:22:07,0,0.0167,LOW,APPROVE,0,NEW_ACCOUNT,,,phase3-v1
tx_0025835,2026-03-24 15:22:22,0,0.0001,LOW,APPROVE,0,GRAPH_MULTI_ENTITY_OVERLAP,GRAPH_SHARED_ADDRESS,GRAPH_CONNECTED_USERS,phase3-v1
tx_0008346,2026-03-24 15:23:15,0,0.0,LOW,APPROVE,0,LOW_RISK_ESTABLISHED_ACCOUNT,,,phase3-v1
tx_0008738,2026-03-24 15:23:16,0,0.0,LOW,APPROVE,0,LOW_RISK_ESTABLISHED_ACCOUNT,,,phase3-v1
tx_0014652,2026-03-24 15:24:18,0,0.0,LOW,APPROVE,0,LOW_RISK_ESTABLISHED_ACCOUNT,,,phase3-v1
tx_0017662,2026-03-24 15:30:38,0,0.0,LOW,APPROVE,0,LOW_RISK_ESTABLISHED_ACCOUNT,,,phase3-v1
tx_0016197,2026-03-24 15:31:18,0,0.0,LOW,APPROVE,0,LOW_RISK_ESTABLISHED_ACCOUNT,,,phase3-v1
tx_0016818,2026-03-24 15:33:00,0,0.0,LOW,APPROVE,0,LOW_RISK_ESTABLISHED_ACCOUNT,,,phase3-v1
tx_0007959,2026-03-24 15:33:46,0,0.0,LOW,APPROVE,0,LOW_RISK_ESTABLISHED_ACCOUNT,,,phase3-v1
tx_0020961,2026-03-24 15:34:29,0,0.0,LOW,APPROVE,0,LOW_RISK_ESTABLISHED_ACCOUNT,,,phase3-v1
tx_0024349,2026-03-24 15:34:36,0,0.0001,LOW,APPROVE,0,GRAPH_SHARED_ADDRESS,GRAPH_CONNECTED_USERS,GRAPH_MULTI_ENTITY_OVERLAP,phase3-v1
tx_0010744,2026-03-24 15:35:59,0,0.0,LOW,APPROVE,0,LOW_RISK_ESTABLISHED_ACCOUNT,,,phase3-v1
tx_0017280,2026-03-24 15:37:24,0,0.0,LOW,APPROVE,0,LOW_RISK_ESTABLISHED_ACCOUNT,,,phase3-v1
tx_0013090,2026-03-24 15:39:33,0,0.0001,LOW,APPROVE,0,LOW_RISK_ESTABLISHED_ACCOUNT,,,phase3-v1
tx_0005931,2026-03-24 15:41:47,0,0.0001,LOW,APPROVE,0,LOW_RISK_ESTABLISHED_ACCOUNT,,,phase3-v1
tx_0011525,2026-03-24 15:44:11,0,0.0001,LOW,APPROVE,0,LOW_RISK_ESTABLISHED_ACCOUNT,,,phase3-v1
tx_0002890,2026-03-24 15:44:39,0,0.0,LOW,APPROVE,0,LOW_RISK_ESTABLISHED_ACCOUNT,,,phase3-v1
tx_0015377,2026-03-24 15:51:04,0,0.0,LOW,APPROVE,0,LOW_RISK_ESTABLISHED_ACCOUNT,,,phase3-v1
tx_0012776,2026-03-24 15:55:00,0,0.0,LOW,APPROVE,0,LOW_RISK_ESTABLISHED_ACCOUNT,,,phase3-v1
tx_0016743,2026-03-24 15:57:35,0,0.0,LOW,APPROVE,0,LOW_RISK_ESTABLISHED_ACCOUNT,,,phase3-v1
tx_0005992,2026-03-24 16:08:51,0,0.0001,LOW,APPROVE,0,LOW_RISK_ESTABLISHED_ACCOUNT,,,phase3-v1
tx_0001008,2026-03-24 16:12:33,0,0.0,LOW,APPROVE,0,LOW_RISK_ESTABLISHED_ACCOUNT,,,phase3-v1
tx_0008087,2026-03-24 16:15:21,0,0.0,LOW,APPROVE,0,LOW_RISK_ESTABLISHED_ACCOUNT,,,phase3-v1
tx_0007375,2026-03-24 16:15:36,0,0.0004,LOW,APPROVE,0,NEW_ACCOUNT,,,phase3-v1
tx_0006474,2026-03-24 16:15:58,0,0.0,LOW,APPROVE,0,LOW_RISK_ESTABLISHED_ACCOUNT,,,phase3-v1
tx_0017904,2026-03-24 16:15:58,0,0.0001,LOW,APPROVE,0,LOW_RISK_ESTABLISHED_ACCOUNT,,,phase3-v1
tx_0006061,2026-03-24 16:21:36,0,0.0,LOW,APPROVE,0,LOW_RISK_ESTABLISHED_ACCOUNT,,,phase3-v1
tx_0017187,2026-03-24 16:25:30,0,0.0,LOW,APPROVE,0,LOW_RISK_ESTABLISHED_ACCOUNT,,,phase3-v1
tx_0008546,2026-03-24 16:28:19,0,0.0001,LOW,APPROVE,0,LOW_RISK_ESTABLISHED_ACCOUNT,,,phase3-v1
tx_0020712,2026-03-24 16:29:03,0,0.0,LOW,APPROVE,0,LOW_RISK_ESTABLISHED_ACCOUNT,,,phase3-v1
tx_0009328,2026-03-24 16:30:15,0,0.0,LOW,APPROVE,0,LOW_RISK_ESTABLISHED_ACCOUNT,,,phase3-v1
tx_0017354,2026-03-24 16:30:15,0,0.0,LOW,APPROVE,0,LOW_RISK_ESTABLISHED_ACCOUNT,,,phase3-v1
tx_0015065,2026-03-24 16:31:52,0,0.0,LOW,APPROVE,0,LOW_RISK_ESTABLISHED_ACCOUNT,,,phase3-v1
tx_0002107,2026-03-24 16:36:33,0,0.0,LOW,APPROVE,0,LOW_RISK_ESTABLISHED_ACCOUNT,,,phase3-v1
tx_0023611,2026-03-24 16:36:43,0,0.0001,LOW,APPROVE,0,GRAPH_MULTI_ENTITY_OVERLAP,GRAPH_SHARED_ADDRESS,,phase3-v1
tx_0003704,2026-03-24 16:37:29,0,0.0033,LOW,APPROVE,0,NEW_ACCOUNT,,,phase3-v1
tx_0015916,2026-03-24 16:38:19,0,0.0,LOW,APPROVE,0,LOW_RISK_ESTABLISHED_ACCOUNT,,,phase3-v1
tx_0025919,2026-03-24 16:39:54,0,0.0001,LOW,APPROVE,0,GRAPH_SHARED_ADDRESS,GRAPH_MULTI_ENTITY_OVERLAP,GRAPH_CONNECTED_USERS,phase3-v1
tx_0016542,2026-03-24 16:39:57,0,0.0,LOW,APPROVE,0,LOW_RISK_ESTABLISHED_ACCOUNT,,,phase3-v1
tx_0012485,2026-03-24 16:44:39,0,0.0001,LOW,APPROVE,0,LOW_RISK_ESTABLISHED_ACCOUNT,,,phase3-v1
tx_0019124,2026-03-24 16:48:07,0,0.0,LOW,APPROVE,0,LOW_RISK_ESTABLISHED_ACCOUNT,,,phase3-v1
tx_0001414,2026-03-24 16:49:09,0,0.0001,LOW,APPROVE,0,LOW_RISK_ESTABLISHED_ACCOUNT,,,phase3-v1
tx_0024047,2026-03-24 16:49:58,0,0.0001,LOW,APPROVE,0,GRAPH_MULTI_ENTITY_OVERLAP,GRAPH_SHARED_ADDRESS,GRAPH_CONNECTED_USERS,phase3-v1
tx_0005984,2026-03-24 16:52:09,0,0.0001,LOW,APPROVE,0,LOW_RISK_ESTABLISHED_ACCOUNT,,,phase3-v1
tx_0002373,2026-03-24 16:54:13,0,0.0001,LOW,APPROVE,0,LOW_RISK_ESTABLISHED_ACCOUNT,,,phase3-v1
tx_0014096,2026-03-24 16:54:22,0,0.0001,LOW,APPROVE,0,LOW_RISK_ESTABLISHED_ACCOUNT,,,phase3-v1
tx_0013028,2026-03-24 16:55:01,0,0.0,LOW,APPROVE,0,LOW_RISK_ESTABLISHED_ACCOUNT,,,phase3-v1
tx_0011163,2026-03-24 16:58:23,0,0.0001,LOW,APPROVE,0,HIGH_AMOUNT_ANOMALY,,,phase3-v1
tx_0019380,2026-03-24 17:03:04,0,0.0,LOW,APPROVE,0,LOW_RISK_ESTABLISHED_ACCOUNT,,,phase3-v1
tx_0025867,2026-03-24 17:03:55,0,0.0004,LOW,APPROVE,0,GRAPH_CONNECTED_USERS,,,phase3-v1
tx_0009734,2026-03-24 17:04:16,0,0.0,LOW,APPROVE,0,PROMO_ACTIVITY,,,phase3-v1
tx_0000575,2026-03-24 17:05:05,0,0.0,LOW,APPROVE,0,NEW_ACCOUNT,,,phase3-v1
tx_0017973,2026-03-24 17:09:24,0,0.0,LOW,APPROVE,0,LOW_RISK_ESTABLISHED_ACCOUNT,,,phase3-v1
tx_0004966,2026-03-24 17:15:37,0,0.0,LOW,APPROVE,0,LOW_RISK_ESTABLISHED_ACCOUNT,,,phase3-v1
tx_0002761,2026-03-24 17:15:39,0,0.0001,LOW,APPROVE,0,HIGH_AMOUNT_ANOMALY,,,phase3-v1
tx_0025414,2026-03-24 17:15:44,0,0.0001,LOW,APPROVE,0,GRAPH_MULTI_ENTITY_OVERLAP,GRAPH_SHARED_PAYMENT,GRAPH_SHARED_ADDRESS,phase3-v1
tx_0021848,2026-03-24 17:17:19,0,0.0,LOW,APPROVE,0,LOW_RISK_ESTABLISHED_ACCOUNT,,,phase3-v1
tx_0023013,2026-03-24 17:18:02,0,0.0001,LOW,APPROVE,0,GRAPH_CONNECTED_USERS,,,phase3-v1
tx_0023014,2026-03-24 17:20:43,0,0.0001,LOW,APPROVE,0,GRAPH_CONNECTED_USERS,HIGH_1H_VELOCITY,,phase3-v1
tx_0001841,2026-03-24 17:24:15,0,0.0,LOW,APPROVE,0,LOW_RISK_ESTABLISHED_ACCOUNT,,,phase3-v1
tx_0005753,2026-03-24 17:25:55,0,0.0,LOW,APPROVE,0,LOW_RISK_ESTABLISHED_ACCOUNT,,,phase3-v1
tx_0025619,2026-03-24 17:26:34,0,0.0001,LOW,APPROVE,0,GRAPH_MULTI_ENTITY_OVERLAP,GRAPH_SHARED_ADDRESS,GRAPH_CONNECTED_USERS,phase3-v1
tx_0012540,2026-03-24 17:27:16,0,0.0,LOW,APPROVE,0,LOW_RISK_ESTABLISHED_ACCOUNT,,,phase3-v1
tx_0018210,2026-03-24 17:27:22,0,0.0001,LOW,APPROVE,0,LOW_RISK_ESTABLISHED_ACCOUNT,,,phase3-v1
tx_0015638,2026-03-24 17:28:24,0,0.0,LOW,APPROVE,0,LOW_RISK_ESTABLISHED_ACCOUNT,,,phase3-v1
tx_0010395,2026-03-24 17:28:42,0,0.0,LOW,APPROVE,0,HIGH_AMOUNT_ANOMALY,,,phase3-v1
tx_0011820,2026-03-24 17:31:00,0,0.0001,LOW,APPROVE,0,LOW_RISK_ESTABLISHED_ACCOUNT,,,phase3-v1
tx_0018593,2026-03-24 17:33:42,0,0.0,LOW,APPROVE,0,LOW_RISK_ESTABLISHED_ACCOUNT,,,phase3-v1
tx_0007966,2026-03-24 17:35:13,0,0.0,LOW,APPROVE,0,LOW_RISK_ESTABLISHED_ACCOUNT,,,phase3-v1
tx_0023404,2026-03-24 17:35:53,0,0.0002,LOW,APPROVE,0,GRAPH_SHARED_ADDRESS,GRAPH_MULTI_ENTITY_OVERLAP,GRAPH_CONNECTED_USERS,phase3-v1
tx_0006232,2026-03-24 17:36:32,0,0.0,LOW,APPROVE,0,LOW_RISK_ESTABLISHED_ACCOUNT,,,phase3-v1
tx_0017056,2026-03-24 17:39:01,0,0.0001,LOW,APPROVE,0,LOW_RISK_ESTABLISHED_ACCOUNT,,,phase3-v1
tx_0011028,2026-03-24 17:39:55,0,0.0,LOW,APPROVE,0,LOW_RISK_ESTABLISHED_ACCOUNT,,,phase3-v1
tx_0008329,2026-03-24 17:40:23,0,0.0001,LOW,APPROVE,0,LOW_RISK_ESTABLISHED_ACCOUNT,,,phase3-v1
tx_0013706,2026-03-24 17:43:00,0,0.0001,LOW,APPROVE,0,LOW_RISK_ESTABLISHED_ACCOUNT,,,phase3-v1
tx_0022546,2026-03-24 17:43:07,0,0.0001,LOW,APPROVE,0,LOW_RISK_ESTABLISHED_ACCOUNT,,,phase3-v1
tx_0001965,2026-03-24 17:43:38,0,0.0,LOW,APPROVE,0,LOW_RISK_ESTABLISHED_ACCOUNT,,,phase3-v1
tx_0006080,2026-03-24 17:44:17,0,0.0,LOW,APPROVE,0,LOW_RISK_ESTABLISHED_ACCOUNT,,,phase3-v1
tx_0013814,2026-03-24 17:51:29,0,0.0048,LOW,APPROVE,0,NEW_ACCOUNT,,,phase3-v1
tx_0023010,2026-03-24 17:51:36,0,0.0007,LOW,APPROVE,0,GRAPH_CONNECTED_USERS,,,phase3-v1
tx_0018136,2026-03-24 17:55:34,0,0.0,LOW,APPROVE,0,LOW_RISK_ESTABLISHED_ACCOUNT,,,phase3-v1
tx_0019470,2026-03-24 17:56:03,0,0.0,LOW,APPROVE,0,LOW_RISK_ESTABLISHED_ACCOUNT,,,phase3-v1
tx_0013310,2026-03-24 17:57:46,0,0.0,LOW,APPROVE,0,LOW_RISK_ESTABLISHED_ACCOUNT,,,phase3-v1
tx_0018496,2026-03-24 17:58:32,0,0.0,LOW,APPROVE,0,LOW_RISK_ESTABLISHED_ACCOUNT,,,phase3-v1
tx_0018413,2026-03-24 18:00:46,0,0.0001,LOW,APPROVE,0,HIGH_AMOUNT_ANOMALY,,,phase3-v1
tx_0014740,2026-03-24 18:02:34,0,0.0001,LOW,APPROVE,0,LOW_RISK_ESTABLISHED_ACCOUNT,,,phase3-v1
tx_0013717,2026-03-24 18:03:59,0,0.0,LOW,APPROVE,0,LOW_RISK_ESTABLISHED_ACCOUNT,,,phase3-v1
tx_0024080,2026-03-24 18:04:13,0,0.0001,LOW,APPROVE,0,GRAPH_SHARED_ADDRESS,GRAPH_CONNECTED_USERS,HIGH_AMOUNT_ANOMALY,phase3-v1
tx_0020663,2026-03-24 18:07:14,0,0.0,LOW,APPROVE,0,LOW_RISK_ESTABLISHED_ACCOUNT,,,phase3-v1
tx_0020094,2026-03-24 18:08:01,0,0.0001,LOW,APPROVE,0,LOW_RISK_ESTABLISHED_ACCOUNT,,,phase3-v1
tx_0016594,2026-03-24 18:08:34,0,0.0,LOW,APPROVE,0,LOW_RISK_ESTABLISHED_ACCOUNT,,,phase3-v1
tx_0020334,2026-03-24 18:10:25,0,0.0001,LOW,APPROVE,0,LOW_RISK_ESTABLISHED_ACCOUNT,,,phase3-v1
tx_0024510,2026-03-24 18:11:06,0,0.0001,LOW,APPROVE,0,GRAPH_CONNECTED_USERS,,,phase3-v1
tx_0018327,2026-03-24 18:15:17,0,0.0,LOW,APPROVE,0,LOW_RISK_ESTABLISHED_ACCOUNT,,,phase3-v1
tx_0010572,2026-03-24 18:19:52,0,0.0,LOW,APPROVE,0,LOW_RISK_ESTABLISHED_ACCOUNT,,,phase3-v1
tx_0012014,2026-03-24 18:20:22,0,0.0,LOW,APPROVE,0,LOW_RISK_ESTABLISHED_ACCOUNT,,,phase3-v1
tx_0020159,2026-03-24 18:27:01,0,0.0,LOW,APPROVE,0,LOW_RISK_ESTABLISHED_ACCOUNT,,,phase3-v1
tx_0004541,2026-03-24 18:27:07,0,0.0,LOW,APPROVE,0,LOW_RISK_ESTABLISHED_ACCOUNT,,,phase3-v1
tx_0022124,2026-03-24 18:29:18,0,0.0,LOW,APPROVE,0,NEW_ACCOUNT,,,phase3-v1
tx_0022601,2026-03-24 18:30:24,0,0.0,LOW,APPROVE,0,LOW_RISK_ESTABLISHED_ACCOUNT,,,phase3-v1
tx_0022870,2026-03-24 18:31:00,0,0.0001,LOW,APPROVE,0,GRAPH_MULTI_ENTITY_OVERLAP,GRAPH_SHARED_PAYMENT,GRAPH_SHARED_ADDRESS,phase3-v1
tx_0007890,2026-03-24 18:35:49,0,0.0,LOW,APPROVE,0,LOW_RISK_ESTABLISHED_ACCOUNT,,,phase3-v1
tx_0003090,2026-03-24 18:37:22,0,0.0001,LOW,APPROVE,0,LOW_RISK_ESTABLISHED_ACCOUNT,,,phase3-v1
tx_0015293,2026-03-24 18:39:39,0,0.0032,LOW,APPROVE,0,NEW_ACCOUNT,,,phase3-v1
tx_0001510,2026-03-24 18:40:11,0,0.0001,LOW,APPROVE,0,LOW_RISK_ESTABLISHED_ACCOUNT,,,phase3-v1
tx_0003822,2026-03-24 18:43:08,0,0.0,LOW,APPROVE,0,LOW_RISK_ESTABLISHED_ACCOUNT,,,phase3-v1
tx_0003587,2026-03-24 18:45:17,0,0.0,LOW,APPROVE,0,LOW_RISK_ESTABLISHED_ACCOUNT,,,phase3-v1
tx_0011817,2026-03-24 18:46:39,0,0.0,LOW,APPROVE,0,LOW_RISK_ESTABLISHED_ACCOUNT,,,phase3-v1
tx_0023528,2026-03-24 18:46:39,0,0.0004,LOW,APPROVE,0,GRAPH_CONNECTED_USERS,,,phase3-v1
tx_0009017,2026-03-24 18:48:50,0,0.0001,LOW,APPROVE,0,LOW_RISK_ESTABLISHED_ACCOUNT,,,phase3-v1
tx_0022208,2026-03-24 18:50:07,0,0.0,LOW,APPROVE,0,LOW_RISK_ESTABLISHED_ACCOUNT,,,phase3-v1
tx_0002837,2026-03-24 18:52:00,0,0.0,LOW,APPROVE,0,LOW_RISK_ESTABLISHED_ACCOUNT,,,phase3-v1
tx_0024953,2026-03-24 18:52:32,0,0.0001,LOW,APPROVE,0,GRAPH_CONNECTED_USERS,,,phase3-v1
tx_0013818,2026-03-24 18:52:46,0,0.0033,LOW,APPROVE,0,NEW_ACCOUNT,HIGH_24H_VELOCITY,,phase3-v1
tx_0016988,2026-03-24 18:53:18,0,0.0001,LOW,APPROVE,0,LOW_RISK_ESTABLISHED_ACCOUNT,,,phase3-v1
tx_0004602,2026-03-24 18:53:32,0,0.0,LOW,APPROVE,0,LOW_RISK_ESTABLISHED_ACCOUNT,,,phase3-v1
tx_0025330,2026-03-24 18:56:27,0,0.0002,LOW,APPROVE,0,GRAPH_SHARED_ADDRESS,GRAPH_CONNECTED_USERS,GRAPH_MULTI_ENTITY_OVERLAP,phase3-v1
tx_0007739,2026-03-24 18:57:14,0,0.0,LOW,APPROVE,0,LOW_RISK_ESTABLISHED_ACCOUNT,,,phase3-v1
tx_0017011,2026-03-24 18:58:36,0,0.0001,LOW,APPROVE,0,PROMO_ACTIVITY,,,phase3-v1
tx_0008275,2026-03-24 19:02:06,0,0.0,LOW,APPROVE,0,LOW_RISK_ESTABLISHED_ACCOUNT,,,phase3-v1
tx_0021528,2026-03-24 19:08:13,0,0.0,LOW,APPROVE,0,LOW_RISK_ESTABLISHED_ACCOUNT,,,phase3-v1
tx_0025902,2026-03-24 19:08:38,0,0.0001,LOW,APPROVE,0,GRAPH_SHARED_ADDRESS,GRAPH_MULTI_ENTITY_OVERLAP,GRAPH_CONNECTED_USERS,phase3-v1
tx_0021205,2026-03-24 19:11:07,0,0.0,LOW,APPROVE,0,HIGH_AMOUNT_ANOMALY,,,phase3-v1
tx_0005956,2026-03-24 19:18:45,0,0.0,LOW,APPROVE,0,LOW_RISK_ESTABLISHED_ACCOUNT,,,phase3-v1
tx_0013252,2026-03-24 19:21:05,0,0.0,LOW,APPROVE,0,LOW_RISK_ESTABLISHED_ACCOUNT,,,phase3-v1
tx_0003421,2026-03-24 19:23:39,0,0.0,LOW,APPROVE,0,LOW_RISK_ESTABLISHED_ACCOUNT,,,phase3-v1
tx_0014011,2026-03-24 19:24:59,0,0.0,LOW,APPROVE,0,LOW_RISK_ESTABLISHED_ACCOUNT,,,phase3-v1
tx_0020061,2026-03-24 19:26:18,0,0.0,LOW,APPROVE,0,LOW_RISK_ESTABLISHED_ACCOUNT,,,phase3-v1
tx_0016486,2026-03-24 19:26:58,0,0.0,LOW,APPROVE,0,LOW_RISK_ESTABLISHED_ACCOUNT,,,phase3-v1
tx_0000511,2026-03-24 19:32:01,0,0.0,LOW,APPROVE,0,LOW_RISK_ESTABLISHED_ACCOUNT,,,phase3-v1
tx_0017009,2026-03-24 19:32:49,0,0.0,LOW,APPROVE,0,LOW_RISK_ESTABLISHED_ACCOUNT,,,phase3-v1
tx_0025212,2026-03-24 19:33:31,0,0.0004,LOW,APPROVE,0,GRAPH_CONNECTED_USERS,,,phase3-v1
tx_0007074,2026-03-24 19:33:44,0,0.0,LOW,APPROVE,0,LOW_RISK_ESTABLISHED_ACCOUNT,,,phase3-v1
tx_0016067,2026-03-24 19:35:14,0,0.0001,LOW,APPROVE,0,LOW_RISK_ESTABLISHED_ACCOUNT,,,phase3-v1
tx_0005422,2026-03-24 19:35:20,0,0.0,LOW,APPROVE,0,LOW_RISK_ESTABLISHED_ACCOUNT,,,phase3-v1
tx_0020784,2026-03-24 19:36:06,0,0.0001,LOW,APPROVE,0,LOW_RISK_ESTABLISHED_ACCOUNT,,,phase3-v1
tx_0018556,2026-03-24 19:38:50,0,0.0,LOW,APPROVE,0,LOW_RISK_ESTABLISHED_ACCOUNT,,,phase3-v1
tx_0002111,2026-03-24 19:43:49,0,0.0,LOW,APPROVE,0,LOW_RISK_ESTABLISHED_ACCOUNT,,,phase3-v1
tx_0004462,2026-03-24 19:44:17,0,0.0,LOW,APPROVE,0,LOW_RISK_ESTABLISHED_ACCOUNT,,,phase3-v1
tx_0019465,2026-03-24 19:44:53,0,0.0,LOW,APPROVE,0,LOW_RISK_ESTABLISHED_ACCOUNT,,,phase3-v1
tx_0013647,2026-03-24 19:44:53,0,0.0001,LOW,APPROVE,0,LOW_RISK_ESTABLISHED_ACCOUNT,,,phase3-v1
tx_0019270,2026-03-24 19:49:25,0,0.0,LOW,APPROVE,0,LOW_RISK_ESTABLISHED_ACCOUNT,,,phase3-v1
tx_0003719,2026-03-24 19:49:31,0,0.0001,LOW,APPROVE,0,LOW_RISK_ESTABLISHED_ACCOUNT,,,phase3-v1
tx_0016422,2026-03-24 19:50:26,0,0.0,LOW,APPROVE,0,LOW_RISK_ESTABLISHED_ACCOUNT,,,phase3-v1
tx_0005988,2026-03-24 19:51:43,0,0.0,LOW,APPROVE,0,HIGH_24H_VELOCITY,,,phase3-v1
tx_0000806,2026-03-24 19:52:22,0,0.0,LOW,APPROVE,0,LOW_RISK_ESTABLISHED_ACCOUNT,,,phase3-v1
tx_0023106,2026-03-24 19:52:49,0,0.0001,LOW,APPROVE,0,GRAPH_CONNECTED_USERS,,,phase3-v1
tx_0016799,2026-03-24 19:53:11,0,0.0,LOW,APPROVE,0,LOW_RISK_ESTABLISHED_ACCOUNT,,,phase3-v1
tx_0012887,2026-03-24 19:53:52,0,0.0,LOW,APPROVE,0,LOW_RISK_ESTABLISHED_ACCOUNT,,,phase3-v1
tx_0020247,2026-03-24 19:54:24,0,0.0001,LOW,APPROVE,0,LOW_RISK_ESTABLISHED_ACCOUNT,,,phase3-v1
tx_0013449,2026-03-24 19:56:12,0,0.0001,LOW,APPROVE,0,LOW_RISK_ESTABLISHED_ACCOUNT,,,phase3-v1
tx_0023582,2026-03-24 19:56:55,0,0.0001,LOW,APPROVE,0,GRAPH_SHARED_PAYMENT,GRAPH_MULTI_ENTITY_OVERLAP,GRAPH_SHARED_ADDRESS,phase3-v1
tx_0025509,2026-03-24 19:59:14,0,0.0001,LOW,APPROVE,0,GRAPH_SHARED_PAYMENT,GRAPH_MULTI_ENTITY_OVERLAP,GRAPH_SHARED_ADDRESS,phase3-v1
tx_0006258,2026-03-24 20:00:18,0,0.0001,LOW,APPROVE,0,LOW_RISK_ESTABLISHED_ACCOUNT,,,phase3-v1
tx_0017934,2026-03-24 20:03:17,0,0.0001,LOW,APPROVE,0,LOW_RISK_ESTABLISHED_ACCOUNT,,,phase3-v1
tx_0022890,2026-03-24 20:09:44,0,0.0002,LOW,APPROVE,0,GRAPH_MULTI_ENTITY_OVERLAP,GRAPH_SHARED_ADDRESS,,phase3-v1
tx_0019700,2026-03-24 20:14:51,0,0.0001,LOW,APPROVE,0,LOW_RISK_ESTABLISHED_ACCOUNT,,,phase3-v1
tx_0016092,2026-03-24 20:14:55,0,0.0001,LOW,APPROVE,0,LOW_RISK_ESTABLISHED_ACCOUNT,,,phase3-v1
tx_0019203,2026-03-24 20:21:43,0,0.0001,LOW,APPROVE,0,LOW_RISK_ESTABLISHED_ACCOUNT,,,phase3-v1
tx_0011813,2026-03-24 20:22:00,0,0.0001,LOW,APPROVE,0,LOW_RISK_ESTABLISHED_ACCOUNT,,,phase3-v1
tx_0019564,2026-03-24 20:22:14,0,0.0001,LOW,APPROVE,0,LOW_RISK_ESTABLISHED_ACCOUNT,,,phase3-v1
tx_0002194,2026-03-24 20:24:00,0,0.0001,LOW,APPROVE,0,LOW_RISK_ESTABLISHED_ACCOUNT,,,phase3-v1
tx_0008446,2026-03-24 20:24:28,0,0.0001,LOW,APPROVE,0,LOW_RISK_ESTABLISHED_ACCOUNT,,,phase3-v1
tx_0024229,2026-03-24 20:26:37,0,0.0002,LOW,APPROVE,0,GRAPH_SHARED_PAYMENT,GRAPH_SHARED_ADDRESS,GRAPH_MULTI_ENTITY_OVERLAP,phase3-v1
tx_0013846,2026-03-24 20:27:28,0,0.0002,LOW,APPROVE,0,HIGH_AMOUNT_ANOMALY,,,phase3-v1
tx_0023173,2026-03-24 20:29:15,0,0.0001,LOW,APPROVE,0,GRAPH_SHARED_ADDRESS,GRAPH_CONNECTED_USERS,GRAPH_MULTI_ENTITY_OVERLAP,phase3-v1
tx_0001473,2026-03-24 20:34:00,0,0.0001,LOW,APPROVE,0,LOW_RISK_ESTABLISHED_ACCOUNT,,,phase3-v1
tx_0024213,2026-03-24 20:36:17,0,0.0001,LOW,APPROVE,0,GRAPH_SHARED_PAYMENT,GRAPH_MULTI_ENTITY_OVERLAP,GRAPH_SHARED_ADDRESS,phase3-v1
tx_0013055,2026-03-24 20:37:04,0,0.0001,LOW,APPROVE,0,LOW_RISK_ESTABLISHED_ACCOUNT,,,phase3-v1
tx_0017810,2026-03-24 20:38:23,0,0.0001,LOW,APPROVE,0,LOW_RISK_ESTABLISHED_ACCOUNT,,,phase3-v1
tx_0001324,2026-03-24 20:40:01,0,0.0001,LOW,APPROVE,0,LOW_RISK_ESTABLISHED_ACCOUNT,,,phase3-v1
tx_0019642,2026-03-24 20:43:08,0,0.0001,LOW,APPROVE,0,LOW_RISK_ESTABLISHED_ACCOUNT,,,phase3-v1
tx_0019718,2026-03-24 20:45:10,0,0.0001,LOW,APPROVE,0,LOW_RISK_ESTABLISHED_ACCOUNT,,,phase3-v1
tx_0010355,2026-03-24 20:47:14,0,0.0001,LOW,APPROVE,0,LOW_RISK_ESTABLISHED_ACCOUNT,,,phase3-v1
tx_0018798,2026-03-24 20:48:21,0,0.0001,LOW,APPROVE,0,LOW_RISK_ESTABLISHED_ACCOUNT,,,phase3-v1
tx_0007177,2026-03-24 20:50:03,0,0.0001,LOW,APPROVE,0,LOW_RISK_ESTABLISHED_ACCOUNT,,,phase3-v1
tx_0005636,2026-03-24 20:52:59,0,0.0001,LOW,APPROVE,0,LOW_RISK_ESTABLISHED_ACCOUNT,,,phase3-v1
tx_0018793,2026-03-24 20:53:02,0,0.0001,LOW,APPROVE,0,LOW_RISK_ESTABLISHED_ACCOUNT,,,phase3-v1
tx_0025383,2026-03-24 20:53:54,0,0.0002,LOW,APPROVE,0,GRAPH_SHARED_PAYMENT,GRAPH_SHARED_ADDRESS,GRAPH_MULTI_ENTITY_OVERLAP,phase3-v1
tx_0011754,2026-03-24 20:56:08,0,0.0001,LOW,APPROVE,0,LOW_RISK_ESTABLISHED_ACCOUNT,,,phase3-v1
tx_0009427,2026-03-24 21:02:33,0,0.0001,LOW,APPROVE,0,LOW_RISK_ESTABLISHED_ACCOUNT,,,phase3-v1
tx_0001240,2026-03-24 21:04:29,0,0.0001,LOW,APPROVE,0,LOW_RISK_ESTABLISHED_ACCOUNT,,,phase3-v1
tx_0005638,2026-03-24 21:04:59,0,0.0001,LOW,APPROVE,0,HIGH_1H_VELOCITY,,,phase3-v1
tx_0022585,2026-03-24 21:06:07,0,0.0001,LOW,APPROVE,0,LOW_RISK_ESTABLISHED_ACCOUNT,,,phase3-v1
tx_0010044,2026-03-24 21:08:37,0,0.0001,LOW,APPROVE,0,LOW_RISK_ESTABLISHED_ACCOUNT,,,phase3-v1
tx_0002414,2026-03-24 21:13:22,0,0.0001,LOW,APPROVE,0,LOW_RISK_ESTABLISHED_ACCOUNT,,,phase3-v1
tx_0007328,2026-03-24 21:14:06,0,0.0004,LOW,APPROVE,0,NEW_ACCOUNT,,,phase3-v1
tx_0021527,2026-03-24 21:19:31,0,0.0001,LOW,APPROVE,0,LOW_RISK_ESTABLISHED_ACCOUNT,,,phase3-v1
tx_0021145,2026-03-24 21:24:25,0,0.0001,LOW,APPROVE,0,LOW_RISK_ESTABLISHED_ACCOUNT,,,phase3-v1
tx_0003529,2026-03-24 21:24:26,0,0.0001,LOW,APPROVE,0,LOW_RISK_ESTABLISHED_ACCOUNT,,,phase3-v1
tx_0011574,2026-03-24 21:25:13,0,0.0005,LOW,APPROVE,0,NEW_ACCOUNT,,,phase3-v1
tx_0023997,2026-03-24 21:27:12,0,0.0001,LOW,APPROVE,0,GRAPH_MULTI_ENTITY_OVERLAP,GRAPH_SHARED_PAYMENT,GRAPH_SHARED_ADDRESS,phase3-v1
tx_0007951,2026-03-24 21:29:38,0,0.0001,LOW,APPROVE,0,LOW_RISK_ESTABLISHED_ACCOUNT,,,phase3-v1
tx_0025421,2026-03-24 21:33:19,0,0.0005,LOW,APPROVE,0,GRAPH_CONNECTED_USERS,,,phase3-v1
tx_0001692,2026-03-24 21:34:09,0,0.0001,LOW,APPROVE,0,LOW_RISK_ESTABLISHED_ACCOUNT,,,phase3-v1
tx_0018944,2026-03-24 21:34:40,0,0.0001,LOW,APPROVE,0,LOW_RISK_ESTABLISHED_ACCOUNT,,,phase3-v1
tx_0005903,2026-03-24 21:34:52,0,0.0001,LOW,APPROVE,0,LOW_RISK_ESTABLISHED_ACCOUNT,,,phase3-v1
tx_0008522,2026-03-24 21:35:42,0,0.0001,LOW,APPROVE,0,LOW_RISK_ESTABLISHED_ACCOUNT,,,phase3-v1
tx_0022151,2026-03-24 21:40:28,0,0.0001,LOW,APPROVE,0,HIGH_AMOUNT_ANOMALY,,,phase3-v1
tx_0017385,2026-03-24 21:40:50,0,0.0001,LOW,APPROVE,0,LOW_RISK_ESTABLISHED_ACCOUNT,,,phase3-v1
tx_0005235,2026-03-24 21:46:14,0,0.0001,LOW,APPROVE,0,PROMO_ACTIVITY,,,phase3-v1
tx_0009246,2026-03-24 21:49:57,0,0.0001,LOW,APPROVE,0,LOW_RISK_ESTABLISHED_ACCOUNT,,,phase3-v1
tx_0021911,2026-03-24 21:52:22,0,0.0001,LOW,APPROVE,0,LOW_RISK_ESTABLISHED_ACCOUNT,,,phase3-v1
tx_0001224,2026-03-24 21:53:15,0,0.0001,LOW,APPROVE,0,LOW_RISK_ESTABLISHED_ACCOUNT,,,phase3-v1
tx_0010813,2026-03-24 21:57:57,0,0.0001,LOW,APPROVE,0,LOW_RISK_ESTABLISHED_ACCOUNT,,,phase3-v1
tx_0020570,2026-03-24 21:58:08,0,0.0001,LOW,APPROVE,0,LOW_RISK_ESTABLISHED_ACCOUNT,,,phase3-v1
tx_0005421,2026-03-24 21:59:23,0,0.0001,LOW,APPROVE,0,LOW_RISK_ESTABLISHED_ACCOUNT,,,phase3-v1
tx_0013377,2026-03-24 22:01:32,0,0.0001,LOW,APPROVE,0,LOW_RISK_ESTABLISHED_ACCOUNT,,,phase3-v1
tx_0002356,2026-03-24 22:02:27,0,0.0001,LOW,APPROVE,0,LOW_RISK_ESTABLISHED_ACCOUNT,,,phase3-v1
tx_0006669,2026-03-24 22:08:38,0,0.0001,LOW,APPROVE,0,LOW_RISK_ESTABLISHED_ACCOUNT,,,phase3-v1
tx_0021978,2026-03-24 22:09:38,0,0.0001,LOW,APPROVE,0,HIGH_AMOUNT_ANOMALY,,,phase3-v1
tx_0009664,2026-03-24 22:10:42,0,0.0001,LOW,APPROVE,0,LOW_RISK_ESTABLISHED_ACCOUNT,,,phase3-v1
tx_0015414,2026-03-24 22:18:46,0,0.0001,LOW,APPROVE,0,LOW_RISK_ESTABLISHED_ACCOUNT,,,phase3-v1
tx_0011849,2026-03-24 22:23:38,0,0.0001,LOW,APPROVE,0,LOW_RISK_ESTABLISHED_ACCOUNT,,,phase3-v1
tx_0006762,2026-03-24 22:27:40,0,0.0001,LOW,APPROVE,0,LOW_RISK_ESTABLISHED_ACCOUNT,,,phase3-v1
tx_0004027,2026-03-24 22:33:29,0,0.0001,LOW,APPROVE,0,LOW_RISK_ESTABLISHED_ACCOUNT,,,phase3-v1
tx_0001218,2026-03-24 22:35:02,0,0.0002,LOW,APPROVE,0,HIGH_1H_VELOCITY,,,phase3-v1
tx_0022583,2026-03-24 22:35:43,0,0.0001,LOW,APPROVE,0,LOW_RISK_ESTABLISHED_ACCOUNT,,,phase3-v1
tx_0017972,2026-03-24 22:37:18,0,0.0001,LOW,APPROVE,0,LOW_RISK_ESTABLISHED_ACCOUNT,,,phase3-v1
tx_0009925,2026-03-24 22:45:28,0,0.0001,LOW,APPROVE,0,LOW_RISK_ESTABLISHED_ACCOUNT,,,phase3-v1
tx_0016867,2026-03-24 22:46:03,0,0.0001,LOW,APPROVE,0,LOW_RISK_ESTABLISHED_ACCOUNT,,,phase3-v1
tx_0002536,2026-03-24 22:46:47,0,0.0001,LOW,APPROVE,0,LOW_RISK_ESTABLISHED_ACCOUNT,,,phase3-v1
tx_0011082,2026-03-24 22:51:33,0,0.0001,LOW,APPROVE,0,LOW_RISK_ESTABLISHED_ACCOUNT,,,phase3-v1
tx_0009656,2026-03-24 22:54:45,0,0.0001,LOW,APPROVE,0,LOW_RISK_ESTABLISHED_ACCOUNT,,,phase3-v1
tx_0022424,2026-03-24 22:55:09,0,0.0001,LOW,APPROVE,0,LOW_RISK_ESTABLISHED_ACCOUNT,,,phase3-v1
tx_0025975,2026-03-24 22:55:12,0,0.0001,LOW,APPROVE,0,GRAPH_SHARED_PAYMENT,GRAPH_MULTI_ENTITY_OVERLAP,GRAPH_SHARED_ADDRESS,phase3-v1
tx_0012502,2026-03-24 22:56:10,0,0.0001,LOW,APPROVE,0,LOW_RISK_ESTABLISHED_ACCOUNT,,,phase3-v1
tx_0018016,2026-03-24 22:58:23,0,0.0001,LOW,APPROVE,0,HIGH_AMOUNT_ANOMALY,,,phase3-v1
tx_0018596,2026-03-24 23:03:44,0,0.0001,LOW,APPROVE,0,LOW_RISK_ESTABLISHED_ACCOUNT,,,phase3-v1
tx_0004169,2026-03-24 23:14:13,0,0.0001,LOW,APPROVE,0,LOW_RISK_ESTABLISHED_ACCOUNT,,,phase3-v1
tx_0021087,2026-03-24 23:17:36,0,0.0001,LOW,APPROVE,0,LOW_RISK_ESTABLISHED_ACCOUNT,,,phase3-v1
tx_0011345,2026-03-24 23:19:38,0,0.0001,LOW,APPROVE,0,LOW_RISK_ESTABLISHED_ACCOUNT,,,phase3-v1
tx_0021962,2026-03-24 23:31:05,0,0.0001,LOW,APPROVE,0,LOW_RISK_ESTABLISHED_ACCOUNT,,,phase3-v1
tx_0016083,2026-03-24 23:33:03,0,0.0012,LOW,APPROVE,0,NEW_ACCOUNT,PROMO_ACTIVITY,,phase3-v1
tx_0005994,2026-03-24 23:41:09,0,0.0002,LOW,APPROVE,0,HIGH_AMOUNT_ANOMALY,,,phase3-v1
tx_0004569,2026-03-24 23:43:03,0,0.0001,LOW,APPROVE,0,LOW_RISK_ESTABLISHED_ACCOUNT,,,phase3-v1
tx_0024267,2026-03-24 23:47:35,0,0.0001,LOW,APPROVE,0,GRAPH_CONNECTED_USERS,,,phase3-v1
tx_0004484,2026-03-24 23:48:12,0,0.0002,LOW,APPROVE,0,HIGH_AMOUNT_ANOMALY,,,phase3-v1
tx_0017401,2026-03-24 23:55:35,0,0.0001,LOW,APPROVE,0,LOW_RISK_ESTABLISHED_ACCOUNT,,,phase3-v1
tx_0007320,2026-03-25 00:20:22,0,0.2361,LOW,APPROVE,0,NEW_ACCOUNT,,,phase3-v1
tx_0005045,2026-03-25 00:57:23,0,0.0002,LOW,APPROVE,0,LOW_RISK_ESTABLISHED_ACCOUNT,,,phase3-v1
tx_0018652,2026-03-25 01:09:37,0,0.0001,LOW,APPROVE,0,OFF_HOURS_ACTIVITY,,,phase3-v1
tx_0025714,2026-03-25 01:29:11,0,0.0007,LOW,APPROVE,0,GRAPH_CONNECTED_USERS,OFF_HOURS_ACTIVITY,,phase3-v1
tx_0014773,2026-03-25 01:31:48,0,0.0001,LOW,APPROVE,0,OFF_HOURS_ACTIVITY,,,phase3-v1
tx_0023006,2026-03-25 01:37:46,0,0.0008,LOW,APPROVE,0,GRAPH_CONNECTED_USERS,OFF_HOURS_ACTIVITY,,phase3-v1
tx_0020757,2026-03-25 01:42:48,0,0.0001,LOW,APPROVE,0,OFF_HOURS_ACTIVITY,,,phase3-v1
tx_0005549,2026-03-25 01:49:42,0,0.0002,LOW,APPROVE,0,OFF_HOURS_ACTIVITY,,,phase3-v1
tx_0021639,2026-03-25 02:30:51,0,0.0001,LOW,APPROVE,0,OFF_HOURS_ACTIVITY,,,phase3-v1
tx_0009863,2026-03-25 02:44:40,0,0.0001,LOW,APPROVE,0,OFF_HOURS_ACTIVITY,,,phase3-v1
tx_0017460,2026-03-25 02:53:07,0,0.0001,LOW,APPROVE,0,OFF_HOURS_ACTIVITY,,,phase3-v1
tx_0012549,2026-03-25 03:37:01,0,0.0003,LOW,APPROVE,0,OFF_HOURS_ACTIVITY,,,phase3-v1
tx_0010458,2026-03-25 03:40:31,0,0.0005,LOW,APPROVE,0,NEW_ACCOUNT,OFF_HOURS_ACTIVITY,,phase3-v1
tx_0009650,2026-03-25 03:46:51,0,0.0001,LOW,APPROVE,0,OFF_HOURS_ACTIVITY,,,phase3-v1
tx_0010091,2026-03-25 03:52:33,0,0.0001,LOW,APPROVE,0,OFF_HOURS_ACTIVITY,,,phase3-v1
tx_0019416,2026-03-25 03:59:24,0,0.0001,LOW,APPROVE,0,OFF_HOURS_ACTIVITY,,,phase3-v1
tx_0012197,2026-03-25 04:09:21,0,0.0001,LOW,APPROVE,0,HIGH_AMOUNT_ANOMALY,OFF_HOURS_ACTIVITY,,phase3-v1
tx_0017314,2026-03-25 04:56:49,0,0.0001,LOW,APPROVE,0,OFF_HOURS_ACTIVITY,,,phase3-v1
tx_0020137,2026-03-25 05:53:10,0,0.0,LOW,APPROVE,0,OFF_HOURS_ACTIVITY,,,phase3-v1
tx_0009287,2026-03-25 06:04:06,0,0.0,LOW,APPROVE,0,LOW_RISK_ESTABLISHED_ACCOUNT,,,phase3-v1
tx_0001730,2026-03-25 06:10:09,0,0.2827,LOW,APPROVE,0,NEW_ACCOUNT,,,phase3-v1
tx_0013054,2026-03-25 06:26:18,0,0.0001,LOW,APPROVE,0,LOW_RISK_ESTABLISHED_ACCOUNT,,,phase3-v1
tx_0016104,2026-03-25 06:31:00,0,0.0001,LOW,APPROVE,0,LOW_RISK_ESTABLISHED_ACCOUNT,,,phase3-v1
tx_0010745,2026-03-25 06:38:36,0,0.0001,LOW,APPROVE,0,LOW_RISK_ESTABLISHED_ACCOUNT,,,phase3-v1
tx_0012815,2026-03-25 06:38:49,0,0.0001,LOW,APPROVE,0,LOW_RISK_ESTABLISHED_ACCOUNT,,,phase3-v1
tx_0002612,2026-03-25 07:00:09,0,0.0,LOW,APPROVE,0,LOW_RISK_ESTABLISHED_ACCOUNT,,,phase3-v1
tx_0008112,2026-03-25 07:00:52,0,0.0,LOW,APPROVE,0,LOW_RISK_ESTABLISHED_ACCOUNT,,,phase3-v1
tx_0005877,2026-03-25 07:03:59,0,0.0,LOW,APPROVE,0,LOW_RISK_ESTABLISHED_ACCOUNT,,,phase3-v1
tx_0016256,2026-03-25 07:10:46,0,0.0001,LOW,APPROVE,0,LOW_RISK_ESTABLISHED_ACCOUNT,,,phase3-v1
tx_0000278,2026-03-25 07:12:06,0,0.0,LOW,APPROVE,0,LOW_RISK_ESTABLISHED_ACCOUNT,,,phase3-v1
tx_0019213,2026-03-25 07:13:17,0,0.0,LOW,APPROVE,0,LOW_RISK_ESTABLISHED_ACCOUNT,,,phase3-v1
tx_0000994,2026-03-25 07:15:03,0,0.0001,LOW,APPROVE,0,LOW_RISK_ESTABLISHED_ACCOUNT,,,phase3-v1
tx_0013614,2026-03-25 07:16:34,0,0.0,LOW,APPROVE,0,LOW_RISK_ESTABLISHED_ACCOUNT,,,phase3-v1
tx_0009565,2026-03-25 07:22:31,0,0.0,LOW,APPROVE,0,LOW_RISK_ESTABLISHED_ACCOUNT,,,phase3-v1
tx_0006794,2026-03-25 07:25:01,0,0.0001,LOW,APPROVE,0,LOW_RISK_ESTABLISHED_ACCOUNT,,,phase3-v1
tx_0015106,2026-03-25 07:31:03,0,0.0,LOW,APPROVE,0,LOW_RISK_ESTABLISHED_ACCOUNT,,,phase3-v1
tx_0008572,2026-03-25 07:32:58,0,0.0,LOW,APPROVE,0,LOW_RISK_ESTABLISHED_ACCOUNT,,,phase3-v1
tx_0020490,2026-03-25 07:38:41,0,0.0,LOW,APPROVE,0,NEW_ACCOUNT,,,phase3-v1
tx_0006703,2026-03-25 07:42:43,0,0.0,LOW,APPROVE,0,LOW_RISK_ESTABLISHED_ACCOUNT,,,phase3-v1
tx_0017949,2026-03-25 07:44:49,0,0.0,LOW,APPROVE,0,LOW_RISK_ESTABLISHED_ACCOUNT,,,phase3-v1
tx_0014761,2026-03-25 07:48:28,0,0.0,LOW,APPROVE,0,LOW_RISK_ESTABLISHED_ACCOUNT,,,phase3-v1
tx_0006044,2026-03-25 08:00:30,0,0.0,LOW,APPROVE,0,LOW_RISK_ESTABLISHED_ACCOUNT,,,phase3-v1
tx_0007024,2026-03-25 08:07:15,0,0.0,LOW,APPROVE,0,LOW_RISK_ESTABLISHED_ACCOUNT,,,phase3-v1
tx_0007450,2026-03-25 08:09:40,0,0.4131,LOW,APPROVE,0,NEW_ACCOUNT,,,phase3-v1
tx_0022363,2026-03-25 08:12:22,0,0.0,LOW,APPROVE,0,LOW_RISK_ESTABLISHED_ACCOUNT,,,phase3-v1
tx_0000508,2026-03-25 08:17:28,0,0.0,LOW,APPROVE,0,LOW_RISK_ESTABLISHED_ACCOUNT,,,phase3-v1
tx_0007960,2026-03-25 08:19:03,0,0.0,LOW,APPROVE,0,HIGH_24H_VELOCITY,,,phase3-v1
tx_0002891,2026-03-25 08:23:51,0,0.0,LOW,APPROVE,0,LOW_RISK_ESTABLISHED_ACCOUNT,,,phase3-v1
tx_0022226,2026-03-25 08:27:04,0,0.0001,LOW,APPROVE,0,HIGH_AMOUNT_ANOMALY,PROMO_ACTIVITY,,phase3-v1
tx_0018320,2026-03-25 08:29:48,0,0.0001,LOW,APPROVE,0,LOW_RISK_ESTABLISHED_ACCOUNT,,,phase3-v1
tx_0007241,2026-03-25 08:34:35,0,0.0,LOW,APPROVE,0,LOW_RISK_ESTABLISHED_ACCOUNT,,,phase3-v1
tx_0010496,2026-03-25 08:36:19,0,0.0,LOW,APPROVE,0,LOW_RISK_ESTABLISHED_ACCOUNT,,,phase3-v1
tx_0021917,2026-03-25 08:39:27,0,0.0001,LOW,APPROVE,0,LOW_RISK_ESTABLISHED_ACCOUNT,,,phase3-v1
tx_0019625,2026-03-25 08:43:13,0,0.0,LOW,APPROVE,0,LOW_RISK_ESTABLISHED_ACCOUNT,,,phase3-v1
tx_0014720,2026-03-25 08:48:59,0,0.0001,LOW,APPROVE,0,LOW_RISK_ESTABLISHED_ACCOUNT,,,phase3-v1
tx_0011221,2026-03-25 08:48:59,0,0.0,LOW,APPROVE,0,HIGH_AMOUNT_ANOMALY,,,phase3-v1
tx_0022558,2026-03-25 08:49:50,0,0.0001,LOW,APPROVE,0,PROMO_ACTIVITY,,,phase3-v1
tx_0022692,2026-03-25 08:50:41,0,0.0004,LOW,APPROVE,0,GRAPH_CONNECTED_USERS,,,phase3-v1
tx_0015838,2026-03-25 08:53:14,0,0.0,LOW,APPROVE,0,LOW_RISK_ESTABLISHED_ACCOUNT,,,phase3-v1
tx_0017551,2026-03-25 08:56:18,0,0.0001,LOW,APPROVE,0,LOW_RISK_ESTABLISHED_ACCOUNT,,,phase3-v1
tx_0018761,2026-03-25 08:57:57,0,0.0001,LOW,APPROVE,0,LOW_RISK_ESTABLISHED_ACCOUNT,,,phase3-v1
tx_0002237,2026-03-25 08:58:40,0,0.0001,LOW,APPROVE,0,LOW_RISK_ESTABLISHED_ACCOUNT,,,phase3-v1
tx_0004196,2026-03-25 09:00:33,0,0.0,LOW,APPROVE,0,LOW_RISK_ESTABLISHED_ACCOUNT,,,phase3-v1
tx_0025238,2026-03-25 09:01:30,0,0.0025,LOW,APPROVE,0,GRAPH_SHARED_DEVICE,GRAPH_SHARED_PAYMENT,GRAPH_SHARED_ADDRESS,phase3-v1
tx_0019799,2026-03-25 09:04:02,0,0.0001,LOW,APPROVE,0,LOW_RISK_ESTABLISHED_ACCOUNT,,,phase3-v1
tx_0003620,2026-03-25 09:05:42,0,0.0001,LOW,APPROVE,0,LOW_RISK_ESTABLISHED_ACCOUNT,,,phase3-v1
tx_0010187,2026-03-25 09:12:45,0,0.0002,LOW,APPROVE,0,HIGH_AMOUNT_ANOMALY,,,phase3-v1
tx_0005639,2026-03-25 09:19:34,0,0.0,LOW,APPROVE,0,HIGH_24H_VELOCITY,,,phase3-v1
tx_0011871,2026-03-25 09:21:47,0,0.0,LOW,APPROVE,0,HIGH_AMOUNT_ANOMALY,,,phase3-v1
tx_0021471,2026-03-25 09:23:43,0,0.0,LOW,APPROVE,0,LOW_RISK_ESTABLISHED_ACCOUNT,,,phase3-v1
tx_0016028,2026-03-25 09:24:22,0,0.0,LOW,APPROVE,0,LOW_RISK_ESTABLISHED_ACCOUNT,,,phase3-v1
tx_0002623,2026-03-25 09:27:43,0,0.0002,LOW,APPROVE,0,LOW_RISK_ESTABLISHED_ACCOUNT,,,phase3-v1
tx_0002258,2026-03-25 09:32:22,0,0.0001,LOW,APPROVE,0,LOW_RISK_ESTABLISHED_ACCOUNT,,,phase3-v1
tx_0011347,2026-03-25 09:36:11,0,0.0,LOW,APPROVE,0,LOW_RISK_ESTABLISHED_ACCOUNT,,,phase3-v1
tx_0005252,2026-03-25 09:38:51,0,0.0,LOW,APPROVE,0,LOW_RISK_ESTABLISHED_ACCOUNT,,,phase3-v1
tx_0001248,2026-03-25 09:39:38,0,0.0,LOW,APPROVE,0,LOW_RISK_ESTABLISHED_ACCOUNT,,,phase3-v1
tx_0011112,2026-03-25 09:40:42,0,0.0,LOW,APPROVE,0,LOW_RISK_ESTABLISHED_ACCOUNT,,,phase3-v1
tx_0004123,2026-03-25 09:45:22,0,0.0,LOW,APPROVE,0,LOW_RISK_ESTABLISHED_ACCOUNT,,,phase3-v1
tx_0018123,2026-03-25 09:49:16,0,0.0001,LOW,APPROVE,0,LOW_RISK_ESTABLISHED_ACCOUNT,,,phase3-v1
tx_0014754,2026-03-25 09:50:09,0,0.0,LOW,APPROVE,0,HIGH_24H_VELOCITY,,,phase3-v1
tx_0025134,2026-03-25 09:56:22,0,0.0001,LOW,APPROVE,0,GRAPH_MULTI_ENTITY_OVERLAP,GRAPH_SHARED_ADDRESS,GRAPH_CONNECTED_USERS,phase3-v1
tx_0007324,2026-03-25 09:57:23,0,0.0876,LOW,APPROVE,0,NEW_ACCOUNT,HIGH_24H_VELOCITY,PROMO_ACTIVITY,phase3-v1
tx_0023884,2026-03-25 09:58:51,0,0.0001,LOW,APPROVE,0,GRAPH_MULTI_ENTITY_OVERLAP,GRAPH_SHARED_ADDRESS,,phase3-v1
tx_0008945,2026-03-25 10:01:24,0,0.0,LOW,APPROVE,0,LOW_RISK_ESTABLISHED_ACCOUNT,,,phase3-v1
tx_0015078,2026-03-25 10:02:44,0,0.0001,LOW,APPROVE,0,LOW_RISK_ESTABLISHED_ACCOUNT,,,phase3-v1
tx_0024736,2026-03-25 10:02:54,0,0.0001,LOW,APPROVE,0,GRAPH_CONNECTED_USERS,,,phase3-v1
tx_0019011,2026-03-25 10:03:04,0,0.0,LOW,APPROVE,0,LOW_RISK_ESTABLISHED_ACCOUNT,,,phase3-v1
tx_0019449,2026-03-25 10:12:41,0,0.0,LOW,APPROVE,0,LOW_RISK_ESTABLISHED_ACCOUNT,,,phase3-v1
tx_0004905,2026-03-25 10:16:04,0,0.0,LOW,APPROVE,0,LOW_RISK_ESTABLISHED_ACCOUNT,,,phase3-v1
tx_0010367,2026-03-25 10:16:07,0,0.0,LOW,APPROVE,0,LOW_RISK_ESTABLISHED_ACCOUNT,,,phase3-v1
tx_0024856,2026-03-25 10:17:49,0,0.0004,LOW,APPROVE,0,GRAPH_CONNECTED_USERS,,,phase3-v1
tx_0023667,2026-03-25 10:29:57,0,0.0006,LOW,APPROVE,0,GRAPH_CONNECTED_USERS,,,phase3-v1
tx_0020870,2026-03-25 10:30:04,0,0.0001,LOW,APPROVE,0,HIGH_AMOUNT_ANOMALY,,,phase3-v1
tx_0000821,2026-03-25 10:33:34,0,0.0,LOW,APPROVE,0,LOW_RISK_ESTABLISHED_ACCOUNT,,,phase3-v1
tx_0010115,2026-03-25 10:36:06,0,0.0,LOW,APPROVE,0,LOW_RISK_ESTABLISHED_ACCOUNT,,,phase3-v1
tx_0012777,2026-03-25 10:36:29,0,0.0,LOW,APPROVE,0,LOW_RISK_ESTABLISHED_ACCOUNT,,,phase3-v1
tx_0005236,2026-03-25 10:44:44,0,0.0,LOW,APPROVE,0,LOW_RISK_ESTABLISHED_ACCOUNT,,,phase3-v1
tx_0024129,2026-03-25 10:45:48,0,0.0001,LOW,APPROVE,0,GRAPH_CONNECTED_USERS,,,phase3-v1
tx_0022046,2026-03-25 10:50:28,0,0.0001,LOW,APPROVE,0,LOW_RISK_ESTABLISHED_ACCOUNT,,,phase3-v1
tx_0020192,2026-03-25 10:50:30,0,0.0,LOW,APPROVE,0,LOW_RISK_ESTABLISHED_ACCOUNT,,,phase3-v1
tx_0001877,2026-03-25 10:50:39,0,0.0,LOW,APPROVE,0,LOW_RISK_ESTABLISHED_ACCOUNT,,,phase3-v1
tx_0003780,2026-03-25 10:53:28,0,0.0,LOW,APPROVE,0,LOW_RISK_ESTABLISHED_ACCOUNT,,,phase3-v1
tx_0018623,2026-03-25 10:56:47,0,0.0,LOW,APPROVE,0,LOW_RISK_ESTABLISHED_ACCOUNT,,,phase3-v1
tx_0011743,2026-03-25 10:57:15,0,0.0,LOW,APPROVE,0,LOW_RISK_ESTABLISHED_ACCOUNT,,,phase3-v1
tx_0002067,2026-03-25 10:58:13,0,0.0,LOW,APPROVE,0,LOW_RISK_ESTABLISHED_ACCOUNT,,,phase3-v1
tx_0015803,2026-03-25 10:58:31,0,0.0,LOW,APPROVE,0,LOW_RISK_ESTABLISHED_ACCOUNT,,,phase3-v1
tx_0020333,2026-03-25 11:00:19,0,0.0001,LOW,APPROVE,0,LOW_RISK_ESTABLISHED_ACCOUNT,,,phase3-v1
tx_0022128,2026-03-25 11:00:48,0,0.0,LOW,APPROVE,0,LOW_RISK_ESTABLISHED_ACCOUNT,,,phase3-v1
tx_0019784,2026-03-25 11:08:48,0,0.0,LOW,APPROVE,0,LOW_RISK_ESTABLISHED_ACCOUNT,,,phase3-v1
tx_0002644,2026-03-25 11:09:07,0,0.0,LOW,APPROVE,0,LOW_RISK_ESTABLISHED_ACCOUNT,,,phase3-v1
tx_0005096,2026-03-25 11:10:55,0,0.0001,LOW,APPROVE,0,LOW_RISK_ESTABLISHED_ACCOUNT,,,phase3-v1
tx_0020631,2026-03-25 11:13:38,0,0.0,LOW,APPROVE,0,LOW_RISK_ESTABLISHED_ACCOUNT,,,phase3-v1
tx_0014808,2026-03-25 11:15:07,0,0.0001,LOW,APPROVE,0,LOW_RISK_ESTABLISHED_ACCOUNT,,,phase3-v1
tx_0008103,2026-03-25 11:19:40,0,0.0001,LOW,APPROVE,0,LOW_RISK_ESTABLISHED_ACCOUNT,,,phase3-v1
tx_0002465,2026-03-25 11:20:38,0,0.0,LOW,APPROVE,0,LOW_RISK_ESTABLISHED_ACCOUNT,,,phase3-v1
tx_0003105,2026-03-25 11:20:47,0,0.0,LOW,APPROVE,0,LOW_RISK_ESTABLISHED_ACCOUNT,,,phase3-v1
tx_0005530,2026-03-25 11:22:41,0,0.0,LOW,APPROVE,0,LOW_RISK_ESTABLISHED_ACCOUNT,,,phase3-v1
tx_0001811,2026-03-25 11:24:40,0,0.0,LOW,APPROVE,0,LOW_RISK_ESTABLISHED_ACCOUNT,,,phase3-v1
tx_0010913,2026-03-25 11:24:41,0,0.0,LOW,APPROVE,0,LOW_RISK_ESTABLISHED_ACCOUNT,,,phase3-v1
tx_0013274,2026-03-25 11:32:21,0,0.0,LOW,APPROVE,0,LOW_RISK_ESTABLISHED_ACCOUNT,,,phase3-v1
tx_0007093,2026-03-25 11:33:22,0,0.0,LOW,APPROVE,0,LOW_RISK_ESTABLISHED_ACCOUNT,,,phase3-v1
tx_0002562,2026-03-25 11:35:45,0,0.0001,LOW,APPROVE,0,HIGH_AMOUNT_ANOMALY,,,phase3-v1
tx_0021168,2026-03-25 11:39:24,0,0.001,LOW,APPROVE,0,NEW_ACCOUNT,PROMO_ACTIVITY,,phase3-v1
tx_0003783,2026-03-25 11:41:48,0,0.0001,LOW,APPROVE,0,HIGH_1H_VELOCITY,,,phase3-v1
tx_0019387,2026-03-25 11:46:37,0,0.0,LOW,APPROVE,0,LOW_RISK_ESTABLISHED_ACCOUNT,,,phase3-v1
tx_0000574,2026-03-25 11:47:29,0,0.0012,LOW,APPROVE,0,HIGH_AMOUNT_ANOMALY,NEW_ACCOUNT,,phase3-v1
tx_0001420,2026-03-25 11:48:22,0,0.0,LOW,APPROVE,0,LOW_RISK_ESTABLISHED_ACCOUNT,,,phase3-v1
tx_0023478,2026-03-25 11:49:39,0,0.0001,LOW,APPROVE,0,GRAPH_CONNECTED_USERS,,,phase3-v1
tx_0009058,2026-03-25 11:51:25,0,0.0,LOW,APPROVE,0,LOW_RISK_ESTABLISHED_ACCOUNT,,,phase3-v1
tx_0016002,2026-03-25 11:52:02,0,0.0415,LOW,APPROVE,0,NEW_ACCOUNT,,,phase3-v1
tx_0020686,2026-03-25 11:54:51,0,0.0,LOW,APPROVE,0,LOW_RISK_ESTABLISHED_ACCOUNT,,,phase3-v1
tx_0015108,2026-03-25 11:54:55,0,0.0001,LOW,APPROVE,0,LOW_RISK_ESTABLISHED_ACCOUNT,,,phase3-v1
tx_0020440,2026-03-25 11:55:47,0,0.0,LOW,APPROVE,0,LOW_RISK_ESTABLISHED_ACCOUNT,,,phase3-v1
tx_0024389,2026-03-25 11:56:28,0,0.0001,LOW,APPROVE,0,GRAPH_MULTI_ENTITY_OVERLAP,GRAPH_SHARED_ADDRESS,GRAPH_CONNECTED_USERS,phase3-v1
tx_0015070,2026-03-25 11:58:11,0,0.0,LOW,APPROVE,0,LOW_RISK_ESTABLISHED_ACCOUNT,,,phase3-v1
tx_0006358,2026-03-25 11:59:06,0,0.0,LOW,APPROVE,0,LOW_RISK_ESTABLISHED_ACCOUNT,,,phase3-v1
tx_0003995,2026-03-25 11:59:58,0,0.0001,LOW,APPROVE,0,LOW_RISK_ESTABLISHED_ACCOUNT,,,phase3-v1
tx_0023682,2026-03-25 12:00:08,0,0.0005,LOW,APPROVE,0,GRAPH_CONNECTED_USERS,,,phase3-v1
tx_0012171,2026-03-25 12:00:22,0,0.0,LOW,APPROVE,0,LOW_RISK_ESTABLISHED_ACCOUNT,,,phase3-v1
tx_0009605,2026-03-25 12:00:42,0,0.0,LOW,APPROVE,0,LOW_RISK_ESTABLISHED_ACCOUNT,,,phase3-v1
tx_0017630,2026-03-25 12:02:43,0,0.0,LOW,APPROVE,0,LOW_RISK_ESTABLISHED_ACCOUNT,,,phase3-v1
tx_0025709,2026-03-25 12:02:58,0,0.0003,LOW,APPROVE,0,GRAPH_CONNECTED_USERS,,,phase3-v1
tx_0003125,2026-03-25 12:08:59,0,0.0001,LOW,APPROVE,0,LOW_RISK_ESTABLISHED_ACCOUNT,,,phase3-v1
tx_0023302,2026-03-25 12:10:05,0,0.0004,LOW,APPROVE,0,GRAPH_CONNECTED_USERS,,,phase3-v1
tx_0025472,2026-03-25 12:12:06,0,0.0001,LOW,APPROVE,0,GRAPH_SHARED_ADDRESS,GRAPH_MULTI_ENTITY_OVERLAP,GRAPH_CONNECTED_USERS,phase3-v1
tx_0025964,2026-03-25 12:14:24,0,0.0002,LOW,APPROVE,0,GRAPH_MULTI_ENTITY_OVERLAP,GRAPH_SHARED_ADDRESS,,phase3-v1
tx_0018749,2026-03-25 12:14:27,0,0.0001,LOW,APPROVE,0,LOW_RISK_ESTABLISHED_ACCOUNT,,,phase3-v1
tx_0011628,2026-03-25 12:15:09,0,0.0002,LOW,APPROVE,0,LOW_RISK_ESTABLISHED_ACCOUNT,,,phase3-v1
tx_0012041,2026-03-25 12:15:20,0,0.0,LOW,APPROVE,0,LOW_RISK_ESTABLISHED_ACCOUNT,,,phase3-v1
tx_0014445,2026-03-25 12:16:09,0,0.0,LOW,APPROVE,0,LOW_RISK_ESTABLISHED_ACCOUNT,,,phase3-v1
tx_0001833,2026-03-25 12:16:47,0,0.0001,LOW,APPROVE,0,LOW_RISK_ESTABLISHED_ACCOUNT,,,phase3-v1
tx_0021173,2026-03-25 12:18:35,0,0.0,LOW,APPROVE,0,LOW_RISK_ESTABLISHED_ACCOUNT,,,phase3-v1
tx_0025688,2026-03-25 12:18:52,0,0.0001,LOW,APPROVE,0,GRAPH_CONNECTED_USERS,,,phase3-v1
tx_0018738,2026-03-25 12:19:00,0,0.0001,LOW,APPROVE,0,HIGH_AMOUNT_ANOMALY,,,phase3-v1
tx_0025826,2026-03-25 12:20:39,0,0.0001,LOW,APPROVE,0,GRAPH_MULTI_ENTITY_OVERLAP,GRAPH_SHARED_ADDRESS,,phase3-v1
tx_0007012,2026-03-25 12:23:07,0,0.0,LOW,APPROVE,0,LOW_RISK_ESTABLISHED_ACCOUNT,,,phase3-v1
tx_0017271,2026-03-25 12:24:54,0,0.0,LOW,APPROVE,0,LOW_RISK_ESTABLISHED_ACCOUNT,,,phase3-v1
tx_0006529,2026-03-25 12:24:54,0,0.0,LOW,APPROVE,0,LOW_RISK_ESTABLISHED_ACCOUNT,,,phase3-v1
tx_0003309,2026-03-25 12:25:20,0,0.0001,LOW,APPROVE,0,PROMO_ACTIVITY,,,phase3-v1
tx_0005640,2026-03-25 12:25:34,0,0.0,LOW,APPROVE,0,HIGH_24H_VELOCITY,,,phase3-v1
tx_0024163,2026-03-25 12:26:38,0,0.0001,LOW,APPROVE,0,GRAPH_SHARED_ADDRESS,GRAPH_CONNECTED_USERS,GRAPH_MULTI_ENTITY_OVERLAP,phase3-v1
tx_0002627,2026-03-25 12:27:22,0,0.0001,LOW,APPROVE,0,LOW_RISK_ESTABLISHED_ACCOUNT,,,phase3-v1
tx_0007004,2026-03-25 12:28:14,0,0.0,LOW,APPROVE,0,LOW_RISK_ESTABLISHED_ACCOUNT,,,phase3-v1
tx_0005414,2026-03-25 12:29:43,0,0.0,LOW,APPROVE,0,LOW_RISK_ESTABLISHED_ACCOUNT,,,phase3-v1
tx_0026000,2026-03-25 12:29:45,0,0.0001,LOW,APPROVE,0,GRAPH_MULTI_ENTITY_OVERLAP,GRAPH_SHARED_ADDRESS,,phase3-v1
tx_0018127,2026-03-25 12:30:35,0,0.0001,LOW,APPROVE,0,LOW_RISK_ESTABLISHED_ACCOUNT,,,phase3-v1
tx_0019160,2026-03-25 12:32:38,0,0.0001,LOW,APPROVE,0,LOW_RISK_ESTABLISHED_ACCOUNT,,,phase3-v1
tx_0015864,2026-03-25 12:39:15,0,0.0001,LOW,APPROVE,0,LOW_RISK_ESTABLISHED_ACCOUNT,,,phase3-v1
tx_0002380,2026-03-25 12:40:21,0,0.0001,LOW,APPROVE,0,LOW_RISK_ESTABLISHED_ACCOUNT,,,phase3-v1
tx_0002951,2026-03-25 12:41:19,0,0.0,LOW,APPROVE,0,LOW_RISK_ESTABLISHED_ACCOUNT,,,phase3-v1
tx_0022827,2026-03-25 12:43:18,0,0.0001,LOW,APPROVE,0,GRAPH_SHARED_ADDRESS,GRAPH_MULTI_ENTITY_OVERLAP,GRAPH_CONNECTED_USERS,phase3-v1
tx_0004988,2026-03-25 12:45:33,0,0.0,LOW,APPROVE,0,LOW_RISK_ESTABLISHED_ACCOUNT,,,phase3-v1
tx_0011294,2026-03-25 12:47:25,0,0.0,LOW,APPROVE,0,LOW_RISK_ESTABLISHED_ACCOUNT,,,phase3-v1
tx_0013444,2026-03-25 12:49:50,0,0.0,LOW,APPROVE,0,LOW_RISK_ESTABLISHED_ACCOUNT,,,phase3-v1
tx_0011089,2026-03-25 12:51:20,0,0.0,LOW,APPROVE,0,LOW_RISK_ESTABLISHED_ACCOUNT,,,phase3-v1
tx_0007448,2026-03-25 12:55:34,0,0.9318,HIGH,BLOCK,1,NEW_ACCOUNT,PROMO_ACTIVITY,,phase3-v1
tx_0025290,2026-03-25 12:56:34,0,0.0004,LOW,APPROVE,0,GRAPH_CONNECTED_USERS,,,phase3-v1
tx_0005933,2026-03-25 12:59:07,0,0.0,LOW,APPROVE,0,LOW_RISK_ESTABLISHED_ACCOUNT,,,phase3-v1
tx_0001988,2026-03-25 13:04:00,0,0.0,LOW,APPROVE,0,LOW_RISK_ESTABLISHED_ACCOUNT,,,phase3-v1
tx_0004121,2026-03-25 13:05:19,0,0.0,LOW,APPROVE,0,LOW_RISK_ESTABLISHED_ACCOUNT,,,phase3-v1
tx_0017226,2026-03-25 13:06:55,0,0.0001,LOW,APPROVE,0,LOW_RISK_ESTABLISHED_ACCOUNT,,,phase3-v1
tx_0024374,2026-03-25 13:15:46,0,0.0001,LOW,APPROVE,0,GRAPH_MULTI_ENTITY_OVERLAP,GRAPH_SHARED_ADDRESS,,phase3-v1
tx_0021861,2026-03-25 13:16:25,0,0.0,LOW,APPROVE,0,LOW_RISK_ESTABLISHED_ACCOUNT,,,phase3-v1
tx_0023748,2026-03-25 13:21:52,0,0.0001,LOW,APPROVE,0,GRAPH_CONNECTED_USERS,,,phase3-v1
tx_0020752,2026-03-25 13:23:34,0,0.0,LOW,APPROVE,0,LOW_RISK_ESTABLISHED_ACCOUNT,,,phase3-v1
tx_0023261,2026-03-25 13:24:50,0,0.0001,LOW,APPROVE,0,GRAPH_SHARED_PAYMENT,GRAPH_MULTI_ENTITY_OVERLAP,GRAPH_SHARED_ADDRESS,phase3-v1
tx_0004044,2026-03-25 13:25:21,0,0.0,LOW,APPROVE,0,LOW_RISK_ESTABLISHED_ACCOUNT,,,phase3-v1
tx_0009133,2026-03-25 13:25:27,0,0.0001,LOW,APPROVE,0,HIGH_AMOUNT_ANOMALY,,,phase3-v1
tx_0019252,2026-03-25 13:25:57,0,0.0001,LOW,APPROVE,0,LOW_RISK_ESTABLISHED_ACCOUNT,,,phase3-v1
tx_0014316,2026-03-25 13:28:51,0,0.0,LOW,APPROVE,0,LOW_RISK_ESTABLISHED_ACCOUNT,,,phase3-v1
tx_0003632,2026-03-25 13:30:01,0,0.0,LOW,APPROVE,0,LOW_RISK_ESTABLISHED_ACCOUNT,,,phase3-v1
tx_0017569,2026-03-25 13:30:58,0,0.0001,LOW,APPROVE,0,LOW_RISK_ESTABLISHED_ACCOUNT,,,phase3-v1
tx_0008569,2026-03-25 13:32:01,0,0.0001,LOW,APPROVE,0,LOW_RISK_ESTABLISHED_ACCOUNT,,,phase3-v1
tx_0003603,2026-03-25 13:32:51,0,0.0,LOW,APPROVE,0,LOW_RISK_ESTABLISHED_ACCOUNT,,,phase3-v1
tx_0023322,2026-03-25 13:37:53,0,0.0001,LOW,APPROVE,0,GRAPH_CONNECTED_USERS,,,phase3-v1
tx_0006590,2026-03-25 13:37:55,0,0.0,LOW,APPROVE,0,LOW_RISK_ESTABLISHED_ACCOUNT,,,phase3-v1
tx_0025694,2026-03-25 13:40:50,0,0.0001,LOW,APPROVE,0,GRAPH_CONNECTED_USERS,,,phase3-v1
tx_0019467,2026-03-25 13:49:16,0,0.0,LOW,APPROVE,0,HIGH_24H_VELOCITY,,,phase3-v1
tx_0007243,2026-03-25 13:49:44,0,0.0,LOW,APPROVE,0,LOW_RISK_ESTABLISHED_ACCOUNT,,,phase3-v1
tx_0004501,2026-03-25 13:51:13,0,0.0,LOW,APPROVE,0,LOW_RISK_ESTABLISHED_ACCOUNT,,,phase3-v1
tx_0022809,2026-03-25 13:51:59,0,0.0001,LOW,APPROVE,0,GRAPH_SHARED_ADDRESS,GRAPH_CONNECTED_USERS,GRAPH_MULTI_ENTITY_OVERLAP,phase3-v1
tx_0011884,2026-03-25 13:52:36,0,0.0001,LOW,APPROVE,0,LOW_RISK_ESTABLISHED_ACCOUNT,,,phase3-v1
tx_0025138,2026-03-25 13:53:23,0,0.0001,LOW,APPROVE,0,GRAPH_MULTI_ENTITY_OVERLAP,GRAPH_SHARED_ADDRESS,GRAPH_CONNECTED_USERS,phase3-v1
tx_0005806,2026-03-25 13:56:08,0,0.0001,LOW,APPROVE,0,LOW_RISK_ESTABLISHED_ACCOUNT,,,phase3-v1
tx_0006940,2026-03-25 13:58:16,0,0.0,LOW,APPROVE,0,LOW_RISK_ESTABLISHED_ACCOUNT,,,phase3-v1
tx_0005794,2026-03-25 13:59:14,0,0.0,LOW,APPROVE,0,LOW_RISK_ESTABLISHED_ACCOUNT,,,phase3-v1
tx_0021608,2026-03-25 14:02:34,0,0.0001,LOW,APPROVE,0,LOW_RISK_ESTABLISHED_ACCOUNT,,,phase3-v1
tx_0024032,2026-03-25 14:03:21,0,0.0001,LOW,APPROVE,0,GRAPH_MULTI_ENTITY_OVERLAP,GRAPH_SHARED_ADDRESS,GRAPH_CONNECTED_USERS,phase3-v1
tx_0011263,2026-03-25 14:03:34,0,0.0,LOW,APPROVE,0,LOW_RISK_ESTABLISHED_ACCOUNT,,,phase3-v1
tx_0011974,2026-03-25 14:05:33,0,0.0,LOW,APPROVE,0,LOW_RISK_ESTABLISHED_ACCOUNT,,,phase3-v1
tx_0007749,2026-03-25 14:14:28,0,0.0,LOW,APPROVE,0,LOW_RISK_ESTABLISHED_ACCOUNT,,,phase3-v1
tx_0020586,2026-03-25 14:14:42,0,0.0,LOW,APPROVE,0,HIGH_AMOUNT_ANOMALY,,,phase3-v1
tx_0016287,2026-03-25 14:15:03,0,0.0001,LOW,APPROVE,0,LOW_RISK_ESTABLISHED_ACCOUNT,,,phase3-v1
tx_0016553,2026-03-25 14:15:27,0,0.0,LOW,APPROVE,0,LOW_RISK_ESTABLISHED_ACCOUNT,,,phase3-v1
tx_0012300,2026-03-25 14:21:27,0,0.0001,LOW,APPROVE,0,LOW_RISK_ESTABLISHED_ACCOUNT,,,phase3-v1
tx_0015856,2026-03-25 14:21:35,0,0.0,LOW,APPROVE,0,LOW_RISK_ESTABLISHED_ACCOUNT,,,phase3-v1
tx_0025479,2026-03-25 14:26:19,0,0.0002,LOW,APPROVE,0,GRAPH_SHARED_ADDRESS,GRAPH_MULTI_ENTITY_OVERLAP,GRAPH_CONNECTED_USERS,phase3-v1
tx_0020297,2026-03-25 14:26:22,0,0.0,LOW,APPROVE,0,PROMO_ACTIVITY,,,phase3-v1
tx_0006895,2026-03-25 14:26:54,0,0.0,LOW,APPROVE,0,LOW_RISK_ESTABLISHED_ACCOUNT,,,phase3-v1
tx_0012962,2026-03-25 14:29:11,0,0.0,LOW,APPROVE,0,LOW_RISK_ESTABLISHED_ACCOUNT,,,phase3-v1
tx_0011015,2026-03-25 14:29:17,0,0.0001,LOW,APPROVE,0,LOW_RISK_ESTABLISHED_ACCOUNT,,,phase3-v1
tx_0006796,2026-03-25 14:32:32,0,0.0,LOW,APPROVE,0,LOW_RISK_ESTABLISHED_ACCOUNT,,,phase3-v1
tx_0002687,2026-03-25 14:36:51,0,0.0001,LOW,APPROVE,0,LOW_RISK_ESTABLISHED_ACCOUNT,,,phase3-v1
tx_0008042,2026-03-25 14:42:46,0,0.0,LOW,APPROVE,0,LOW_RISK_ESTABLISHED_ACCOUNT,,,phase3-v1
tx_0002125,2026-03-25 14:44:49,0,0.0,LOW,APPROVE,0,LOW_RISK_ESTABLISHED_ACCOUNT,,,phase3-v1
tx_0010310,2026-03-25 14:46:17,0,0.0001,LOW,APPROVE,0,LOW_RISK_ESTABLISHED_ACCOUNT,,,phase3-v1
tx_0025570,2026-03-25 14:48:23,0,0.0004,LOW,APPROVE,0,GRAPH_CONNECTED_USERS,,,phase3-v1
tx_0024367,2026-03-25 14:49:52,0,0.0001,LOW,APPROVE,0,GRAPH_MULTI_ENTITY_OVERLAP,GRAPH_SHARED_ADDRESS,,phase3-v1
tx_0013869,2026-03-25 14:53:21,0,0.0,LOW,APPROVE,0,LOW_RISK_ESTABLISHED_ACCOUNT,,,phase3-v1
tx_0021807,2026-03-25 14:57:53,0,0.0001,LOW,APPROVE,0,LOW_RISK_ESTABLISHED_ACCOUNT,,,phase3-v1
tx_0008614,2026-03-25 14:57:56,0,0.0,LOW,APPROVE,0,LOW_RISK_ESTABLISHED_ACCOUNT,,,phase3-v1
tx_0022282,2026-03-25 14:58:19,0,0.0001,LOW,APPROVE,0,LOW_RISK_ESTABLISHED_ACCOUNT,,,phase3-v1
tx_0010196,2026-03-25 14:59:02,0,0.0001,LOW,APPROVE,0,LOW_RISK_ESTABLISHED_ACCOUNT,,,phase3-v1
tx_0002053,2026-03-25 15:00:30,0,0.0,LOW,APPROVE,0,LOW_RISK_ESTABLISHED_ACCOUNT,,,phase3-v1
tx_0005750,2026-03-25 15:04:09,0,0.0001,LOW,APPROVE,0,LOW_RISK_ESTABLISHED_ACCOUNT,,,phase3-v1
tx_0016607,2026-03-25 15:07:08,0,0.0,LOW,APPROVE,0,LOW_RISK_ESTABLISHED_ACCOUNT,,,phase3-v1
tx_0005059,2026-03-25 15:08:06,0,0.0001,LOW,APPROVE,0,LOW_RISK_ESTABLISHED_ACCOUNT,,,phase3-v1
tx_0019602,2026-03-25 15:13:45,0,0.0,LOW,APPROVE,0,LOW_RISK_ESTABLISHED_ACCOUNT,,,phase3-v1
tx_0014190,2026-03-25 15:16:18,0,0.0,LOW,APPROVE,0,LOW_RISK_ESTABLISHED_ACCOUNT,,,phase3-v1
tx_0022005,2026-03-25 15:16:48,0,0.0,LOW,APPROVE,0,LOW_RISK_ESTABLISHED_ACCOUNT,,,phase3-v1
tx_0010075,2026-03-25 15:18:50,0,0.0021,LOW,APPROVE,0,NEW_ACCOUNT,,,phase3-v1
tx_0011883,2026-03-25 15:21:09,0,0.0001,LOW,APPROVE,0,LOW_RISK_ESTABLISHED_ACCOUNT,,,phase3-v1
tx_0017696,2026-03-25 15:23:06,0,0.0,LOW,APPROVE,0,LOW_RISK_ESTABLISHED_ACCOUNT,,,phase3-v1
tx_0015334,2026-03-25 15:27:42,0,0.0,LOW,APPROVE,0,LOW_RISK_ESTABLISHED_ACCOUNT,,,phase3-v1
tx_0015795,2026-03-25 15:34:53,0,0.0001,LOW,APPROVE,0,LOW_RISK_ESTABLISHED_ACCOUNT,,,phase3-v1
tx_0012088,2026-03-25 15:35:26,0,0.0001,LOW,APPROVE,0,LOW_RISK_ESTABLISHED_ACCOUNT,,,phase3-v1
tx_0003702,2026-03-25 15:40:04,0,0.0003,LOW,APPROVE,0,NEW_ACCOUNT,,,phase3-v1
tx_0025407,2026-03-25 15:40:40,0,0.0001,LOW,APPROVE,0,GRAPH_MULTI_ENTITY_OVERLAP,GRAPH_SHARED_PAYMENT,GRAPH_SHARED_ADDRESS,phase3-v1
tx_0024359,2026-03-25 15:43:37,0,0.0001,LOW,APPROVE,0,GRAPH_MULTI_ENTITY_OVERLAP,GRAPH_SHARED_ADDRESS,,phase3-v1
tx_0025979,2026-03-25 15:43:54,0,0.0001,LOW,APPROVE,0,GRAPH_SHARED_PAYMENT,GRAPH_MULTI_ENTITY_OVERLAP,GRAPH_SHARED_ADDRESS,phase3-v1
tx_0013484,2026-03-25 15:44:19,0,0.8125,MEDIUM,REVIEW,0,NEW_ACCOUNT,,,phase3-v1
tx_0023161,2026-03-25 15:50:30,0,0.0001,LOW,APPROVE,0,GRAPH_SHARED_ADDRESS,GRAPH_CONNECTED_USERS,GRAPH_MULTI_ENTITY_OVERLAP,phase3-v1
tx_0000049,2026-03-25 15:50:31,0,0.0001,LOW,APPROVE,0,HIGH_AMOUNT_ANOMALY,,,phase3-v1
tx_0022271,2026-03-25 15:53:55,0,0.0,LOW,APPROVE,0,LOW_RISK_ESTABLISHED_ACCOUNT,,,phase3-v1
tx_0017554,2026-03-25 15:56:47,0,0.0001,LOW,APPROVE,0,LOW_RISK_ESTABLISHED_ACCOUNT,,,phase3-v1
tx_0007242,2026-03-25 16:03:26,0,0.0,LOW,APPROVE,0,HIGH_24H_VELOCITY,,,phase3-v1
tx_0018161,2026-03-25 16:05:04,0,0.0001,LOW,APPROVE,0,LOW_RISK_ESTABLISHED_ACCOUNT,,,phase3-v1
tx_0020181,2026-03-25 16:07:15,0,0.0001,LOW,APPROVE,0,LOW_RISK_ESTABLISHED_ACCOUNT,,,phase3-v1
tx_0008857,2026-03-25 16:08:41,0,0.0,LOW,APPROVE,0,LOW_RISK_ESTABLISHED_ACCOUNT,,,phase3-v1
tx_0018758,2026-03-25 16:11:36,0,0.0,LOW,APPROVE,0,LOW_RISK_ESTABLISHED_ACCOUNT,,,phase3-v1
tx_0019864,2026-03-25 16:12:45,0,0.0029,LOW,APPROVE,0,NEW_ACCOUNT,,,phase3-v1
tx_0025797,2026-03-25 16:14:18,0,0.0002,LOW,APPROVE,0,GRAPH_SHARED_PAYMENT,GRAPH_SHARED_ADDRESS,GRAPH_MULTI_ENTITY_OVERLAP,phase3-v1
tx_0018829,2026-03-25 16:15:15,0,0.0009,LOW,APPROVE,0,NEW_ACCOUNT,,,phase3-v1
tx_0002652,2026-03-25 16:16:07,0,0.0,LOW,APPROVE,0,LOW_RISK_ESTABLISHED_ACCOUNT,,,phase3-v1
tx_0024652,2026-03-25 16:17:26,0,0.0001,LOW,APPROVE,0,GRAPH_SHARED_ADDRESS,GRAPH_MULTI_ENTITY_OVERLAP,GRAPH_CONNECTED_USERS,phase3-v1
tx_0008047,2026-03-25 16:21:14,0,0.0001,LOW,APPROVE,0,LOW_RISK_ESTABLISHED_ACCOUNT,,,phase3-v1
tx_0010417,2026-03-25 16:21:51,0,0.0,LOW,APPROVE,0,LOW_RISK_ESTABLISHED_ACCOUNT,,,phase3-v1
tx_0012585,2026-03-25 16:27:07,0,0.0,LOW,APPROVE,0,LOW_RISK_ESTABLISHED_ACCOUNT,,,phase3-v1
tx_0015214,2026-03-25 16:31:46,0,0.0,LOW,APPROVE,0,LOW_RISK_ESTABLISHED_ACCOUNT,,,phase3-v1
tx_0016293,2026-03-25 16:35:04,0,0.0001,LOW,APPROVE,0,LOW_RISK_ESTABLISHED_ACCOUNT,,,phase3-v1
tx_0001835,2026-03-25 16:37:57,0,0.0,LOW,APPROVE,0,LOW_RISK_ESTABLISHED_ACCOUNT,,,phase3-v1
tx_0013786,2026-03-25 16:41:48,0,0.0,LOW,APPROVE,0,LOW_RISK_ESTABLISHED_ACCOUNT,,,phase3-v1
tx_0012925,2026-03-25 16:42:08,0,0.0,LOW,APPROVE,0,LOW_RISK_ESTABLISHED_ACCOUNT,,,phase3-v1
tx_0020034,2026-03-25 16:46:41,0,0.0,LOW,APPROVE,0,LOW_RISK_ESTABLISHED_ACCOUNT,,,phase3-v1
tx_0016456,2026-03-25 16:46:59,0,0.0,LOW,APPROVE,0,LOW_RISK_ESTABLISHED_ACCOUNT,,,phase3-v1
tx_0018214,2026-03-25 16:48:38,0,0.0001,LOW,APPROVE,0,LOW_RISK_ESTABLISHED_ACCOUNT,,,phase3-v1
tx_0017690,2026-03-25 16:49:39,0,0.0,LOW,APPROVE,0,LOW_RISK_ESTABLISHED_ACCOUNT,,,phase3-v1
tx_0010003,2026-03-25 16:53:24,0,0.0,LOW,APPROVE,0,LOW_RISK_ESTABLISHED_ACCOUNT,,,phase3-v1
tx_0013965,2026-03-25 16:55:02,0,0.0,LOW,APPROVE,0,LOW_RISK_ESTABLISHED_ACCOUNT,,,phase3-v1
tx_0005423,2026-03-25 16:57:13,0,0.0,LOW,APPROVE,0,HIGH_24H_VELOCITY,,,phase3-v1
tx_0004046,2026-03-25 16:57:18,0,0.0,LOW,APPROVE,0,LOW_RISK_ESTABLISHED_ACCOUNT,,,phase3-v1
tx_0000051,2026-03-25 16:57:39,0,0.0,LOW,APPROVE,0,LOW_RISK_ESTABLISHED_ACCOUNT,,,phase3-v1
tx_0016667,2026-03-25 16:58:22,0,0.0,LOW,APPROVE,0,LOW_RISK_ESTABLISHED_ACCOUNT,,,phase3-v1
tx_0004297,2026-03-25 16:59:21,0,0.0,LOW,APPROVE,0,LOW_RISK_ESTABLISHED_ACCOUNT,,,phase3-v1
tx_0019710,2026-03-25 17:00:53,0,0.0001,LOW,APPROVE,0,LOW_RISK_ESTABLISHED_ACCOUNT,,,phase3-v1
tx_0023999,2026-03-25 17:04:49,0,0.0002,LOW,APPROVE,0,GRAPH_MULTI_ENTITY_OVERLAP,GRAPH_SHARED_PAYMENT,GRAPH_SHARED_ADDRESS,phase3-v1
tx_0006243,2026-03-25 17:05:37,0,0.0,LOW,APPROVE,0,LOW_RISK_ESTABLISHED_ACCOUNT,,,phase3-v1
tx_0007206,2026-03-25 17:05:56,0,0.0003,LOW,APPROVE,0,LOW_RISK_ESTABLISHED_ACCOUNT,,,phase3-v1
tx_0007345,2026-03-25 17:06:36,0,0.0,LOW,APPROVE,0,LOW_RISK_ESTABLISHED_ACCOUNT,,,phase3-v1
tx_0019423,2026-03-25 17:11:08,0,0.0,LOW,APPROVE,0,LOW_RISK_ESTABLISHED_ACCOUNT,,,phase3-v1
tx_0010871,2026-03-25 17:13:27,0,0.0001,LOW,APPROVE,0,LOW_RISK_ESTABLISHED_ACCOUNT,,,phase3-v1
tx_0023339,2026-03-25 17:14:13,0,0.0001,LOW,APPROVE,0,GRAPH_SHARED_ADDRESS,GRAPH_MULTI_ENTITY_OVERLAP,GRAPH_CONNECTED_USERS,phase3-v1
tx_0015431,2026-03-25 17:14:58,0,0.0,LOW,APPROVE,0,LOW_RISK_ESTABLISHED_ACCOUNT,,,phase3-v1
tx_0003084,2026-03-25 17:15:37,0,0.0001,LOW,APPROVE,0,LOW_RISK_ESTABLISHED_ACCOUNT,,,phase3-v1
tx_0007748,2026-03-25 17:19:09,0,0.0,LOW,APPROVE,0,LOW_RISK_ESTABLISHED_ACCOUNT,,,phase3-v1
tx_0016085,2026-03-25 17:19:33,0,0.0,LOW,APPROVE,0,LOW_RISK_ESTABLISHED_ACCOUNT,,,phase3-v1
tx_0013816,2026-03-25 17:20:35,0,0.0003,LOW,APPROVE,0,HIGH_24H_VELOCITY,NEW_ACCOUNT,,phase3-v1
tx_0022225,2026-03-25 17:22:35,0,0.0,LOW,APPROVE,0,PROMO_ACTIVITY,,,phase3-v1
tx_0023961,2026-03-25 17:26:46,0,0.0003,LOW,APPROVE,0,GRAPH_SHARED_PAYMENT,GRAPH_SHARED_ADDRESS,GRAPH_MULTI_ENTITY_OVERLAP,phase3-v1
tx_0023796,2026-03-25 17:26:54,0,0.0004,LOW,APPROVE,0,GRAPH_CONNECTED_USERS,,,phase3-v1
tx_0007261,2026-03-25 17:29:08,0,0.0,LOW,APPROVE,0,LOW_RISK_ESTABLISHED_ACCOUNT,,,phase3-v1
tx_0010911,2026-03-25 17:31:33,0,0.0,LOW,APPROVE,0,LOW_RISK_ESTABLISHED_ACCOUNT,,,phase3-v1
tx_0005427,2026-03-25 17:31:39,0,0.0,LOW,APPROVE,0,LOW_RISK_ESTABLISHED_ACCOUNT,,,phase3-v1
tx_0025285,2026-03-25 17:33:26,0,0.0004,LOW,APPROVE,0,GRAPH_CONNECTED_USERS,,,phase3-v1
tx_0013992,2026-03-25 17:35:57,0,0.0024,LOW,APPROVE,0,NEW_ACCOUNT,PROMO_ACTIVITY,,phase3-v1
tx_0013799,2026-03-25 17:36:13,0,0.0,LOW,APPROVE,0,LOW_RISK_ESTABLISHED_ACCOUNT,,,phase3-v1
tx_0016056,2026-03-25 17:37:53,0,0.0,LOW,APPROVE,0,LOW_RISK_ESTABLISHED_ACCOUNT,,,phase3-v1
tx_0021259,2026-03-25 17:40:25,0,0.0001,LOW,APPROVE,0,LOW_RISK_ESTABLISHED_ACCOUNT,,,phase3-v1
tx_0008185,2026-03-25 17:40:43,0,0.0,LOW,APPROVE,0,LOW_RISK_ESTABLISHED_ACCOUNT,,,phase3-v1
tx_0005626,2026-03-25 17:42:06,0,0.0,LOW,APPROVE,0,LOW_RISK_ESTABLISHED_ACCOUNT,,,phase3-v1
tx_0018293,2026-03-25 17:45:01,0,0.0001,LOW,APPROVE,0,LOW_RISK_ESTABLISHED_ACCOUNT,,,phase3-v1
tx_0019159,2026-03-25 17:45:06,0,0.0001,LOW,APPROVE,0,LOW_RISK_ESTABLISHED_ACCOUNT,,,phase3-v1
tx_0019717,2026-03-25 17:49:55,0,0.0001,LOW,APPROVE,0,LOW_RISK_ESTABLISHED_ACCOUNT,,,phase3-v1
tx_0002324,2026-03-25 17:51:35,0,0.0,LOW,APPROVE,0,LOW_RISK_ESTABLISHED_ACCOUNT,,,phase3-v1
tx_0000636,2026-03-25 17:54:58,0,0.0,LOW,APPROVE,0,LOW_RISK_ESTABLISHED_ACCOUNT,,,phase3-v1
tx_0016894,2026-03-25 17:55:30,0,0.0,LOW,APPROVE,0,LOW_RISK_ESTABLISHED_ACCOUNT,,,phase3-v1
tx_0015812,2026-03-25 17:57:36,0,0.0,LOW,APPROVE,0,LOW_RISK_ESTABLISHED_ACCOUNT,,,phase3-v1
tx_0021840,2026-03-25 18:00:57,0,0.0001,LOW,APPROVE,0,LOW_RISK_ESTABLISHED_ACCOUNT,,,phase3-v1
tx_0020328,2026-03-25 18:01:43,0,0.0001,LOW,APPROVE,0,HIGH_24H_VELOCITY,,,phase3-v1
tx_0015653,2026-03-25 18:02:15,0,0.0,LOW,APPROVE,0,LOW_RISK_ESTABLISHED_ACCOUNT,,,phase3-v1
tx_0003762,2026-03-25 18:03:19,0,0.0,LOW,APPROVE,0,LOW_RISK_ESTABLISHED_ACCOUNT,,,phase3-v1
tx_0014636,2026-03-25 18:03:19,0,0.0,LOW,APPROVE,0,LOW_RISK_ESTABLISHED_ACCOUNT,,,phase3-v1
tx_0006519,2026-03-25 18:06:03,0,0.0003,LOW,APPROVE,0,NEW_ACCOUNT,,,phase3-v1
tx_0025239,2026-03-25 18:06:41,0,0.0002,LOW,APPROVE,0,GRAPH_SHARED_PAYMENT,GRAPH_SHARED_ADDRESS,GRAPH_MULTI_ENTITY_OVERLAP,phase3-v1
tx_0017783,2026-03-25 18:08:09,0,0.0001,LOW,APPROVE,0,HIGH_AMOUNT_ANOMALY,,,phase3-v1
tx_0001630,2026-03-25 18:08:21,0,0.0,LOW,APPROVE,0,LOW_RISK_ESTABLISHED_ACCOUNT,,,phase3-v1
tx_0004281,2026-03-25 18:08:52,0,0.0,LOW,APPROVE,0,LOW_RISK_ESTABLISHED_ACCOUNT,,,phase3-v1
tx_0004720,2026-03-25 18:09:12,0,0.0,LOW,APPROVE,0,LOW_RISK_ESTABLISHED_ACCOUNT,,,phase3-v1
tx_0021537,2026-03-25 18:09:42,0,0.0,LOW,APPROVE,0,LOW_RISK_ESTABLISHED_ACCOUNT,,,phase3-v1
tx_0000960,2026-03-25 18:11:06,0,0.0001,LOW,APPROVE,0,LOW_RISK_ESTABLISHED_ACCOUNT,,,phase3-v1
tx_0010699,2026-03-25 18:13:51,0,0.0,LOW,APPROVE,0,LOW_RISK_ESTABLISHED_ACCOUNT,,,phase3-v1
tx_0010767,2026-03-25 18:13:53,0,0.0,LOW,APPROVE,0,LOW_RISK_ESTABLISHED_ACCOUNT,,,phase3-v1
tx_0024871,2026-03-25 18:13:53,0,0.0006,LOW,APPROVE,0,GRAPH_CONNECTED_USERS,,,phase3-v1
tx_0005226,2026-03-25 18:14:41,0,0.0,LOW,APPROVE,0,LOW_RISK_ESTABLISHED_ACCOUNT,,,phase3-v1
tx_0012286,2026-03-25 18:15:06,0,0.0,LOW,APPROVE,0,LOW_RISK_ESTABLISHED_ACCOUNT,,,phase3-v1
tx_0014543,2026-03-25 18:17:21,0,0.0001,LOW,APPROVE,0,LOW_RISK_ESTABLISHED_ACCOUNT,,,phase3-v1
tx_0018810,2026-03-25 18:18:02,0,0.0,LOW,APPROVE,0,LOW_RISK_ESTABLISHED_ACCOUNT,,,phase3-v1
tx_0003759,2026-03-25 18:20:52,0,0.0,LOW,APPROVE,0,LOW_RISK_ESTABLISHED_ACCOUNT,,,phase3-v1
tx_0022311,2026-03-25 18:23:15,0,0.0001,LOW,APPROVE,0,LOW_RISK_ESTABLISHED_ACCOUNT,,,phase3-v1
tx_0015062,2026-03-25 18:24:45,0,0.0,LOW,APPROVE,0,LOW_RISK_ESTABLISHED_ACCOUNT,,,phase3-v1
tx_0019074,2026-03-25 18:26:17,0,0.0,LOW,APPROVE,0,LOW_RISK_ESTABLISHED_ACCOUNT,,,phase3-v1
tx_0009754,2026-03-25 18:31:57,0,0.0,LOW,APPROVE,0,LOW_RISK_ESTABLISHED_ACCOUNT,,,phase3-v1
tx_0009584,2026-03-25 18:35:29,0,0.0,LOW,APPROVE,0,LOW_RISK_ESTABLISHED_ACCOUNT,,,phase3-v1
tx_0025523,2026-03-25 18:38:26,0,0.0001,LOW,APPROVE,0,GRAPH_CONNECTED_USERS,,,phase3-v1
tx_0005248,2026-03-25 18:38:40,0,0.0001,LOW,APPROVE,0,LOW_RISK_ESTABLISHED_ACCOUNT,,,phase3-v1
tx_0007073,2026-03-25 18:38:48,0,0.0001,LOW,APPROVE,0,LOW_RISK_ESTABLISHED_ACCOUNT,,,phase3-v1
tx_0023133,2026-03-25 18:39:36,0,0.0005,LOW,APPROVE,0,GRAPH_CONNECTED_USERS,PROMO_ACTIVITY,,phase3-v1
tx_0014391,2026-03-25 18:43:42,0,0.0,LOW,APPROVE,0,LOW_RISK_ESTABLISHED_ACCOUNT,,,phase3-v1
tx_0020758,2026-03-25 18:45:34,0,0.0001,LOW,APPROVE,0,LOW_RISK_ESTABLISHED_ACCOUNT,,,phase3-v1
tx_0000909,2026-03-25 18:46:20,0,0.0,LOW,APPROVE,0,LOW_RISK_ESTABLISHED_ACCOUNT,,,phase3-v1
tx_0009932,2026-03-25 18:47:15,0,0.0001,LOW,APPROVE,0,LOW_RISK_ESTABLISHED_ACCOUNT,,,phase3-v1
tx_0004031,2026-03-25 18:48:25,0,0.0,LOW,APPROVE,0,LOW_RISK_ESTABLISHED_ACCOUNT,,,phase3-v1
tx_0006420,2026-03-25 18:50:22,0,0.0,LOW,APPROVE,0,LOW_RISK_ESTABLISHED_ACCOUNT,,,phase3-v1
tx_0003544,2026-03-25 18:50:50,0,0.0001,LOW,APPROVE,0,LOW_RISK_ESTABLISHED_ACCOUNT,,,phase3-v1
tx_0008189,2026-03-25 18:57:20,0,0.0001,LOW,APPROVE,0,LOW_RISK_ESTABLISHED_ACCOUNT,,,phase3-v1
tx_0011197,2026-03-25 18:57:44,0,0.0,LOW,APPROVE,0,LOW_RISK_ESTABLISHED_ACCOUNT,,,phase3-v1
tx_0004469,2026-03-25 19:03:04,0,0.0,LOW,APPROVE,0,LOW_RISK_ESTABLISHED_ACCOUNT,,,phase3-v1
tx_0012824,2026-03-25 19:03:22,0,0.0,LOW,APPROVE,0,LOW_RISK_ESTABLISHED_ACCOUNT,,,phase3-v1
tx_0011183,2026-03-25 19:05:06,0,0.0,LOW,APPROVE,0,LOW_RISK_ESTABLISHED_ACCOUNT,,,phase3-v1
tx_0005898,2026-03-25 19:06:24,0,0.0001,LOW,APPROVE,0,PROMO_ACTIVITY,,,phase3-v1
tx_0008531,2026-03-25 19:06:29,0,0.0001,LOW,APPROVE,0,PROMO_ACTIVITY,,,phase3-v1
tx_0007509,2026-03-25 19:06:39,0,0.0,LOW,APPROVE,0,LOW_RISK_ESTABLISHED_ACCOUNT,,,phase3-v1
tx_0011146,2026-03-25 19:07:25,0,0.0,LOW,APPROVE,0,LOW_RISK_ESTABLISHED_ACCOUNT,,,phase3-v1
tx_0023889,2026-03-25 19:09:38,0,0.0001,LOW,APPROVE,0,GRAPH_MULTI_ENTITY_OVERLAP,HIGH_AMOUNT_ANOMALY,GRAPH_SHARED_ADDRESS,phase3-v1
tx_0025021,2026-03-25 19:11:11,0,0.0005,LOW,APPROVE,0,GRAPH_CONNECTED_USERS,,,phase3-v1
tx_0016354,2026-03-25 19:14:36,0,0.0,LOW,APPROVE,0,LOW_RISK_ESTABLISHED_ACCOUNT,,,phase3-v1
tx_0023679,2026-03-25 19:14:52,0,0.0008,LOW,APPROVE,0,GRAPH_CONNECTED_USERS,HIGH_AMOUNT_ANOMALY,,phase3-v1
tx_0018295,2026-03-25 19:16:36,0,0.0001,LOW,APPROVE,0,LOW_RISK_ESTABLISHED_ACCOUNT,,,phase3-v1
tx_0005542,2026-03-25 19:23:28,0,0.0,LOW,APPROVE,0,LOW_RISK_ESTABLISHED_ACCOUNT,,,phase3-v1
tx_0013199,2026-03-25 19:23:42,0,0.0001,LOW,APPROVE,0,LOW_RISK_ESTABLISHED_ACCOUNT,,,phase3-v1
tx_0007449,2026-03-25 19:24:05,0,0.8599,MEDIUM,REVIEW,0,NEW_ACCOUNT,HIGH_24H_VELOCITY,,phase3-v1
tx_0024384,2026-03-25 19:28:26,0,0.0001,LOW,APPROVE,0,GRAPH_MULTI_ENTITY_OVERLAP,GRAPH_SHARED_ADDRESS,,phase3-v1
tx_0007329,2026-03-25 19:29:16,0,0.0001,LOW,APPROVE,0,NEW_ACCOUNT,,,phase3-v1
tx_0009694,2026-03-25 19:31:19,0,0.0001,LOW,APPROVE,0,LOW_RISK_ESTABLISHED_ACCOUNT,,,phase3-v1
tx_0022104,2026-03-25 19:37:03,0,0.0,LOW,APPROVE,0,LOW_RISK_ESTABLISHED_ACCOUNT,,,phase3-v1
tx_0019854,2026-03-25 19:39:18,0,0.0,LOW,APPROVE,0,LOW_RISK_ESTABLISHED_ACCOUNT,,,phase3-v1
tx_0001652,2026-03-25 19:45:38,0,0.0002,LOW,APPROVE,0,NEW_ACCOUNT,,,phase3-v1
tx_0003768,2026-03-25 19:47:03,0,0.0001,LOW,APPROVE,0,LOW_RISK_ESTABLISHED_ACCOUNT,,,phase3-v1
tx_0002226,2026-03-25 19:50:02,0,0.0,LOW,APPROVE,0,LOW_RISK_ESTABLISHED_ACCOUNT,,,phase3-v1
tx_0024169,2026-03-25 19:50:31,0,0.0002,LOW,APPROVE,0,GRAPH_SHARED_ADDRESS,GRAPH_CONNECTED_USERS,GRAPH_MULTI_ENTITY_OVERLAP,phase3-v1
tx_0018356,2026-03-25 19:54:01,0,0.0,LOW,APPROVE,0,LOW_RISK_ESTABLISHED_ACCOUNT,,,phase3-v1
tx_0015381,2026-03-25 19:55:42,0,0.0,LOW,APPROVE,0,LOW_RISK_ESTABLISHED_ACCOUNT,,,phase3-v1
tx_0020484,2026-03-25 20:02:06,0,0.0016,LOW,APPROVE,0,HIGH_AMOUNT_ANOMALY,NEW_ACCOUNT,,phase3-v1
tx_0007722,2026-03-25 20:02:28,0,0.0001,LOW,APPROVE,0,LOW_RISK_ESTABLISHED_ACCOUNT,,,phase3-v1
tx_0020271,2026-03-25 20:05:15,0,0.0001,LOW,APPROVE,0,LOW_RISK_ESTABLISHED_ACCOUNT,,,phase3-v1
tx_0010758,2026-03-25 20:06:14,0,0.0001,LOW,APPROVE,0,LOW_RISK_ESTABLISHED_ACCOUNT,,,phase3-v1
tx_0004839,2026-03-25 20:06:29,0,0.0001,LOW,APPROVE,0,LOW_RISK_ESTABLISHED_ACCOUNT,,,phase3-v1
tx_0003161,2026-03-25 20:21:05,0,0.0001,LOW,APPROVE,0,LOW_RISK_ESTABLISHED_ACCOUNT,,,phase3-v1
tx_0024753,2026-03-25 20:21:52,0,0.0005,LOW,APPROVE,0,GRAPH_CONNECTED_USERS,,,phase3-v1
tx_0016135,2026-03-25 20:24:02,0,0.0001,LOW,APPROVE,0,LOW_RISK_ESTABLISHED_ACCOUNT,,,phase3-v1
tx_0009849,2026-03-25 20:27:05,0,0.0001,LOW,APPROVE,0,LOW_RISK_ESTABLISHED_ACCOUNT,,,phase3-v1
tx_0007406,2026-03-25 20:27:07,0,0.0001,LOW,APPROVE,0,LOW_RISK_ESTABLISHED_ACCOUNT,,,phase3-v1
tx_0016753,2026-03-25 20:30:30,0,0.0001,LOW,APPROVE,0,LOW_RISK_ESTABLISHED_ACCOUNT,,,phase3-v1
tx_0022193,2026-03-25 20:32:46,0,0.0001,LOW,APPROVE,0,LOW_RISK_ESTABLISHED_ACCOUNT,,,phase3-v1
tx_0024020,2026-03-25 20:37:09,0,0.0002,LOW,APPROVE,0,GRAPH_MULTI_ENTITY_OVERLAP,GRAPH_SHARED_ADDRESS,,phase3-v1
tx_0014205,2026-03-25 20:38:47,0,0.0001,LOW,APPROVE,0,LOW_RISK_ESTABLISHED_ACCOUNT,,,phase3-v1
tx_0002527,2026-03-25 20:38:59,0,0.0001,LOW,APPROVE,0,LOW_RISK_ESTABLISHED_ACCOUNT,,,phase3-v1
tx_0015904,2026-03-25 20:46:55,0,0.0001,LOW,APPROVE,0,LOW_RISK_ESTABLISHED_ACCOUNT,,,phase3-v1
tx_0019898,2026-03-25 20:48:20,0,0.0001,LOW,APPROVE,0,LOW_RISK_ESTABLISHED_ACCOUNT,,,phase3-v1
tx_0005204,2026-03-25 20:48:29,0,0.0001,LOW,APPROVE,0,LOW_RISK_ESTABLISHED_ACCOUNT,,,phase3-v1
tx_0020188,2026-03-25 20:50:09,0,0.0001,LOW,APPROVE,0,LOW_RISK_ESTABLISHED_ACCOUNT,,,phase3-v1
tx_0010778,2026-03-25 20:53:27,0,0.0001,LOW,APPROVE,0,LOW_RISK_ESTABLISHED_ACCOUNT,,,phase3-v1
tx_0012852,2026-03-25 20:55:46,0,0.0001,LOW,APPROVE,0,LOW_RISK_ESTABLISHED_ACCOUNT,,,phase3-v1
tx_0020724,2026-03-25 21:02:18,0,0.0001,LOW,APPROVE,0,LOW_RISK_ESTABLISHED_ACCOUNT,,,phase3-v1
tx_0015084,2026-03-25 21:09:08,0,0.0001,LOW,APPROVE,0,LOW_RISK_ESTABLISHED_ACCOUNT,,,phase3-v1
tx_0005014,2026-03-25 21:16:28,0,0.0001,LOW,APPROVE,0,LOW_RISK_ESTABLISHED_ACCOUNT,,,phase3-v1
tx_0011934,2026-03-25 21:17:04,0,0.0001,LOW,APPROVE,0,LOW_RISK_ESTABLISHED_ACCOUNT,,,phase3-v1
tx_0016289,2026-03-25 21:19:14,0,0.0001,LOW,APPROVE,0,HIGH_24H_VELOCITY,,,phase3-v1
tx_0018316,2026-03-25 21:19:48,0,0.0001,LOW,APPROVE,0,LOW_RISK_ESTABLISHED_ACCOUNT,,,phase3-v1
tx_0019967,2026-03-25 21:20:50,0,0.0002,LOW,APPROVE,0,HIGH_AMOUNT_ANOMALY,,,phase3-v1
tx_0007027,2026-03-25 21:22:24,0,0.0001,LOW,APPROVE,0,LOW_RISK_ESTABLISHED_ACCOUNT,,,phase3-v1
tx_0015630,2026-03-25 21:24:34,0,0.0001,LOW,APPROVE,0,LOW_RISK_ESTABLISHED_ACCOUNT,,,phase3-v1
tx_0023653,2026-03-25 21:25:14,0,0.0001,LOW,APPROVE,0,GRAPH_CONNECTED_USERS,,,phase3-v1
tx_0022070,2026-03-25 21:29:30,0,0.0001,LOW,APPROVE,0,LOW_RISK_ESTABLISHED_ACCOUNT,,,phase3-v1
tx_0023776,2026-03-25 21:32:08,0,0.0005,LOW,APPROVE,0,GRAPH_CONNECTED_USERS,,,phase3-v1
tx_0022315,2026-03-25 21:33:41,0,0.0002,LOW,APPROVE,0,HIGH_AMOUNT_ANOMALY,,,phase3-v1
tx_0020468,2026-03-25 21:41:02,0,0.0001,LOW,APPROVE,0,LOW_RISK_ESTABLISHED_ACCOUNT,,,phase3-v1
tx_0009061,2026-03-25 21:47:42,0,0.0001,LOW,APPROVE,0,LOW_RISK_ESTABLISHED_ACCOUNT,,,phase3-v1
tx_0020799,2026-03-25 21:48:41,0,0.0001,LOW,APPROVE,0,LOW_RISK_ESTABLISHED_ACCOUNT,,,phase3-v1
tx_0021000,2026-03-25 21:50:24,0,0.0001,LOW,APPROVE,0,LOW_RISK_ESTABLISHED_ACCOUNT,,,phase3-v1
tx_0014484,2026-03-25 21:51:38,0,0.0001,LOW,APPROVE,0,HIGH_AMOUNT_ANOMALY,,,phase3-v1
tx_0022960,2026-03-25 21:54:06,0,0.0001,LOW,APPROVE,0,GRAPH_SHARED_ADDRESS,GRAPH_MULTI_ENTITY_OVERLAP,GRAPH_CONNECTED_USERS,phase3-v1
tx_0008148,2026-03-25 21:56:45,0,0.0001,LOW,APPROVE,0,LOW_RISK_ESTABLISHED_ACCOUNT,,,phase3-v1
tx_0003203,2026-03-25 22:04:29,0,0.0001,LOW,APPROVE,0,LOW_RISK_ESTABLISHED_ACCOUNT,,,phase3-v1
tx_0025635,2026-03-25 22:05:50,0,0.0001,LOW,APPROVE,0,GRAPH_CONNECTED_USERS,,,phase3-v1
tx_0021313,2026-03-25 22:14:41,0,0.0001,LOW,APPROVE,0,LOW_RISK_ESTABLISHED_ACCOUNT,,,phase3-v1
tx_0009981,2026-03-25 22:20:16,0,0.0001,LOW,APPROVE,0,LOW_RISK_ESTABLISHED_ACCOUNT,,,phase3-v1
tx_0012847,2026-03-25 22:21:31,0,0.0001,LOW,APPROVE,0,LOW_RISK_ESTABLISHED_ACCOUNT,,,phase3-v1
tx_0013046,2026-03-25 22:34:22,0,0.0001,LOW,APPROVE,0,LOW_RISK_ESTABLISHED_ACCOUNT,,,phase3-v1
tx_0024153,2026-03-25 22:40:34,0,0.0001,LOW,APPROVE,0,GRAPH_MULTI_ENTITY_OVERLAP,GRAPH_SHARED_ADDRESS,,phase3-v1
tx_0019093,2026-03-25 22:45:06,0,0.0001,LOW,APPROVE,0,LOW_RISK_ESTABLISHED_ACCOUNT,,,phase3-v1
tx_0016435,2026-03-25 22:48:51,0,0.0001,LOW,APPROVE,0,LOW_RISK_ESTABLISHED_ACCOUNT,,,phase3-v1
tx_0008831,2026-03-25 22:49:26,0,0.0001,LOW,APPROVE,0,LOW_RISK_ESTABLISHED_ACCOUNT,,,phase3-v1
tx_0016375,2026-03-25 22:49:51,0,0.0001,LOW,APPROVE,0,LOW_RISK_ESTABLISHED_ACCOUNT,,,phase3-v1
tx_0004643,2026-03-25 22:51:05,0,0.0001,LOW,APPROVE,0,LOW_RISK_ESTABLISHED_ACCOUNT,,,phase3-v1
tx_0016392,2026-03-25 22:52:17,0,0.0001,LOW,APPROVE,0,LOW_RISK_ESTABLISHED_ACCOUNT,,,phase3-v1
tx_0019875,2026-03-25 22:57:08,0,0.0001,LOW,APPROVE,0,LOW_RISK_ESTABLISHED_ACCOUNT,,,phase3-v1
tx_0015415,2026-03-25 23:00:52,0,0.0001,LOW,APPROVE,0,LOW_RISK_ESTABLISHED_ACCOUNT,,,phase3-v1
tx_0002512,2026-03-25 23:03:33,0,0.0001,LOW,APPROVE,0,LOW_RISK_ESTABLISHED_ACCOUNT,,,phase3-v1
tx_0024889,2026-03-25 23:17:14,0,0.0005,LOW,APPROVE,0,GRAPH_CONNECTED_USERS,,,phase3-v1
tx_0020291,2026-03-25 23:23:09,0,0.0002,LOW,APPROVE,0,LOW_RISK_ESTABLISHED_ACCOUNT,,,phase3-v1
tx_0025609,2026-03-25 23:23:36,0,0.0001,LOW,APPROVE,0,GRAPH_MULTI_ENTITY_OVERLAP,GRAPH_CONNECTED_USERS,GRAPH_SHARED_ADDRESS,phase3-v1
tx_0008079,2026-03-25 23:27:44,0,0.0001,LOW,APPROVE,0,LOW_RISK_ESTABLISHED_ACCOUNT,,,phase3-v1
tx_0004522,2026-03-25 23:44:17,0,0.0002,LOW,APPROVE,0,LOW_RISK_ESTABLISHED_ACCOUNT,,,phase3-v1
tx_0013555,2026-03-25 23:55:12,0,0.0001,LOW,APPROVE,0,LOW_RISK_ESTABLISHED_ACCOUNT,,,phase3-v1
tx_0009108,2026-03-26 00:01:26,0,0.0001,LOW,APPROVE,0,PROMO_ACTIVITY,,,phase3-v1
tx_0006710,2026-03-26 00:19:38,0,0.0002,LOW,APPROVE,0,LOW_RISK_ESTABLISHED_ACCOUNT,,,phase3-v1
tx_0012403,2026-03-26 00:21:05,0,0.0001,LOW,APPROVE,0,HIGH_AMOUNT_ANOMALY,,,phase3-v1
tx_0009454,2026-03-26 00:25:21,0,0.0002,LOW,APPROVE,0,LOW_RISK_ESTABLISHED_ACCOUNT,,,phase3-v1
tx_0012466,2026-03-26 00:46:38,0,0.0002,LOW,APPROVE,0,LOW_RISK_ESTABLISHED_ACCOUNT,,,phase3-v1
tx_0024922,2026-03-26 00:57:03,0,0.0002,LOW,APPROVE,0,GRAPH_SHARED_ADDRESS,GRAPH_MULTI_ENTITY_OVERLAP,GRAPH_CONNECTED_USERS,phase3-v1
tx_0004029,2026-03-26 01:09:37,0,0.0001,LOW,APPROVE,0,OFF_HOURS_ACTIVITY,,,phase3-v1
tx_0002625,2026-03-26 01:22:04,0,0.0001,LOW,APPROVE,0,HIGH_24H_VELOCITY,OFF_HOURS_ACTIVITY,,phase3-v1
tx_0023936,2026-03-26 01:24:16,0,0.0001,LOW,APPROVE,0,GRAPH_CONNECTED_USERS,OFF_HOURS_ACTIVITY,,phase3-v1
tx_0020542,2026-03-26 01:29:12,0,0.0001,LOW,APPROVE,0,OFF_HOURS_ACTIVITY,,,phase3-v1
tx_0004021,2026-03-26 01:32:11,0,0.0001,LOW,APPROVE,0,OFF_HOURS_ACTIVITY,,,phase3-v1
tx_0005294,2026-03-26 01:40:58,0,0.0002,LOW,APPROVE,0,OFF_HOURS_ACTIVITY,,,phase3-v1
tx_0012685,2026-03-26 01:45:09,0,0.0001,LOW,APPROVE,0,OFF_HOURS_ACTIVITY,,,phase3-v1
tx_0001660,2026-03-26 02:00:36,0,0.0001,LOW,APPROVE,0,OFF_HOURS_ACTIVITY,,,phase3-v1
tx_0011859,2026-03-26 02:35:19,0,0.3038,LOW,APPROVE,0,NEW_ACCOUNT,OFF_HOURS_ACTIVITY,,phase3-v1
tx_0006952,2026-03-26 03:11:47,0,0.0001,LOW,APPROVE,0,OFF_HOURS_ACTIVITY,,,phase3-v1
tx_0017862,2026-03-26 03:35:03,0,0.0005,LOW,APPROVE,0,OFF_HOURS_ACTIVITY,NEW_ACCOUNT,,phase3-v1
tx_0014103,2026-03-26 03:43:51,0,0.0001,LOW,APPROVE,0,OFF_HOURS_ACTIVITY,,,phase3-v1
tx_0018238,2026-03-26 03:57:32,0,0.0001,LOW,APPROVE,0,OFF_HOURS_ACTIVITY,,,phase3-v1
tx_0016715,2026-03-26 04:59:35,0,0.0001,LOW,APPROVE,0,OFF_HOURS_ACTIVITY,,,phase3-v1
tx_0004386,2026-03-26 05:00:22,0,0.0001,LOW,APPROVE,0,OFF_HOURS_ACTIVITY,,,phase3-v1
tx_0018059,2026-03-26 05:30:20,0,0.0,LOW,APPROVE,0,OFF_HOURS_ACTIVITY,,,phase3-v1
tx_0020689,2026-03-26 05:52:32,0,0.0,LOW,APPROVE,0,OFF_HOURS_ACTIVITY,,,phase3-v1
tx_0011236,2026-03-26 06:04:24,0,0.0,LOW,APPROVE,0,LOW_RISK_ESTABLISHED_ACCOUNT,,,phase3-v1
tx_0010312,2026-03-26 06:23:27,0,0.0001,LOW,APPROVE,0,HIGH_AMOUNT_ANOMALY,,,phase3-v1
tx_0000892,2026-03-26 06:25:39,0,0.0,LOW,APPROVE,0,LOW_RISK_ESTABLISHED_ACCOUNT,,,phase3-v1
tx_0000295,2026-03-26 06:30:28,0,0.0001,LOW,APPROVE,0,LOW_RISK_ESTABLISHED_ACCOUNT,,,phase3-v1
tx_0003965,2026-03-26 06:32:39,0,0.0001,LOW,APPROVE,0,LOW_RISK_ESTABLISHED_ACCOUNT,,,phase3-v1
tx_0005191,2026-03-26 07:01:49,0,0.0003,LOW,APPROVE,0,HIGH_AMOUNT_ANOMALY,NEW_ACCOUNT,,phase3-v1
tx_0003690,2026-03-26 07:02:31,0,0.0001,LOW,APPROVE,0,LOW_RISK_ESTABLISHED_ACCOUNT,,,phase3-v1
tx_0023146,2026-03-26 07:10:37,0,0.0001,LOW,APPROVE,0,GRAPH_SHARED_ADDRESS,GRAPH_MULTI_ENTITY_OVERLAP,GRAPH_CONNECTED_USERS,phase3-v1
tx_0022959,2026-03-26 07:15:45,0,0.0001,LOW,APPROVE,0,GRAPH_SHARED_ADDRESS,GRAPH_MULTI_ENTITY_OVERLAP,GRAPH_CONNECTED_USERS,phase3-v1
tx_0018116,2026-03-26 07:28:46,0,0.0,LOW,APPROVE,0,LOW_RISK_ESTABLISHED_ACCOUNT,,,phase3-v1
tx_0008734,2026-03-26 07:30:42,0,0.0001,LOW,APPROVE,0,LOW_RISK_ESTABLISHED_ACCOUNT,,,phase3-v1
tx_0008078,2026-03-26 07:34:01,0,0.0001,LOW,APPROVE,0,LOW_RISK_ESTABLISHED_ACCOUNT,,,phase3-v1
tx_0000529,2026-03-26 07:36:30,0,0.0,LOW,APPROVE,0,LOW_RISK_ESTABLISHED_ACCOUNT,,,phase3-v1
tx_0023156,2026-03-26 07:36:31,0,0.0002,LOW,APPROVE,0,GRAPH_SHARED_ADDRESS,GRAPH_MULTI_ENTITY_OVERLAP,GRAPH_CONNECTED_USERS,phase3-v1
tx_0016725,2026-03-26 07:52:40,0,0.0,LOW,APPROVE,0,LOW_RISK_ESTABLISHED_ACCOUNT,,,phase3-v1
tx_0009081,2026-03-26 08:00:22,0,0.0,LOW,APPROVE,0,LOW_RISK_ESTABLISHED_ACCOUNT,,,phase3-v1
tx_0010623,2026-03-26 08:07:32,0,0.0,LOW,APPROVE,0,LOW_RISK_ESTABLISHED_ACCOUNT,,,phase3-v1
tx_0016545,2026-03-26 08:08:27,0,0.0,LOW,APPROVE,0,LOW_RISK_ESTABLISHED_ACCOUNT,,,phase3-v1
tx_0010447,2026-03-26 08:08:57,0,0.0,LOW,APPROVE,0,LOW_RISK_ESTABLISHED_ACCOUNT,,,phase3-v1
tx_0015602,2026-03-26 08:09:42,0,0.0,LOW,APPROVE,0,LOW_RISK_ESTABLISHED_ACCOUNT,,,phase3-v1
tx_0007404,2026-03-26 08:19:15,0,0.0,LOW,APPROVE,0,LOW_RISK_ESTABLISHED_ACCOUNT,,,phase3-v1
tx_0015562,2026-03-26 08:25:01,0,0.0,LOW,APPROVE,0,LOW_RISK_ESTABLISHED_ACCOUNT,,,phase3-v1
tx_0025800,2026-03-26 08:30:14,0,0.0002,LOW,APPROVE,0,GRAPH_SHARED_PAYMENT,GRAPH_SHARED_ADDRESS,GRAPH_MULTI_ENTITY_OVERLAP,phase3-v1
tx_0002424,2026-03-26 08:33:27,0,0.0001,LOW,APPROVE,0,LOW_RISK_ESTABLISHED_ACCOUNT,,,phase3-v1
tx_0005138,2026-03-26 08:36:22,0,0.0,LOW,APPROVE,0,HIGH_AMOUNT_ANOMALY,,,phase3-v1
tx_0000907,2026-03-26 08:38:16,0,0.0,LOW,APPROVE,0,LOW_RISK_ESTABLISHED_ACCOUNT,,,phase3-v1
tx_0017528,2026-03-26 08:45:27,0,0.0,LOW,APPROVE,0,LOW_RISK_ESTABLISHED_ACCOUNT,,,phase3-v1
tx_0003705,2026-03-26 08:55:56,0,0.0002,LOW,APPROVE,0,NEW_ACCOUNT,,,phase3-v1
tx_0002083,2026-03-26 09:00:29,0,0.0,LOW,APPROVE,0,LOW_RISK_ESTABLISHED_ACCOUNT,,,phase3-v1
tx_0018209,2026-03-26 09:03:05,0,0.0,LOW,APPROVE,0,LOW_RISK_ESTABLISHED_ACCOUNT,,,phase3-v1
tx_0004456,2026-03-26 09:06:01,0,0.0001,LOW,APPROVE,0,LOW_RISK_ESTABLISHED_ACCOUNT,,,phase3-v1
tx_0005762,2026-03-26 09:13:42,0,0.0,LOW,APPROVE,0,LOW_RISK_ESTABLISHED_ACCOUNT,,,phase3-v1
tx_0013986,2026-03-26 09:15:03,0,0.0,LOW,APPROVE,0,LOW_RISK_ESTABLISHED_ACCOUNT,,,phase3-v1
tx_0001691,2026-03-26 09:21:02,0,0.0,LOW,APPROVE,0,LOW_RISK_ESTABLISHED_ACCOUNT,,,phase3-v1
tx_0022376,2026-03-26 09:22:11,0,0.0001,LOW,APPROVE,0,LOW_RISK_ESTABLISHED_ACCOUNT,,,phase3-v1
tx_0000276,2026-03-26 09:34:17,0,0.0,LOW,APPROVE,0,LOW_RISK_ESTABLISHED_ACCOUNT,,,phase3-v1
tx_0001850,2026-03-26 09:36:33,0,0.0001,LOW,APPROVE,0,LOW_RISK_ESTABLISHED_ACCOUNT,,,phase3-v1
tx_0016868,2026-03-26 09:37:49,0,0.0,LOW,APPROVE,0,LOW_RISK_ESTABLISHED_ACCOUNT,,,phase3-v1
tx_0003699,2026-03-26 09:39:44,0,0.0001,LOW,APPROVE,0,HIGH_24H_VELOCITY,HIGH_1H_VELOCITY,NEW_ACCOUNT,phase3-v1
tx_0021510,2026-03-26 09:40:19,0,0.0,LOW,APPROVE,0,LOW_RISK_ESTABLISHED_ACCOUNT,,,phase3-v1
tx_0002165,2026-03-26 09:41:04,0,0.0001,LOW,APPROVE,0,LOW_RISK_ESTABLISHED_ACCOUNT,,,phase3-v1
tx_0017124,2026-03-26 09:45:16,0,0.0,LOW,APPROVE,0,LOW_RISK_ESTABLISHED_ACCOUNT,,,phase3-v1
tx_0015534,2026-03-26 09:47:12,0,0.0001,LOW,APPROVE,0,LOW_RISK_ESTABLISHED_ACCOUNT,,,phase3-v1
tx_0015688,2026-03-26 09:49:44,0,0.0,LOW,APPROVE,0,LOW_RISK_ESTABLISHED_ACCOUNT,,,phase3-v1
tx_0012999,2026-03-26 09:57:24,0,0.0,LOW,APPROVE,0,LOW_RISK_ESTABLISHED_ACCOUNT,,,phase3-v1
tx_0020008,2026-03-26 10:01:38,0,0.0002,LOW,APPROVE,0,HIGH_AMOUNT_ANOMALY,,,phase3-v1
tx_0021032,2026-03-26 10:05:51,0,0.0,LOW,APPROVE,0,LOW_RISK_ESTABLISHED_ACCOUNT,,,phase3-v1
tx_0008971,2026-03-26 10:06:33,0,0.0467,LOW,APPROVE,0,NEW_ACCOUNT,,,phase3-v1
tx_0004454,2026-03-26 10:09:31,0,0.0,LOW,APPROVE,0,LOW_RISK_ESTABLISHED_ACCOUNT,,,phase3-v1
tx_0012491,2026-03-26 10:10:43,0,0.0,LOW,APPROVE,0,LOW_RISK_ESTABLISHED_ACCOUNT,,,phase3-v1
tx_0019866,2026-03-26 10:13:03,0,0.0003,LOW,APPROVE,0,NEW_ACCOUNT,,,phase3-v1
tx_0019413,2026-03-26 10:14:18,0,0.0001,LOW,APPROVE,0,LOW_RISK_ESTABLISHED_ACCOUNT,,,phase3-v1
tx_0001375,2026-03-26 10:14:41,0,0.0,LOW,APPROVE,0,LOW_RISK_ESTABLISHED_ACCOUNT,,,phase3-v1
tx_0003988,2026-03-26 10:17:19,0,0.0001,LOW,APPROVE,0,LOW_RISK_ESTABLISHED_ACCOUNT,,,phase3-v1
tx_0019667,2026-03-26 10:24:40,0,0.0,LOW,APPROVE,0,LOW_RISK_ESTABLISHED_ACCOUNT,,,phase3-v1
tx_0013557,2026-03-26 10:33:08,0,0.0,LOW,APPROVE,0,LOW_RISK_ESTABLISHED_ACCOUNT,,,phase3-v1
tx_0019796,2026-03-26 10:42:14,0,0.0,LOW,APPROVE,0,LOW_RISK_ESTABLISHED_ACCOUNT,,,phase3-v1
tx_0025234,2026-03-26 10:42:24,0,0.0027,LOW,APPROVE,0,GRAPH_SHARED_DEVICE,GRAPH_SHARED_PAYMENT,GRAPH_SHARED_ADDRESS,phase3-v1
tx_0002974,2026-03-26 10:47:57,0,0.0001,LOW,APPROVE,0,LOW_RISK_ESTABLISHED_ACCOUNT,,,phase3-v1
tx_0000245,2026-03-26 10:49:48,0,0.0,LOW,APPROVE,0,LOW_RISK_ESTABLISHED_ACCOUNT,,,phase3-v1
tx_0004805,2026-03-26 10:52:43,0,0.0,LOW,APPROVE,0,LOW_RISK_ESTABLISHED_ACCOUNT,,,phase3-v1
tx_0014512,2026-03-26 10:58:32,0,0.0001,LOW,APPROVE,0,LOW_RISK_ESTABLISHED_ACCOUNT,,,phase3-v1
tx_0012934,2026-03-26 11:00:29,0,0.0001,LOW,APPROVE,0,LOW_RISK_ESTABLISHED_ACCOUNT,,,phase3-v1
tx_0011048,2026-03-26 11:00:32,0,0.0001,LOW,APPROVE,0,LOW_RISK_ESTABLISHED_ACCOUNT,,,phase3-v1
tx_0011739,2026-03-26 11:03:49,0,0.0,LOW,APPROVE,0,LOW_RISK_ESTABLISHED_ACCOUNT,,,phase3-v1
tx_0013037,2026-03-26 11:04:17,0,0.0012,LOW,APPROVE,0,NEW_ACCOUNT,,,phase3-v1
tx_0023770,2026-03-26 11:09:13,0,0.0003,LOW,APPROVE,0,GRAPH_CONNECTED_USERS,,,phase3-v1
tx_0001197,2026-03-26 11:09:46,0,0.0001,LOW,APPROVE,0,HIGH_AMOUNT_ANOMALY,,,phase3-v1
tx_0018013,2026-03-26 11:12:19,0,0.0,LOW,APPROVE,0,LOW_RISK_ESTABLISHED_ACCOUNT,,,phase3-v1
tx_0015436,2026-03-26 11:12:41,0,0.0,LOW,APPROVE,0,LOW_RISK_ESTABLISHED_ACCOUNT,,,phase3-v1
tx_0008443,2026-03-26 11:14:07,0,0.0,LOW,APPROVE,0,LOW_RISK_ESTABLISHED_ACCOUNT,,,phase3-v1
tx_0000933,2026-03-26 11:15:55,0,0.0001,LOW,APPROVE,0,PROMO_ACTIVITY,,,phase3-v1
tx_0007378,2026-03-26 11:17:17,0,0.0,LOW,APPROVE,0,LOW_RISK_ESTABLISHED_ACCOUNT,,,phase3-v1
tx_0005024,2026-03-26 11:18:22,0,0.0001,LOW,APPROVE,0,NEW_ACCOUNT,,,phase3-v1
tx_0017154,2026-03-26 11:20:49,0,0.0,LOW,APPROVE,0,LOW_RISK_ESTABLISHED_ACCOUNT,,,phase3-v1
tx_0025740,2026-03-26 11:20:59,0,0.0001,LOW,APPROVE,0,GRAPH_CONNECTED_USERS,,,phase3-v1
tx_0021303,2026-03-26 11:22:52,0,0.0,LOW,APPROVE,0,HIGH_AMOUNT_ANOMALY,,,phase3-v1
tx_0004526,2026-03-26 11:31:59,0,0.0,LOW,APPROVE,0,HIGH_AMOUNT_ANOMALY,,,phase3-v1
tx_0001757,2026-03-26 11:33:18,0,0.0,LOW,APPROVE,0,LOW_RISK_ESTABLISHED_ACCOUNT,,,phase3-v1
tx_0010105,2026-03-26 11:35:11,0,0.0,LOW,APPROVE,0,HIGH_AMOUNT_ANOMALY,,,phase3-v1
tx_0006953,2026-03-26 11:35:15,0,0.0001,LOW,APPROVE,0,LOW_RISK_ESTABLISHED_ACCOUNT,,,phase3-v1
tx_0003116,2026-03-26 11:38:19,0,0.0,LOW,APPROVE,0,LOW_RISK_ESTABLISHED_ACCOUNT,,,phase3-v1
tx_0014545,2026-03-26 11:38:22,0,0.0,LOW,APPROVE,0,LOW_RISK_ESTABLISHED_ACCOUNT,,,phase3-v1
tx_0010436,2026-03-26 11:39:06,0,0.0,LOW,APPROVE,0,NEW_ACCOUNT,,,phase3-v1
tx_0006011,2026-03-26 11:39:10,0,0.0001,LOW,APPROVE,0,LOW_RISK_ESTABLISHED_ACCOUNT,,,phase3-v1
tx_0012098,2026-03-26 11:42:27,0,0.0001,LOW,APPROVE,0,HIGH_AMOUNT_ANOMALY,,,phase3-v1
tx_0009145,2026-03-26 11:42:41,0,0.0,LOW,APPROVE,0,LOW_RISK_ESTABLISHED_ACCOUNT,,,phase3-v1
tx_0019140,2026-03-26 11:48:48,0,0.0,LOW,APPROVE,0,LOW_RISK_ESTABLISHED_ACCOUNT,,,phase3-v1
tx_0008975,2026-03-26 11:48:49,0,0.0001,LOW,APPROVE,0,LOW_RISK_ESTABLISHED_ACCOUNT,,,phase3-v1
tx_0018847,2026-03-26 11:51:19,0,0.0001,LOW,APPROVE,0,LOW_RISK_ESTABLISHED_ACCOUNT,,,phase3-v1
tx_0024798,2026-03-26 11:53:53,0,0.0001,LOW,APPROVE,0,GRAPH_CONNECTED_USERS,,,phase3-v1
tx_0023280,2026-03-26 11:54:39,0,0.0001,LOW,APPROVE,0,GRAPH_CONNECTED_USERS,,,phase3-v1
tx_0012450,2026-03-26 11:56:21,0,0.0,LOW,APPROVE,0,LOW_RISK_ESTABLISHED_ACCOUNT,,,phase3-v1
tx_0005960,2026-03-26 11:57:09,0,0.0,LOW,APPROVE,0,LOW_RISK_ESTABLISHED_ACCOUNT,,,phase3-v1
tx_0005272,2026-03-26 11:58:32,0,0.0,LOW,APPROVE,0,LOW_RISK_ESTABLISHED_ACCOUNT,,,phase3-v1
tx_0021895,2026-03-26 11:59:28,0,0.0,LOW,APPROVE,0,LOW_RISK_ESTABLISHED_ACCOUNT,,,phase3-v1
tx_0005016,2026-03-26 11:59:54,0,0.0001,LOW,APPROVE,0,LOW_RISK_ESTABLISHED_ACCOUNT,,,phase3-v1
tx_0002930,2026-03-26 12:01:04,0,0.0,LOW,APPROVE,0,LOW_RISK_ESTABLISHED_ACCOUNT,,,phase3-v1
tx_0000595,2026-03-26 12:01:43,0,0.0001,LOW,APPROVE,0,LOW_RISK_ESTABLISHED_ACCOUNT,,,phase3-v1
tx_0016465,2026-03-26 12:05:22,0,0.0,LOW,APPROVE,0,LOW_RISK_ESTABLISHED_ACCOUNT,,,phase3-v1
tx_0023407,2026-03-26 12:05:30,0,0.0002,LOW,APPROVE,0,GRAPH_SHARED_ADDRESS,GRAPH_CONNECTED_USERS,GRAPH_MULTI_ENTITY_OVERLAP,phase3-v1
tx_0025100,2026-03-26 12:06:58,0,0.0004,LOW,APPROVE,0,GRAPH_CONNECTED_USERS,,,phase3-v1
tx_0024875,2026-03-26 12:07:10,0,0.0004,LOW,APPROVE,0,GRAPH_CONNECTED_USERS,,,phase3-v1
tx_0024001,2026-03-26 12:08:38,0,0.0001,LOW,APPROVE,0,GRAPH_CONNECTED_USERS,,,phase3-v1
tx_0019604,2026-03-26 12:08:43,0,0.0001,LOW,APPROVE,0,LOW_RISK_ESTABLISHED_ACCOUNT,,,phase3-v1
tx_0013490,2026-03-26 12:08:56,0,0.0019,LOW,APPROVE,0,NEW_ACCOUNT,,,phase3-v1
tx_0005155,2026-03-26 12:10:31,0,0.0001,LOW,APPROVE,0,NEW_ACCOUNT,,,phase3-v1
tx_0018447,2026-03-26 12:11:13,0,0.0,LOW,APPROVE,0,LOW_RISK_ESTABLISHED_ACCOUNT,,,phase3-v1
tx_0006880,2026-03-26 12:16:02,0,0.0,LOW,APPROVE,0,LOW_RISK_ESTABLISHED_ACCOUNT,,,phase3-v1
tx_0020817,2026-03-26 12:16:17,0,0.008,LOW,APPROVE,0,NEW_ACCOUNT,,,phase3-v1
tx_0022280,2026-03-26 12:16:55,0,0.0,LOW,APPROVE,0,LOW_RISK_ESTABLISHED_ACCOUNT,,,phase3-v1
tx_0009096,2026-03-26 12:20:24,0,0.0,LOW,APPROVE,0,LOW_RISK_ESTABLISHED_ACCOUNT,,,phase3-v1
tx_0025687,2026-03-26 12:21:04,0,0.0001,LOW,APPROVE,0,GRAPH_MULTI_ENTITY_OVERLAP,GRAPH_SHARED_ADDRESS,GRAPH_CONNECTED_USERS,phase3-v1
tx_0019787,2026-03-26 12:21:46,0,0.0,LOW,APPROVE,0,LOW_RISK_ESTABLISHED_ACCOUNT,,,phase3-v1
tx_0018328,2026-03-26 12:22:33,0,0.0,LOW,APPROVE,0,LOW_RISK_ESTABLISHED_ACCOUNT,,,phase3-v1
tx_0019142,2026-03-26 12:30:52,0,0.0,LOW,APPROVE,0,HIGH_1H_VELOCITY,,,phase3-v1
tx_0025593,2026-03-26 12:38:39,0,0.0001,LOW,APPROVE,0,GRAPH_MULTI_ENTITY_OVERLAP,GRAPH_SHARED_ADDRESS,GRAPH_CONNECTED_USERS,phase3-v1
tx_0013815,2026-03-26 12:39:29,0,0.0008,LOW,APPROVE,0,NEW_ACCOUNT,,,phase3-v1
tx_0022745,2026-03-26 12:40:34,0,0.0004,LOW,APPROVE,0,GRAPH_CONNECTED_USERS,,,phase3-v1
tx_0018263,2026-03-26 12:43:34,0,0.0,LOW,APPROVE,0,LOW_RISK_ESTABLISHED_ACCOUNT,,,phase3-v1
tx_0013425,2026-03-26 12:44:48,0,0.0,LOW,APPROVE,0,LOW_RISK_ESTABLISHED_ACCOUNT,,,phase3-v1
tx_0000940,2026-03-26 12:45:19,0,0.0001,LOW,APPROVE,0,LOW_RISK_ESTABLISHED_ACCOUNT,,,phase3-v1
tx_0005012,2026-03-26 12:48:30,0,0.0,LOW,APPROVE,0,LOW_RISK_ESTABLISHED_ACCOUNT,,,phase3-v1
tx_0005537,2026-03-26 12:49:16,0,0.0001,LOW,APPROVE,0,LOW_RISK_ESTABLISHED_ACCOUNT,,,phase3-v1
tx_0017871,2026-03-26 12:49:29,0,0.0001,LOW,APPROVE,0,LOW_RISK_ESTABLISHED_ACCOUNT,,,phase3-v1
tx_0013966,2026-03-26 12:50:34,0,0.0,LOW,APPROVE,0,LOW_RISK_ESTABLISHED_ACCOUNT,,,phase3-v1
tx_0022318,2026-03-26 12:51:21,0,0.0002,LOW,APPROVE,0,HIGH_24H_VELOCITY,,,phase3-v1
tx_0006789,2026-03-26 12:53:23,0,0.0,LOW,APPROVE,0,LOW_RISK_ESTABLISHED_ACCOUNT,,,phase3-v1
tx_0017948,2026-03-26 12:53:45,0,0.0,LOW,APPROVE,0,LOW_RISK_ESTABLISHED_ACCOUNT,,,phase3-v1
tx_0008540,2026-03-26 12:54:09,0,0.0,LOW,APPROVE,0,LOW_RISK_ESTABLISHED_ACCOUNT,,,phase3-v1
tx_0011951,2026-03-26 12:54:12,0,0.0,LOW,APPROVE,0,LOW_RISK_ESTABLISHED_ACCOUNT,,,phase3-v1
tx_0010648,2026-03-26 12:58:28,0,0.0,LOW,APPROVE,0,LOW_RISK_ESTABLISHED_ACCOUNT,,,phase3-v1
tx_0020771,2026-03-26 12:59:36,0,0.0,LOW,APPROVE,0,LOW_RISK_ESTABLISHED_ACCOUNT,,,phase3-v1
tx_0015727,2026-03-26 13:03:26,0,0.0,LOW,APPROVE,0,LOW_RISK_ESTABLISHED_ACCOUNT,,,phase3-v1
tx_0012861,2026-03-26 13:07:38,0,0.0001,LOW,APPROVE,0,LOW_RISK_ESTABLISHED_ACCOUNT,,,phase3-v1
tx_0025598,2026-03-26 13:11:13,0,0.0001,LOW,APPROVE,0,GRAPH_MULTI_ENTITY_OVERLAP,GRAPH_SHARED_ADDRESS,GRAPH_CONNECTED_USERS,phase3-v1
tx_0020239,2026-03-26 13:13:08,0,0.0,LOW,APPROVE,0,NEW_ACCOUNT,,,phase3-v1
tx_0009175,2026-03-26 13:15:21,0,0.0,LOW,APPROVE,0,LOW_RISK_ESTABLISHED_ACCOUNT,,,phase3-v1
tx_0014116,2026-03-26 13:18:22,0,0.0001,LOW,APPROVE,0,LOW_RISK_ESTABLISHED_ACCOUNT,,,phase3-v1
tx_0023749,2026-03-26 13:21:18,0,0.0001,LOW,APPROVE,0,GRAPH_CONNECTED_USERS,,,phase3-v1
tx_0020483,2026-03-26 13:22:16,0,0.0001,LOW,APPROVE,0,NEW_ACCOUNT,,,phase3-v1
tx_0006712,2026-03-26 13:24:02,0,0.0,LOW,APPROVE,0,LOW_RISK_ESTABLISHED_ACCOUNT,,,phase3-v1
tx_0008476,2026-03-26 13:24:30,0,0.0001,LOW,APPROVE,0,LOW_RISK_ESTABLISHED_ACCOUNT,,,phase3-v1
tx_0006173,2026-03-26 13:26:24,0,0.0,LOW,APPROVE,0,LOW_RISK_ESTABLISHED_ACCOUNT,,,phase3-v1
tx_0023697,2026-03-26 13:29:47,0,0.0001,LOW,APPROVE,0,GRAPH_SHARED_ADDRESS,GRAPH_CONNECTED_USERS,GRAPH_MULTI_ENTITY_OVERLAP,phase3-v1
tx_0013650,2026-03-26 13:30:35,0,0.0,LOW,APPROVE,0,LOW_RISK_ESTABLISHED_ACCOUNT,,,phase3-v1
tx_0001133,2026-03-26 13:32:49,0,0.0001,LOW,APPROVE,0,LOW_RISK_ESTABLISHED_ACCOUNT,,,phase3-v1
tx_0010742,2026-03-26 13:34:21,0,0.0,LOW,APPROVE,0,LOW_RISK_ESTABLISHED_ACCOUNT,,,phase3-v1
tx_0006889,2026-03-26 13:35:58,0,0.0,LOW,APPROVE,0,LOW_RISK_ESTABLISHED_ACCOUNT,,,phase3-v1
tx_0000988,2026-03-26 13:36:24,0,0.0,LOW,APPROVE,0,LOW_RISK_ESTABLISHED_ACCOUNT,,,phase3-v1
tx_0018526,2026-03-26 13:38:02,0,0.0,LOW,APPROVE,0,LOW_RISK_ESTABLISHED_ACCOUNT,,,phase3-v1
tx_0010072,2026-03-26 13:39:56,0,0.0004,LOW,APPROVE,0,NEW_ACCOUNT,,,phase3-v1
tx_0008094,2026-03-26 13:41:34,0,0.0,LOW,APPROVE,0,LOW_RISK_ESTABLISHED_ACCOUNT,,,phase3-v1
tx_0006168,2026-03-26 13:45:55,0,0.0,LOW,APPROVE,0,LOW_RISK_ESTABLISHED_ACCOUNT,,,phase3-v1
tx_0010359,2026-03-26 13:49:30,0,0.0001,LOW,APPROVE,0,LOW_RISK_ESTABLISHED_ACCOUNT,,,phase3-v1
tx_0015999,2026-03-26 13:50:09,0,0.0188,LOW,APPROVE,0,NEW_ACCOUNT,PROMO_ACTIVITY,,phase3-v1
tx_0000592,2026-03-26 13:58:54,0,0.0,LOW,APPROVE,0,LOW_RISK_ESTABLISHED_ACCOUNT,,,phase3-v1
tx_0008409,2026-03-26 14:01:54,0,0.0,LOW,APPROVE,0,LOW_RISK_ESTABLISHED_ACCOUNT,,,phase3-v1
tx_0020202,2026-03-26 14:03:45,0,0.0001,LOW,APPROVE,0,LOW_RISK_ESTABLISHED_ACCOUNT,,,phase3-v1
tx_0001378,2026-03-26 14:03:56,0,0.0001,LOW,APPROVE,0,LOW_RISK_ESTABLISHED_ACCOUNT,,,phase3-v1
tx_0013316,2026-03-26 14:11:54,0,0.0,LOW,APPROVE,0,LOW_RISK_ESTABLISHED_ACCOUNT,,,phase3-v1
tx_0022526,2026-03-26 14:12:45,0,0.0001,LOW,APPROVE,0,LOW_RISK_ESTABLISHED_ACCOUNT,,,phase3-v1
tx_0001148,2026-03-26 14:15:20,0,0.0,LOW,APPROVE,0,LOW_RISK_ESTABLISHED_ACCOUNT,,,phase3-v1
tx_0002241,2026-03-26 14:16:44,0,0.0001,LOW,APPROVE,0,PROMO_ACTIVITY,,,phase3-v1
tx_0021762,2026-03-26 14:21:58,0,0.0018,LOW,APPROVE,0,NEW_ACCOUNT,PROMO_ACTIVITY,,phase3-v1
tx_0021767,2026-03-26 14:22:22,0,0.0243,LOW,APPROVE,0,NEW_ACCOUNT,HIGH_1H_VELOCITY,,phase3-v1
tx_0001011,2026-03-26 14:24:00,0,0.0,LOW,APPROVE,0,LOW_RISK_ESTABLISHED_ACCOUNT,,,phase3-v1
tx_0013702,2026-03-26 14:25:21,0,0.0001,LOW,APPROVE,0,LOW_RISK_ESTABLISHED_ACCOUNT,,,phase3-v1
tx_0021184,2026-03-26 14:25:50,0,0.0001,LOW,APPROVE,0,LOW_RISK_ESTABLISHED_ACCOUNT,,,phase3-v1
tx_0023538,2026-03-26 14:26:03,0,0.0004,LOW,APPROVE,0,GRAPH_CONNECTED_USERS,,,phase3-v1
tx_0021169,2026-03-26 14:27:55,0,0.0006,LOW,APPROVE,0,NEW_ACCOUNT,,,phase3-v1
tx_0001666,2026-03-26 14:28:47,0,0.0,LOW,APPROVE,0,LOW_RISK_ESTABLISHED_ACCOUNT,,,phase3-v1
tx_0019963,2026-03-26 14:31:15,0,0.0001,LOW,APPROVE,0,LOW_RISK_ESTABLISHED_ACCOUNT,,,phase3-v1
tx_0013013,2026-03-26 14:32:10,0,0.0,LOW,APPROVE,0,LOW_RISK_ESTABLISHED_ACCOUNT,,,phase3-v1
tx_0003240,2026-03-26 14:35:09,0,0.0,LOW,APPROVE,0,LOW_RISK_ESTABLISHED_ACCOUNT,,,phase3-v1
tx_0013450,2026-03-26 14:35:55,0,0.0,LOW,APPROVE,0,LOW_RISK_ESTABLISHED_ACCOUNT,,,phase3-v1
tx_0002843,2026-03-26 14:39:29,0,0.0001,LOW,APPROVE,0,HIGH_AMOUNT_ANOMALY,,,phase3-v1
tx_0025420,2026-03-26 14:39:59,0,0.0004,LOW,APPROVE,0,GRAPH_CONNECTED_USERS,,,phase3-v1
tx_0008631,2026-03-26 14:45:05,0,0.0,LOW,APPROVE,0,LOW_RISK_ESTABLISHED_ACCOUNT,,,phase3-v1
tx_0010849,2026-03-26 14:45:23,0,0.0,LOW,APPROVE,0,LOW_RISK_ESTABLISHED_ACCOUNT,,,phase3-v1
tx_0017754,2026-03-26 14:50:46,0,0.0001,LOW,APPROVE,0,LOW_RISK_ESTABLISHED_ACCOUNT,,,phase3-v1
tx_0004951,2026-03-26 14:51:06,0,0.0,LOW,APPROVE,0,LOW_RISK_ESTABLISHED_ACCOUNT,,,phase3-v1
tx_0019158,2026-03-26 14:54:12,0,0.0,LOW,APPROVE,0,LOW_RISK_ESTABLISHED_ACCOUNT,,,phase3-v1
tx_0013750,2026-03-26 14:54:58,0,0.0001,LOW,APPROVE,0,LOW_RISK_ESTABLISHED_ACCOUNT,,,phase3-v1
tx_0011720,2026-03-26 15:04:35,0,0.0,LOW,APPROVE,0,LOW_RISK_ESTABLISHED_ACCOUNT,,,phase3-v1
tx_0015412,2026-03-26 15:04:39,0,0.0,LOW,APPROVE,0,LOW_RISK_ESTABLISHED_ACCOUNT,,,phase3-v1
tx_0001610,2026-03-26 15:08:02,0,0.0,LOW,APPROVE,0,LOW_RISK_ESTABLISHED_ACCOUNT,,,phase3-v1
tx_0004779,2026-03-26 15:10:14,0,0.0,LOW,APPROVE,0,LOW_RISK_ESTABLISHED_ACCOUNT,,,phase3-v1
tx_0002534,2026-03-26 15:10:52,0,0.0,LOW,APPROVE,0,LOW_RISK_ESTABLISHED_ACCOUNT,,,phase3-v1
tx_0003177,2026-03-26 15:11:44,0,0.0001,LOW,APPROVE,0,LOW_RISK_ESTABLISHED_ACCOUNT,,,phase3-v1
tx_0016721,2026-03-26 15:12:07,0,0.0,LOW,APPROVE,0,LOW_RISK_ESTABLISHED_ACCOUNT,,,phase3-v1
tx_0013967,2026-03-26 15:15:23,0,0.0001,LOW,APPROVE,0,HIGH_AMOUNT_ANOMALY,,,phase3-v1
tx_0020953,2026-03-26 15:17:20,0,0.0,LOW,APPROVE,0,LOW_RISK_ESTABLISHED_ACCOUNT,,,phase3-v1
tx_0018783,2026-03-26 15:17:37,0,0.0001,LOW,APPROVE,0,HIGH_AMOUNT_ANOMALY,,,phase3-v1
tx_0017731,2026-03-26 15:22:58,0,0.0,LOW,APPROVE,0,LOW_RISK_ESTABLISHED_ACCOUNT,,,phase3-v1
tx_0013904,2026-03-26 15:23:19,0,0.0,LOW,APPROVE,0,LOW_RISK_ESTABLISHED_ACCOUNT,,,phase3-v1
tx_0014565,2026-03-26 15:27:41,0,0.0,LOW,APPROVE,0,LOW_RISK_ESTABLISHED_ACCOUNT,,,phase3-v1
tx_0022012,2026-03-26 15:28:44,0,0.0001,LOW,APPROVE,0,LOW_RISK_ESTABLISHED_ACCOUNT,,,phase3-v1
tx_0012316,2026-03-26 15:28:50,0,0.0,LOW,APPROVE,0,LOW_RISK_ESTABLISHED_ACCOUNT,,,phase3-v1
tx_0004744,2026-03-26 15:34:46,0,0.0,LOW,APPROVE,0,LOW_RISK_ESTABLISHED_ACCOUNT,,,phase3-v1
tx_0002607,2026-03-26 15:35:06,0,0.0,LOW,APPROVE,0,LOW_RISK_ESTABLISHED_ACCOUNT,,,phase3-v1
tx_0016082,2026-03-26 15:36:14,0,0.0002,LOW,APPROVE,0,NEW_ACCOUNT,,,phase3-v1
tx_0021278,2026-03-26 15:36:19,0,0.0,LOW,APPROVE,0,LOW_RISK_ESTABLISHED_ACCOUNT,,,phase3-v1
tx_0008128,2026-03-26 15:37:08,0,0.0001,LOW,APPROVE,0,LOW_RISK_ESTABLISHED_ACCOUNT,,,phase3-v1
tx_0012692,2026-03-26 15:52:23,0,0.0,LOW,APPROVE,0,LOW_RISK_ESTABLISHED_ACCOUNT,,,phase3-v1
tx_0010563,2026-03-26 15:52:25,0,0.0001,LOW,APPROVE,0,LOW_RISK_ESTABLISHED_ACCOUNT,,,phase3-v1
tx_0013002,2026-03-26 15:56:31,0,0.0001,LOW,APPROVE,0,LOW_RISK_ESTABLISHED_ACCOUNT,,,phase3-v1
tx_0007047,2026-03-26 15:57:26,0,0.0,LOW,APPROVE,0,LOW_RISK_ESTABLISHED_ACCOUNT,,,phase3-v1
tx_0019927,2026-03-26 15:57:31,0,0.0,LOW,APPROVE,0,LOW_RISK_ESTABLISHED_ACCOUNT,,,phase3-v1
tx_0009273,2026-03-26 15:59:22,0,0.0,LOW,APPROVE,0,LOW_RISK_ESTABLISHED_ACCOUNT,,,phase3-v1
tx_0020439,2026-03-26 16:04:07,0,0.0,LOW,APPROVE,0,LOW_RISK_ESTABLISHED_ACCOUNT,,,phase3-v1
tx_0007664,2026-03-26 16:05:20,0,0.0,LOW,APPROVE,0,LOW_RISK_ESTABLISHED_ACCOUNT,,,phase3-v1
tx_0000745,2026-03-26 16:09:06,0,0.1553,LOW,APPROVE,0,NEW_ACCOUNT,,,phase3-v1
tx_0016087,2026-03-26 16:17:57,0,0.0,LOW,APPROVE,0,LOW_RISK_ESTABLISHED_ACCOUNT,,,phase3-v1
tx_0009345,2026-03-26 16:21:58,0,0.0,LOW,APPROVE,0,LOW_RISK_ESTABLISHED_ACCOUNT,,,phase3-v1
tx_0003185,2026-03-26 16:21:58,0,0.0,LOW,APPROVE,0,LOW_RISK_ESTABLISHED_ACCOUNT,,,phase3-v1
tx_0022667,2026-03-26 16:22:23,0,0.0001,LOW,APPROVE,0,GRAPH_SHARED_ADDRESS,GRAPH_MULTI_ENTITY_OVERLAP,GRAPH_CONNECTED_USERS,phase3-v1
tx_0004087,2026-03-26 16:22:50,0,0.0001,LOW,APPROVE,0,LOW_RISK_ESTABLISHED_ACCOUNT,,,phase3-v1
tx_0007741,2026-03-26 16:28:00,0,0.0001,LOW,APPROVE,0,LOW_RISK_ESTABLISHED_ACCOUNT,,,phase3-v1
tx_0023419,2026-03-26 16:31:14,0,0.0001,LOW,APPROVE,0,GRAPH_CONNECTED_USERS,,,phase3-v1
tx_0023444,2026-03-26 16:31:30,0,0.0001,LOW,APPROVE,0,GRAPH_MULTI_ENTITY_OVERLAP,GRAPH_SHARED_ADDRESS,GRAPH_CONNECTED_USERS,phase3-v1
tx_0016164,2026-03-26 16:35:17,0,0.0001,LOW,APPROVE,0,LOW_RISK_ESTABLISHED_ACCOUNT,,,phase3-v1
tx_0005734,2026-03-26 16:38:02,0,0.0,LOW,APPROVE,0,LOW_RISK_ESTABLISHED_ACCOUNT,,,phase3-v1
tx_0006445,2026-03-26 16:45:17,0,0.0001,LOW,APPROVE,0,HIGH_AMOUNT_ANOMALY,,,phase3-v1
tx_0004388,2026-03-26 16:47:33,0,0.0,LOW,APPROVE,0,LOW_RISK_ESTABLISHED_ACCOUNT,,,phase3-v1
tx_0011189,2026-03-26 16:51:55,0,0.0001,LOW,APPROVE,0,LOW_RISK_ESTABLISHED_ACCOUNT,,,phase3-v1
tx_0002235,2026-03-26 16:52:35,0,0.0,LOW,APPROVE,0,LOW_RISK_ESTABLISHED_ACCOUNT,,,phase3-v1
tx_0025780,2026-03-26 16:52:42,0,0.0003,LOW,APPROVE,0,GRAPH_SHARED_PAYMENT,GRAPH_SHARED_ADDRESS,GRAPH_MULTI_ENTITY_OVERLAP,phase3-v1
tx_0013475,2026-03-26 16:52:50,0,0.0,LOW,APPROVE,0,LOW_RISK_ESTABLISHED_ACCOUNT,,,phase3-v1
tx_0020972,2026-03-26 16:57:16,0,0.0001,LOW,APPROVE,0,LOW_RISK_ESTABLISHED_ACCOUNT,,,phase3-v1
tx_0011417,2026-03-26 16:58:13,0,0.0,LOW,APPROVE,0,LOW_RISK_ESTABLISHED_ACCOUNT,,,phase3-v1
tx_0011277,2026-03-26 17:00:47,0,0.0,LOW,APPROVE,0,LOW_RISK_ESTABLISHED_ACCOUNT,,,phase3-v1
tx_0006189,2026-03-26 17:02:37,0,0.0001,LOW,APPROVE,0,LOW_RISK_ESTABLISHED_ACCOUNT,,,phase3-v1
tx_0010260,2026-03-26 17:03:50,0,0.0,LOW,APPROVE,0,LOW_RISK_ESTABLISHED_ACCOUNT,,,phase3-v1
tx_0003107,2026-03-26 17:04:37,0,0.0001,LOW,APPROVE,0,HIGH_AMOUNT_ANOMALY,,,phase3-v1
tx_0001439,2026-03-26 17:06:55,0,0.0001,LOW,APPROVE,0,LOW_RISK_ESTABLISHED_ACCOUNT,,,phase3-v1
tx_0025765,2026-03-26 17:09:04,0,0.0005,LOW,APPROVE,0,GRAPH_CONNECTED_USERS,,,phase3-v1
tx_0012165,2026-03-26 17:09:53,0,0.0,LOW,APPROVE,0,LOW_RISK_ESTABLISHED_ACCOUNT,,,phase3-v1
tx_0001770,2026-03-26 17:10:23,0,0.0001,LOW,APPROVE,0,HIGH_AMOUNT_ANOMALY,,,phase3-v1
tx_0003710,2026-03-26 17:12:02,0,0.0001,LOW,APPROVE,0,LOW_RISK_ESTABLISHED_ACCOUNT,,,phase3-v1
tx_0022055,2026-03-26 17:17:25,0,0.0,LOW,APPROVE,0,LOW_RISK_ESTABLISHED_ACCOUNT,,,phase3-v1
tx_0005671,2026-03-26 17:17:45,0,0.0,LOW,APPROVE,0,LOW_RISK_ESTABLISHED_ACCOUNT,,,phase3-v1
tx_0012105,2026-03-26 17:17:49,0,0.009,LOW,APPROVE,0,NEW_ACCOUNT,,,phase3-v1
tx_0009447,2026-03-26 17:19:28,0,0.0,LOW,APPROVE,0,LOW_RISK_ESTABLISHED_ACCOUNT,,,phase3-v1
tx_0021932,2026-03-26 17:20:03,0,0.0002,LOW,APPROVE,0,LOW_RISK_ESTABLISHED_ACCOUNT,,,phase3-v1
tx_0003296,2026-03-26 17:22:12,0,0.0,LOW,APPROVE,0,LOW_RISK_ESTABLISHED_ACCOUNT,,,phase3-v1
tx_0005377,2026-03-26 17:22:33,0,0.0,LOW,APPROVE,0,LOW_RISK_ESTABLISHED_ACCOUNT,,,phase3-v1
tx_0001232,2026-03-26 17:24:16,0,0.0,LOW,APPROVE,0,LOW_RISK_ESTABLISHED_ACCOUNT,,,phase3-v1
tx_0021167,2026-03-26 17:24:54,0,0.0024,LOW,APPROVE,0,PROMO_ACTIVITY,NEW_ACCOUNT,,phase3-v1
tx_0024250,2026-03-26 17:26:12,0,0.0001,LOW,APPROVE,0,GRAPH_CONNECTED_USERS,,,phase3-v1
tx_0012390,2026-03-26 17:29:15,0,0.0,LOW,APPROVE,0,LOW_RISK_ESTABLISHED_ACCOUNT,,,phase3-v1
tx_0004601,2026-03-26 17:31:01,0,0.0001,LOW,APPROVE,0,LOW_RISK_ESTABLISHED_ACCOUNT,,,phase3-v1
tx_0006112,2026-03-26 17:33:46,0,0.0001,LOW,APPROVE,0,LOW_RISK_ESTABLISHED_ACCOUNT,,,phase3-v1
tx_0013613,2026-03-26 17:35:07,0,0.0,LOW,APPROVE,0,LOW_RISK_ESTABLISHED_ACCOUNT,,,phase3-v1
tx_0024536,2026-03-26 17:37:08,0,0.0002,LOW,APPROVE,0,GRAPH_SHARED_PAYMENT,GRAPH_SHARED_ADDRESS,GRAPH_MULTI_ENTITY_OVERLAP,phase3-v1
tx_0024759,2026-03-26 17:38:02,0,0.0004,LOW,APPROVE,0,GRAPH_CONNECTED_USERS,,,phase3-v1
tx_0016800,2026-03-26 17:41:11,0,0.0,LOW,APPROVE,0,LOW_RISK_ESTABLISHED_ACCOUNT,,,phase3-v1
tx_0020877,2026-03-26 17:41:12,0,0.0,LOW,APPROVE,0,LOW_RISK_ESTABLISHED_ACCOUNT,,,phase3-v1
tx_0013715,2026-03-26 17:44:50,0,0.0,LOW,APPROVE,0,LOW_RISK_ESTABLISHED_ACCOUNT,,,phase3-v1
tx_0001810,2026-03-26 17:45:19,0,0.0,LOW,APPROVE,0,LOW_RISK_ESTABLISHED_ACCOUNT,,,phase3-v1
tx_0009580,2026-03-26 17:45:20,0,0.0001,LOW,APPROVE,0,LOW_RISK_ESTABLISHED_ACCOUNT,,,phase3-v1
tx_0019611,2026-03-26 17:47:42,0,0.0001,LOW,APPROVE,0,LOW_RISK_ESTABLISHED_ACCOUNT,,,phase3-v1
tx_0017522,2026-03-26 17:56:14,0,0.0,LOW,APPROVE,0,LOW_RISK_ESTABLISHED_ACCOUNT,,,phase3-v1
tx_0019069,2026-03-26 17:57:21,0,0.0001,LOW,APPROVE,0,LOW_RISK_ESTABLISHED_ACCOUNT,,,phase3-v1
tx_0015439,2026-03-26 17:59:53,0,0.0,LOW,APPROVE,0,LOW_RISK_ESTABLISHED_ACCOUNT,,,phase3-v1
tx_0013390,2026-03-26 18:02:01,0,0.0,LOW,APPROVE,0,LOW_RISK_ESTABLISHED_ACCOUNT,,,phase3-v1
tx_0002283,2026-03-26 18:02:20,0,0.0002,LOW,APPROVE,0,NEW_ACCOUNT,,,phase3-v1
tx_0024098,2026-03-26 18:03:14,0,0.0001,LOW,APPROVE,0,GRAPH_MULTI_ENTITY_OVERLAP,GRAPH_SHARED_PAYMENT,GRAPH_SHARED_ADDRESS,phase3-v1
tx_0004363,2026-03-26 18:06:45,0,0.0,LOW,APPROVE,0,PROMO_ACTIVITY,,,phase3-v1
tx_0017403,2026-03-26 18:11:15,0,0.0,LOW,APPROVE,0,LOW_RISK_ESTABLISHED_ACCOUNT,,,phase3-v1
tx_0007306,2026-03-26 18:12:43,0,0.0001,LOW,APPROVE,0,LOW_RISK_ESTABLISHED_ACCOUNT,,,phase3-v1
tx_0021802,2026-03-26 18:14:11,0,0.0,LOW,APPROVE,0,LOW_RISK_ESTABLISHED_ACCOUNT,,,phase3-v1
tx_0001734,2026-03-26 18:15:01,0,0.0011,LOW,APPROVE,0,NEW_ACCOUNT,,,phase3-v1
tx_0017947,2026-03-26 18:16:51,0,0.0001,LOW,APPROVE,0,LOW_RISK_ESTABLISHED_ACCOUNT,,,phase3-v1
tx_0008066,2026-03-26 18:17:14,0,0.0001,LOW,APPROVE,0,HIGH_AMOUNT_ANOMALY,,,phase3-v1
tx_0022768,2026-03-26 18:18:02,0,0.0005,LOW,APPROVE,0,GRAPH_CONNECTED_USERS,,,phase3-v1
tx_0007140,2026-03-26 18:19:29,0,0.0001,LOW,APPROVE,0,LOW_RISK_ESTABLISHED_ACCOUNT,,,phase3-v1
tx_0008788,2026-03-26 18:19:57,0,0.0,LOW,APPROVE,0,LOW_RISK_ESTABLISHED_ACCOUNT,,,phase3-v1
tx_0025890,2026-03-26 18:20:05,0,0.0001,LOW,APPROVE,0,GRAPH_SHARED_ADDRESS,GRAPH_CONNECTED_USERS,GRAPH_MULTI_ENTITY_OVERLAP,phase3-v1
tx_0000992,2026-03-26 18:21:01,0,0.0001,LOW,APPROVE,0,LOW_RISK_ESTABLISHED_ACCOUNT,,,phase3-v1
tx_0002570,2026-03-26 18:22:23,0,0.0001,LOW,APPROVE,0,LOW_RISK_ESTABLISHED_ACCOUNT,,,phase3-v1
tx_0011143,2026-03-26 18:22:50,0,0.0001,LOW,APPROVE,0,LOW_RISK_ESTABLISHED_ACCOUNT,,,phase3-v1
tx_0014346,2026-03-26 18:23:41,0,0.0,LOW,APPROVE,0,LOW_RISK_ESTABLISHED_ACCOUNT,,,phase3-v1
tx_0008193,2026-03-26 18:24:00,0,0.0001,LOW,APPROVE,0,LOW_RISK_ESTABLISHED_ACCOUNT,,,phase3-v1
tx_0017531,2026-03-26 18:27:41,0,0.0,LOW,APPROVE,0,LOW_RISK_ESTABLISHED_ACCOUNT,,,phase3-v1
tx_0008525,2026-03-26 18:31:54,0,0.0001,LOW,APPROVE,0,HIGH_AMOUNT_ANOMALY,,,phase3-v1
tx_0004992,2026-03-26 18:33:29,0,0.0,LOW,APPROVE,0,LOW_RISK_ESTABLISHED_ACCOUNT,,,phase3-v1
tx_0025551,2026-03-26 18:33:51,0,0.0001,LOW,APPROVE,0,GRAPH_CONNECTED_USERS,,,phase3-v1
tx_0020894,2026-03-26 18:36:11,0,0.0003,LOW,APPROVE,0,NEW_ACCOUNT,,,phase3-v1
tx_0006801,2026-03-26 18:39:02,0,0.0,LOW,APPROVE,0,LOW_RISK_ESTABLISHED_ACCOUNT,,,phase3-v1
tx_0025665,2026-03-26 18:41:24,0,0.0001,LOW,APPROVE,0,GRAPH_SHARED_PAYMENT,GRAPH_MULTI_ENTITY_OVERLAP,GRAPH_SHARED_ADDRESS,phase3-v1
tx_0011851,2026-03-26 18:47:25,0,0.0001,LOW,APPROVE,0,LOW_RISK_ESTABLISHED_ACCOUNT,,,phase3-v1
tx_0012103,2026-03-26 18:47:50,0,0.4978,LOW,APPROVE,0,NEW_ACCOUNT,,,phase3-v1
tx_0016513,2026-03-26 18:48:05,0,0.0,LOW,APPROVE,0,LOW_RISK_ESTABLISHED_ACCOUNT,,,phase3-v1
tx_0019860,2026-03-26 18:48:58,0,0.0006,LOW,APPROVE,0,PROMO_ACTIVITY,NEW_ACCOUNT,,phase3-v1
tx_0007751,2026-03-26 18:51:12,0,0.0024,LOW,APPROVE,0,NEW_ACCOUNT,,,phase3-v1
tx_0024636,2026-03-26 18:53:08,0,0.0001,LOW,APPROVE,0,GRAPH_SHARED_PAYMENT,GRAPH_MULTI_ENTITY_OVERLAP,GRAPH_SHARED_ADDRESS,phase3-v1
tx_0023303,2026-03-26 18:57:11,0,0.0004,LOW,APPROVE,0,GRAPH_CONNECTED_USERS,,,phase3-v1
tx_0021875,2026-03-26 18:57:31,0,0.0,LOW,APPROVE,0,LOW_RISK_ESTABLISHED_ACCOUNT,,,phase3-v1
tx_0021920,2026-03-26 18:58:08,0,0.0,LOW,APPROVE,0,LOW_RISK_ESTABLISHED_ACCOUNT,,,phase3-v1
tx_0014500,2026-03-26 18:58:59,0,0.0,LOW,APPROVE,0,LOW_RISK_ESTABLISHED_ACCOUNT,,,phase3-v1
tx_0002908,2026-03-26 19:00:45,0,0.0001,LOW,APPROVE,0,LOW_RISK_ESTABLISHED_ACCOUNT,,,phase3-v1
tx_0006772,2026-03-26 19:01:58,0,0.0,LOW,APPROVE,0,LOW_RISK_ESTABLISHED_ACCOUNT,,,phase3-v1
tx_0001560,2026-03-26 19:04:25,0,0.0,LOW,APPROVE,0,LOW_RISK_ESTABLISHED_ACCOUNT,,,phase3-v1
tx_0004791,2026-03-26 19:04:35,0,0.0,LOW,APPROVE,0,LOW_RISK_ESTABLISHED_ACCOUNT,,,phase3-v1
tx_0021948,2026-03-26 19:06:12,0,0.0001,LOW,APPROVE,0,LOW_RISK_ESTABLISHED_ACCOUNT,,,phase3-v1
tx_0010005,2026-03-26 19:07:13,0,0.0001,LOW,APPROVE,0,HIGH_AMOUNT_ANOMALY,,,phase3-v1
tx_0012587,2026-03-26 19:11:01,0,0.0,LOW,APPROVE,0,LOW_RISK_ESTABLISHED_ACCOUNT,,,phase3-v1
tx_0021285,2026-03-26 19:12:33,0,0.0001,LOW,APPROVE,0,LOW_RISK_ESTABLISHED_ACCOUNT,,,phase3-v1
tx_0001228,2026-03-26 19:13:35,0,0.0,LOW,APPROVE,0,LOW_RISK_ESTABLISHED_ACCOUNT,,,phase3-v1
tx_0005305,2026-03-26 19:16:19,0,0.0,LOW,APPROVE,0,LOW_RISK_ESTABLISHED_ACCOUNT,,,phase3-v1
tx_0010309,2026-03-26 19:17:45,0,0.0001,LOW,APPROVE,0,HIGH_AMOUNT_ANOMALY,,,phase3-v1
tx_0004259,2026-03-26 19:19:38,0,0.0,LOW,APPROVE,0,LOW_RISK_ESTABLISHED_ACCOUNT,,,phase3-v1
tx_0022848,2026-03-26 19:21:58,0,0.0002,LOW,APPROVE,0,GRAPH_SHARED_PAYMENT,GRAPH_SHARED_ADDRESS,GRAPH_MULTI_ENTITY_OVERLAP,phase3-v1
tx_0010175,2026-03-26 19:22:47,0,0.0,LOW,APPROVE,0,LOW_RISK_ESTABLISHED_ACCOUNT,,,phase3-v1
tx_0006521,2026-03-26 19:24:01,0,0.0001,LOW,APPROVE,0,LOW_RISK_ESTABLISHED_ACCOUNT,,,phase3-v1
tx_0002284,2026-03-26 19:29:53,0,0.0002,LOW,APPROVE,0,NEW_ACCOUNT,,,phase3-v1
tx_0000838,2026-03-26 19:31:04,0,0.0,LOW,APPROVE,0,LOW_RISK_ESTABLISHED_ACCOUNT,,,phase3-v1
tx_0016654,2026-03-26 19:32:18,0,0.0,LOW,APPROVE,0,LOW_RISK_ESTABLISHED_ACCOUNT,,,phase3-v1
tx_0019489,2026-03-26 19:36:00,0,0.0001,LOW,APPROVE,0,LOW_RISK_ESTABLISHED_ACCOUNT,,,phase3-v1
tx_0007475,2026-03-26 19:36:57,0,0.0,LOW,APPROVE,0,LOW_RISK_ESTABLISHED_ACCOUNT,,,phase3-v1
tx_0021085,2026-03-26 19:37:12,0,0.0,LOW,APPROVE,0,LOW_RISK_ESTABLISHED_ACCOUNT,,,phase3-v1
tx_0019428,2026-03-26 19:37:13,0,0.0001,LOW,APPROVE,0,LOW_RISK_ESTABLISHED_ACCOUNT,,,phase3-v1
tx_0020204,2026-03-26 19:37:20,0,0.0,LOW,APPROVE,0,LOW_RISK_ESTABLISHED_ACCOUNT,,,phase3-v1
tx_0003297,2026-03-26 19:38:23,0,0.0,LOW,APPROVE,0,LOW_RISK_ESTABLISHED_ACCOUNT,,,phase3-v1
tx_0009651,2026-03-26 19:42:03,0,0.0001,LOW,APPROVE,0,LOW_RISK_ESTABLISHED_ACCOUNT,,,phase3-v1
tx_0024755,2026-03-26 19:44:20,0,0.0005,LOW,APPROVE,0,GRAPH_CONNECTED_USERS,,,phase3-v1
tx_0019834,2026-03-26 19:45:15,0,0.0001,LOW,APPROVE,0,LOW_RISK_ESTABLISHED_ACCOUNT,,,phase3-v1
tx_0016432,2026-03-26 19:48:38,0,0.0,LOW,APPROVE,0,LOW_RISK_ESTABLISHED_ACCOUNT,,,phase3-v1
tx_0000899,2026-03-26 19:49:03,0,0.0,LOW,APPROVE,0,LOW_RISK_ESTABLISHED_ACCOUNT,,,phase3-v1
tx_0012391,2026-03-26 19:52:16,0,0.0001,LOW,APPROVE,0,LOW_RISK_ESTABLISHED_ACCOUNT,,,phase3-v1
tx_0004237,2026-03-26 19:52:21,0,0.0001,LOW,APPROVE,0,LOW_RISK_ESTABLISHED_ACCOUNT,,,phase3-v1
tx_0012755,2026-03-26 19:55:36,0,0.0,LOW,APPROVE,0,LOW_RISK_ESTABLISHED_ACCOUNT,,,phase3-v1
tx_0001735,2026-03-26 19:59:04,0,0.0009,LOW,APPROVE,0,HIGH_AMOUNT_ANOMALY,NEW_ACCOUNT,,phase3-v1
tx_0002386,2026-03-26 19:59:29,0,0.0,LOW,APPROVE,0,LOW_RISK_ESTABLISHED_ACCOUNT,,,phase3-v1
tx_0009758,2026-03-26 20:02:01,0,0.0001,LOW,APPROVE,0,LOW_RISK_ESTABLISHED_ACCOUNT,,,phase3-v1
tx_0018811,2026-03-26 20:09:15,0,0.0001,LOW,APPROVE,0,LOW_RISK_ESTABLISHED_ACCOUNT,,,phase3-v1
tx_0015274,2026-03-26 20:09:20,0,0.0001,LOW,APPROVE,0,LOW_RISK_ESTABLISHED_ACCOUNT,,,phase3-v1
tx_0025782,2026-03-26 20:09:55,0,0.0004,LOW,APPROVE,0,GRAPH_SHARED_PAYMENT,GRAPH_SHARED_ADDRESS,GRAPH_MULTI_ENTITY_OVERLAP,phase3-v1
tx_0019929,2026-03-26 20:10:35,0,0.0002,LOW,APPROVE,0,LOW_RISK_ESTABLISHED_ACCOUNT,,,phase3-v1
tx_0025634,2026-03-26 20:23:58,0,0.0001,LOW,APPROVE,0,GRAPH_CONNECTED_USERS,,,phase3-v1
tx_0013606,2026-03-26 20:24:19,0,0.0001,LOW,APPROVE,0,LOW_RISK_ESTABLISHED_ACCOUNT,,,phase3-v1
tx_0024018,2026-03-26 20:25:08,0,0.0002,LOW,APPROVE,0,GRAPH_MULTI_ENTITY_OVERLAP,GRAPH_SHARED_ADDRESS,,phase3-v1
tx_0010470,2026-03-26 20:25:50,0,0.0001,LOW,APPROVE,0,LOW_RISK_ESTABLISHED_ACCOUNT,,,phase3-v1
tx_0005242,2026-03-26 20:26:23,0,0.0001,LOW,APPROVE,0,LOW_RISK_ESTABLISHED_ACCOUNT,,,phase3-v1
tx_0008859,2026-03-26 20:30:42,0,0.0001,LOW,APPROVE,0,LOW_RISK_ESTABLISHED_ACCOUNT,,,phase3-v1
tx_0017799,2026-03-26 20:34:36,0,0.0001,LOW,APPROVE,0,LOW_RISK_ESTABLISHED_ACCOUNT,,,phase3-v1
tx_0006912,2026-03-26 20:38:07,0,0.0001,LOW,APPROVE,0,LOW_RISK_ESTABLISHED_ACCOUNT,,,phase3-v1
tx_0020284,2026-03-26 20:38:45,0,0.0001,LOW,APPROVE,0,LOW_RISK_ESTABLISHED_ACCOUNT,,,phase3-v1
tx_0025478,2026-03-26 20:40:04,0,0.0001,LOW,APPROVE,0,GRAPH_SHARED_ADDRESS,GRAPH_CONNECTED_USERS,GRAPH_MULTI_ENTITY_OVERLAP,phase3-v1
tx_0010736,2026-03-26 20:40:55,0,0.0001,LOW,APPROVE,0,LOW_RISK_ESTABLISHED_ACCOUNT,,,phase3-v1
tx_0010082,2026-03-26 20:42:11,0,0.0001,LOW,APPROVE,0,LOW_RISK_ESTABLISHED_ACCOUNT,,,phase3-v1
tx_0010858,2026-03-26 20:42:33,0,0.0001,LOW,APPROVE,0,LOW_RISK_ESTABLISHED_ACCOUNT,,,phase3-v1
tx_0003541,2026-03-26 20:43:42,0,0.0001,LOW,APPROVE,0,LOW_RISK_ESTABLISHED_ACCOUNT,,,phase3-v1
tx_0017202,2026-03-26 20:44:03,0,0.0001,LOW,APPROVE,0,LOW_RISK_ESTABLISHED_ACCOUNT,,,phase3-v1
tx_0011540,2026-03-26 20:49:21,0,0.0001,LOW,APPROVE,0,LOW_RISK_ESTABLISHED_ACCOUNT,,,phase3-v1
tx_0003294,2026-03-26 20:51:17,0,0.0001,LOW,APPROVE,0,LOW_RISK_ESTABLISHED_ACCOUNT,,,phase3-v1
tx_0001736,2026-03-26 20:51:47,0,0.0016,LOW,APPROVE,0,HIGH_24H_VELOCITY,HIGH_1H_VELOCITY,NEW_ACCOUNT,phase3-v1
tx_0013053,2026-03-26 20:55:09,0,0.0002,LOW,APPROVE,0,PROMO_ACTIVITY,,,phase3-v1
tx_0000577,2026-03-26 20:56:15,0,0.0001,LOW,APPROVE,0,LOW_RISK_ESTABLISHED_ACCOUNT,,,phase3-v1
tx_0005157,2026-03-26 21:03:15,0,0.0002,LOW,APPROVE,0,LOW_RISK_ESTABLISHED_ACCOUNT,,,phase3-v1
tx_0019676,2026-03-26 21:09:35,0,0.0001,LOW,APPROVE,0,LOW_RISK_ESTABLISHED_ACCOUNT,,,phase3-v1
tx_0005143,2026-03-26 21:15:19,0,0.0001,LOW,APPROVE,0,LOW_RISK_ESTABLISHED_ACCOUNT,,,phase3-v1
tx_0024268,2026-03-26 21:17:57,0,0.0001,LOW,APPROVE,0,GRAPH_CONNECTED_USERS,,,phase3-v1
tx_0022935,2026-03-26 21:20:43,0,0.0001,LOW,APPROVE,0,GRAPH_CONNECTED_USERS,,,phase3-v1
tx_0013050,2026-03-26 21:28:42,0,0.0002,LOW,APPROVE,0,HIGH_1H_VELOCITY,,,phase3-v1
tx_0002865,2026-03-26 21:29:45,0,0.0001,LOW,APPROVE,0,LOW_RISK_ESTABLISHED_ACCOUNT,,,phase3-v1
tx_0009041,2026-03-26 21:30:01,0,0.0001,LOW,APPROVE,0,LOW_RISK_ESTABLISHED_ACCOUNT,,,phase3-v1
tx_0017331,2026-03-26 21:30:05,0,0.0001,LOW,APPROVE,0,LOW_RISK_ESTABLISHED_ACCOUNT,,,phase3-v1
tx_0001223,2026-03-26 21:32:09,0,0.0002,LOW,APPROVE,0,LOW_RISK_ESTABLISHED_ACCOUNT,,,phase3-v1
tx_0022714,2026-03-26 21:33:47,0,0.0005,LOW,APPROVE,0,GRAPH_CONNECTED_USERS,,,phase3-v1
tx_0006741,2026-03-26 21:34:56,0,0.0001,LOW,APPROVE,0,LOW_RISK_ESTABLISHED_ACCOUNT,,,phase3-v1
tx_0007456,2026-03-26 21:37:33,0,0.0001,LOW,APPROVE,0,LOW_RISK_ESTABLISHED_ACCOUNT,,,phase3-v1
tx_0019807,2026-03-26 21:38:09,0,0.0001,LOW,APPROVE,0,LOW_RISK_ESTABLISHED_ACCOUNT,,,phase3-v1
tx_0002977,2026-03-26 21:39:36,0,0.0001,LOW,APPROVE,0,LOW_RISK_ESTABLISHED_ACCOUNT,,,phase3-v1
tx_0005407,2026-03-26 21:42:59,0,0.0001,LOW,APPROVE,0,LOW_RISK_ESTABLISHED_ACCOUNT,,,phase3-v1
tx_0007505,2026-03-26 21:43:34,0,0.0001,LOW,APPROVE,0,LOW_RISK_ESTABLISHED_ACCOUNT,,,phase3-v1
tx_0025705,2026-03-26 21:47:45,0,0.0005,LOW,APPROVE,0,GRAPH_CONNECTED_USERS,,,phase3-v1
tx_0012928,2026-03-26 21:49:16,0,0.0001,LOW,APPROVE,0,LOW_RISK_ESTABLISHED_ACCOUNT,,,phase3-v1
tx_0010363,2026-03-26 21:50:58,0,0.0001,LOW,APPROVE,0,LOW_RISK_ESTABLISHED_ACCOUNT,,,phase3-v1
tx_0005697,2026-03-26 21:51:30,0,0.0001,LOW,APPROVE,0,LOW_RISK_ESTABLISHED_ACCOUNT,,,phase3-v1
tx_0001907,2026-03-26 21:52:02,0,0.0001,LOW,APPROVE,0,LOW_RISK_ESTABLISHED_ACCOUNT,,,phase3-v1
tx_0023545,2026-03-26 21:52:46,0,0.0005,LOW,APPROVE,0,GRAPH_CONNECTED_USERS,,,phase3-v1
tx_0017979,2026-03-26 21:52:49,0,0.0001,LOW,APPROVE,0,LOW_RISK_ESTABLISHED_ACCOUNT,,,phase3-v1
tx_0010357,2026-03-26 21:59:01,0,0.0001,LOW,APPROVE,0,LOW_RISK_ESTABLISHED_ACCOUNT,,,phase3-v1
tx_0025611,2026-03-26 22:00:22,0,0.0001,LOW,APPROVE,0,GRAPH_MULTI_ENTITY_OVERLAP,GRAPH_SHARED_ADDRESS,GRAPH_CONNECTED_USERS,phase3-v1
tx_0023829,2026-03-26 22:01:29,0,0.0005,LOW,APPROVE,0,GRAPH_CONNECTED_USERS,,,phase3-v1
tx_0005026,2026-03-26 22:07:01,0,0.0149,LOW,APPROVE,0,PROMO_ACTIVITY,NEW_ACCOUNT,,phase3-v1
tx_0022123,2026-03-26 22:07:29,0,0.0001,LOW,APPROVE,0,HIGH_AMOUNT_ANOMALY,,,phase3-v1
tx_0014317,2026-03-26 22:07:44,0,0.0001,LOW,APPROVE,0,LOW_RISK_ESTABLISHED_ACCOUNT,,,phase3-v1
tx_0024971,2026-03-26 22:14:13,0,0.0001,LOW,APPROVE,0,GRAPH_MULTI_ENTITY_OVERLAP,GRAPH_SHARED_ADDRESS,GRAPH_CONNECTED_USERS,phase3-v1
tx_0014805,2026-03-26 22:17:45,0,0.0001,LOW,APPROVE,0,LOW_RISK_ESTABLISHED_ACCOUNT,,,phase3-v1
tx_0023247,2026-03-26 22:20:28,0,0.0005,LOW,APPROVE,0,GRAPH_CONNECTED_USERS,,,phase3-v1
tx_0000034,2026-03-26 22:25:07,0,0.0002,LOW,APPROVE,0,HIGH_AMOUNT_ANOMALY,,,phase3-v1
tx_0009162,2026-03-26 22:32:30,0,0.0001,LOW,APPROVE,0,LOW_RISK_ESTABLISHED_ACCOUNT,,,phase3-v1
tx_0014739,2026-03-26 22:32:53,0,0.0001,LOW,APPROVE,0,LOW_RISK_ESTABLISHED_ACCOUNT,,,phase3-v1
tx_0020499,2026-03-26 22:34:14,0,0.0001,LOW,APPROVE,0,LOW_RISK_ESTABLISHED_ACCOUNT,,,phase3-v1
tx_0004453,2026-03-26 22:34:43,0,0.0001,LOW,APPROVE,0,HIGH_24H_VELOCITY,,,phase3-v1
tx_0009272,2026-03-26 22:35:40,0,0.0001,LOW,APPROVE,0,LOW_RISK_ESTABLISHED_ACCOUNT,,,phase3-v1
tx_0025608,2026-03-26 22:35:40,0,0.0001,LOW,APPROVE,0,GRAPH_MULTI_ENTITY_OVERLAP,GRAPH_SHARED_ADDRESS,GRAPH_CONNECTED_USERS,phase3-v1
tx_0015690,2026-03-26 22:37:40,0,0.0001,LOW,APPROVE,0,LOW_RISK_ESTABLISHED_ACCOUNT,,,phase3-v1
tx_0018241,2026-03-26 22:39:59,0,0.0001,LOW,APPROVE,0,LOW_RISK_ESTABLISHED_ACCOUNT,,,phase3-v1
tx_0007452,2026-03-26 22:40:51,0,0.0022,LOW,APPROVE,0,NEW_ACCOUNT,,,phase3-v1
tx_0015226,2026-03-26 22:48:01,0,0.0001,LOW,APPROVE,0,LOW_RISK_ESTABLISHED_ACCOUNT,,,phase3-v1
tx_0019998,2026-03-26 22:51:04,0,0.0001,LOW,APPROVE,0,LOW_RISK_ESTABLISHED_ACCOUNT,,,phase3-v1
tx_0009714,2026-03-26 22:57:56,0,0.0001,LOW,APPROVE,0,LOW_RISK_ESTABLISHED_ACCOUNT,,,phase3-v1
tx_0001360,2026-03-26 23:06:34,0,0.0001,LOW,APPROVE,0,LOW_RISK_ESTABLISHED_ACCOUNT,,,phase3-v1
tx_0011955,2026-03-26 23:13:36,0,0.0001,LOW,APPROVE,0,LOW_RISK_ESTABLISHED_ACCOUNT,,,phase3-v1
tx_0012161,2026-03-26 23:20:57,0,0.0001,LOW,APPROVE,0,LOW_RISK_ESTABLISHED_ACCOUNT,,,phase3-v1
tx_0001200,2026-03-26 23:29:37,0,0.0001,LOW,APPROVE,0,LOW_RISK_ESTABLISHED_ACCOUNT,,,phase3-v1
tx_0000440,2026-03-26 23:30:36,0,0.0002,LOW,APPROVE,0,LOW_RISK_ESTABLISHED_ACCOUNT,,,phase3-v1
tx_0011423,2026-03-26 23:41:00,0,0.0001,LOW,APPROVE,0,LOW_RISK_ESTABLISHED_ACCOUNT,,,phase3-v1
tx_0024441,2026-03-26 23:42:37,0,0.0002,LOW,APPROVE,0,GRAPH_SHARED_PAYMENT,GRAPH_SHARED_ADDRESS,GRAPH_MULTI_ENTITY_OVERLAP,phase3-v1
tx_0015329,2026-03-26 23:49:04,0,0.0001,LOW,APPROVE,0,LOW_RISK_ESTABLISHED_ACCOUNT,,,phase3-v1
tx_0024854,2026-03-26 23:52:51,0,0.0006,LOW,APPROVE,0,GRAPH_CONNECTED_USERS,,,phase3-v1
tx_0019204,2026-03-26 23:54:28,0,0.0001,LOW,APPROVE,0,LOW_RISK_ESTABLISHED_ACCOUNT,,,phase3-v1
tx_0017444,2026-03-26 23:55:07,0,0.0001,LOW,APPROVE,0,LOW_RISK_ESTABLISHED_ACCOUNT,,,phase3-v1
tx_0018827,2026-03-26 23:57:37,0,0.0072,LOW,APPROVE,0,NEW_ACCOUNT,,,phase3-v1
tx_0008211,2026-03-27 00:37:47,0,0.0001,LOW,APPROVE,0,LOW_RISK_ESTABLISHED_ACCOUNT,,,phase3-v1
tx_0018562,2026-03-27 00:56:18,0,0.0001,LOW,APPROVE,0,LOW_RISK_ESTABLISHED_ACCOUNT,,,phase3-v1
tx_0014721,2026-03-27 00:58:49,0,0.0002,LOW,APPROVE,0,LOW_RISK_ESTABLISHED_ACCOUNT,,,phase3-v1
tx_0006611,2026-03-27 01:11:24,0,0.0001,LOW,APPROVE,0,OFF_HOURS_ACTIVITY,,,phase3-v1
tx_0023046,2026-03-27 01:40:39,0,0.0001,LOW,APPROVE,0,GRAPH_SHARED_ADDRESS,GRAPH_MULTI_ENTITY_OVERLAP,GRAPH_CONNECTED_USERS,phase3-v1
tx_0008186,2026-03-27 03:23:02,0,0.0003,LOW,APPROVE,0,OFF_HOURS_ACTIVITY,,,phase3-v1
tx_0022829,2026-03-27 03:48:41,0,0.0001,LOW,APPROVE,0,GRAPH_SHARED_ADDRESS,GRAPH_MULTI_ENTITY_OVERLAP,GRAPH_CONNECTED_USERS,phase3-v1
tx_0010073,2026-03-27 05:02:17,0,0.0003,LOW,APPROVE,0,OFF_HOURS_ACTIVITY,,,phase3-v1
tx_0000904,2026-03-27 05:32:41,0,0.0001,LOW,APPROVE,0,HIGH_AMOUNT_ANOMALY,OFF_HOURS_ACTIVITY,,phase3-v1
tx_0001060,2026-03-27 06:01:25,0,0.0,LOW,APPROVE,0,LOW_RISK_ESTABLISHED_ACCOUNT,,,phase3-v1
tx_0024745,2026-03-27 06:02:25,0,0.0005,LOW,APPROVE,0,GRAPH_CONNECTED_USERS,,,phase3-v1
tx_0010992,2026-03-27 06:07:39,0,0.0001,LOW,APPROVE,0,PROMO_ACTIVITY,,,phase3-v1
tx_0014389,2026-03-27 06:10:15,0,0.0,LOW,APPROVE,0,LOW_RISK_ESTABLISHED_ACCOUNT,,,phase3-v1
tx_0013763,2026-03-27 06:10:39,0,0.0,LOW,APPROVE,0,LOW_RISK_ESTABLISHED_ACCOUNT,,,phase3-v1
tx_0018926,2026-03-27 06:11:57,0,0.0,LOW,APPROVE,0,LOW_RISK_ESTABLISHED_ACCOUNT,,,phase3-v1
tx_0018529,2026-03-27 06:17:21,0,0.0001,LOW,APPROVE,0,LOW_RISK_ESTABLISHED_ACCOUNT,,,phase3-v1
tx_0008018,2026-03-27 06:21:34,0,0.0001,LOW,APPROVE,0,LOW_RISK_ESTABLISHED_ACCOUNT,,,phase3-v1
tx_0005239,2026-03-27 06:22:43,0,0.0001,LOW,APPROVE,0,PROMO_ACTIVITY,,,phase3-v1
tx_0011916,2026-03-27 06:25:21,0,0.0,LOW,APPROVE,0,LOW_RISK_ESTABLISHED_ACCOUNT,,,phase3-v1
tx_0017360,2026-03-27 06:28:10,0,0.0001,LOW,APPROVE,0,LOW_RISK_ESTABLISHED_ACCOUNT,,,phase3-v1
tx_0007107,2026-03-27 06:39:34,0,0.0,LOW,APPROVE,0,LOW_RISK_ESTABLISHED_ACCOUNT,,,phase3-v1
tx_0005690,2026-03-27 06:54:37,0,0.0003,LOW,APPROVE,0,HIGH_AMOUNT_ANOMALY,,,phase3-v1
tx_0017788,2026-03-27 06:57:51,0,0.0001,LOW,APPROVE,0,LOW_RISK_ESTABLISHED_ACCOUNT,,,phase3-v1
tx_0005947,2026-03-27 07:10:11,0,0.0,LOW,APPROVE,0,LOW_RISK_ESTABLISHED_ACCOUNT,,,phase3-v1
tx_0016395,2026-03-27 07:14:41,0,0.0,LOW,APPROVE,0,LOW_RISK_ESTABLISHED_ACCOUNT,,,phase3-v1
tx_0023830,2026-03-27 07:15:05,0,0.0004,LOW,APPROVE,0,GRAPH_CONNECTED_USERS,,,phase3-v1
tx_0017907,2026-03-27 07:15:58,0,0.0,LOW,APPROVE,0,LOW_RISK_ESTABLISHED_ACCOUNT,,,phase3-v1
tx_0022345,2026-03-27 07:25:00,0,0.0,LOW,APPROVE,0,LOW_RISK_ESTABLISHED_ACCOUNT,,,phase3-v1
tx_0001403,2026-03-27 07:26:39,0,0.0001,LOW,APPROVE,0,PROMO_ACTIVITY,,,phase3-v1
tx_0023680,2026-03-27 07:28:07,0,0.0007,LOW,APPROVE,0,GRAPH_CONNECTED_USERS,,,phase3-v1
tx_0012500,2026-03-27 07:29:42,0,0.0,LOW,APPROVE,0,LOW_RISK_ESTABLISHED_ACCOUNT,,,phase3-v1
tx_0006520,2026-03-27 07:30:30,0,0.0001,LOW,APPROVE,0,LOW_RISK_ESTABLISHED_ACCOUNT,,,phase3-v1
tx_0024697,2026-03-27 07:32:29,0,0.0003,LOW,APPROVE,0,GRAPH_CONNECTED_USERS,,,phase3-v1
tx_0019023,2026-03-27 07:41:05,0,0.0,LOW,APPROVE,0,LOW_RISK_ESTABLISHED_ACCOUNT,,,phase3-v1
tx_0021601,2026-03-27 07:49:07,0,0.0,LOW,APPROVE,0,LOW_RISK_ESTABLISHED_ACCOUNT,,,phase3-v1
tx_0013600,2026-03-27 07:52:05,0,0.0,LOW,APPROVE,0,LOW_RISK_ESTABLISHED_ACCOUNT,,,phase3-v1
tx_0002543,2026-03-27 07:52:36,0,0.0,LOW,APPROVE,0,LOW_RISK_ESTABLISHED_ACCOUNT,,,phase3-v1
tx_0017094,2026-03-27 07:57:16,0,0.0,LOW,APPROVE,0,LOW_RISK_ESTABLISHED_ACCOUNT,,,phase3-v1
tx_0007321,2026-03-27 08:02:29,0,0.0002,LOW,APPROVE,0,NEW_ACCOUNT,,,phase3-v1
tx_0011686,2026-03-27 08:03:45,0,0.0,LOW,APPROVE,0,LOW_RISK_ESTABLISHED_ACCOUNT,,,phase3-v1
tx_0000017,2026-03-27 08:04:49,0,0.0,LOW,APPROVE,0,LOW_RISK_ESTABLISHED_ACCOUNT,,,phase3-v1
tx_0012560,2026-03-27 08:08:09,0,0.0001,LOW,APPROVE,0,NEW_ACCOUNT,,,phase3-v1
tx_0022984,2026-03-27 08:17:15,0,0.0014,LOW,APPROVE,0,GRAPH_MULTI_ENTITY_OVERLAP,GRAPH_SHARED_DEVICE,GRAPH_SHARED_ADDRESS,phase3-v1
tx_0001545,2026-03-27 08:23:38,0,0.0,LOW,APPROVE,0,LOW_RISK_ESTABLISHED_ACCOUNT,,,phase3-v1
tx_0004942,2026-03-27 08:25:02,0,0.0,LOW,APPROVE,0,LOW_RISK_ESTABLISHED_ACCOUNT,,,phase3-v1
tx_0000519,2026-03-27 08:28:28,0,0.0,LOW,APPROVE,0,LOW_RISK_ESTABLISHED_ACCOUNT,,,phase3-v1
tx_0001037,2026-03-27 08:30:11,0,0.0004,LOW,APPROVE,0,NEW_ACCOUNT,,,phase3-v1
tx_0023616,2026-03-27 08:31:52,0,0.0001,LOW,APPROVE,0,GRAPH_MULTI_ENTITY_OVERLAP,GRAPH_SHARED_ADDRESS,PROMO_ACTIVITY,phase3-v1
tx_0000531,2026-03-27 08:32:06,0,0.0,LOW,APPROVE,0,LOW_RISK_ESTABLISHED_ACCOUNT,,,phase3-v1
tx_0004517,2026-03-27 08:39:37,0,0.0,LOW,APPROVE,0,LOW_RISK_ESTABLISHED_ACCOUNT,,,phase3-v1
tx_0006468,2026-03-27 08:40:36,0,0.0,LOW,APPROVE,0,LOW_RISK_ESTABLISHED_ACCOUNT,,,phase3-v1
tx_0006872,2026-03-27 08:46:12,0,0.0,LOW,APPROVE,0,LOW_RISK_ESTABLISHED_ACCOUNT,,,phase3-v1
tx_0018435,2026-03-27 08:47:59,0,0.0003,LOW,APPROVE,0,LOW_RISK_ESTABLISHED_ACCOUNT,,,phase3-v1
tx_0009967,2026-03-27 08:48:17,0,0.0001,LOW,APPROVE,0,LOW_RISK_ESTABLISHED_ACCOUNT,,,phase3-v1
tx_0001265,2026-03-27 08:49:00,0,0.0,LOW,APPROVE,0,LOW_RISK_ESTABLISHED_ACCOUNT,,,phase3-v1
tx_0019161,2026-03-27 08:53:13,0,0.0,LOW,APPROVE,0,LOW_RISK_ESTABLISHED_ACCOUNT,,,phase3-v1
tx_0024223,2026-03-27 08:54:24,0,0.0001,LOW,APPROVE,0,GRAPH_SHARED_PAYMENT,GRAPH_SHARED_ADDRESS,GRAPH_MULTI_ENTITY_OVERLAP,phase3-v1
tx_0016332,2026-03-27 09:02:57,0,0.0001,LOW,APPROVE,0,LOW_RISK_ESTABLISHED_ACCOUNT,,,phase3-v1
tx_0022646,2026-03-27 09:05:17,0,0.0002,LOW,APPROVE,0,GRAPH_MULTI_ENTITY_OVERLAP,GRAPH_SHARED_PAYMENT,GRAPH_SHARED_ADDRESS,phase3-v1
tx_0011942,2026-03-27 09:11:25,0,0.0024,LOW,APPROVE,0,NEW_ACCOUNT,,,phase3-v1
tx_0018264,2026-03-27 09:12:02,0,0.0,LOW,APPROVE,0,LOW_RISK_ESTABLISHED_ACCOUNT,,,phase3-v1
tx_0007756,2026-03-27 09:12:54,0,0.0179,LOW,APPROVE,0,NEW_ACCOUNT,,,phase3-v1
tx_0014440,2026-03-27 09:13:07,0,0.0,LOW,APPROVE,0,LOW_RISK_ESTABLISHED_ACCOUNT,,,phase3-v1
tx_0025993,2026-03-27 09:19:15,0,0.0001,LOW,APPROVE,0,GRAPH_MULTI_ENTITY_OVERLAP,GRAPH_SHARED_ADDRESS,PROMO_ACTIVITY,phase3-v1
tx_0006922,2026-03-27 09:19:41,0,0.0001,LOW,APPROVE,0,LOW_RISK_ESTABLISHED_ACCOUNT,,,phase3-v1
tx_0023606,2026-03-27 09:21:01,0,0.0001,LOW,APPROVE,0,GRAPH_MULTI_ENTITY_OVERLAP,GRAPH_SHARED_PAYMENT,GRAPH_SHARED_ADDRESS,phase3-v1
tx_0025335,2026-03-27 09:21:38,0,0.0004,LOW,APPROVE,0,GRAPH_CONNECTED_USERS,,,phase3-v1
tx_0025046,2026-03-27 09:26:16,0,0.0001,LOW,APPROVE,0,GRAPH_MULTI_ENTITY_OVERLAP,GRAPH_SHARED_ADDRESS,,phase3-v1
tx_0019953,2026-03-27 09:27:54,0,0.0,LOW,APPROVE,0,LOW_RISK_ESTABLISHED_ACCOUNT,,,phase3-v1
tx_0014686,2026-03-27 09:28:08,0,0.0001,LOW,APPROVE,0,LOW_RISK_ESTABLISHED_ACCOUNT,,,phase3-v1
tx_0012382,2026-03-27 09:28:50,0,0.0001,LOW,APPROVE,0,HIGH_24H_VELOCITY,,,phase3-v1
tx_0013487,2026-03-27 09:33:22,0,0.0003,LOW,APPROVE,0,NEW_ACCOUNT,,,phase3-v1
tx_0023739,2026-03-27 09:37:51,0,0.0001,LOW,APPROVE,0,GRAPH_CONNECTED_USERS,,,phase3-v1
tx_0003706,2026-03-27 09:41:15,0,0.0001,LOW,APPROVE,0,LOW_RISK_ESTABLISHED_ACCOUNT,,,phase3-v1
tx_0015708,2026-03-27 09:41:22,0,0.0,LOW,APPROVE,0,LOW_RISK_ESTABLISHED_ACCOUNT,,,phase3-v1
tx_0002413,2026-03-27 09:42:57,0,0.0,LOW,APPROVE,0,LOW_RISK_ESTABLISHED_ACCOUNT,,,phase3-v1
tx_0019366,2026-03-27 09:43:27,0,0.0001,LOW,APPROVE,0,LOW_RISK_ESTABLISHED_ACCOUNT,,,phase3-v1
tx_0013174,2026-03-27 09:43:54,0,0.0,LOW,APPROVE,0,LOW_RISK_ESTABLISHED_ACCOUNT,,,phase3-v1
tx_0011084,2026-03-27 09:46:07,0,0.0,LOW,APPROVE,0,LOW_RISK_ESTABLISHED_ACCOUNT,,,phase3-v1
tx_0013648,2026-03-27 09:50:28,0,0.0,LOW,APPROVE,0,LOW_RISK_ESTABLISHED_ACCOUNT,,,phase3-v1
tx_0016068,2026-03-27 09:55:20,0,0.0001,LOW,APPROVE,0,LOW_RISK_ESTABLISHED_ACCOUNT,,,phase3-v1
tx_0009480,2026-03-27 09:58:29,0,0.0,LOW,APPROVE,0,LOW_RISK_ESTABLISHED_ACCOUNT,,,phase3-v1
tx_0023514,2026-03-27 09:58:35,0,0.0001,LOW,APPROVE,0,GRAPH_SHARED_ADDRESS,GRAPH_CONNECTED_USERS,GRAPH_MULTI_ENTITY_OVERLAP,phase3-v1
tx_0015513,2026-03-27 10:03:21,0,0.0002,LOW,APPROVE,0,NEW_ACCOUNT,,,phase3-v1
tx_0008041,2026-03-27 10:03:26,0,0.0,LOW,APPROVE,0,LOW_RISK_ESTABLISHED_ACCOUNT,,,phase3-v1
tx_0012366,2026-03-27 10:04:33,0,0.0,LOW,APPROVE,0,LOW_RISK_ESTABLISHED_ACCOUNT,,,phase3-v1
tx_0008588,2026-03-27 10:06:33,0,0.0,LOW,APPROVE,0,LOW_RISK_ESTABLISHED_ACCOUNT,,,phase3-v1
tx_0020191,2026-03-27 10:07:05,0,0.0,LOW,APPROVE,0,LOW_RISK_ESTABLISHED_ACCOUNT,,,phase3-v1
tx_0001880,2026-03-27 10:08:40,0,0.0001,LOW,APPROVE,0,LOW_RISK_ESTABLISHED_ACCOUNT,,,phase3-v1
tx_0009106,2026-03-27 10:08:53,0,0.0001,LOW,APPROVE,0,LOW_RISK_ESTABLISHED_ACCOUNT,,,phase3-v1
tx_0017388,2026-03-27 10:09:15,0,0.0,LOW,APPROVE,0,LOW_RISK_ESTABLISHED_ACCOUNT,,,phase3-v1
tx_0010589,2026-03-27 10:09:44,0,0.0,LOW,APPROVE,0,LOW_RISK_ESTABLISHED_ACCOUNT,,,phase3-v1
tx_0015267,2026-03-27 10:10:28,0,0.0,LOW,APPROVE,0,LOW_RISK_ESTABLISHED_ACCOUNT,,,phase3-v1
tx_0005203,2026-03-27 10:11:28,0,0.0,LOW,APPROVE,0,LOW_RISK_ESTABLISHED_ACCOUNT,,,phase3-v1
tx_0012547,2026-03-27 10:14:20,0,0.0001,LOW,APPROVE,0,LOW_RISK_ESTABLISHED_ACCOUNT,,,phase3-v1
tx_0011713,2026-03-27 10:15:02,0,0.0001,LOW,APPROVE,0,LOW_RISK_ESTABLISHED_ACCOUNT,,,phase3-v1
tx_0002153,2026-03-27 10:17:09,0,0.0001,LOW,APPROVE,0,LOW_RISK_ESTABLISHED_ACCOUNT,,,phase3-v1
tx_0015530,2026-03-27 10:21:43,0,0.0,LOW,APPROVE,0,LOW_RISK_ESTABLISHED_ACCOUNT,,,phase3-v1
tx_0016929,2026-03-27 10:26:52,0,0.0,LOW,APPROVE,0,LOW_RISK_ESTABLISHED_ACCOUNT,,,phase3-v1
tx_0025710,2026-03-27 10:26:59,0,0.0001,LOW,APPROVE,0,GRAPH_CONNECTED_USERS,,,phase3-v1
tx_0010953,2026-03-27 10:39:59,0,0.0,LOW,APPROVE,0,LOW_RISK_ESTABLISHED_ACCOUNT,,,phase3-v1
tx_0006876,2026-03-27 10:40:23,0,0.0,LOW,APPROVE,0,LOW_RISK_ESTABLISHED_ACCOUNT,,,phase3-v1
tx_0013408,2026-03-27 10:42:19,0,0.0,LOW,APPROVE,0,LOW_RISK_ESTABLISHED_ACCOUNT,,,phase3-v1
tx_0018014,2026-03-27 10:43:10,0,0.0,LOW,APPROVE,0,LOW_RISK_ESTABLISHED_ACCOUNT,,,phase3-v1
tx_0024601,2026-03-27 10:44:00,0,0.0001,LOW,APPROVE,0,GRAPH_CONNECTED_USERS,,,phase3-v1
tx_0001331,2026-03-27 10:45:56,0,0.0,LOW,APPROVE,0,LOW_RISK_ESTABLISHED_ACCOUNT,,,phase3-v1
tx_0009354,2026-03-27 10:49:04,0,0.0,LOW,APPROVE,0,LOW_RISK_ESTABLISHED_ACCOUNT,,,phase3-v1
tx_0014119,2026-03-27 10:52:57,0,0.0,LOW,APPROVE,0,LOW_RISK_ESTABLISHED_ACCOUNT,,,phase3-v1
tx_0019344,2026-03-27 10:58:53,0,0.0001,LOW,APPROVE,0,LOW_RISK_ESTABLISHED_ACCOUNT,,,phase3-v1
tx_0011169,2026-03-27 10:59:15,0,0.0,LOW,APPROVE,0,LOW_RISK_ESTABLISHED_ACCOUNT,,,phase3-v1
tx_0015442,2026-03-27 11:02:03,0,0.0001,LOW,APPROVE,0,LOW_RISK_ESTABLISHED_ACCOUNT,,,phase3-v1
tx_0003159,2026-03-27 11:02:50,0,0.0,LOW,APPROVE,0,LOW_RISK_ESTABLISHED_ACCOUNT,,,phase3-v1
tx_0008453,2026-03-27 11:03:30,0,0.0001,LOW,APPROVE,0,LOW_RISK_ESTABLISHED_ACCOUNT,,,phase3-v1
tx_0014249,2026-03-27 11:10:06,0,0.0001,LOW,APPROVE,0,LOW_RISK_ESTABLISHED_ACCOUNT,,,phase3-v1
tx_0023147,2026-03-27 11:10:19,0,0.0001,LOW,APPROVE,0,GRAPH_SHARED_ADDRESS,GRAPH_MULTI_ENTITY_OVERLAP,GRAPH_CONNECTED_USERS,phase3-v1
tx_0018818,2026-03-27 11:14:06,0,0.0001,LOW,APPROVE,0,PROMO_ACTIVITY,,,phase3-v1
tx_0023663,2026-03-27 11:14:24,0,0.0004,LOW,APPROVE,0,GRAPH_CONNECTED_USERS,,,phase3-v1
tx_0007302,2026-03-27 11:15:59,0,0.0,LOW,APPROVE,0,LOW_RISK_ESTABLISHED_ACCOUNT,,,phase3-v1
tx_0002449,2026-03-27 11:16:10,0,0.0001,LOW,APPROVE,0,LOW_RISK_ESTABLISHED_ACCOUNT,,,phase3-v1
tx_0011944,2026-03-27 11:16:30,0,0.5325,MEDIUM,REVIEW,0,NEW_ACCOUNT,,,phase3-v1
tx_0007137,2026-03-27 11:17:18,0,0.0,LOW,APPROVE,0,LOW_RISK_ESTABLISHED_ACCOUNT,,,phase3-v1
tx_0004314,2026-03-27 11:24:12,0,0.0,LOW,APPROVE,0,LOW_RISK_ESTABLISHED_ACCOUNT,,,phase3-v1
tx_0011293,2026-03-27 11:26:06,0,0.0,LOW,APPROVE,0,LOW_RISK_ESTABLISHED_ACCOUNT,,,phase3-v1
tx_0022863,2026-03-27 11:26:47,0,0.0001,LOW,APPROVE,0,GRAPH_SHARED_ADDRESS,GRAPH_MULTI_ENTITY_OVERLAP,GRAPH_CONNECTED_USERS,phase3-v1
tx_0019916,2026-03-27 11:27:02,0,0.0012,LOW,APPROVE,0,NEW_ACCOUNT,,,phase3-v1
tx_0018213,2026-03-27 11:28:07,0,0.0001,LOW,APPROVE,0,LOW_RISK_ESTABLISHED_ACCOUNT,,,phase3-v1
tx_0005268,2026-03-27 11:30:09,0,0.0,LOW,APPROVE,0,LOW_RISK_ESTABLISHED_ACCOUNT,,,phase3-v1
tx_0024573,2026-03-27 11:35:58,0,0.0004,LOW,APPROVE,0,GRAPH_CONNECTED_USERS,,,phase3-v1
tx_0003821,2026-03-27 11:37:31,0,0.0001,LOW,APPROVE,0,LOW_RISK_ESTABLISHED_ACCOUNT,,,phase3-v1
tx_0003802,2026-03-27 11:38:00,0,0.0,LOW,APPROVE,0,LOW_RISK_ESTABLISHED_ACCOUNT,,,phase3-v1
tx_0016726,2026-03-27 11:53:04,0,0.0001,LOW,APPROVE,0,LOW_RISK_ESTABLISHED_ACCOUNT,,,phase3-v1
tx_0006846,2026-03-27 11:56:45,0,0.0,LOW,APPROVE,0,LOW_RISK_ESTABLISHED_ACCOUNT,,,phase3-v1
tx_0021734,2026-03-27 11:57:15,0,0.0,LOW,APPROVE,0,LOW_RISK_ESTABLISHED_ACCOUNT,,,phase3-v1
tx_0024712,2026-03-27 11:59:06,0,0.0001,LOW,APPROVE,0,GRAPH_CONNECTED_USERS,,,phase3-v1
tx_0014318,2026-03-27 11:59:12,0,0.0,LOW,APPROVE,0,LOW_RISK_ESTABLISHED_ACCOUNT,,,phase3-v1
tx_0015185,2026-03-27 11:59:29,0,0.0,LOW,APPROVE,0,LOW_RISK_ESTABLISHED_ACCOUNT,,,phase3-v1
tx_0011941,2026-03-27 12:02:23,0,0.5723,MEDIUM,REVIEW,0,NEW_ACCOUNT,HIGH_24H_VELOCITY,HIGH_1H_VELOCITY,phase3-v1
tx_0018173,2026-03-27 12:07:53,0,0.0,LOW,APPROVE,0,LOW_RISK_ESTABLISHED_ACCOUNT,,,phase3-v1
tx_0000943,2026-03-27 12:09:41,0,0.0001,LOW,APPROVE,0,LOW_RISK_ESTABLISHED_ACCOUNT,,,phase3-v1
tx_0021638,2026-03-27 12:10:55,0,0.0,LOW,APPROVE,0,LOW_RISK_ESTABLISHED_ACCOUNT,,,phase3-v1
tx_0007807,2026-03-27 12:11:35,0,0.0,LOW,APPROVE,0,LOW_RISK_ESTABLISHED_ACCOUNT,,,phase3-v1
tx_0015123,2026-03-27 12:13:01,0,0.0001,LOW,APPROVE,0,LOW_RISK_ESTABLISHED_ACCOUNT,,,phase3-v1
tx_0010296,2026-03-27 12:13:38,0,0.0,LOW,APPROVE,0,LOW_RISK_ESTABLISHED_ACCOUNT,,,phase3-v1
tx_0002000,2026-03-27 12:14:53,0,0.0001,LOW,APPROVE,0,LOW_RISK_ESTABLISHED_ACCOUNT,,,phase3-v1
tx_0004941,2026-03-27 12:15:57,0,0.0,LOW,APPROVE,0,LOW_RISK_ESTABLISHED_ACCOUNT,,,phase3-v1
tx_0022902,2026-03-27 12:16:16,0,0.0004,LOW,APPROVE,0,GRAPH_CONNECTED_USERS,,,phase3-v1
tx_0001386,2026-03-27 12:17:06,0,0.0001,LOW,APPROVE,0,LOW_RISK_ESTABLISHED_ACCOUNT,,,phase3-v1
tx_0012722,2026-03-27 12:18:41,0,0.0,LOW,APPROVE,0,LOW_RISK_ESTABLISHED_ACCOUNT,,,phase3-v1
tx_0012943,2026-03-27 12:19:02,0,0.0,LOW,APPROVE,0,LOW_RISK_ESTABLISHED_ACCOUNT,,,phase3-v1
tx_0016934,2026-03-27 12:19:23,0,0.0001,LOW,APPROVE,0,LOW_RISK_ESTABLISHED_ACCOUNT,,,phase3-v1
tx_0025842,2026-03-27 12:20:47,0,0.0001,LOW,APPROVE,0,GRAPH_MULTI_ENTITY_OVERLAP,GRAPH_SHARED_ADDRESS,GRAPH_CONNECTED_USERS,phase3-v1
tx_0003978,2026-03-27 12:22:44,0,0.0001,LOW,APPROVE,0,LOW_RISK_ESTABLISHED_ACCOUNT,,,phase3-v1
tx_0015205,2026-03-27 12:22:46,0,0.0,LOW,APPROVE,0,LOW_RISK_ESTABLISHED_ACCOUNT,,,phase3-v1
tx_0008970,2026-03-27 12:23:08,0,0.0349,LOW,APPROVE,0,NEW_ACCOUNT,,,phase3-v1
tx_0008119,2026-03-27 12:27:09,0,0.0001,LOW,APPROVE,0,LOW_RISK_ESTABLISHED_ACCOUNT,,,phase3-v1
tx_0021736,2026-03-27 12:28:04,0,0.0001,LOW,APPROVE,0,HIGH_1H_VELOCITY,,,phase3-v1
tx_0023357,2026-03-27 12:28:16,0,0.0001,LOW,APPROVE,0,GRAPH_CONNECTED_USERS,,,phase3-v1
tx_0020287,2026-03-27 12:29:30,0,0.0,LOW,APPROVE,0,LOW_RISK_ESTABLISHED_ACCOUNT,,,phase3-v1
tx_0017123,2026-03-27 12:29:57,0,0.0,LOW,APPROVE,0,LOW_RISK_ESTABLISHED_ACCOUNT,,,phase3-v1
tx_0009645,2026-03-27 12:33:14,0,0.0002,LOW,APPROVE,0,HIGH_AMOUNT_ANOMALY,,,phase3-v1
tx_0008081,2026-03-27 12:34:39,0,0.0,LOW,APPROVE,0,LOW_RISK_ESTABLISHED_ACCOUNT,,,phase3-v1
tx_0011538,2026-03-27 12:40:08,0,0.0,LOW,APPROVE,0,LOW_RISK_ESTABLISHED_ACCOUNT,,,phase3-v1
tx_0022338,2026-03-27 12:43:55,0,0.0,LOW,APPROVE,0,LOW_RISK_ESTABLISHED_ACCOUNT,,,phase3-v1
tx_0002957,2026-03-27 12:47:35,0,0.0,LOW,APPROVE,0,LOW_RISK_ESTABLISHED_ACCOUNT,,,phase3-v1
tx_0016648,2026-03-27 12:48:34,0,0.0001,LOW,APPROVE,0,LOW_RISK_ESTABLISHED_ACCOUNT,,,phase3-v1
tx_0020609,2026-03-27 12:52:14,0,0.0,LOW,APPROVE,0,LOW_RISK_ESTABLISHED_ACCOUNT,,,phase3-v1
tx_0012151,2026-03-27 12:52:33,0,0.0005,LOW,APPROVE,0,HIGH_AMOUNT_ANOMALY,,,phase3-v1
tx_0025374,2026-03-27 12:55:29,0,0.0002,LOW,APPROVE,0,GRAPH_SHARED_PAYMENT,GRAPH_SHARED_ADDRESS,GRAPH_MULTI_ENTITY_OVERLAP,phase3-v1
tx_0015618,2026-03-27 12:55:48,0,0.0,LOW,APPROVE,0,LOW_RISK_ESTABLISHED_ACCOUNT,,,phase3-v1
tx_0014314,2026-03-27 12:58:56,0,0.0001,LOW,APPROVE,0,HIGH_24H_VELOCITY,HIGH_1H_VELOCITY,,phase3-v1
tx_0005736,2026-03-27 12:59:49,0,0.0,LOW,APPROVE,0,LOW_RISK_ESTABLISHED_ACCOUNT,,,phase3-v1
tx_0023235,2026-03-27 13:02:43,0,0.0004,LOW,APPROVE,0,GRAPH_CONNECTED_USERS,,,phase3-v1
tx_0018755,2026-03-27 13:05:23,0,0.0001,LOW,APPROVE,0,LOW_RISK_ESTABLISHED_ACCOUNT,,,phase3-v1
tx_0018877,2026-03-27 13:07:15,0,0.0,LOW,APPROVE,0,LOW_RISK_ESTABLISHED_ACCOUNT,,,phase3-v1
tx_0021431,2026-03-27 13:10:12,0,0.0,LOW,APPROVE,0,LOW_RISK_ESTABLISHED_ACCOUNT,,,phase3-v1
tx_0009071,2026-03-27 13:13:32,0,0.0,LOW,APPROVE,0,LOW_RISK_ESTABLISHED_ACCOUNT,,,phase3-v1
tx_0008415,2026-03-27 13:20:52,0,0.0,LOW,APPROVE,0,LOW_RISK_ESTABLISHED_ACCOUNT,,,phase3-v1
tx_0011901,2026-03-27 13:23:09,0,0.0,LOW,APPROVE,0,LOW_RISK_ESTABLISHED_ACCOUNT,,,phase3-v1
tx_0001544,2026-03-27 13:24:23,0,0.0,LOW,APPROVE,0,LOW_RISK_ESTABLISHED_ACCOUNT,,,phase3-v1
tx_0015687,2026-03-27 13:25:09,0,0.0,LOW,APPROVE,0,LOW_RISK_ESTABLISHED_ACCOUNT,,,phase3-v1
tx_0024537,2026-03-27 13:26:22,0,0.0001,LOW,APPROVE,0,GRAPH_SHARED_PAYMENT,GRAPH_SHARED_ADDRESS,GRAPH_MULTI_ENTITY_OVERLAP,phase3-v1
tx_0002185,2026-03-27 13:26:37,0,0.0001,LOW,APPROVE,0,LOW_RISK_ESTABLISHED_ACCOUNT,,,phase3-v1
tx_0012662,2026-03-27 13:26:56,0,0.0001,LOW,APPROVE,0,LOW_RISK_ESTABLISHED_ACCOUNT,,,phase3-v1
tx_0007760,2026-03-27 13:29:41,0,0.0,LOW,APPROVE,0,LOW_RISK_ESTABLISHED_ACCOUNT,,,phase3-v1
tx_0022302,2026-03-27 13:30:35,0,0.0001,LOW,APPROVE,0,LOW_RISK_ESTABLISHED_ACCOUNT,,,phase3-v1
tx_0001861,2026-03-27 13:32:46,0,0.0,LOW,APPROVE,0,LOW_RISK_ESTABLISHED_ACCOUNT,,,phase3-v1
tx_0005982,2026-03-27 13:43:39,0,0.0001,LOW,APPROVE,0,LOW_RISK_ESTABLISHED_ACCOUNT,,,phase3-v1
tx_0020135,2026-03-27 13:50:34,0,0.0,LOW,APPROVE,0,LOW_RISK_ESTABLISHED_ACCOUNT,,,phase3-v1
tx_0004628,2026-03-27 13:54:47,0,0.0,LOW,APPROVE,0,LOW_RISK_ESTABLISHED_ACCOUNT,,,phase3-v1
tx_0022125,2026-03-27 13:59:42,0,0.0,LOW,APPROVE,0,LOW_RISK_ESTABLISHED_ACCOUNT,,,phase3-v1
tx_0009364,2026-03-27 14:04:26,0,0.0001,LOW,APPROVE,0,LOW_RISK_ESTABLISHED_ACCOUNT,,,phase3-v1
tx_0023719,2026-03-27 14:05:42,0,0.0001,LOW,APPROVE,0,GRAPH_SHARED_PAYMENT,GRAPH_MULTI_ENTITY_OVERLAP,GRAPH_SHARED_ADDRESS,phase3-v1
tx_0018168,2026-03-27 14:08:29,0,0.0,LOW,APPROVE,0,LOW_RISK_ESTABLISHED_ACCOUNT,,,phase3-v1
tx_0019885,2026-03-27 14:09:18,0,0.0,LOW,APPROVE,0,LOW_RISK_ESTABLISHED_ACCOUNT,,,phase3-v1
tx_0015859,2026-03-27 14:09:20,0,0.0001,LOW,APPROVE,0,LOW_RISK_ESTABLISHED_ACCOUNT,,,phase3-v1
tx_0023831,2026-03-27 14:10:21,0,0.0003,LOW,APPROVE,0,GRAPH_CONNECTED_USERS,,,phase3-v1
tx_0010074,2026-03-27 14:15:04,0,0.0001,LOW,APPROVE,0,LOW_RISK_ESTABLISHED_ACCOUNT,,,phase3-v1
tx_0004837,2026-03-27 14:22:50,0,0.0001,LOW,APPROVE,0,LOW_RISK_ESTABLISHED_ACCOUNT,,,phase3-v1
tx_0005372,2026-03-27 14:23:48,0,0.0,LOW,APPROVE,0,LOW_RISK_ESTABLISHED_ACCOUNT,,,phase3-v1
tx_0005878,2026-03-27 14:26:53,0,0.0,LOW,APPROVE,0,LOW_RISK_ESTABLISHED_ACCOUNT,,,phase3-v1
tx_0005290,2026-03-27 14:26:55,0,0.0,LOW,APPROVE,0,LOW_RISK_ESTABLISHED_ACCOUNT,,,phase3-v1
tx_0014000,2026-03-27 14:28:30,0,0.0001,LOW,APPROVE,0,LOW_RISK_ESTABLISHED_ACCOUNT,,,phase3-v1
tx_0015541,2026-03-27 14:33:31,0,0.0,LOW,APPROVE,0,LOW_RISK_ESTABLISHED_ACCOUNT,,,phase3-v1
tx_0016444,2026-03-27 14:34:34,0,0.0,LOW,APPROVE,0,LOW_RISK_ESTABLISHED_ACCOUNT,,,phase3-v1
tx_0016833,2026-03-27 14:34:58,0,0.0,LOW,APPROVE,0,LOW_RISK_ESTABLISHED_ACCOUNT,,,phase3-v1
tx_0001464,2026-03-27 14:35:34,0,0.0,LOW,APPROVE,0,LOW_RISK_ESTABLISHED_ACCOUNT,,,phase3-v1
tx_0001117,2026-03-27 14:40:44,0,0.0001,LOW,APPROVE,0,HIGH_AMOUNT_ANOMALY,,,phase3-v1
tx_0014306,2026-03-27 14:42:20,0,0.0,LOW,APPROVE,0,LOW_RISK_ESTABLISHED_ACCOUNT,,,phase3-v1
tx_0016020,2026-03-27 14:44:14,0,0.0,LOW,APPROVE,0,LOW_RISK_ESTABLISHED_ACCOUNT,,,phase3-v1
tx_0000123,2026-03-27 14:46:11,0,0.0001,LOW,APPROVE,0,HIGH_AMOUNT_ANOMALY,,,phase3-v1
tx_0006793,2026-03-27 14:49:32,0,0.0,LOW,APPROVE,0,LOW_RISK_ESTABLISHED_ACCOUNT,,,phase3-v1
tx_0016987,2026-03-27 14:52:48,0,0.0,LOW,APPROVE,0,LOW_RISK_ESTABLISHED_ACCOUNT,,,phase3-v1
tx_0012104,2026-03-27 14:53:30,0,0.0004,LOW,APPROVE,0,HIGH_24H_VELOCITY,NEW_ACCOUNT,,phase3-v1
tx_0014763,2026-03-27 14:54:35,0,0.0001,LOW,APPROVE,0,LOW_RISK_ESTABLISHED_ACCOUNT,,,phase3-v1
tx_0002511,2026-03-27 14:55:32,0,0.0001,LOW,APPROVE,0,LOW_RISK_ESTABLISHED_ACCOUNT,,,phase3-v1
tx_0005566,2026-03-27 14:59:48,0,0.0,LOW,APPROVE,0,LOW_RISK_ESTABLISHED_ACCOUNT,,,phase3-v1
tx_0012703,2026-03-27 15:01:11,0,0.0,LOW,APPROVE,0,LOW_RISK_ESTABLISHED_ACCOUNT,,,phase3-v1
tx_0000077,2026-03-27 15:03:28,0,0.0,LOW,APPROVE,0,LOW_RISK_ESTABLISHED_ACCOUNT,,,phase3-v1
tx_0002783,2026-03-27 15:03:30,0,0.0,LOW,APPROVE,0,LOW_RISK_ESTABLISHED_ACCOUNT,,,phase3-v1
tx_0000443,2026-03-27 15:03:41,0,0.0,LOW,APPROVE,0,LOW_RISK_ESTABLISHED_ACCOUNT,,,phase3-v1
tx_0014618,2026-03-27 15:07:33,0,0.0,LOW,APPROVE,0,LOW_RISK_ESTABLISHED_ACCOUNT,,,phase3-v1
tx_0017737,2026-03-27 15:08:46,0,0.0,LOW,APPROVE,0,LOW_RISK_ESTABLISHED_ACCOUNT,,,phase3-v1
tx_0022810,2026-03-27 15:09:39,0,0.0001,LOW,APPROVE,0,GRAPH_SHARED_ADDRESS,GRAPH_MULTI_ENTITY_OVERLAP,GRAPH_CONNECTED_USERS,phase3-v1
tx_0005817,2026-03-27 15:11:53,0,0.0,LOW,APPROVE,0,LOW_RISK_ESTABLISHED_ACCOUNT,,,phase3-v1
tx_0020077,2026-03-27 15:13:45,0,0.0,LOW,APPROVE,0,LOW_RISK_ESTABLISHED_ACCOUNT,,,phase3-v1
tx_0002564,2026-03-27 15:14:49,0,0.0001,LOW,APPROVE,0,LOW_RISK_ESTABLISHED_ACCOUNT,,,phase3-v1
tx_0003022,2026-03-27 15:17:15,0,0.0001,LOW,APPROVE,0,PROMO_ACTIVITY,,,phase3-v1
tx_0020598,2026-03-27 15:19:21,0,0.0001,LOW,APPROVE,0,LOW_RISK_ESTABLISHED_ACCOUNT,,,phase3-v1
tx_0001046,2026-03-27 15:23:12,0,0.0001,LOW,APPROVE,0,NEW_ACCOUNT,,,phase3-v1
tx_0024238,2026-03-27 15:26:03,0,0.0001,LOW,APPROVE,0,GRAPH_CONNECTED_USERS,,,phase3-v1
tx_0003763,2026-03-27 15:28:03,0,0.0001,LOW,APPROVE,0,LOW_RISK_ESTABLISHED_ACCOUNT,,,phase3-v1
tx_0012423,2026-03-27 15:28:08,0,0.0,LOW,APPROVE,0,LOW_RISK_ESTABLISHED_ACCOUNT,,,phase3-v1
tx_0000576,2026-03-27 15:31:55,0,0.0,LOW,APPROVE,0,LOW_RISK_ESTABLISHED_ACCOUNT,,,phase3-v1
tx_0022103,2026-03-27 15:32:17,0,0.0,LOW,APPROVE,0,LOW_RISK_ESTABLISHED_ACCOUNT,,,phase3-v1
tx_0006781,2026-03-27 15:32:53,0,0.0,LOW,APPROVE,0,LOW_RISK_ESTABLISHED_ACCOUNT,,,phase3-v1
tx_0022316,2026-03-27 15:33:18,0,0.0001,LOW,APPROVE,0,LOW_RISK_ESTABLISHED_ACCOUNT,,,phase3-v1
tx_0013308,2026-03-27 15:34:12,0,0.0,LOW,APPROVE,0,LOW_RISK_ESTABLISHED_ACCOUNT,,,phase3-v1
tx_0006233,2026-03-27 15:37:48,0,0.0,LOW,APPROVE,0,LOW_RISK_ESTABLISHED_ACCOUNT,,,phase3-v1
tx_0001356,2026-03-27 15:38:33,0,0.0,LOW,APPROVE,0,LOW_RISK_ESTABLISHED_ACCOUNT,,,phase3-v1
tx_0015594,2026-03-27 15:38:38,0,0.0,LOW,APPROVE,0,LOW_RISK_ESTABLISHED_ACCOUNT,,,phase3-v1
tx_0022645,2026-03-27 15:39:38,0,0.0005,LOW,APPROVE,0,GRAPH_MULTI_ENTITY_OVERLAP,GRAPH_SHARED_PAYMENT,GRAPH_SHARED_ADDRESS,phase3-v1
tx_0024228,2026-03-27 15:43:15,0,0.0002,LOW,APPROVE,0,GRAPH_SHARED_PAYMENT,GRAPH_SHARED_ADDRESS,GRAPH_MULTI_ENTITY_OVERLAP,phase3-v1
tx_0007405,2026-03-27 15:43:28,0,0.0,LOW,APPROVE,0,HIGH_AMOUNT_ANOMALY,,,phase3-v1
tx_0015596,2026-03-27 15:44:51,0,0.0,LOW,APPROVE,0,HIGH_1H_VELOCITY,,,phase3-v1
tx_0004373,2026-03-27 15:49:24,0,0.0,LOW,APPROVE,0,LOW_RISK_ESTABLISHED_ACCOUNT,,,phase3-v1
tx_0013740,2026-03-27 15:50:20,0,0.0,LOW,APPROVE,0,LOW_RISK_ESTABLISHED_ACCOUNT,,,phase3-v1
tx_0020233,2026-03-27 15:53:48,0,0.0001,LOW,APPROVE,0,NEW_ACCOUNT,,,phase3-v1
tx_0015010,2026-03-27 15:55:19,0,0.0002,LOW,APPROVE,0,LOW_RISK_ESTABLISHED_ACCOUNT,,,phase3-v1
tx_0003323,2026-03-27 15:57:20,0,0.0004,LOW,APPROVE,0,NEW_ACCOUNT,,,phase3-v1
tx_0014507,2026-03-27 16:00:14,0,0.0001,LOW,APPROVE,0,LOW_RISK_ESTABLISHED_ACCOUNT,,,phase3-v1
tx_0011567,2026-03-27 16:09:54,0,0.0,LOW,APPROVE,0,LOW_RISK_ESTABLISHED_ACCOUNT,,,phase3-v1
tx_0020237,2026-03-27 16:10:37,0,0.0001,LOW,APPROVE,0,HIGH_1H_VELOCITY,NEW_ACCOUNT,,phase3-v1
tx_0007208,2026-03-27 16:11:28,0,0.0001,LOW,APPROVE,0,LOW_RISK_ESTABLISHED_ACCOUNT,,,phase3-v1
tx_0023978,2026-03-27 16:13:47,0,0.0004,LOW,APPROVE,0,GRAPH_CONNECTED_USERS,,,phase3-v1
tx_0000341,2026-03-27 16:14:30,0,0.0,LOW,APPROVE,0,LOW_RISK_ESTABLISHED_ACCOUNT,,,phase3-v1
tx_0010210,2026-03-27 16:16:32,0,0.0,LOW,APPROVE,0,LOW_RISK_ESTABLISHED_ACCOUNT,,,phase3-v1
tx_0021178,2026-03-27 16:17:26,0,0.0,LOW,APPROVE,0,LOW_RISK_ESTABLISHED_ACCOUNT,,,phase3-v1
tx_0012564,2026-03-27 16:21:51,0,0.0003,LOW,APPROVE,0,NEW_ACCOUNT,,,phase3-v1
tx_0000586,2026-03-27 16:23:12,0,0.0,LOW,APPROVE,0,LOW_RISK_ESTABLISHED_ACCOUNT,,,phase3-v1
tx_0007002,2026-03-27 16:26:07,0,0.0,LOW,APPROVE,0,LOW_RISK_ESTABLISHED_ACCOUNT,,,phase3-v1
tx_0013491,2026-03-27 16:26:53,0,0.0006,LOW,APPROVE,0,NEW_ACCOUNT,,,phase3-v1
tx_0007435,2026-03-27 16:37:38,0,0.0,LOW,APPROVE,0,LOW_RISK_ESTABLISHED_ACCOUNT,,,phase3-v1
tx_0014304,2026-03-27 16:38:33,0,0.0,LOW,APPROVE,0,LOW_RISK_ESTABLISHED_ACCOUNT,,,phase3-v1
tx_0004763,2026-03-27 16:38:44,0,0.0,LOW,APPROVE,0,LOW_RISK_ESTABLISHED_ACCOUNT,,,phase3-v1
tx_0020345,2026-03-27 16:40:24,0,0.0,LOW,APPROVE,0,LOW_RISK_ESTABLISHED_ACCOUNT,,,phase3-v1
tx_0000932,2026-03-27 16:43:08,0,0.0,LOW,APPROVE,0,LOW_RISK_ESTABLISHED_ACCOUNT,,,phase3-v1
tx_0015757,2026-03-27 16:43:30,0,0.0001,LOW,APPROVE,0,LOW_RISK_ESTABLISHED_ACCOUNT,,,phase3-v1
tx_0019143,2026-03-27 16:48:55,0,0.0,LOW,APPROVE,0,LOW_RISK_ESTABLISHED_ACCOUNT,,,phase3-v1
tx_0006342,2026-03-27 16:49:12,0,0.0,LOW,APPROVE,0,LOW_RISK_ESTABLISHED_ACCOUNT,,,phase3-v1
tx_0005192,2026-03-27 16:49:40,0,0.0001,LOW,APPROVE,0,LOW_RISK_ESTABLISHED_ACCOUNT,,,phase3-v1
tx_0005993,2026-03-27 16:49:54,0,0.0,LOW,APPROVE,0,LOW_RISK_ESTABLISHED_ACCOUNT,,,phase3-v1
tx_0019917,2026-03-27 16:50:59,0,0.8661,MEDIUM,REVIEW,0,HIGH_AMOUNT_ANOMALY,NEW_ACCOUNT,PROMO_ACTIVITY,phase3-v1
tx_0009265,2026-03-27 16:51:39,0,0.0,LOW,APPROVE,0,LOW_RISK_ESTABLISHED_ACCOUNT,,,phase3-v1
tx_0012387,2026-03-27 16:54:38,0,0.0001,LOW,APPROVE,0,HIGH_24H_VELOCITY,,,phase3-v1
tx_0025242,2026-03-27 16:55:58,0,0.0017,LOW,APPROVE,0,GRAPH_SHARED_DEVICE,GRAPH_SHARED_ADDRESS,GRAPH_MULTI_ENTITY_OVERLAP,phase3-v1
tx_0021954,2026-03-27 16:57:51,0,0.0001,LOW,APPROVE,0,LOW_RISK_ESTABLISHED_ACCOUNT,,,phase3-v1
tx_0003910,2026-03-27 16:58:41,0,0.0,LOW,APPROVE,0,LOW_RISK_ESTABLISHED_ACCOUNT,,,phase3-v1
tx_0022360,2026-03-27 16:59:23,0,0.0,LOW,APPROVE,0,LOW_RISK_ESTABLISHED_ACCOUNT,,,phase3-v1
tx_0007921,2026-03-27 17:03:02,0,0.0,LOW,APPROVE,0,LOW_RISK_ESTABLISHED_ACCOUNT,,,phase3-v1
tx_0021215,2026-03-27 17:03:35,0,0.0,LOW,APPROVE,0,LOW_RISK_ESTABLISHED_ACCOUNT,,,phase3-v1
tx_0020916,2026-03-27 17:04:25,0,0.0001,LOW,APPROVE,0,HIGH_AMOUNT_ANOMALY,,,phase3-v1
tx_0006431,2026-03-27 17:07:23,0,0.0001,LOW,APPROVE,0,LOW_RISK_ESTABLISHED_ACCOUNT,,,phase3-v1
tx_0010962,2026-03-27 17:08:46,0,0.0001,LOW,APPROVE,0,LOW_RISK_ESTABLISHED_ACCOUNT,,,phase3-v1
tx_0019632,2026-03-27 17:08:47,0,0.0,LOW,APPROVE,0,LOW_RISK_ESTABLISHED_ACCOUNT,,,phase3-v1
tx_0016975,2026-03-27 17:10:34,0,0.0001,LOW,APPROVE,0,LOW_RISK_ESTABLISHED_ACCOUNT,,,phase3-v1
tx_0007757,2026-03-27 17:11:00,0,0.0005,LOW,APPROVE,0,HIGH_24H_VELOCITY,NEW_ACCOUNT,,phase3-v1
tx_0017439,2026-03-27 17:11:31,0,0.0,LOW,APPROVE,0,LOW_RISK_ESTABLISHED_ACCOUNT,,,phase3-v1
tx_0005069,2026-03-27 17:16:13,0,0.0,LOW,APPROVE,0,LOW_RISK_ESTABLISHED_ACCOUNT,,,phase3-v1
tx_0005619,2026-03-27 17:16:22,0,0.0,LOW,APPROVE,0,LOW_RISK_ESTABLISHED_ACCOUNT,,,phase3-v1
tx_0025859,2026-03-27 17:16:46,0,0.0004,LOW,APPROVE,0,GRAPH_CONNECTED_USERS,,,phase3-v1
tx_0002671,2026-03-27 17:22:09,0,0.0,LOW,APPROVE,0,LOW_RISK_ESTABLISHED_ACCOUNT,,,phase3-v1
tx_0014436,2026-03-27 17:22:59,0,0.0001,LOW,APPROVE,0,LOW_RISK_ESTABLISHED_ACCOUNT,,,phase3-v1
tx_0006310,2026-03-27 17:25:25,0,0.0,LOW,APPROVE,0,PROMO_ACTIVITY,,,phase3-v1
tx_0011984,2026-03-27 17:30:18,0,0.0,LOW,APPROVE,0,LOW_RISK_ESTABLISHED_ACCOUNT,,,phase3-v1
tx_0005154,2026-03-27 17:33:29,0,0.0001,LOW,APPROVE,0,LOW_RISK_ESTABLISHED_ACCOUNT,,,phase3-v1
tx_0009759,2026-03-27 17:33:57,0,0.0,LOW,APPROVE,0,LOW_RISK_ESTABLISHED_ACCOUNT,,,phase3-v1
tx_0007346,2026-03-27 17:34:59,0,0.0001,LOW,APPROVE,0,LOW_RISK_ESTABLISHED_ACCOUNT,,,phase3-v1
tx_0000411,2026-03-27 17:35:12,0,0.0,LOW,APPROVE,0,LOW_RISK_ESTABLISHED_ACCOUNT,,,phase3-v1
tx_0021818,2026-03-27 17:36:34,0,0.0,LOW,APPROVE,0,LOW_RISK_ESTABLISHED_ACCOUNT,,,phase3-v1
tx_0011543,2026-03-27 17:39:41,0,0.0,LOW,APPROVE,0,HIGH_24H_VELOCITY,,,phase3-v1
tx_0019996,2026-03-27 17:41:12,0,0.0,LOW,APPROVE,0,LOW_RISK_ESTABLISHED_ACCOUNT,,,phase3-v1
tx_0013105,2026-03-27 17:44:43,0,0.0,LOW,APPROVE,0,LOW_RISK_ESTABLISHED_ACCOUNT,,,phase3-v1
tx_0001944,2026-03-27 17:46:20,0,0.0,LOW,APPROVE,0,LOW_RISK_ESTABLISHED_ACCOUNT,,,phase3-v1
tx_0015294,2026-03-27 17:49:08,0,0.0001,LOW,APPROVE,0,LOW_RISK_ESTABLISHED_ACCOUNT,,,phase3-v1
tx_0022263,2026-03-27 17:50:28,0,0.0001,LOW,APPROVE,0,LOW_RISK_ESTABLISHED_ACCOUNT,,,phase3-v1
tx_0021614,2026-03-27 17:51:13,0,0.0001,LOW,APPROVE,0,LOW_RISK_ESTABLISHED_ACCOUNT,,,phase3-v1
tx_0006844,2026-03-27 17:51:23,0,0.0,LOW,APPROVE,0,LOW_RISK_ESTABLISHED_ACCOUNT,,,phase3-v1
tx_0001917,2026-03-27 17:51:25,0,0.0,LOW,APPROVE,0,LOW_RISK_ESTABLISHED_ACCOUNT,,,phase3-v1
tx_0011188,2026-03-27 17:51:27,0,0.0,LOW,APPROVE,0,LOW_RISK_ESTABLISHED_ACCOUNT,,,phase3-v1
tx_0008832,2026-03-27 17:51:32,0,0.0,LOW,APPROVE,0,LOW_RISK_ESTABLISHED_ACCOUNT,,,phase3-v1
tx_0020234,2026-03-27 17:53:17,0,0.0001,LOW,APPROVE,0,HIGH_24H_VELOCITY,NEW_ACCOUNT,,phase3-v1
tx_0023194,2026-03-27 17:54:30,0,0.0001,LOW,APPROVE,0,GRAPH_MULTI_ENTITY_OVERLAP,GRAPH_SHARED_ADDRESS,,phase3-v1
tx_0018807,2026-03-27 17:58:19,0,0.0,LOW,APPROVE,0,PROMO_ACTIVITY,,,phase3-v1
tx_0014855,2026-03-27 17:58:55,0,0.0001,LOW,APPROVE,0,HIGH_AMOUNT_ANOMALY,,,phase3-v1
tx_0015518,2026-03-27 17:59:23,0,0.001,LOW,APPROVE,0,NEW_ACCOUNT,,,phase3-v1
tx_0025047,2026-03-27 18:01:24,0,0.0001,LOW,APPROVE,0,GRAPH_MULTI_ENTITY_OVERLAP,GRAPH_SHARED_ADDRESS,,phase3-v1
tx_0010785,2026-03-27 18:02:32,0,0.0,LOW,APPROVE,0,LOW_RISK_ESTABLISHED_ACCOUNT,,,phase3-v1
tx_0020035,2026-03-27 18:04:31,0,0.0,LOW,APPROVE,0,LOW_RISK_ESTABLISHED_ACCOUNT,,,phase3-v1
tx_0005194,2026-03-27 18:08:08,0,0.0001,LOW,APPROVE,0,LOW_RISK_ESTABLISHED_ACCOUNT,,,phase3-v1
tx_0025538,2026-03-27 18:09:03,0,0.0001,LOW,APPROVE,0,GRAPH_CONNECTED_USERS,,,phase3-v1
tx_0011746,2026-03-27 18:10:25,0,0.0001,LOW,APPROVE,0,LOW_RISK_ESTABLISHED_ACCOUNT,,,phase3-v1
tx_0012711,2026-03-27 18:10:34,0,0.0,LOW,APPROVE,0,LOW_RISK_ESTABLISHED_ACCOUNT,,,phase3-v1
tx_0005838,2026-03-27 18:11:04,0,0.0001,LOW,APPROVE,0,LOW_RISK_ESTABLISHED_ACCOUNT,,,phase3-v1
tx_0021141,2026-03-27 18:11:46,0,0.0001,LOW,APPROVE,0,LOW_RISK_ESTABLISHED_ACCOUNT,,,phase3-v1
tx_0017821,2026-03-27 18:16:34,0,0.0,LOW,APPROVE,0,LOW_RISK_ESTABLISHED_ACCOUNT,,,phase3-v1
tx_0020730,2026-03-27 18:19:42,0,0.0,LOW,APPROVE,0,LOW_RISK_ESTABLISHED_ACCOUNT,,,phase3-v1
tx_0009440,2026-03-27 18:20:00,0,0.0,LOW,APPROVE,0,LOW_RISK_ESTABLISHED_ACCOUNT,,,phase3-v1
tx_0019841,2026-03-27 18:22:32,0,0.0,LOW,APPROVE,0,LOW_RISK_ESTABLISHED_ACCOUNT,,,phase3-v1
tx_0021273,2026-03-27 18:24:05,0,0.0,LOW,APPROVE,0,LOW_RISK_ESTABLISHED_ACCOUNT,,,phase3-v1
tx_0007541,2026-03-27 18:25:03,0,0.0,LOW,APPROVE,0,LOW_RISK_ESTABLISHED_ACCOUNT,,,phase3-v1
tx_0002230,2026-03-27 18:25:53,0,0.0,LOW,APPROVE,0,LOW_RISK_ESTABLISHED_ACCOUNT,,,phase3-v1
tx_0017072,2026-03-27 18:25:58,0,0.0,LOW,APPROVE,0,LOW_RISK_ESTABLISHED_ACCOUNT,,,phase3-v1
tx_0009197,2026-03-27 18:29:33,0,0.0,LOW,APPROVE,0,LOW_RISK_ESTABLISHED_ACCOUNT,,,phase3-v1
tx_0007639,2026-03-27 18:30:38,0,0.0003,LOW,APPROVE,0,NEW_ACCOUNT,,,phase3-v1
tx_0000700,2026-03-27 18:32:26,0,0.0001,LOW,APPROVE,0,NEW_ACCOUNT,,,phase3-v1
tx_0007377,2026-03-27 18:32:32,0,0.0001,LOW,APPROVE,0,LOW_RISK_ESTABLISHED_ACCOUNT,,,phase3-v1
tx_0015884,2026-03-27 18:33:49,0,0.0,LOW,APPROVE,0,LOW_RISK_ESTABLISHED_ACCOUNT,,,phase3-v1
tx_0013533,2026-03-27 18:34:29,0,0.0,LOW,APPROVE,0,LOW_RISK_ESTABLISHED_ACCOUNT,,,phase3-v1
tx_0011943,2026-03-27 18:34:33,0,0.0084,LOW,APPROVE,0,HIGH_24H_VELOCITY,NEW_ACCOUNT,PROMO_ACTIVITY,phase3-v1
tx_0000705,2026-03-27 18:34:53,0,0.0,LOW,APPROVE,0,LOW_RISK_ESTABLISHED_ACCOUNT,,,phase3-v1
tx_0020665,2026-03-27 18:35:13,0,0.0,LOW,APPROVE,0,LOW_RISK_ESTABLISHED_ACCOUNT,,,phase3-v1
tx_0008272,2026-03-27 18:37:18,0,0.0,LOW,APPROVE,0,LOW_RISK_ESTABLISHED_ACCOUNT,,,phase3-v1
tx_0019806,2026-03-27 18:37:46,0,0.0001,LOW,APPROVE,0,LOW_RISK_ESTABLISHED_ACCOUNT,,,phase3-v1
tx_0005060,2026-03-27 18:37:48,0,0.0001,LOW,APPROVE,0,LOW_RISK_ESTABLISHED_ACCOUNT,,,phase3-v1
tx_0009988,2026-03-27 18:39:12,0,0.0005,LOW,APPROVE,0,NEW_ACCOUNT,PROMO_ACTIVITY,,phase3-v1
tx_0007993,2026-03-27 18:41:58,0,0.0001,LOW,APPROVE,0,LOW_RISK_ESTABLISHED_ACCOUNT,,,phase3-v1
tx_0000699,2026-03-27 18:46:56,0,0.0003,LOW,APPROVE,0,HIGH_1H_VELOCITY,NEW_ACCOUNT,,phase3-v1
tx_0007845,2026-03-27 18:47:19,0,0.0,LOW,APPROVE,0,LOW_RISK_ESTABLISHED_ACCOUNT,,,phase3-v1
tx_0021590,2026-03-27 18:48:53,0,0.0001,LOW,APPROVE,0,LOW_RISK_ESTABLISHED_ACCOUNT,,,phase3-v1
tx_0021763,2026-03-27 18:49:38,0,0.0005,LOW,APPROVE,0,NEW_ACCOUNT,,,phase3-v1
tx_0001733,2026-03-27 18:52:56,0,0.0005,LOW,APPROVE,0,HIGH_24H_VELOCITY,NEW_ACCOUNT,,phase3-v1
tx_0001982,2026-03-27 18:53:09,0,0.0,LOW,APPROVE,0,LOW_RISK_ESTABLISHED_ACCOUNT,,,phase3-v1
tx_0001318,2026-03-27 18:54:05,0,0.0,LOW,APPROVE,0,HIGH_AMOUNT_ANOMALY,,,phase3-v1
tx_0022126,2026-03-27 18:58:05,0,0.0001,LOW,APPROVE,0,HIGH_24H_VELOCITY,,,phase3-v1
tx_0019889,2026-03-27 18:59:52,0,0.0001,LOW,APPROVE,0,LOW_RISK_ESTABLISHED_ACCOUNT,,,phase3-v1
tx_0007094,2026-03-27 19:00:51,0,0.0,LOW,APPROVE,0,LOW_RISK_ESTABLISHED_ACCOUNT,,,phase3-v1
tx_0019925,2026-03-27 19:01:03,0,0.0001,LOW,APPROVE,0,NEW_ACCOUNT,,,phase3-v1
tx_0015079,2026-03-27 19:02:22,0,0.0,LOW,APPROVE,0,LOW_RISK_ESTABLISHED_ACCOUNT,,,phase3-v1
tx_0013725,2026-03-27 19:06:12,0,0.0,LOW,APPROVE,0,LOW_RISK_ESTABLISHED_ACCOUNT,,,phase3-v1
tx_0003237,2026-03-27 19:12:07,0,0.0,LOW,APPROVE,0,LOW_RISK_ESTABLISHED_ACCOUNT,,,phase3-v1
tx_0005893,2026-03-27 19:13:45,0,0.0001,LOW,APPROVE,0,LOW_RISK_ESTABLISHED_ACCOUNT,,,phase3-v1
tx_0019918,2026-03-27 19:15:36,0,0.0042,LOW,APPROVE,0,NEW_ACCOUNT,HIGH_24H_VELOCITY,,phase3-v1
tx_0000714,2026-03-27 19:18:20,0,0.0001,LOW,APPROVE,0,LOW_RISK_ESTABLISHED_ACCOUNT,,,phase3-v1
tx_0017983,2026-03-27 19:20:16,0,0.0,LOW,APPROVE,0,LOW_RISK_ESTABLISHED_ACCOUNT,,,phase3-v1
tx_0025534,2026-03-27 19:21:25,0,0.0001,LOW,APPROVE,0,GRAPH_CONNECTED_USERS,,,phase3-v1
tx_0023216,2026-03-27 19:21:55,0,0.0001,LOW,APPROVE,0,GRAPH_CONNECTED_USERS,,,phase3-v1
tx_0009164,2026-03-27 19:22:31,0,0.0,LOW,APPROVE,0,LOW_RISK_ESTABLISHED_ACCOUNT,,,phase3-v1
tx_0003770,2026-03-27 19:22:46,0,0.0001,LOW,APPROVE,0,LOW_RISK_ESTABLISHED_ACCOUNT,,,phase3-v1
tx_0003215,2026-03-27 19:23:34,0,0.0,LOW,APPROVE,0,LOW_RISK_ESTABLISHED_ACCOUNT,,,phase3-v1
tx_0021105,2026-03-27 19:23:49,0,0.0,LOW,APPROVE,0,LOW_RISK_ESTABLISHED_ACCOUNT,,,phase3-v1
tx_0020492,2026-03-27 19:25:15,0,0.0,LOW,APPROVE,0,LOW_RISK_ESTABLISHED_ACCOUNT,,,phase3-v1
tx_0019786,2026-03-27 19:32:49,0,0.0,LOW,APPROVE,0,LOW_RISK_ESTABLISHED_ACCOUNT,,,phase3-v1
tx_0018227,2026-03-27 19:33:25,0,0.0003,LOW,APPROVE,0,NEW_ACCOUNT,,,phase3-v1
tx_0004626,2026-03-27 19:34:02,0,0.0001,LOW,APPROVE,0,LOW_RISK_ESTABLISHED_ACCOUNT,,,phase3-v1
tx_0018332,2026-03-27 19:34:54,0,0.0001,LOW,APPROVE,0,LOW_RISK_ESTABLISHED_ACCOUNT,,,phase3-v1
tx_0020374,2026-03-27 19:40:36,0,0.0,LOW,APPROVE,0,LOW_RISK_ESTABLISHED_ACCOUNT,,,phase3-v1
tx_0006538,2026-03-27 19:47:21,0,0.0,LOW,APPROVE,0,LOW_RISK_ESTABLISHED_ACCOUNT,,,phase3-v1
tx_0000309,2026-03-27 19:47:51,0,0.0,LOW,APPROVE,0,LOW_RISK_ESTABLISHED_ACCOUNT,,,phase3-v1
tx_0017854,2026-03-27 19:50:16,0,0.0,LOW,APPROVE,0,LOW_RISK_ESTABLISHED_ACCOUNT,,,phase3-v1
tx_0015007,2026-03-27 19:50:42,0,0.0001,LOW,APPROVE,0,LOW_RISK_ESTABLISHED_ACCOUNT,,,phase3-v1
tx_0011493,2026-03-27 19:50:51,0,0.0001,LOW,APPROVE,0,LOW_RISK_ESTABLISHED_ACCOUNT,,,phase3-v1
tx_0005162,2026-03-27 19:51:29,0,0.0,LOW,APPROVE,0,LOW_RISK_ESTABLISHED_ACCOUNT,,,phase3-v1
tx_0021942,2026-03-27 19:53:09,0,0.0001,LOW,APPROVE,0,LOW_RISK_ESTABLISHED_ACCOUNT,,,phase3-v1
tx_0007662,2026-03-27 19:56:31,0,0.0,LOW,APPROVE,0,LOW_RISK_ESTABLISHED_ACCOUNT,,,phase3-v1
tx_0011534,2026-03-27 19:59:16,0,0.0,LOW,APPROVE,0,LOW_RISK_ESTABLISHED_ACCOUNT,,,phase3-v1
tx_0012848,2026-03-27 20:00:47,0,0.0001,LOW,APPROVE,0,LOW_RISK_ESTABLISHED_ACCOUNT,,,phase3-v1
tx_0010882,2026-03-27 20:07:13,0,0.0001,LOW,APPROVE,0,LOW_RISK_ESTABLISHED_ACCOUNT,,,phase3-v1
tx_0015806,2026-03-27 20:07:21,0,0.0001,LOW,APPROVE,0,LOW_RISK_ESTABLISHED_ACCOUNT,,,phase3-v1
tx_0007949,2026-03-27 20:08:10,0,0.0001,LOW,APPROVE,0,LOW_RISK_ESTABLISHED_ACCOUNT,,,phase3-v1
tx_0023998,2026-03-27 20:15:35,0,0.0001,LOW,APPROVE,0,GRAPH_MULTI_ENTITY_OVERLAP,GRAPH_SHARED_PAYMENT,GRAPH_SHARED_ADDRESS,phase3-v1
tx_0002427,2026-03-27 20:19:35,0,0.0001,LOW,APPROVE,0,LOW_RISK_ESTABLISHED_ACCOUNT,,,phase3-v1
tx_0009271,2026-03-27 20:20:13,0,0.0001,LOW,APPROVE,0,LOW_RISK_ESTABLISHED_ACCOUNT,,,phase3-v1
tx_0021742,2026-03-27 20:20:42,0,0.0001,LOW,APPROVE,0,LOW_RISK_ESTABLISHED_ACCOUNT,,,phase3-v1
tx_0017269,2026-03-27 20:21:03,0,0.0001,LOW,APPROVE,0,LOW_RISK_ESTABLISHED_ACCOUNT,,,phase3-v1
tx_0020058,2026-03-27 20:22:04,0,0.0001,LOW,APPROVE,0,HIGH_AMOUNT_ANOMALY,,,phase3-v1
tx_0001680,2026-03-27 20:25:47,0,0.0001,LOW,APPROVE,0,LOW_RISK_ESTABLISHED_ACCOUNT,,,phase3-v1
tx_0013177,2026-03-27 20:25:59,0,0.0001,LOW,APPROVE,0,LOW_RISK_ESTABLISHED_ACCOUNT,,,phase3-v1
tx_0022951,2026-03-27 20:26:46,0,0.0001,LOW,APPROVE,0,GRAPH_MULTI_ENTITY_OVERLAP,GRAPH_SHARED_ADDRESS,GRAPH_CONNECTED_USERS,phase3-v1
tx_0012267,2026-03-27 20:29:27,0,0.0001,LOW,APPROVE,0,PROMO_ACTIVITY,,,phase3-v1
tx_0002595,2026-03-27 20:30:28,0,0.0001,LOW,APPROVE,0,LOW_RISK_ESTABLISHED_ACCOUNT,,,phase3-v1
tx_0002999,2026-03-27 20:31:06,0,0.0001,LOW,APPROVE,0,LOW_RISK_ESTABLISHED_ACCOUNT,,,phase3-v1
tx_0025372,2026-03-27 20:31:18,0,0.0001,LOW,APPROVE,0,GRAPH_CONNECTED_USERS,,,phase3-v1
tx_0006002,2026-03-27 20:32:03,0,0.0001,LOW,APPROVE,0,LOW_RISK_ESTABLISHED_ACCOUNT,,,phase3-v1
tx_0003152,2026-03-27 20:35:18,0,0.0001,LOW,APPROVE,0,LOW_RISK_ESTABLISHED_ACCOUNT,,,phase3-v1
tx_0017965,2026-03-27 20:40:55,0,0.0001,LOW,APPROVE,0,HIGH_AMOUNT_ANOMALY,,,phase3-v1
tx_0021019,2026-03-27 20:42:36,0,0.0001,LOW,APPROVE,0,LOW_RISK_ESTABLISHED_ACCOUNT,,,phase3-v1
tx_0008692,2026-03-27 20:44:03,0,0.0001,LOW,APPROVE,0,LOW_RISK_ESTABLISHED_ACCOUNT,,,phase3-v1
tx_0019145,2026-03-27 20:46:01,0,0.0001,LOW,APPROVE,0,LOW_RISK_ESTABLISHED_ACCOUNT,,,phase3-v1
tx_0017426,2026-03-27 20:49:27,0,0.0001,LOW,APPROVE,0,LOW_RISK_ESTABLISHED_ACCOUNT,,,phase3-v1
tx_0023940,2026-03-27 20:52:26,0,0.0001,LOW,APPROVE,0,GRAPH_CONNECTED_USERS,,,phase3-v1
tx_0009284,2026-03-27 20:52:53,0,0.0001,LOW,APPROVE,0,LOW_RISK_ESTABLISHED_ACCOUNT,,,phase3-v1
tx_0003218,2026-03-27 20:54:08,0,0.0001,LOW,APPROVE,0,LOW_RISK_ESTABLISHED_ACCOUNT,,,phase3-v1
tx_0018079,2026-03-27 20:59:57,0,0.0001,LOW,APPROVE,0,LOW_RISK_ESTABLISHED_ACCOUNT,,,phase3-v1
tx_0006069,2026-03-27 21:00:15,0,0.0001,LOW,APPROVE,0,LOW_RISK_ESTABLISHED_ACCOUNT,,,phase3-v1
tx_0022211,2026-03-27 21:00:57,0,0.0001,LOW,APPROVE,0,LOW_RISK_ESTABLISHED_ACCOUNT,,,phase3-v1
tx_0003164,2026-03-27 21:03:57,0,0.0001,LOW,APPROVE,0,LOW_RISK_ESTABLISHED_ACCOUNT,,,phase3-v1
tx_0018221,2026-03-27 21:08:46,0,0.0001,LOW,APPROVE,0,LOW_RISK_ESTABLISHED_ACCOUNT,,,phase3-v1
tx_0004516,2026-03-27 21:16:01,0,0.0002,LOW,APPROVE,0,LOW_RISK_ESTABLISHED_ACCOUNT,,,phase3-v1
tx_0024306,2026-03-27 21:16:02,0,0.0001,LOW,APPROVE,0,GRAPH_CONNECTED_USERS,,,phase3-v1
tx_0023301,2026-03-27 21:19:32,0,0.0007,LOW,APPROVE,0,GRAPH_CONNECTED_USERS,,,phase3-v1
tx_0011861,2026-03-27 21:23:25,0,0.0017,LOW,APPROVE,0,NEW_ACCOUNT,,,phase3-v1
tx_0012310,2026-03-27 21:25:10,0,0.0001,LOW,APPROVE,0,LOW_RISK_ESTABLISHED_ACCOUNT,,,phase3-v1
tx_0001817,2026-03-27 21:26:48,0,0.0001,LOW,APPROVE,0,LOW_RISK_ESTABLISHED_ACCOUNT,,,phase3-v1
tx_0023097,2026-03-27 21:35:21,0,0.0001,LOW,APPROVE,0,GRAPH_CONNECTED_USERS,,,phase3-v1
tx_0016723,2026-03-27 21:39:36,0,0.0001,LOW,APPROVE,0,LOW_RISK_ESTABLISHED_ACCOUNT,,,phase3-v1
tx_0005648,2026-03-27 21:40:43,0,0.0001,LOW,APPROVE,0,LOW_RISK_ESTABLISHED_ACCOUNT,,,phase3-v1
tx_0010448,2026-03-27 21:42:07,0,0.0001,LOW,APPROVE,0,LOW_RISK_ESTABLISHED_ACCOUNT,,,phase3-v1
tx_0025752,2026-03-27 21:44:53,0,0.0006,LOW,APPROVE,0,GRAPH_CONNECTED_USERS,,,phase3-v1
tx_0025998,2026-03-27 21:49:35,0,0.0001,LOW,APPROVE,0,GRAPH_MULTI_ENTITY_OVERLAP,GRAPH_SHARED_ADDRESS,,phase3-v1
tx_0005010,2026-03-27 21:53:04,0,0.0001,LOW,APPROVE,0,LOW_RISK_ESTABLISHED_ACCOUNT,,,phase3-v1
tx_0020505,2026-03-27 21:54:57,0,0.0001,LOW,APPROVE,0,LOW_RISK_ESTABLISHED_ACCOUNT,,,phase3-v1
tx_0014574,2026-03-27 22:06:15,0,0.0002,LOW,APPROVE,0,HIGH_AMOUNT_ANOMALY,,,phase3-v1
tx_0022875,2026-03-27 22:18:38,0,0.0001,LOW,APPROVE,0,GRAPH_MULTI_ENTITY_OVERLAP,GRAPH_SHARED_PAYMENT,GRAPH_SHARED_ADDRESS,phase3-v1
tx_0008958,2026-03-27 22:28:07,0,0.0001,LOW,APPROVE,0,LOW_RISK_ESTABLISHED_ACCOUNT,,,phase3-v1
tx_0025831,2026-03-27 22:31:05,0,0.0001,LOW,APPROVE,0,GRAPH_MULTI_ENTITY_OVERLAP,GRAPH_SHARED_ADDRESS,,phase3-v1
tx_0018830,2026-03-27 22:44:30,0,0.0004,LOW,APPROVE,0,LOW_RISK_ESTABLISHED_ACCOUNT,,,phase3-v1
tx_0017461,2026-03-27 22:45:17,0,0.0001,LOW,APPROVE,0,LOW_RISK_ESTABLISHED_ACCOUNT,,,phase3-v1
tx_0025023,2026-03-27 22:54:20,0,0.0006,LOW,APPROVE,0,GRAPH_CONNECTED_USERS,,,phase3-v1
tx_0012040,2026-03-27 22:56:57,0,0.0001,LOW,APPROVE,0,LOW_RISK_ESTABLISHED_ACCOUNT,,,phase3-v1
tx_0020790,2026-03-27 23:33:47,0,0.0001,LOW,APPROVE,0,LOW_RISK_ESTABLISHED_ACCOUNT,,,phase3-v1
tx_0020487,2026-03-27 23:34:58,0,0.0001,LOW,APPROVE,0,LOW_RISK_ESTABLISHED_ACCOUNT,,,phase3-v1
tx_0015247,2026-03-27 23:41:14,0,0.0001,LOW,APPROVE,0,LOW_RISK_ESTABLISHED_ACCOUNT,,,phase3-v1
tx_0010815,2026-03-27 23:54:28,0,0.0001,LOW,APPROVE,0,HIGH_AMOUNT_ANOMALY,,,phase3-v1
tx_0001689,2026-03-28 00:02:03,0,0.0001,LOW,APPROVE,0,LOW_RISK_ESTABLISHED_ACCOUNT,,,phase3-v1
tx_0012707,2026-03-28 00:20:36,0,0.0001,LOW,APPROVE,0,PROMO_ACTIVITY,,,phase3-v1
tx_0023184,2026-03-28 00:24:08,0,0.0002,LOW,APPROVE,0,GRAPH_SHARED_ADDRESS,GRAPH_MULTI_ENTITY_OVERLAP,GRAPH_CONNECTED_USERS,phase3-v1
tx_0022710,2026-03-28 00:30:54,0,0.0009,LOW,APPROVE,0,GRAPH_CONNECTED_USERS,,,phase3-v1
tx_0000697,2026-03-28 00:42:51,0,0.0029,LOW,APPROVE,0,HIGH_24H_VELOCITY,PROMO_ACTIVITY,NEW_ACCOUNT,phase3-v1
tx_0021817,2026-03-28 00:47:41,0,0.0001,LOW,APPROVE,0,LOW_RISK_ESTABLISHED_ACCOUNT,,,phase3-v1
tx_0010183,2026-03-28 00:53:32,0,0.0001,LOW,APPROVE,0,HIGH_AMOUNT_ANOMALY,,,phase3-v1
tx_0013676,2026-03-28 00:58:21,0,0.0001,LOW,APPROVE,0,LOW_RISK_ESTABLISHED_ACCOUNT,,,phase3-v1
tx_0012368,2026-03-28 01:02:52,0,0.0001,LOW,APPROVE,0,OFF_HOURS_ACTIVITY,,,phase3-v1
tx_0012562,2026-03-28 02:52:15,0,0.0012,LOW,APPROVE,0,HIGH_24H_VELOCITY,OFF_HOURS_ACTIVITY,NEW_ACCOUNT,phase3-v1
tx_0019923,2026-03-28 03:01:21,0,0.0008,LOW,APPROVE,0,OFF_HOURS_ACTIVITY,NEW_ACCOUNT,,phase3-v1
tx_0025614,2026-03-28 03:33:14,0,0.0001,LOW,APPROVE,0,GRAPH_MULTI_ENTITY_OVERLAP,GRAPH_SHARED_ADDRESS,HIGH_AMOUNT_ANOMALY,phase3-v1
tx_0024039,2026-03-28 03:44:44,0,0.0002,LOW,APPROVE,0,GRAPH_MULTI_ENTITY_OVERLAP,GRAPH_SHARED_ADDRESS,GRAPH_CONNECTED_USERS,phase3-v1
tx_0012921,2026-03-28 03:45:07,0,0.0002,LOW,APPROVE,0,HIGH_AMOUNT_ANOMALY,OFF_HOURS_ACTIVITY,,phase3-v1
tx_0023027,2026-03-28 04:08:04,0,0.0002,LOW,APPROVE,0,GRAPH_SHARED_ADDRESS,GRAPH_MULTI_ENTITY_OVERLAP,GRAPH_CONNECTED_USERS,phase3-v1
tx_0001827,2026-03-28 04:15:13,0,0.0001,LOW,APPROVE,0,OFF_HOURS_ACTIVITY,,,phase3-v1
tx_0016137,2026-03-28 04:21:40,0,0.0001,LOW,APPROVE,0,OFF_HOURS_ACTIVITY,,,phase3-v1
tx_0014946,2026-03-28 04:45:25,0,0.0002,LOW,APPROVE,0,OFF_HOURS_ACTIVITY,,,phase3-v1
tx_0000816,2026-03-28 05:20:34,0,0.0,LOW,APPROVE,0,OFF_HOURS_ACTIVITY,,,phase3-v1
tx_0017277,2026-03-28 05:28:18,0,0.0,LOW,APPROVE,0,OFF_HOURS_ACTIVITY,,,phase3-v1
tx_0021398,2026-03-28 05:42:33,0,0.0,LOW,APPROVE,0,OFF_HOURS_ACTIVITY,,,phase3-v1
tx_0010848,2026-03-28 05:57:55,0,0.0001,LOW,APPROVE,0,OFF_HOURS_ACTIVITY,,,phase3-v1
tx_0011402,2026-03-28 06:00:23,0,0.0,LOW,APPROVE,0,LOW_RISK_ESTABLISHED_ACCOUNT,,,phase3-v1
tx_0009756,2026-03-28 06:00:38,0,0.0001,LOW,APPROVE,0,LOW_RISK_ESTABLISHED_ACCOUNT,,,phase3-v1
tx_0020826,2026-03-28 06:02:40,0,0.0,LOW,APPROVE,0,LOW_RISK_ESTABLISHED_ACCOUNT,,,phase3-v1
tx_0022327,2026-03-28 06:07:12,0,0.0,LOW,APPROVE,0,LOW_RISK_ESTABLISHED_ACCOUNT,,,phase3-v1
tx_0009774,2026-03-28 06:08:26,0,0.0001,LOW,APPROVE,0,LOW_RISK_ESTABLISHED_ACCOUNT,,,phase3-v1
tx_0015397,2026-03-28 06:12:17,0,0.0001,LOW,APPROVE,0,LOW_RISK_ESTABLISHED_ACCOUNT,,,phase3-v1
tx_0001943,2026-03-28 06:13:25,0,0.0001,LOW,APPROVE,0,LOW_RISK_ESTABLISHED_ACCOUNT,,,phase3-v1
tx_0018649,2026-03-28 06:15:21,0,0.0,LOW,APPROVE,0,LOW_RISK_ESTABLISHED_ACCOUNT,,,phase3-v1
tx_0017682,2026-03-28 06:17:46,0,0.0,LOW,APPROVE,0,LOW_RISK_ESTABLISHED_ACCOUNT,,,phase3-v1
tx_0024143,2026-03-28 06:18:57,0,0.0005,LOW,APPROVE,0,GRAPH_CONNECTED_USERS,,,phase3-v1
tx_0013844,2026-03-28 06:20:11,0,0.0001,LOW,APPROVE,0,LOW_RISK_ESTABLISHED_ACCOUNT,,,phase3-v1
tx_0022107,2026-03-28 06:21:37,0,0.0001,LOW,APPROVE,0,LOW_RISK_ESTABLISHED_ACCOUNT,,,phase3-v1
tx_0024207,2026-03-28 06:23:13,0,0.0001,LOW,APPROVE,0,GRAPH_SHARED_ADDRESS,GRAPH_MULTI_ENTITY_OVERLAP,GRAPH_CONNECTED_USERS,phase3-v1
tx_0005030,2026-03-28 06:24:12,0,0.0001,LOW,APPROVE,0,LOW_RISK_ESTABLISHED_ACCOUNT,,,phase3-v1
tx_0016288,2026-03-28 06:33:11,0,0.0001,LOW,APPROVE,0,LOW_RISK_ESTABLISHED_ACCOUNT,,,phase3-v1
tx_0009583,2026-03-28 06:46:10,0,0.0001,LOW,APPROVE,0,LOW_RISK_ESTABLISHED_ACCOUNT,,,phase3-v1
tx_0001038,2026-03-28 06:48:55,0,0.0021,LOW,APPROVE,0,HIGH_AMOUNT_ANOMALY,NEW_ACCOUNT,,phase3-v1
tx_0006932,2026-03-28 06:51:06,0,0.0,LOW,APPROVE,0,LOW_RISK_ESTABLISHED_ACCOUNT,,,phase3-v1
tx_0006230,2026-03-28 07:09:24,0,0.0,LOW,APPROVE,0,LOW_RISK_ESTABLISHED_ACCOUNT,,,phase3-v1
tx_0012521,2026-03-28 07:17:34,0,0.0,LOW,APPROVE,0,LOW_RISK_ESTABLISHED_ACCOUNT,,,phase3-v1
tx_0001252,2026-03-28 07:19:37,0,0.0,LOW,APPROVE,0,HIGH_AMOUNT_ANOMALY,,,phase3-v1
tx_0016186,2026-03-28 07:20:08,0,0.0,LOW,APPROVE,0,LOW_RISK_ESTABLISHED_ACCOUNT,,,phase3-v1
tx_0024874,2026-03-28 07:29:16,0,0.0005,LOW,APPROVE,0,GRAPH_CONNECTED_USERS,,,phase3-v1
tx_0015352,2026-03-28 07:30:01,0,0.0001,LOW,APPROVE,0,LOW_RISK_ESTABLISHED_ACCOUNT,,,phase3-v1
tx_0019915,2026-03-28 07:34:34,0,0.0036,LOW,APPROVE,0,HIGH_24H_VELOCITY,NEW_ACCOUNT,,phase3-v1
tx_0004533,2026-03-28 07:36:31,0,0.0,LOW,APPROVE,0,LOW_RISK_ESTABLISHED_ACCOUNT,,,phase3-v1
tx_0011006,2026-03-28 07:37:34,0,0.0,LOW,APPROVE,0,LOW_RISK_ESTABLISHED_ACCOUNT,,,phase3-v1
tx_0017028,2026-03-28 07:37:57,0,0.0,LOW,APPROVE,0,LOW_RISK_ESTABLISHED_ACCOUNT,,,phase3-v1
tx_0012946,2026-03-28 07:41:02,0,0.0,LOW,APPROVE,0,LOW_RISK_ESTABLISHED_ACCOUNT,,,phase3-v1
tx_0001506,2026-03-28 08:03:14,0,0.0001,LOW,APPROVE,0,LOW_RISK_ESTABLISHED_ACCOUNT,,,phase3-v1
tx_0017727,2026-03-28 08:11:26,0,0.0001,LOW,APPROVE,0,LOW_RISK_ESTABLISHED_ACCOUNT,,,phase3-v1
tx_0021055,2026-03-28 08:15:59,0,0.0,LOW,APPROVE,0,LOW_RISK_ESTABLISHED_ACCOUNT,,,phase3-v1
tx_0002086,2026-03-28 08:16:41,0,0.0001,LOW,APPROVE,0,LOW_RISK_ESTABLISHED_ACCOUNT,,,phase3-v1
tx_0020264,2026-03-28 08:17:48,0,0.0001,LOW,APPROVE,0,LOW_RISK_ESTABLISHED_ACCOUNT,,,phase3-v1
tx_0008722,2026-03-28 08:20:06,0,0.0,LOW,APPROVE,0,LOW_RISK_ESTABLISHED_ACCOUNT,,,phase3-v1
tx_0019884,2026-03-28 08:33:41,0,0.0,LOW,APPROVE,0,LOW_RISK_ESTABLISHED_ACCOUNT,,,phase3-v1
tx_0013995,2026-03-28 08:37:58,0,0.001,LOW,APPROVE,0,HIGH_AMOUNT_ANOMALY,PROMO_ACTIVITY,,phase3-v1
tx_0004514,2026-03-28 08:39:36,0,0.0,LOW,APPROVE,0,HIGH_24H_VELOCITY,,,phase3-v1
tx_0003613,2026-03-28 08:40:11,0,0.0001,LOW,APPROVE,0,LOW_RISK_ESTABLISHED_ACCOUNT,,,phase3-v1
tx_0008626,2026-03-28 08:49:54,0,0.0,LOW,APPROVE,0,LOW_RISK_ESTABLISHED_ACCOUNT,,,phase3-v1
tx_0024215,2026-03-28 08:51:17,0,0.0001,LOW,APPROVE,0,GRAPH_SHARED_PAYMENT,GRAPH_MULTI_ENTITY_OVERLAP,GRAPH_SHARED_ADDRESS,phase3-v1
tx_0016812,2026-03-28 08:51:42,0,0.0,LOW,APPROVE,0,LOW_RISK_ESTABLISHED_ACCOUNT,,,phase3-v1
tx_0005613,2026-03-28 08:53:56,0,0.0,LOW,APPROVE,0,LOW_RISK_ESTABLISHED_ACCOUNT,,,phase3-v1
tx_0019455,2026-03-28 09:00:05,0,0.0,LOW,APPROVE,0,LOW_RISK_ESTABLISHED_ACCOUNT,,,phase3-v1
tx_0007150,2026-03-28 09:04:16,0,0.0001,LOW,APPROVE,0,LOW_RISK_ESTABLISHED_ACCOUNT,,,phase3-v1
tx_0011509,2026-03-28 09:05:34,0,0.0,LOW,APPROVE,0,LOW_RISK_ESTABLISHED_ACCOUNT,,,phase3-v1
tx_0020567,2026-03-28 09:07:21,0,0.0,LOW,APPROVE,0,LOW_RISK_ESTABLISHED_ACCOUNT,,,phase3-v1
tx_0019409,2026-03-28 09:09:51,0,0.0002,LOW,APPROVE,0,HIGH_AMOUNT_ANOMALY,,,phase3-v1
tx_0003703,2026-03-28 09:10:53,0,0.0001,LOW,APPROVE,0,LOW_RISK_ESTABLISHED_ACCOUNT,,,phase3-v1
tx_0004593,2026-03-28 09:12:42,0,0.0001,LOW,APPROVE,0,LOW_RISK_ESTABLISHED_ACCOUNT,,,phase3-v1
tx_0014696,2026-03-28 09:12:53,0,0.0001,LOW,APPROVE,0,LOW_RISK_ESTABLISHED_ACCOUNT,,,phase3-v1
tx_0024505,2026-03-28 09:12:57,0,0.0004,LOW,APPROVE,0,GRAPH_CONNECTED_USERS,,,phase3-v1
tx_0001188,2026-03-28 09:18:35,0,0.0,LOW,APPROVE,0,LOW_RISK_ESTABLISHED_ACCOUNT,,,phase3-v1
tx_0012652,2026-03-28 09:19:49,0,0.0,LOW,APPROVE,0,LOW_RISK_ESTABLISHED_ACCOUNT,,,phase3-v1
tx_0022913,2026-03-28 09:20:08,0,0.0001,LOW,APPROVE,0,GRAPH_MULTI_ENTITY_OVERLAP,GRAPH_SHARED_ADDRESS,GRAPH_CONNECTED_USERS,phase3-v1
tx_0018140,2026-03-28 09:21:28,0,0.0,LOW,APPROVE,0,LOW_RISK_ESTABLISHED_ACCOUNT,,,phase3-v1
tx_0021891,2026-03-28 09:35:08,0,0.0001,LOW,APPROVE,0,LOW_RISK_ESTABLISHED_ACCOUNT,,,phase3-v1
tx_0008532,2026-03-28 09:40:15,0,0.0001,LOW,APPROVE,0,LOW_RISK_ESTABLISHED_ACCOUNT,,,phase3-v1
tx_0001989,2026-03-28 09:54:51,0,0.0,LOW,APPROVE,0,LOW_RISK_ESTABLISHED_ACCOUNT,,,phase3-v1
tx_0023360,2026-03-28 09:55:31,0,0.0001,LOW,APPROVE,0,GRAPH_CONNECTED_USERS,,,phase3-v1
tx_0015270,2026-03-28 09:59:04,0,0.0,LOW,APPROVE,0,LOW_RISK_ESTABLISHED_ACCOUNT,,,phase3-v1
tx_0001234,2026-03-28 10:02:14,0,0.0,LOW,APPROVE,0,PROMO_ACTIVITY,,,phase3-v1
tx_0019921,2026-03-28 10:05:32,0,0.0001,LOW,APPROVE,0,HIGH_24H_VELOCITY,,,phase3-v1
tx_0015389,2026-03-28 10:07:57,0,0.0,LOW,APPROVE,0,LOW_RISK_ESTABLISHED_ACCOUNT,,,phase3-v1
tx_0017859,2026-03-28 10:09:21,0,0.0,LOW,APPROVE,0,LOW_RISK_ESTABLISHED_ACCOUNT,,,phase3-v1
tx_0013919,2026-03-28 10:11:10,0,0.0,LOW,APPROVE,0,LOW_RISK_ESTABLISHED_ACCOUNT,,,phase3-v1
tx_0017733,2026-03-28 10:12:05,0,0.0001,LOW,APPROVE,0,LOW_RISK_ESTABLISHED_ACCOUNT,,,phase3-v1
tx_0020147,2026-03-28 10:12:15,0,0.0,LOW,APPROVE,0,LOW_RISK_ESTABLISHED_ACCOUNT,,,phase3-v1
tx_0012646,2026-03-28 10:12:42,0,0.0,LOW,APPROVE,0,LOW_RISK_ESTABLISHED_ACCOUNT,,,phase3-v1
tx_0020739,2026-03-28 10:14:15,0,0.0,LOW,APPROVE,0,LOW_RISK_ESTABLISHED_ACCOUNT,,,phase3-v1
tx_0017712,2026-03-28 10:28:22,0,0.0,LOW,APPROVE,0,LOW_RISK_ESTABLISHED_ACCOUNT,,,phase3-v1
tx_0017822,2026-03-28 10:28:41,0,0.0,LOW,APPROVE,0,LOW_RISK_ESTABLISHED_ACCOUNT,,,phase3-v1
tx_0004849,2026-03-28 10:29:27,0,0.0,LOW,APPROVE,0,LOW_RISK_ESTABLISHED_ACCOUNT,,,phase3-v1
tx_0011101,2026-03-28 10:30:47,0,0.0,LOW,APPROVE,0,LOW_RISK_ESTABLISHED_ACCOUNT,,,phase3-v1
tx_0005367,2026-03-28 10:34:19,0,0.0,LOW,APPROVE,0,LOW_RISK_ESTABLISHED_ACCOUNT,,,phase3-v1
tx_0005834,2026-03-28 10:34:55,0,0.0001,LOW,APPROVE,0,LOW_RISK_ESTABLISHED_ACCOUNT,,,phase3-v1
tx_0021155,2026-03-28 10:36:00,0,0.0,LOW,APPROVE,0,LOW_RISK_ESTABLISHED_ACCOUNT,,,phase3-v1
tx_0020343,2026-03-28 10:40:23,0,0.0,LOW,APPROVE,0,LOW_RISK_ESTABLISHED_ACCOUNT,,,phase3-v1
tx_0003014,2026-03-28 10:40:58,0,0.0,LOW,APPROVE,0,LOW_RISK_ESTABLISHED_ACCOUNT,,,phase3-v1
tx_0020898,2026-03-28 10:43:16,0,0.0001,LOW,APPROVE,0,NEW_ACCOUNT,,,phase3-v1
tx_0002084,2026-03-28 10:45:14,0,0.0,LOW,APPROVE,0,LOW_RISK_ESTABLISHED_ACCOUNT,,,phase3-v1
tx_0025397,2026-03-28 10:45:27,0,0.002,LOW,APPROVE,0,GRAPH_MULTI_ENTITY_OVERLAP,GRAPH_SHARED_ADDRESS,GRAPH_SHARED_DEVICE,phase3-v1
tx_0000540,2026-03-28 10:49:26,0,0.0,LOW,APPROVE,0,LOW_RISK_ESTABLISHED_ACCOUNT,,,phase3-v1
tx_0012708,2026-03-28 10:49:46,0,0.0,LOW,APPROVE,0,HIGH_24H_VELOCITY,,,phase3-v1
tx_0020156,2026-03-28 10:50:04,0,0.0,LOW,APPROVE,0,LOW_RISK_ESTABLISHED_ACCOUNT,,,phase3-v1
tx_0023569,2026-03-28 10:50:20,0,0.0001,LOW,APPROVE,0,GRAPH_SHARED_PAYMENT,GRAPH_MULTI_ENTITY_OVERLAP,GRAPH_SHARED_ADDRESS,phase3-v1
tx_0022260,2026-03-28 10:57:58,0,0.0001,LOW,APPROVE,0,LOW_RISK_ESTABLISHED_ACCOUNT,,,phase3-v1
tx_0022037,2026-03-28 10:58:40,0,0.0,LOW,APPROVE,0,LOW_RISK_ESTABLISHED_ACCOUNT,,,phase3-v1
tx_0025348,2026-03-28 11:00:52,0,0.0003,LOW,APPROVE,0,GRAPH_CONNECTED_USERS,,,phase3-v1
tx_0025540,2026-03-28 11:05:30,0,0.0001,LOW,APPROVE,0,GRAPH_CONNECTED_USERS,HIGH_24H_VELOCITY,,phase3-v1
tx_0019592,2026-03-28 11:07:06,0,0.0,LOW,APPROVE,0,LOW_RISK_ESTABLISHED_ACCOUNT,,,phase3-v1
tx_0005021,2026-03-28 11:08:18,0,0.0,LOW,APPROVE,0,LOW_RISK_ESTABLISHED_ACCOUNT,,,phase3-v1
tx_0009649,2026-03-28 11:08:34,0,0.0001,LOW,APPROVE,0,LOW_RISK_ESTABLISHED_ACCOUNT,,,phase3-v1
tx_0018641,2026-03-28 11:09:55,0,0.0,LOW,APPROVE,0,LOW_RISK_ESTABLISHED_ACCOUNT,,,phase3-v1
tx_0009748,2026-03-28 11:11:52,0,0.0,LOW,APPROVE,0,LOW_RISK_ESTABLISHED_ACCOUNT,,,phase3-v1
tx_0006645,2026-03-28 11:13:28,0,0.0,LOW,APPROVE,0,LOW_RISK_ESTABLISHED_ACCOUNT,,,phase3-v1
tx_0024324,2026-03-28 11:16:07,0,0.0001,LOW,APPROVE,0,GRAPH_CONNECTED_USERS,,,phase3-v1
tx_0011948,2026-03-28 11:22:01,0,0.0003,LOW,APPROVE,0,HIGH_24H_VELOCITY,NEW_ACCOUNT,,phase3-v1
tx_0013327,2026-03-28 11:23:55,0,0.0,LOW,APPROVE,0,LOW_RISK_ESTABLISHED_ACCOUNT,,,phase3-v1
tx_0002725,2026-03-28 11:24:51,0,0.0,LOW,APPROVE,0,LOW_RISK_ESTABLISHED_ACCOUNT,,,phase3-v1
tx_0007070,2026-03-28 11:28:59,0,0.0001,LOW,APPROVE,0,NEW_ACCOUNT,,,phase3-v1
tx_0017240,2026-03-28 11:30:42,0,0.0,LOW,APPROVE,0,LOW_RISK_ESTABLISHED_ACCOUNT,,,phase3-v1
tx_0001039,2026-03-28 11:31:14,0,0.0003,LOW,APPROVE,0,NEW_ACCOUNT,,,phase3-v1
tx_0000367,2026-03-28 11:33:44,0,0.0,LOW,APPROVE,0,LOW_RISK_ESTABLISHED_ACCOUNT,,,phase3-v1
tx_0001539,2026-03-28 11:35:00,0,0.0,LOW,APPROVE,0,LOW_RISK_ESTABLISHED_ACCOUNT,,,phase3-v1
tx_0021208,2026-03-28 11:35:04,0,0.0001,LOW,APPROVE,0,LOW_RISK_ESTABLISHED_ACCOUNT,,,phase3-v1
tx_0024232,2026-03-28 11:35:17,0,0.0002,LOW,APPROVE,0,GRAPH_SHARED_PAYMENT,GRAPH_SHARED_ADDRESS,GRAPH_MULTI_ENTITY_OVERLAP,phase3-v1
tx_0000246,2026-03-28 11:38:31,0,0.0,LOW,APPROVE,0,LOW_RISK_ESTABLISHED_ACCOUNT,,,phase3-v1
tx_0009238,2026-03-28 11:38:38,0,0.0001,LOW,APPROVE,0,NEW_ACCOUNT,,,phase3-v1
tx_0011947,2026-03-28 11:40:31,0,0.001,LOW,APPROVE,0,HIGH_24H_VELOCITY,HIGH_1H_VELOCITY,PROMO_ACTIVITY,phase3-v1
tx_0023668,2026-03-28 11:41:25,0,0.0003,LOW,APPROVE,0,GRAPH_CONNECTED_USERS,,,phase3-v1
tx_0011542,2026-03-28 11:41:32,0,0.0,LOW,APPROVE,0,HIGH_24H_VELOCITY,,,phase3-v1
tx_0005013,2026-03-28 11:42:11,0,0.0,LOW,APPROVE,0,LOW_RISK_ESTABLISHED_ACCOUNT,,,phase3-v1
tx_0019867,2026-03-28 11:47:39,0,0.0,LOW,APPROVE,0,LOW_RISK_ESTABLISHED_ACCOUNT,,,phase3-v1
tx_0018037,2026-03-28 11:49:58,0,0.0,LOW,APPROVE,0,LOW_RISK_ESTABLISHED_ACCOUNT,,,phase3-v1
tx_0009005,2026-03-28 11:52:17,0,0.0001,LOW,APPROVE,0,LOW_RISK_ESTABLISHED_ACCOUNT,,,phase3-v1
tx_0011162,2026-03-28 11:52:51,0,0.0001,LOW,APPROVE,0,LOW_RISK_ESTABLISHED_ACCOUNT,,,phase3-v1
tx_0012314,2026-03-28 11:53:55,0,0.0001,LOW,APPROVE,0,LOW_RISK_ESTABLISHED_ACCOUNT,,,phase3-v1
tx_0001019,2026-03-28 12:00:43,0,0.0,LOW,APPROVE,0,LOW_RISK_ESTABLISHED_ACCOUNT,,,phase3-v1
tx_0002732,2026-03-28 12:02:02,0,0.0001,LOW,APPROVE,0,LOW_RISK_ESTABLISHED_ACCOUNT,,,phase3-v1
tx_0021174,2026-03-28 12:02:22,0,0.0,LOW,APPROVE,0,LOW_RISK_ESTABLISHED_ACCOUNT,,,phase3-v1
tx_0013993,2026-03-28 12:03:33,0,0.0003,LOW,APPROVE,0,LOW_RISK_ESTABLISHED_ACCOUNT,,,phase3-v1
tx_0018590,2026-03-28 12:04:06,0,0.0,LOW,APPROVE,0,LOW_RISK_ESTABLISHED_ACCOUNT,,,phase3-v1
tx_0019570,2026-03-28 12:05:12,0,0.0,LOW,APPROVE,0,LOW_RISK_ESTABLISHED_ACCOUNT,,,phase3-v1
tx_0012039,2026-03-28 12:06:33,0,0.0,LOW,APPROVE,0,LOW_RISK_ESTABLISHED_ACCOUNT,,,phase3-v1
tx_0025165,2026-03-28 12:07:42,0,0.0002,LOW,APPROVE,0,GRAPH_SHARED_ADDRESS,GRAPH_CONNECTED_USERS,GRAPH_MULTI_ENTITY_OVERLAP,phase3-v1
tx_0004693,2026-03-28 12:10:15,0,0.0,LOW,APPROVE,0,LOW_RISK_ESTABLISHED_ACCOUNT,,,phase3-v1
tx_0003325,2026-03-28 12:10:24,0,0.0023,LOW,APPROVE,0,NEW_ACCOUNT,,,phase3-v1
tx_0001044,2026-03-28 12:12:26,0,0.0006,LOW,APPROVE,0,PROMO_ACTIVITY,NEW_ACCOUNT,,phase3-v1
tx_0020703,2026-03-28 12:13:04,0,0.0001,LOW,APPROVE,0,LOW_RISK_ESTABLISHED_ACCOUNT,,,phase3-v1
tx_0007963,2026-03-28 12:13:21,0,0.0,LOW,APPROVE,0,LOW_RISK_ESTABLISHED_ACCOUNT,,,phase3-v1
tx_0021166,2026-03-28 12:16:21,0,0.0001,LOW,APPROVE,0,LOW_RISK_ESTABLISHED_ACCOUNT,,,phase3-v1
tx_0009373,2026-03-28 12:23:46,0,0.0,LOW,APPROVE,0,LOW_RISK_ESTABLISHED_ACCOUNT,,,phase3-v1
tx_0007758,2026-03-28 12:24:45,0,0.0004,LOW,APPROVE,0,NEW_ACCOUNT,,,phase3-v1
tx_0025218,2026-03-28 12:27:32,0,0.0001,LOW,APPROVE,0,GRAPH_SHARED_ADDRESS,GRAPH_CONNECTED_USERS,GRAPH_MULTI_ENTITY_OVERLAP,phase3-v1
tx_0017330,2026-03-28 12:28:07,0,0.0,LOW,APPROVE,0,LOW_RISK_ESTABLISHED_ACCOUNT,,,phase3-v1
tx_0001711,2026-03-28 12:31:05,0,0.0,LOW,APPROVE,0,LOW_RISK_ESTABLISHED_ACCOUNT,,,phase3-v1
tx_0007761,2026-03-28 12:31:18,0,0.0,LOW,APPROVE,0,LOW_RISK_ESTABLISHED_ACCOUNT,,,phase3-v1
tx_0012873,2026-03-28 12:33:54,0,0.0,LOW,APPROVE,0,LOW_RISK_ESTABLISHED_ACCOUNT,,,phase3-v1
tx_0006757,2026-03-28 12:38:06,0,0.0,LOW,APPROVE,0,LOW_RISK_ESTABLISHED_ACCOUNT,,,phase3-v1
tx_0012842,2026-03-28 12:38:11,0,0.0001,LOW,APPROVE,0,LOW_RISK_ESTABLISHED_ACCOUNT,,,phase3-v1
tx_0018092,2026-03-28 12:39:26,0,0.0,LOW,APPROVE,0,LOW_RISK_ESTABLISHED_ACCOUNT,,,phase3-v1
tx_0012293,2026-03-28 12:39:29,0,0.0001,LOW,APPROVE,0,LOW_RISK_ESTABLISHED_ACCOUNT,,,phase3-v1
tx_0022807,2026-03-28 12:40:57,0,0.0001,LOW,APPROVE,0,GRAPH_SHARED_ADDRESS,GRAPH_MULTI_ENTITY_OVERLAP,GRAPH_CONNECTED_USERS,phase3-v1
tx_0015912,2026-03-28 12:43:43,0,0.0,LOW,APPROVE,0,LOW_RISK_ESTABLISHED_ACCOUNT,,,phase3-v1
tx_0007957,2026-03-28 12:44:37,0,0.0,LOW,APPROVE,0,LOW_RISK_ESTABLISHED_ACCOUNT,,,phase3-v1
tx_0017113,2026-03-28 12:45:37,0,0.0,LOW,APPROVE,0,LOW_RISK_ESTABLISHED_ACCOUNT,,,phase3-v1
tx_0020822,2026-03-28 12:46:51,0,0.0003,LOW,APPROVE,0,NEW_ACCOUNT,,,phase3-v1
tx_0019201,2026-03-28 12:49:36,0,0.0,LOW,APPROVE,0,LOW_RISK_ESTABLISHED_ACCOUNT,,,phase3-v1
tx_0011259,2026-03-28 12:58:26,0,0.0,LOW,APPROVE,0,LOW_RISK_ESTABLISHED_ACCOUNT,,,phase3-v1
tx_0009648,2026-03-28 13:00:00,0,0.0001,LOW,APPROVE,0,LOW_RISK_ESTABLISHED_ACCOUNT,,,phase3-v1
tx_0018334,2026-03-28 13:03:52,0,0.0,LOW,APPROVE,0,LOW_RISK_ESTABLISHED_ACCOUNT,,,phase3-v1
tx_0011172,2026-03-28 13:05:45,0,0.0,LOW,APPROVE,0,HIGH_AMOUNT_ANOMALY,,,phase3-v1
tx_0020485,2026-03-28 13:05:54,0,0.0001,LOW,APPROVE,0,HIGH_24H_VELOCITY,,,phase3-v1
tx_0020816,2026-03-28 13:06:49,0,0.0021,LOW,APPROVE,0,HIGH_AMOUNT_ANOMALY,HIGH_1H_VELOCITY,NEW_ACCOUNT,phase3-v1
tx_0001898,2026-03-28 13:07:52,0,0.0,LOW,APPROVE,0,LOW_RISK_ESTABLISHED_ACCOUNT,,,phase3-v1
tx_0008690,2026-03-28 13:18:54,0,0.0,LOW,APPROVE,0,LOW_RISK_ESTABLISHED_ACCOUNT,,,phase3-v1
tx_0008858,2026-03-28 13:19:16,0,0.0,LOW,APPROVE,0,LOW_RISK_ESTABLISHED_ACCOUNT,,,phase3-v1
tx_0014813,2026-03-28 13:19:38,0,0.0,LOW,APPROVE,0,LOW_RISK_ESTABLISHED_ACCOUNT,,,phase3-v1
tx_0013036,2026-03-28 13:22:34,0,0.0001,LOW,APPROVE,0,NEW_ACCOUNT,,,phase3-v1
tx_0025102,2026-03-28 13:24:05,0,0.0005,LOW,APPROVE,0,GRAPH_CONNECTED_USERS,,,phase3-v1
tx_0013321,2026-03-28 13:25:14,0,0.0,LOW,APPROVE,0,PROMO_ACTIVITY,,,phase3-v1
tx_0006899,2026-03-28 13:26:03,0,0.0,LOW,APPROVE,0,LOW_RISK_ESTABLISHED_ACCOUNT,,,phase3-v1
tx_0022772,2026-03-28 13:27:29,0,0.0004,LOW,APPROVE,0,GRAPH_CONNECTED_USERS,,,phase3-v1
tx_0004828,2026-03-28 13:27:40,0,0.0001,LOW,APPROVE,0,HIGH_AMOUNT_ANOMALY,,,phase3-v1
tx_0025049,2026-03-28 13:29:33,0,0.0001,LOW,APPROVE,0,GRAPH_SHARED_ADDRESS,GRAPH_MULTI_ENTITY_OVERLAP,GRAPH_CONNECTED_USERS,phase3-v1
tx_0007071,2026-03-28 13:31:17,0,0.0001,LOW,APPROVE,0,NEW_ACCOUNT,,,phase3-v1
tx_0000948,2026-03-28 13:36:01,0,0.0,LOW,APPROVE,0,LOW_RISK_ESTABLISHED_ACCOUNT,,,phase3-v1
tx_0023437,2026-03-28 13:36:33,0,0.0001,LOW,APPROVE,0,GRAPH_MULTI_ENTITY_OVERLAP,GRAPH_SHARED_PAYMENT,GRAPH_SHARED_ADDRESS,phase3-v1
tx_0004320,2026-03-28 13:44:56,0,0.0001,LOW,APPROVE,0,LOW_RISK_ESTABLISHED_ACCOUNT,,,phase3-v1
tx_0005031,2026-03-28 13:48:54,0,0.0,LOW,APPROVE,0,LOW_RISK_ESTABLISHED_ACCOUNT,,,phase3-v1
tx_0024419,2026-03-28 13:49:57,0,0.0001,LOW,APPROVE,0,GRAPH_SHARED_ADDRESS,GRAPH_MULTI_ENTITY_OVERLAP,GRAPH_CONNECTED_USERS,phase3-v1
tx_0015167,2026-03-28 13:51:39,0,0.0,LOW,APPROVE,0,LOW_RISK_ESTABLISHED_ACCOUNT,,,phase3-v1
tx_0013032,2026-03-28 13:54:36,0,0.0001,LOW,APPROVE,0,HIGH_1H_VELOCITY,NEW_ACCOUNT,,phase3-v1
tx_0016724,2026-03-28 13:56:05,0,0.0,LOW,APPROVE,0,LOW_RISK_ESTABLISHED_ACCOUNT,,,phase3-v1
tx_0008028,2026-03-28 13:56:59,0,0.0,LOW,APPROVE,0,LOW_RISK_ESTABLISHED_ACCOUNT,,,phase3-v1
tx_0015731,2026-03-28 13:59:06,0,0.0,LOW,APPROVE,0,LOW_RISK_ESTABLISHED_ACCOUNT,,,phase3-v1
tx_0013734,2026-03-28 14:01:02,0,0.0,LOW,APPROVE,0,LOW_RISK_ESTABLISHED_ACCOUNT,,,phase3-v1
tx_0005545,2026-03-28 14:01:42,0,0.0,LOW,APPROVE,0,LOW_RISK_ESTABLISHED_ACCOUNT,,,phase3-v1
tx_0009215,2026-03-28 14:02:22,0,0.0,LOW,APPROVE,0,LOW_RISK_ESTABLISHED_ACCOUNT,,,phase3-v1
tx_0001237,2026-03-28 14:07:36,0,0.0,LOW,APPROVE,0,LOW_RISK_ESTABLISHED_ACCOUNT,,,phase3-v1
tx_0009883,2026-03-28 14:09:01,0,0.0,LOW,APPROVE,0,LOW_RISK_ESTABLISHED_ACCOUNT,,,phase3-v1
tx_0009989,2026-03-28 14:14:29,0,0.0002,LOW,APPROVE,0,NEW_ACCOUNT,,,phase3-v1
tx_0007647,2026-03-28 14:24:43,0,0.0,LOW,APPROVE,0,LOW_RISK_ESTABLISHED_ACCOUNT,,,phase3-v1
tx_0001448,2026-03-28 14:27:54,0,0.0001,LOW,APPROVE,0,LOW_RISK_ESTABLISHED_ACCOUNT,,,phase3-v1
tx_0000578,2026-03-28 14:30:38,0,0.0001,LOW,APPROVE,0,LOW_RISK_ESTABLISHED_ACCOUNT,,,phase3-v1
tx_0018808,2026-03-28 14:31:27,0,0.0,LOW,APPROVE,0,LOW_RISK_ESTABLISHED_ACCOUNT,,,phase3-v1
tx_0019261,2026-03-28 14:32:31,0,0.0,LOW,APPROVE,0,LOW_RISK_ESTABLISHED_ACCOUNT,,,phase3-v1
tx_0003751,2026-03-28 14:32:37,0,0.0,LOW,APPROVE,0,LOW_RISK_ESTABLISHED_ACCOUNT,,,phase3-v1
tx_0005614,2026-03-28 14:33:17,0,0.0,LOW,APPROVE,0,LOW_RISK_ESTABLISHED_ACCOUNT,,,phase3-v1
tx_0021380,2026-03-28 14:38:51,0,0.0,LOW,APPROVE,0,LOW_RISK_ESTABLISHED_ACCOUNT,,,phase3-v1
tx_0006421,2026-03-28 14:40:20,0,0.0,LOW,APPROVE,0,LOW_RISK_ESTABLISHED_ACCOUNT,,,phase3-v1
tx_0009275,2026-03-28 14:41:15,0,0.0,LOW,APPROVE,0,LOW_RISK_ESTABLISHED_ACCOUNT,,,phase3-v1
tx_0012166,2026-03-28 14:42:02,0,0.0001,LOW,APPROVE,0,LOW_RISK_ESTABLISHED_ACCOUNT,,,phase3-v1
tx_0021765,2026-03-28 14:47:30,0,0.0002,LOW,APPROVE,0,HIGH_AMOUNT_ANOMALY,NEW_ACCOUNT,,phase3-v1
tx_0002286,2026-03-28 14:48:33,0,0.0,LOW,APPROVE,0,LOW_RISK_ESTABLISHED_ACCOUNT,,,phase3-v1
tx_0011344,2026-03-28 14:49:22,0,0.0,LOW,APPROVE,0,LOW_RISK_ESTABLISHED_ACCOUNT,,,phase3-v1
tx_0000639,2026-03-28 14:57:24,0,0.0,LOW,APPROVE,0,LOW_RISK_ESTABLISHED_ACCOUNT,,,phase3-v1
tx_0002280,2026-03-28 14:58:26,0,0.0001,LOW,APPROVE,0,HIGH_1H_VELOCITY,,,phase3-v1
tx_0011354,2026-03-28 14:59:19,0,0.0,LOW,APPROVE,0,LOW_RISK_ESTABLISHED_ACCOUNT,,,phase3-v1
tx_0005593,2026-03-28 15:01:55,0,0.0,LOW,APPROVE,0,LOW_RISK_ESTABLISHED_ACCOUNT,,,phase3-v1
tx_0016136,2026-03-28 15:02:23,0,0.0,LOW,APPROVE,0,LOW_RISK_ESTABLISHED_ACCOUNT,,,phase3-v1
tx_0024797,2026-03-28 15:03:12,0,0.0003,LOW,APPROVE,0,GRAPH_CONNECTED_USERS,,,phase3-v1
tx_0015676,2026-03-28 15:10:11,0,0.0001,LOW,APPROVE,0,LOW_RISK_ESTABLISHED_ACCOUNT,,,phase3-v1
tx_0012323,2026-03-28 15:10:19,0,0.0,LOW,APPROVE,0,LOW_RISK_ESTABLISHED_ACCOUNT,,,phase3-v1
tx_0000235,2026-03-28 15:13:31,0,0.0,LOW,APPROVE,0,LOW_RISK_ESTABLISHED_ACCOUNT,,,phase3-v1
tx_0000696,2026-03-28 15:14:43,0,0.0006,LOW,APPROVE,0,HIGH_24H_VELOCITY,NEW_ACCOUNT,,phase3-v1
tx_0008349,2026-03-28 15:15:21,0,0.0,LOW,APPROVE,0,LOW_RISK_ESTABLISHED_ACCOUNT,,,phase3-v1
tx_0013477,2026-03-28 15:17:31,0,0.0,LOW,APPROVE,0,LOW_RISK_ESTABLISHED_ACCOUNT,,,phase3-v1
tx_0021727,2026-03-28 15:19:36,0,0.0,LOW,APPROVE,0,LOW_RISK_ESTABLISHED_ACCOUNT,,,phase3-v1
tx_0013229,2026-03-28 15:21:06,0,0.0,LOW,APPROVE,0,LOW_RISK_ESTABLISHED_ACCOUNT,,,phase3-v1
tx_0008467,2026-03-28 15:21:58,0,0.0,LOW,APPROVE,0,HIGH_AMOUNT_ANOMALY,,,phase3-v1
tx_0021007,2026-03-28 15:24:12,0,0.0,LOW,APPROVE,0,LOW_RISK_ESTABLISHED_ACCOUNT,,,phase3-v1
tx_0017958,2026-03-28 15:25:29,0,0.0,LOW,APPROVE,0,LOW_RISK_ESTABLISHED_ACCOUNT,,,phase3-v1
tx_0009763,2026-03-28 15:25:52,0,0.0,LOW,APPROVE,0,LOW_RISK_ESTABLISHED_ACCOUNT,,,phase3-v1
tx_0010602,2026-03-28 15:27:12,0,0.0,LOW,APPROVE,0,LOW_RISK_ESTABLISHED_ACCOUNT,,,phase3-v1
tx_0017766,2026-03-28 15:34:07,0,0.0001,LOW,APPROVE,0,LOW_RISK_ESTABLISHED_ACCOUNT,,,phase3-v1
tx_0013822,2026-03-28 15:34:55,0,0.0,LOW,APPROVE,0,LOW_RISK_ESTABLISHED_ACCOUNT,,,phase3-v1
tx_0020347,2026-03-28 15:36:44,0,0.0,LOW,APPROVE,0,HIGH_24H_VELOCITY,,,phase3-v1
tx_0018993,2026-03-28 15:42:55,0,0.0,LOW,APPROVE,0,LOW_RISK_ESTABLISHED_ACCOUNT,,,phase3-v1
tx_0024754,2026-03-28 15:46:10,0,0.0008,LOW,APPROVE,0,GRAPH_CONNECTED_USERS,HIGH_AMOUNT_ANOMALY,,phase3-v1
tx_0020219,2026-03-28 15:47:16,0,0.0,LOW,APPROVE,0,PROMO_ACTIVITY,,,phase3-v1
tx_0017244,2026-03-28 15:48:57,0,0.0,LOW,APPROVE,0,LOW_RISK_ESTABLISHED_ACCOUNT,,,phase3-v1
tx_0020358,2026-03-28 15:49:00,0,0.0005,LOW,APPROVE,0,LOW_RISK_ESTABLISHED_ACCOUNT,,,phase3-v1
tx_0012312,2026-03-28 15:52:17,0,0.0001,LOW,APPROVE,0,HIGH_24H_VELOCITY,,,phase3-v1
tx_0005159,2026-03-28 16:01:29,0,0.0001,LOW,APPROVE,0,LOW_RISK_ESTABLISHED_ACCOUNT,,,phase3-v1
tx_0011536,2026-03-28 16:04:00,0,0.0,LOW,APPROVE,0,LOW_RISK_ESTABLISHED_ACCOUNT,,,phase3-v1
tx_0004147,2026-03-28 16:07:14,0,0.0001,LOW,APPROVE,0,LOW_RISK_ESTABLISHED_ACCOUNT,,,phase3-v1
tx_0022256,2026-03-28 16:08:35,0,0.0,LOW,APPROVE,0,LOW_RISK_ESTABLISHED_ACCOUNT,,,phase3-v1
tx_0016407,2026-03-28 16:09:20,0,0.0,LOW,APPROVE,0,LOW_RISK_ESTABLISHED_ACCOUNT,,,phase3-v1
tx_0024721,2026-03-28 16:17:38,0,0.0001,LOW,APPROVE,0,GRAPH_CONNECTED_USERS,,,phase3-v1
tx_0018828,2026-03-28 16:20:46,0,0.0,LOW,APPROVE,0,LOW_RISK_ESTABLISHED_ACCOUNT,,,phase3-v1
tx_0022111,2026-03-28 16:21:47,0,0.0001,LOW,APPROVE,0,LOW_RISK_ESTABLISHED_ACCOUNT,,,phase3-v1
tx_0022708,2026-03-28 16:22:43,0,0.0005,LOW,APPROVE,0,GRAPH_CONNECTED_USERS,,,phase3-v1
tx_0024492,2026-03-28 16:23:01,0,0.0001,LOW,APPROVE,0,GRAPH_CONNECTED_USERS,,,phase3-v1
tx_0015519,2026-03-28 16:23:19,0,0.0002,LOW,APPROVE,0,NEW_ACCOUNT,,,phase3-v1
tx_0001525,2026-03-28 16:24:08,0,0.0,LOW,APPROVE,0,LOW_RISK_ESTABLISHED_ACCOUNT,,,phase3-v1
tx_0005308,2026-03-28 16:26:34,0,0.0,LOW,APPROVE,0,LOW_RISK_ESTABLISHED_ACCOUNT,,,phase3-v1
tx_0014562,2026-03-28 16:26:46,0,0.0001,LOW,APPROVE,0,LOW_RISK_ESTABLISHED_ACCOUNT,,,phase3-v1
tx_0012102,2026-03-28 16:27:12,0,0.0003,LOW,APPROVE,0,NEW_ACCOUNT,,,phase3-v1
tx_0011252,2026-03-28 16:30:02,0,0.0,LOW,APPROVE,0,LOW_RISK_ESTABLISHED_ACCOUNT,,,phase3-v1
tx_0020896,2026-03-28 16:31:40,0,0.0001,LOW,APPROVE,0,NEW_ACCOUNT,,,phase3-v1
tx_0020223,2026-03-28 16:40:47,0,0.0001,LOW,APPROVE,0,HIGH_AMOUNT_ANOMALY,,,phase3-v1
tx_0002040,2026-03-28 16:42:34,0,0.0,LOW,APPROVE,0,LOW_RISK_ESTABLISHED_ACCOUNT,,,phase3-v1
tx_0019492,2026-03-28 16:45:06,0,0.0,LOW,APPROVE,0,LOW_RISK_ESTABLISHED_ACCOUNT,,,phase3-v1
tx_0016681,2026-03-28 16:46:16,0,0.0,LOW,APPROVE,0,LOW_RISK_ESTABLISHED_ACCOUNT,,,phase3-v1
tx_0018193,2026-03-28 16:46:30,0,0.0001,LOW,APPROVE,0,LOW_RISK_ESTABLISHED_ACCOUNT,,,phase3-v1
tx_0011090,2026-03-28 16:50:08,0,0.0,LOW,APPROVE,0,LOW_RISK_ESTABLISHED_ACCOUNT,,,phase3-v1
tx_0003517,2026-03-28 16:50:13,0,0.0,LOW,APPROVE,0,LOW_RISK_ESTABLISHED_ACCOUNT,,,phase3-v1
tx_0009276,2026-03-28 16:50:15,0,0.0,LOW,APPROVE,0,HIGH_24H_VELOCITY,,,phase3-v1
tx_0014009,2026-03-28 16:52:01,0,0.0,LOW,APPROVE,0,LOW_RISK_ESTABLISHED_ACCOUNT,,,phase3-v1
tx_0007084,2026-03-28 16:55:30,0,0.0,LOW,APPROVE,0,LOW_RISK_ESTABLISHED_ACCOUNT,,,phase3-v1
tx_0015213,2026-03-28 16:55:38,0,0.0,LOW,APPROVE,0,LOW_RISK_ESTABLISHED_ACCOUNT,,,phase3-v1
tx_0014759,2026-03-28 16:59:48,0,0.0,LOW,APPROVE,0,LOW_RISK_ESTABLISHED_ACCOUNT,,,phase3-v1
tx_0000746,2026-03-28 17:01:31,0,0.0007,LOW,APPROVE,0,NEW_ACCOUNT,,,phase3-v1
tx_0022383,2026-03-28 17:05:38,0,0.0,LOW,APPROVE,0,LOW_RISK_ESTABLISHED_ACCOUNT,,,phase3-v1
tx_0012545,2026-03-28 17:11:18,0,0.0,LOW,APPROVE,0,LOW_RISK_ESTABLISHED_ACCOUNT,,,phase3-v1
tx_0001047,2026-03-28 17:11:36,0,0.0001,LOW,APPROVE,0,LOW_RISK_ESTABLISHED_ACCOUNT,,,phase3-v1
tx_0010459,2026-03-28 17:12:33,0,0.0001,LOW,APPROVE,0,LOW_RISK_ESTABLISHED_ACCOUNT,,,phase3-v1
tx_0010152,2026-03-28 17:15:34,0,0.0001,LOW,APPROVE,0,LOW_RISK_ESTABLISHED_ACCOUNT,,,phase3-v1
tx_0012816,2026-03-28 17:18:43,0,0.0,LOW,APPROVE,0,LOW_RISK_ESTABLISHED_ACCOUNT,,,phase3-v1
tx_0004799,2026-03-28 17:19:38,0,0.0001,LOW,APPROVE,0,LOW_RISK_ESTABLISHED_ACCOUNT,,,phase3-v1
tx_0019861,2026-03-28 17:21:00,0,0.0,LOW,APPROVE,0,LOW_RISK_ESTABLISHED_ACCOUNT,,,phase3-v1
tx_0003322,2026-03-28 17:23:45,0,0.0017,LOW,APPROVE,0,NEW_ACCOUNT,,,phase3-v1
tx_0017855,2026-03-28 17:24:47,0,0.0,LOW,APPROVE,0,HIGH_24H_VELOCITY,,,phase3-v1
tx_0012893,2026-03-28 17:25:20,0,0.0,LOW,APPROVE,0,LOW_RISK_ESTABLISHED_ACCOUNT,,,phase3-v1
tx_0007106,2026-03-28 17:27:21,0,0.0001,LOW,APPROVE,0,LOW_RISK_ESTABLISHED_ACCOUNT,,,phase3-v1
tx_0009665,2026-03-28 17:27:40,0,0.0001,LOW,APPROVE,0,LOW_RISK_ESTABLISHED_ACCOUNT,,,phase3-v1
tx_0009243,2026-03-28 17:31:24,0,0.0,LOW,APPROVE,0,LOW_RISK_ESTABLISHED_ACCOUNT,,,phase3-v1
tx_0016884,2026-03-28 17:31:32,0,0.0001,LOW,APPROVE,0,LOW_RISK_ESTABLISHED_ACCOUNT,,,phase3-v1
tx_0011694,2026-03-28 17:33:01,0,0.0,LOW,APPROVE,0,LOW_RISK_ESTABLISHED_ACCOUNT,,,phase3-v1
tx_0006913,2026-03-28 17:33:06,0,0.0,LOW,APPROVE,0,LOW_RISK_ESTABLISHED_ACCOUNT,,,phase3-v1
tx_0005153,2026-03-28 17:35:14,0,0.0001,LOW,APPROVE,0,LOW_RISK_ESTABLISHED_ACCOUNT,,,phase3-v1
tx_0025626,2026-03-28 17:39:43,0,0.0001,LOW,APPROVE,0,GRAPH_CONNECTED_USERS,,,phase3-v1
tx_0011295,2026-03-28 17:41:05,0,0.0,LOW,APPROVE,0,LOW_RISK_ESTABLISHED_ACCOUNT,,,phase3-v1
tx_0000507,2026-03-28 17:41:44,0,0.0,LOW,APPROVE,0,LOW_RISK_ESTABLISHED_ACCOUNT,,,phase3-v1
tx_0021084,2026-03-28 17:41:51,0,0.0,LOW,APPROVE,0,LOW_RISK_ESTABLISHED_ACCOUNT,,,phase3-v1
tx_0020232,2026-03-28 17:46:51,0,0.0,LOW,APPROVE,0,LOW_RISK_ESTABLISHED_ACCOUNT,,,phase3-v1
tx_0009376,2026-03-28 17:47:04,0,0.0,LOW,APPROVE,0,LOW_RISK_ESTABLISHED_ACCOUNT,,,phase3-v1
tx_0002532,2026-03-28 17:47:04,0,0.0,LOW,APPROVE,0,LOW_RISK_ESTABLISHED_ACCOUNT,,,phase3-v1
tx_0003119,2026-03-28 17:50:34,0,0.0001,LOW,APPROVE,0,LOW_RISK_ESTABLISHED_ACCOUNT,,,phase3-v1
tx_0021809,2026-03-28 17:51:32,0,0.0001,LOW,APPROVE,0,LOW_RISK_ESTABLISHED_ACCOUNT,,,phase3-v1
tx_0006302,2026-03-28 17:52:00,0,0.0,LOW,APPROVE,0,LOW_RISK_ESTABLISHED_ACCOUNT,,,phase3-v1
tx_0010456,2026-03-28 17:57:26,0,0.0001,LOW,APPROVE,0,HIGH_1H_VELOCITY,,,phase3-v1
tx_0013400,2026-03-28 17:58:56,0,0.0,LOW,APPROVE,0,LOW_RISK_ESTABLISHED_ACCOUNT,,,phase3-v1
tx_0022957,2026-03-28 18:02:27,0,0.0001,LOW,APPROVE,0,GRAPH_SHARED_ADDRESS,GRAPH_MULTI_ENTITY_OVERLAP,GRAPH_CONNECTED_USERS,phase3-v1
tx_0001323,2026-03-28 18:05:05,0,0.0001,LOW,APPROVE,0,LOW_RISK_ESTABLISHED_ACCOUNT,,,phase3-v1
tx_0021768,2026-03-28 18:05:15,0,0.0002,LOW,APPROVE,0,HIGH_24H_VELOCITY,NEW_ACCOUNT,,phase3-v1
tx_0013311,2026-03-28 18:09:22,0,0.0001,LOW,APPROVE,0,HIGH_AMOUNT_ANOMALY,,,phase3-v1
tx_0020292,2026-03-28 18:09:29,0,0.0,LOW,APPROVE,0,LOW_RISK_ESTABLISHED_ACCOUNT,,,phase3-v1
tx_0013396,2026-03-28 18:10:40,0,0.0001,LOW,APPROVE,0,HIGH_1H_VELOCITY,,,phase3-v1
tx_0019930,2026-03-28 18:11:37,0,0.0,LOW,APPROVE,0,LOW_RISK_ESTABLISHED_ACCOUNT,,,phase3-v1
tx_0005637,2026-03-28 18:11:56,0,0.0,LOW,APPROVE,0,LOW_RISK_ESTABLISHED_ACCOUNT,,,phase3-v1
tx_0022279,2026-03-28 18:13:41,0,0.0,LOW,APPROVE,0,LOW_RISK_ESTABLISHED_ACCOUNT,,,phase3-v1
tx_0008595,2026-03-28 18:13:54,0,0.0,LOW,APPROVE,0,LOW_RISK_ESTABLISHED_ACCOUNT,,,phase3-v1
tx_0006851,2026-03-28 18:14:15,0,0.0001,LOW,APPROVE,0,LOW_RISK_ESTABLISHED_ACCOUNT,,,phase3-v1
tx_0018247,2026-03-28 18:15:39,0,0.0,LOW,APPROVE,0,LOW_RISK_ESTABLISHED_ACCOUNT,,,phase3-v1
tx_0025185,2026-03-28 18:17:38,0,0.0001,LOW,APPROVE,0,GRAPH_MULTI_ENTITY_OVERLAP,GRAPH_SHARED_ADDRESS,,phase3-v1
tx_0013034,2026-03-28 18:18:12,0,0.0001,LOW,APPROVE,0,HIGH_24H_VELOCITY,NEW_ACCOUNT,,phase3-v1
tx_0012001,2026-03-28 18:19:59,0,0.0,LOW,APPROVE,0,LOW_RISK_ESTABLISHED_ACCOUNT,,,phase3-v1
tx_0022635,2026-03-28 18:20:23,0,0.0001,LOW,APPROVE,0,GRAPH_MULTI_ENTITY_OVERLAP,GRAPH_SHARED_ADDRESS,,phase3-v1
tx_0007344,2026-03-28 18:22:15,0,0.0,LOW,APPROVE,0,LOW_RISK_ESTABLISHED_ACCOUNT,,,phase3-v1
tx_0014031,2026-03-28 18:23:58,0,0.0,LOW,APPROVE,0,LOW_RISK_ESTABLISHED_ACCOUNT,,,phase3-v1
tx_0019830,2026-03-28 18:24:09,0,0.0002,LOW,APPROVE,0,HIGH_AMOUNT_ANOMALY,,,phase3-v1
tx_0021133,2026-03-28 18:25:59,0,0.0,LOW,APPROVE,0,LOW_RISK_ESTABLISHED_ACCOUNT,,,phase3-v1
tx_0015280,2026-03-28 18:26:14,0,0.0,LOW,APPROVE,0,LOW_RISK_ESTABLISHED_ACCOUNT,,,phase3-v1
tx_0019949,2026-03-28 18:26:30,0,0.0,LOW,APPROVE,0,LOW_RISK_ESTABLISHED_ACCOUNT,,,phase3-v1
tx_0011714,2026-03-28 18:27:14,0,0.0,LOW,APPROVE,0,LOW_RISK_ESTABLISHED_ACCOUNT,,,phase3-v1
tx_0016080,2026-03-28 18:34:15,0,0.0,LOW,APPROVE,0,LOW_RISK_ESTABLISHED_ACCOUNT,,,phase3-v1
tx_0025236,2026-03-28 18:36:33,0,0.0002,LOW,APPROVE,0,GRAPH_SHARED_PAYMENT,GRAPH_SHARED_ADDRESS,GRAPH_MULTI_ENTITY_OVERLAP,phase3-v1
tx_0017852,2026-03-28 18:36:33,0,0.0001,LOW,APPROVE,0,HIGH_24H_VELOCITY,,,phase3-v1
tx_0010676,2026-03-28 18:36:38,0,0.0001,LOW,APPROVE,0,LOW_RISK_ESTABLISHED_ACCOUNT,,,phase3-v1
tx_0012525,2026-03-28 18:37:20,0,0.0,LOW,APPROVE,0,LOW_RISK_ESTABLISHED_ACCOUNT,,,phase3-v1
tx_0002897,2026-03-28 18:43:10,0,0.0,LOW,APPROVE,0,LOW_RISK_ESTABLISHED_ACCOUNT,,,phase3-v1
tx_0012550,2026-03-28 18:46:24,0,0.0,LOW,APPROVE,0,LOW_RISK_ESTABLISHED_ACCOUNT,,,phase3-v1
tx_0011535,2026-03-28 18:46:28,0,0.0,LOW,APPROVE,0,HIGH_24H_VELOCITY,,,phase3-v1
tx_0018693,2026-03-28 18:47:29,0,0.0001,LOW,APPROVE,0,LOW_RISK_ESTABLISHED_ACCOUNT,,,phase3-v1
tx_0000781,2026-03-28 18:48:07,0,0.0,LOW,APPROVE,0,PROMO_ACTIVITY,,,phase3-v1
tx_0022313,2026-03-28 18:48:42,0,0.0001,LOW,APPROVE,0,LOW_RISK_ESTABLISHED_ACCOUNT,,,phase3-v1
tx_0021753,2026-03-28 18:48:48,0,0.0001,LOW,APPROVE,0,LOW_RISK_ESTABLISHED_ACCOUNT,,,phase3-v1
tx_0004164,2026-03-28 18:48:48,0,0.0,LOW,APPROVE,0,LOW_RISK_ESTABLISHED_ACCOUNT,,,phase3-v1
tx_0004959,2026-03-28 18:52:37,0,0.0,LOW,APPROVE,0,LOW_RISK_ESTABLISHED_ACCOUNT,,,phase3-v1
tx_0015195,2026-03-28 18:58:28,0,0.0002,LOW,APPROVE,0,LOW_RISK_ESTABLISHED_ACCOUNT,,,phase3-v1
tx_0008470,2026-03-28 18:59:22,0,0.0,LOW,APPROVE,0,LOW_RISK_ESTABLISHED_ACCOUNT,,,phase3-v1
tx_0005912,2026-03-28 19:02:24,0,0.0001,LOW,APPROVE,0,LOW_RISK_ESTABLISHED_ACCOUNT,,,phase3-v1
tx_0021434,2026-03-28 19:03:55,0,0.0,LOW,APPROVE,0,LOW_RISK_ESTABLISHED_ACCOUNT,,,phase3-v1
tx_0004428,2026-03-28 19:07:04,0,0.0,LOW,APPROVE,0,HIGH_AMOUNT_ANOMALY,,,phase3-v1
tx_0012320,2026-03-28 19:09:48,0,0.0,LOW,APPROVE,0,LOW_RISK_ESTABLISHED_ACCOUNT,,,phase3-v1
tx_0003324,2026-03-28 19:13:10,0,0.0029,LOW,APPROVE,0,HIGH_24H_VELOCITY,NEW_ACCOUNT,,phase3-v1
tx_0021109,2026-03-28 19:13:17,0,0.0,LOW,APPROVE,0,LOW_RISK_ESTABLISHED_ACCOUNT,,,phase3-v1
tx_0021935,2026-03-28 19:16:34,0,0.0,LOW,APPROVE,0,LOW_RISK_ESTABLISHED_ACCOUNT,,,phase3-v1
tx_0025735,2026-03-28 19:16:42,0,0.0001,LOW,APPROVE,0,GRAPH_CONNECTED_USERS,,,phase3-v1
tx_0023717,2026-03-28 19:18:45,0,0.0001,LOW,APPROVE,0,GRAPH_SHARED_PAYMENT,GRAPH_MULTI_ENTITY_OVERLAP,GRAPH_SHARED_ADDRESS,phase3-v1
tx_0013764,2026-03-28 19:19:22,0,0.0,LOW,APPROVE,0,LOW_RISK_ESTABLISHED_ACCOUNT,,,phase3-v1
tx_0005032,2026-03-28 19:23:37,0,0.0001,LOW,APPROVE,0,HIGH_24H_VELOCITY,,,phase3-v1
tx_0020691,2026-03-28 19:25:05,0,0.0,LOW,APPROVE,0,LOW_RISK_ESTABLISHED_ACCOUNT,,,phase3-v1
tx_0016985,2026-03-28 19:26:34,0,0.0,LOW,APPROVE,0,LOW_RISK_ESTABLISHED_ACCOUNT,,,phase3-v1
tx_0001022,2026-03-28 19:27:02,0,0.0,LOW,APPROVE,0,LOW_RISK_ESTABLISHED_ACCOUNT,,,phase3-v1
tx_0023422,2026-03-28 19:27:31,0,0.0001,LOW,APPROVE,0,GRAPH_CONNECTED_USERS,,,phase3-v1
tx_0014276,2026-03-28 19:27:50,0,0.0002,LOW,APPROVE,0,HIGH_AMOUNT_ANOMALY,,,phase3-v1
tx_0005716,2026-03-28 19:27:56,0,0.0001,LOW,APPROVE,0,LOW_RISK_ESTABLISHED_ACCOUNT,,,phase3-v1
tx_0012563,2026-03-28 19:29:45,0,0.0003,LOW,APPROVE,0,NEW_ACCOUNT,,,phase3-v1
tx_0024785,2026-03-28 19:32:29,0,0.0004,LOW,APPROVE,0,GRAPH_CONNECTED_USERS,,,phase3-v1
tx_0007553,2026-03-28 19:35:34,0,0.0,LOW,APPROVE,0,LOW_RISK_ESTABLISHED_ACCOUNT,,,phase3-v1
tx_0014932,2026-03-28 19:37:27,0,0.0001,LOW,APPROVE,0,LOW_RISK_ESTABLISHED_ACCOUNT,,,phase3-v1
tx_0025382,2026-03-28 19:38:39,0,0.0002,LOW,APPROVE,0,GRAPH_SHARED_PAYMENT,GRAPH_SHARED_ADDRESS,GRAPH_MULTI_ENTITY_OVERLAP,phase3-v1
tx_0001700,2026-03-28 19:39:07,0,0.0001,LOW,APPROVE,0,LOW_RISK_ESTABLISHED_ACCOUNT,,,phase3-v1
tx_0000216,2026-03-28 19:40:29,0,0.0,LOW,APPROVE,0,LOW_RISK_ESTABLISHED_ACCOUNT,,,phase3-v1
tx_0009681,2026-03-28 19:40:39,0,0.0,LOW,APPROVE,0,LOW_RISK_ESTABLISHED_ACCOUNT,,,phase3-v1
tx_0000879,2026-03-28 19:41:19,0,0.0,LOW,APPROVE,0,LOW_RISK_ESTABLISHED_ACCOUNT,,,phase3-v1
tx_0001363,2026-03-28 19:48:04,0,0.0,LOW,APPROVE,0,LOW_RISK_ESTABLISHED_ACCOUNT,,,phase3-v1
tx_0013452,2026-03-28 19:48:54,0,0.0001,LOW,APPROVE,0,LOW_RISK_ESTABLISHED_ACCOUNT,,,phase3-v1
tx_0017726,2026-03-28 19:50:46,0,0.0,LOW,APPROVE,0,LOW_RISK_ESTABLISHED_ACCOUNT,,,phase3-v1
tx_0012565,2026-03-28 19:53:02,0,0.0004,LOW,APPROVE,0,HIGH_24H_VELOCITY,HIGH_1H_VELOCITY,NEW_ACCOUNT,phase3-v1
tx_0007753,2026-03-28 19:53:25,0,0.0012,LOW,APPROVE,0,HIGH_AMOUNT_ANOMALY,NEW_ACCOUNT,,phase3-v1
tx_0023268,2026-03-28 19:54:14,0,0.0001,LOW,APPROVE,0,GRAPH_SHARED_PAYMENT,GRAPH_MULTI_ENTITY_OVERLAP,GRAPH_SHARED_ADDRESS,phase3-v1
tx_0022261,2026-03-28 19:56:16,0,0.0001,LOW,APPROVE,0,LOW_RISK_ESTABLISHED_ACCOUNT,,,phase3-v1
tx_0012364,2026-03-28 19:56:58,0,0.0,LOW,APPROVE,0,LOW_RISK_ESTABLISHED_ACCOUNT,,,phase3-v1
tx_0012296,2026-03-28 19:58:06,0,0.0001,LOW,APPROVE,0,LOW_RISK_ESTABLISHED_ACCOUNT,,,phase3-v1
tx_0015109,2026-03-28 20:02:22,0,0.0001,LOW,APPROVE,0,LOW_RISK_ESTABLISHED_ACCOUNT,,,phase3-v1
tx_0002442,2026-03-28 20:02:35,0,0.0001,LOW,APPROVE,0,LOW_RISK_ESTABLISHED_ACCOUNT,,,phase3-v1
tx_0020640,2026-03-28 20:03:21,0,0.0001,LOW,APPROVE,0,LOW_RISK_ESTABLISHED_ACCOUNT,,,phase3-v1
tx_0020717,2026-03-28 20:05:26,0,0.0001,LOW,APPROVE,0,LOW_RISK_ESTABLISHED_ACCOUNT,,,phase3-v1
tx_0001958,2026-03-28 20:06:15,0,0.0001,LOW,APPROVE,0,LOW_RISK_ESTABLISHED_ACCOUNT,,,phase3-v1
tx_0018216,2026-03-28 20:06:23,0,0.0001,LOW,APPROVE,0,LOW_RISK_ESTABLISHED_ACCOUNT,,,phase3-v1
tx_0020160,2026-03-28 20:12:01,0,0.0001,LOW,APPROVE,0,LOW_RISK_ESTABLISHED_ACCOUNT,,,phase3-v1
tx_0010418,2026-03-28 20:15:42,0,0.0001,LOW,APPROVE,0,LOW_RISK_ESTABLISHED_ACCOUNT,,,phase3-v1
tx_0002469,2026-03-28 20:17:08,0,0.0001,LOW,APPROVE,0,LOW_RISK_ESTABLISHED_ACCOUNT,,,phase3-v1
tx_0022352,2026-03-28 20:18:13,0,0.0001,LOW,APPROVE,0,LOW_RISK_ESTABLISHED_ACCOUNT,,,phase3-v1
tx_0013109,2026-03-28 20:19:17,0,0.0001,LOW,APPROVE,0,LOW_RISK_ESTABLISHED_ACCOUNT,,,phase3-v1
tx_0005892,2026-03-28 20:19:27,0,0.0001,LOW,APPROVE,0,LOW_RISK_ESTABLISHED_ACCOUNT,,,phase3-v1
tx_0011572,2026-03-28 20:21:15,0,0.0001,LOW,APPROVE,0,LOW_RISK_ESTABLISHED_ACCOUNT,,,phase3-v1
tx_0001755,2026-03-28 20:22:29,0,0.0001,LOW,APPROVE,0,LOW_RISK_ESTABLISHED_ACCOUNT,,,phase3-v1
tx_0017026,2026-03-28 20:24:41,0,0.0001,LOW,APPROVE,0,LOW_RISK_ESTABLISHED_ACCOUNT,,,phase3-v1
tx_0005015,2026-03-28 20:24:45,0,0.0001,LOW,APPROVE,0,LOW_RISK_ESTABLISHED_ACCOUNT,,,phase3-v1
tx_0009965,2026-03-28 20:25:53,0,0.0001,LOW,APPROVE,0,LOW_RISK_ESTABLISHED_ACCOUNT,,,phase3-v1
tx_0012135,2026-03-28 20:27:50,0,0.0002,LOW,APPROVE,0,HIGH_AMOUNT_ANOMALY,,,phase3-v1
tx_0017537,2026-03-28 20:29:19,0,0.0001,LOW,APPROVE,0,LOW_RISK_ESTABLISHED_ACCOUNT,,,phase3-v1
tx_0008401,2026-03-28 20:31:02,0,0.0001,LOW,APPROVE,0,LOW_RISK_ESTABLISHED_ACCOUNT,,,phase3-v1
tx_0002588,2026-03-28 20:31:22,0,0.0001,LOW,APPROVE,0,LOW_RISK_ESTABLISHED_ACCOUNT,,,phase3-v1
tx_0012561,2026-03-28 20:34:27,0,0.0003,LOW,APPROVE,0,HIGH_24H_VELOCITY,HIGH_1H_VELOCITY,NEW_ACCOUNT,phase3-v1
tx_0013494,2026-03-28 20:36:14,0,0.0001,LOW,APPROVE,0,LOW_RISK_ESTABLISHED_ACCOUNT,,,phase3-v1
tx_0013057,2026-03-28 20:36:23,0,0.0001,LOW,APPROVE,0,PROMO_ACTIVITY,,,phase3-v1
tx_0002029,2026-03-28 20:38:08,0,0.0001,LOW,APPROVE,0,LOW_RISK_ESTABLISHED_ACCOUNT,,,phase3-v1
tx_0022503,2026-03-28 20:38:52,0,0.0001,LOW,APPROVE,0,LOW_RISK_ESTABLISHED_ACCOUNT,,,phase3-v1
tx_0019989,2026-03-28 20:39:03,0,0.0001,LOW,APPROVE,0,LOW_RISK_ESTABLISHED_ACCOUNT,,,phase3-v1
tx_0018592,2026-03-28 20:39:38,0,0.0001,LOW,APPROVE,0,LOW_RISK_ESTABLISHED_ACCOUNT,,,phase3-v1
tx_0009326,2026-03-28 20:40:55,0,0.0001,LOW,APPROVE,0,LOW_RISK_ESTABLISHED_ACCOUNT,,,phase3-v1
tx_0011710,2026-03-28 20:41:36,0,0.0001,LOW,APPROVE,0,LOW_RISK_ESTABLISHED_ACCOUNT,,,phase3-v1
tx_0004295,2026-03-28 20:45:55,0,0.0001,LOW,APPROVE,0,LOW_RISK_ESTABLISHED_ACCOUNT,,,phase3-v1
tx_0019899,2026-03-28 20:51:17,0,0.0001,LOW,APPROVE,0,LOW_RISK_ESTABLISHED_ACCOUNT,,,phase3-v1
tx_0002547,2026-03-28 20:51:21,0,0.0001,LOW,APPROVE,0,LOW_RISK_ESTABLISHED_ACCOUNT,,,phase3-v1
tx_0011051,2026-03-28 20:52:00,0,0.0001,LOW,APPROVE,0,LOW_RISK_ESTABLISHED_ACCOUNT,,,phase3-v1
tx_0022813,2026-03-28 20:52:33,0,0.0001,LOW,APPROVE,0,GRAPH_SHARED_ADDRESS,GRAPH_MULTI_ENTITY_OVERLAP,GRAPH_CONNECTED_USERS,phase3-v1
tx_0017189,2026-03-28 20:58:40,0,0.0001,LOW,APPROVE,0,LOW_RISK_ESTABLISHED_ACCOUNT,,,phase3-v1
tx_0012294,2026-03-28 20:59:08,0,0.0002,LOW,APPROVE,0,HIGH_24H_VELOCITY,,,phase3-v1
tx_0008652,2026-03-28 20:59:30,0,0.0001,LOW,APPROVE,0,LOW_RISK_ESTABLISHED_ACCOUNT,,,phase3-v1
tx_0010850,2026-03-28 21:06:08,0,0.0001,LOW,APPROVE,0,LOW_RISK_ESTABLISHED_ACCOUNT,,,phase3-v1
tx_0012303,2026-03-28 21:19:56,0,0.0001,LOW,APPROVE,0,HIGH_AMOUNT_ANOMALY,,,phase3-v1
tx_0024913,2026-03-28 21:20:16,0,0.0002,LOW,APPROVE,0,GRAPH_SHARED_PAYMENT,GRAPH_SHARED_ADDRESS,GRAPH_MULTI_ENTITY_OVERLAP,phase3-v1
tx_0019451,2026-03-28 21:22:49,0,0.0001,LOW,APPROVE,0,LOW_RISK_ESTABLISHED_ACCOUNT,,,phase3-v1
tx_0000955,2026-03-28 21:23:31,0,0.0002,LOW,APPROVE,0,LOW_RISK_ESTABLISHED_ACCOUNT,,,phase3-v1
tx_0003524,2026-03-28 21:26:23,0,0.0001,LOW,APPROVE,0,LOW_RISK_ESTABLISHED_ACCOUNT,,,phase3-v1
tx_0013354,2026-03-28 21:27:14,0,0.0001,LOW,APPROVE,0,LOW_RISK_ESTABLISHED_ACCOUNT,,,phase3-v1
tx_0014859,2026-03-28 21:30:44,0,0.0001,LOW,APPROVE,0,LOW_RISK_ESTABLISHED_ACCOUNT,,,phase3-v1
tx_0017734,2026-03-28 21:33:09,0,0.0001,LOW,APPROVE,0,LOW_RISK_ESTABLISHED_ACCOUNT,,,phase3-v1
tx_0022896,2026-03-28 21:37:20,0,0.0005,LOW,APPROVE,0,GRAPH_CONNECTED_USERS,,,phase3-v1
tx_0017798,2026-03-28 21:41:55,0,0.0001,LOW,APPROVE,0,HIGH_AMOUNT_ANOMALY,,,phase3-v1
tx_0010455,2026-03-28 21:43:27,0,0.0001,LOW,APPROVE,0,HIGH_24H_VELOCITY,,,phase3-v1
tx_0019088,2026-03-28 21:43:30,0,0.0001,LOW,APPROVE,0,LOW_RISK_ESTABLISHED_ACCOUNT,,,phase3-v1
tx_0012107,2026-03-28 21:43:53,0,0.0004,LOW,APPROVE,0,NEW_ACCOUNT,,,phase3-v1
tx_0006888,2026-03-28 21:44:25,0,0.0001,LOW,APPROVE,0,LOW_RISK_ESTABLISHED_ACCOUNT,,,phase3-v1
tx_0019982,2026-03-28 21:48:56,0,0.0001,LOW,APPROVE,0,LOW_RISK_ESTABLISHED_ACCOUNT,,,phase3-v1
tx_0025899,2026-03-28 21:49:31,0,0.0001,LOW,APPROVE,0,GRAPH_SHARED_ADDRESS,GRAPH_CONNECTED_USERS,GRAPH_MULTI_ENTITY_OVERLAP,phase3-v1
tx_0015392,2026-03-28 21:50:39,0,0.0001,LOW,APPROVE,0,LOW_RISK_ESTABLISHED_ACCOUNT,,,phase3-v1
tx_0006236,2026-03-28 21:55:26,0,0.0001,LOW,APPROVE,0,LOW_RISK_ESTABLISHED_ACCOUNT,,,phase3-v1
tx_0007025,2026-03-28 22:01:17,0,0.0001,LOW,APPROVE,0,LOW_RISK_ESTABLISHED_ACCOUNT,,,phase3-v1
tx_0000512,2026-03-28 22:08:34,0,0.0001,LOW,APPROVE,0,LOW_RISK_ESTABLISHED_ACCOUNT,,,phase3-v1
tx_0019394,2026-03-28 22:11:16,0,0.0001,LOW,APPROVE,0,LOW_RISK_ESTABLISHED_ACCOUNT,,,phase3-v1
tx_0010780,2026-03-28 22:13:22,0,0.0001,LOW,APPROVE,0,LOW_RISK_ESTABLISHED_ACCOUNT,,,phase3-v1
tx_0015896,2026-03-28 22:23:02,0,0.0001,LOW,APPROVE,0,LOW_RISK_ESTABLISHED_ACCOUNT,,,phase3-v1
tx_0016453,2026-03-28 22:25:12,0,0.0001,LOW,APPROVE,0,LOW_RISK_ESTABLISHED_ACCOUNT,,,phase3-v1
tx_0020668,2026-03-28 22:31:35,0,0.0001,LOW,APPROVE,0,LOW_RISK_ESTABLISHED_ACCOUNT,,,phase3-v1
tx_0022826,2026-03-28 22:43:31,0,0.0001,LOW,APPROVE,0,GRAPH_SHARED_ADDRESS,GRAPH_MULTI_ENTITY_OVERLAP,GRAPH_CONNECTED_USERS,phase3-v1
tx_0004809,2026-03-28 22:43:53,0,0.0001,LOW,APPROVE,0,LOW_RISK_ESTABLISHED_ACCOUNT,,,phase3-v1
tx_0009548,2026-03-28 22:44:32,0,0.0001,LOW,APPROVE,0,LOW_RISK_ESTABLISHED_ACCOUNT,,,phase3-v1
tx_0010640,2026-03-28 22:45:15,0,0.0002,LOW,APPROVE,0,HIGH_AMOUNT_ANOMALY,,,phase3-v1
tx_0014446,2026-03-28 22:49:31,0,0.0001,LOW,APPROVE,0,LOW_RISK_ESTABLISHED_ACCOUNT,,,phase3-v1
tx_0017701,2026-03-28 22:51:12,0,0.0001,LOW,APPROVE,0,LOW_RISK_ESTABLISHED_ACCOUNT,,,phase3-v1
tx_0022048,2026-03-28 23:02:10,0,0.0001,LOW,APPROVE,0,LOW_RISK_ESTABLISHED_ACCOUNT,,,phase3-v1
tx_0025508,2026-03-28 23:11:22,0,0.0002,LOW,APPROVE,0,GRAPH_SHARED_PAYMENT,GRAPH_MULTI_ENTITY_OVERLAP,GRAPH_SHARED_ADDRESS,phase3-v1
tx_0020482,2026-03-28 23:11:39,0,0.0001,LOW,APPROVE,0,HIGH_24H_VELOCITY,,,phase3-v1
tx_0007686,2026-03-28 23:24:06,0,0.0001,LOW,APPROVE,0,LOW_RISK_ESTABLISHED_ACCOUNT,,,phase3-v1
tx_0021931,2026-03-28 23:29:32,0,0.0001,LOW,APPROVE,0,LOW_RISK_ESTABLISHED_ACCOUNT,,,phase3-v1
tx_0020820,2026-03-28 23:33:20,0,0.0005,LOW,APPROVE,0,HIGH_24H_VELOCITY,NEW_ACCOUNT,,phase3-v1
tx_0005240,2026-03-28 23:46:16,0,0.0001,LOW,APPROVE,0,LOW_RISK_ESTABLISHED_ACCOUNT,,,phase3-v1
tx_0021459,2026-03-28 23:52:37,0,0.0001,LOW,APPROVE,0,LOW_RISK_ESTABLISHED_ACCOUNT,,,phase3-v1
tx_0009790,2026-03-28 23:55:02,0,0.0001,LOW,APPROVE,0,LOW_RISK_ESTABLISHED_ACCOUNT,,,phase3-v1
tx_0013188,2026-03-28 23:57:40,0,0.0001,LOW,APPROVE,0,LOW_RISK_ESTABLISHED_ACCOUNT,,,phase3-v1
tx_0001654,2026-03-29 00:19:49,0,0.0002,LOW,APPROVE,0,LOW_RISK_ESTABLISHED_ACCOUNT,,,phase3-v1
tx_0023043,2026-03-29 00:57:16,0,0.0002,LOW,APPROVE,0,GRAPH_MULTI_ENTITY_OVERLAP,GRAPH_SHARED_ADDRESS,HIGH_AMOUNT_ANOMALY,phase3-v1
tx_0009352,2026-03-29 01:06:42,0,0.0002,LOW,APPROVE,0,OFF_HOURS_ACTIVITY,,,phase3-v1
tx_0003928,2026-03-29 01:23:06,0,0.0001,LOW,APPROVE,0,OFF_HOURS_ACTIVITY,,,phase3-v1
tx_0002330,2026-03-29 01:24:35,0,0.0001,LOW,APPROVE,0,OFF_HOURS_ACTIVITY,,,phase3-v1
tx_0015514,2026-03-29 01:42:30,0,0.0007,LOW,APPROVE,0,OFF_HOURS_ACTIVITY,NEW_ACCOUNT,,phase3-v1
tx_0023385,2026-03-29 01:46:42,0,0.0001,LOW,APPROVE,0,GRAPH_CONNECTED_USERS,OFF_HOURS_ACTIVITY,,phase3-v1
tx_0002346,2026-03-29 02:07:55,0,0.0001,LOW,APPROVE,0,OFF_HOURS_ACTIVITY,,,phase3-v1
tx_0020895,2026-03-29 02:54:54,0,0.0002,LOW,APPROVE,0,HIGH_24H_VELOCITY,OFF_HOURS_ACTIVITY,,phase3-v1
tx_0000451,2026-03-29 02:59:03,0,0.0001,LOW,APPROVE,0,PROMO_ACTIVITY,OFF_HOURS_ACTIVITY,,phase3-v1
tx_0002192,2026-03-29 03:02:12,0,0.0001,LOW,APPROVE,0,OFF_HOURS_ACTIVITY,,,phase3-v1
tx_0011967,2026-03-29 03:33:31,0,0.0001,LOW,APPROVE,0,OFF_HOURS_ACTIVITY,,,phase3-v1
tx_0002636,2026-03-29 03:37:57,0,0.0001,LOW,APPROVE,0,OFF_HOURS_ACTIVITY,,,phase3-v1
tx_0012430,2026-03-29 04:19:20,0,0.0002,LOW,APPROVE,0,OFF_HOURS_ACTIVITY,,,phase3-v1
tx_0006902,2026-03-29 04:55:45,0,0.0002,LOW,APPROVE,0,OFF_HOURS_ACTIVITY,,,phase3-v1
tx_0025166,2026-03-29 04:57:43,0,0.0002,LOW,APPROVE,0,GRAPH_SHARED_ADDRESS,GRAPH_MULTI_ENTITY_OVERLAP,GRAPH_CONNECTED_USERS,phase3-v1
tx_0018085,2026-03-29 05:04:54,0,0.0002,LOW,APPROVE,0,HIGH_AMOUNT_ANOMALY,OFF_HOURS_ACTIVITY,,phase3-v1
tx_0004755,2026-03-29 05:18:35,0,0.0001,LOW,APPROVE,0,OFF_HOURS_ACTIVITY,,,phase3-v1
tx_0017708,2026-03-29 06:01:23,0,0.0001,LOW,APPROVE,0,LOW_RISK_ESTABLISHED_ACCOUNT,,,phase3-v1
tx_0005046,2026-03-29 06:03:28,0,0.0001,LOW,APPROVE,0,LOW_RISK_ESTABLISHED_ACCOUNT,,,phase3-v1
tx_0022374,2026-03-29 06:05:19,0,0.0001,LOW,APPROVE,0,LOW_RISK_ESTABLISHED_ACCOUNT,,,phase3-v1
tx_0008230,2026-03-29 06:06:50,0,0.0001,LOW,APPROVE,0,LOW_RISK_ESTABLISHED_ACCOUNT,,,phase3-v1
tx_0020747,2026-03-29 06:07:46,0,0.0001,LOW,APPROVE,0,LOW_RISK_ESTABLISHED_ACCOUNT,,,phase3-v1
tx_0007752,2026-03-29 06:20:14,0,0.0005,LOW,APPROVE,0,HIGH_24H_VELOCITY,,,phase3-v1
tx_0001040,2026-03-29 06:23:19,0,0.0002,LOW,APPROVE,0,HIGH_24H_VELOCITY,NEW_ACCOUNT,,phase3-v1
tx_0016722,2026-03-29 06:25:07,0,0.0001,LOW,APPROVE,0,LOW_RISK_ESTABLISHED_ACCOUNT,,,phase3-v1
tx_0007634,2026-03-29 06:35:26,0,0.0016,LOW,APPROVE,0,NEW_ACCOUNT,,,phase3-v1
tx_0015423,2026-03-29 06:36:05,0,0.0001,LOW,APPROVE,0,LOW_RISK_ESTABLISHED_ACCOUNT,,,phase3-v1
tx_0001512,2026-03-29 06:44:52,0,0.0001,LOW,APPROVE,0,LOW_RISK_ESTABLISHED_ACCOUNT,,,phase3-v1
tx_0004184,2026-03-29 06:47:07,0,0.0,LOW,APPROVE,0,LOW_RISK_ESTABLISHED_ACCOUNT,,,phase3-v1
tx_0020589,2026-03-29 07:06:06,0,0.0,LOW,APPROVE,0,HIGH_AMOUNT_ANOMALY,,,phase3-v1
tx_0017212,2026-03-29 07:09:46,0,0.0001,LOW,APPROVE,0,LOW_RISK_ESTABLISHED_ACCOUNT,,,phase3-v1
tx_0002628,2026-03-29 07:21:13,0,0.0,LOW,APPROVE,0,LOW_RISK_ESTABLISHED_ACCOUNT,,,phase3-v1
tx_0018057,2026-03-29 07:21:18,0,0.0,LOW,APPROVE,0,LOW_RISK_ESTABLISHED_ACCOUNT,,,phase3-v1
tx_0019919,2026-03-29 07:21:49,0,0.0006,LOW,APPROVE,0,NEW_ACCOUNT,,,phase3-v1
tx_0025209,2026-03-29 07:24:59,0,0.0004,LOW,APPROVE,0,GRAPH_CONNECTED_USERS,,,phase3-v1
tx_0021766,2026-03-29 07:31:01,0,0.0001,LOW,APPROVE,0,HIGH_24H_VELOCITY,,,phase3-v1
tx_0013386,2026-03-29 07:38:47,0,0.0,LOW,APPROVE,0,LOW_RISK_ESTABLISHED_ACCOUNT,,,phase3-v1
tx_0024903,2026-03-29 07:55:31,0,0.0002,LOW,APPROVE,0,GRAPH_SHARED_PAYMENT,GRAPH_SHARED_ADDRESS,GRAPH_MULTI_ENTITY_OVERLAP,phase3-v1
tx_0014400,2026-03-29 08:00:12,0,0.0,LOW,APPROVE,0,LOW_RISK_ESTABLISHED_ACCOUNT,,,phase3-v1
tx_0004943,2026-03-29 08:02:29,0,0.0001,LOW,APPROVE,0,LOW_RISK_ESTABLISHED_ACCOUNT,,,phase3-v1
tx_0012186,2026-03-29 08:05:54,0,0.0,LOW,APPROVE,0,LOW_RISK_ESTABLISHED_ACCOUNT,,,phase3-v1
tx_0009066,2026-03-29 08:09:07,0,0.0,LOW,APPROVE,0,LOW_RISK_ESTABLISHED_ACCOUNT,,,phase3-v1
tx_0016791,2026-03-29 08:14:50,0,0.0001,LOW,APPROVE,0,HIGH_AMOUNT_ANOMALY,,,phase3-v1
tx_0005025,2026-03-29 08:15:57,0,0.0,LOW,APPROVE,0,HIGH_24H_VELOCITY,,,phase3-v1
tx_0025497,2026-03-29 08:16:45,0,0.0001,LOW,APPROVE,0,GRAPH_MULTI_ENTITY_OVERLAP,GRAPH_SHARED_PAYMENT,GRAPH_SHARED_ADDRESS,phase3-v1
tx_0011910,2026-03-29 08:17:06,0,0.0,LOW,APPROVE,0,LOW_RISK_ESTABLISHED_ACCOUNT,,,phase3-v1
tx_0019863,2026-03-29 08:18:40,0,0.0,LOW,APPROVE,0,HIGH_24H_VELOCITY,,,phase3-v1
tx_0007657,2026-03-29 08:21:17,0,0.0001,LOW,APPROVE,0,LOW_RISK_ESTABLISHED_ACCOUNT,,,phase3-v1
tx_0003700,2026-03-29 08:21:28,0,0.0001,LOW,APPROVE,0,PROMO_ACTIVITY,,,phase3-v1
tx_0014344,2026-03-29 08:24:10,0,0.0,LOW,APPROVE,0,LOW_RISK_ESTABLISHED_ACCOUNT,,,phase3-v1
tx_0020614,2026-03-29 08:28:51,0,0.0,LOW,APPROVE,0,LOW_RISK_ESTABLISHED_ACCOUNT,,,phase3-v1
tx_0022655,2026-03-29 08:30:33,0,0.0001,LOW,APPROVE,0,GRAPH_SHARED_ADDRESS,GRAPH_MULTI_ENTITY_OVERLAP,GRAPH_CONNECTED_USERS,phase3-v1
tx_0009614,2026-03-29 08:38:16,0,0.0001,LOW,APPROVE,0,LOW_RISK_ESTABLISHED_ACCOUNT,,,phase3-v1
tx_0002508,2026-03-29 08:39:37,0,0.0001,LOW,APPROVE,0,LOW_RISK_ESTABLISHED_ACCOUNT,,,phase3-v1
tx_0001838,2026-03-29 08:44:39,0,0.0,LOW,APPROVE,0,LOW_RISK_ESTABLISHED_ACCOUNT,,,phase3-v1
tx_0011110,2026-03-29 08:51:29,0,0.0,LOW,APPROVE,0,LOW_RISK_ESTABLISHED_ACCOUNT,,,phase3-v1
tx_0024794,2026-03-29 08:53:57,0,0.0004,LOW,APPROVE,0,GRAPH_CONNECTED_USERS,,,phase3-v1
tx_0016003,2026-03-29 08:54:49,0,0.0,LOW,APPROVE,0,LOW_RISK_ESTABLISHED_ACCOUNT,,,phase3-v1
tx_0007222,2026-03-29 09:03:09,0,0.0,LOW,APPROVE,0,LOW_RISK_ESTABLISHED_ACCOUNT,,,phase3-v1
tx_0015208,2026-03-29 09:07:04,0,0.0,LOW,APPROVE,0,LOW_RISK_ESTABLISHED_ACCOUNT,,,phase3-v1
tx_0022690,2026-03-29 09:07:17,0,0.0001,LOW,APPROVE,0,GRAPH_SHARED_ADDRESS,GRAPH_MULTI_ENTITY_OVERLAP,GRAPH_CONNECTED_USERS,phase3-v1
tx_0004120,2026-03-29 09:14:37,0,0.0,LOW,APPROVE,0,LOW_RISK_ESTABLISHED_ACCOUNT,,,phase3-v1
tx_0021311,2026-03-29 09:15:38,0,0.0,LOW,APPROVE,0,LOW_RISK_ESTABLISHED_ACCOUNT,,,phase3-v1
tx_0006295,2026-03-29 09:15:43,0,0.0,LOW,APPROVE,0,LOW_RISK_ESTABLISHED_ACCOUNT,,,phase3-v1
tx_0009823,2026-03-29 09:20:00,0,0.0,LOW,APPROVE,0,LOW_RISK_ESTABLISHED_ACCOUNT,,,phase3-v1
tx_0013972,2026-03-29 09:22:06,0,0.0,LOW,APPROVE,0,LOW_RISK_ESTABLISHED_ACCOUNT,,,phase3-v1
tx_0018265,2026-03-29 09:25:28,0,0.0,LOW,APPROVE,0,LOW_RISK_ESTABLISHED_ACCOUNT,,,phase3-v1
tx_0024196,2026-03-29 09:29:35,0,0.0001,LOW,APPROVE,0,GRAPH_SHARED_ADDRESS,GRAPH_MULTI_ENTITY_OVERLAP,GRAPH_CONNECTED_USERS,phase3-v1
tx_0011887,2026-03-29 09:32:48,0,0.0001,LOW,APPROVE,0,LOW_RISK_ESTABLISHED_ACCOUNT,,,phase3-v1
tx_0001371,2026-03-29 09:34:12,0,0.0,LOW,APPROVE,0,LOW_RISK_ESTABLISHED_ACCOUNT,,,phase3-v1
tx_0023460,2026-03-29 09:34:56,0,0.0001,LOW,APPROVE,0,GRAPH_CONNECTED_USERS,,,phase3-v1
tx_0023427,2026-03-29 09:38:02,0,0.0001,LOW,APPROVE,0,GRAPH_CONNECTED_USERS,,,phase3-v1
tx_0014604,2026-03-29 09:41:51,0,0.0,LOW,APPROVE,0,LOW_RISK_ESTABLISHED_ACCOUNT,,,phase3-v1
tx_0015009,2026-03-29 09:45:24,0,0.0001,LOW,APPROVE,0,LOW_RISK_ESTABLISHED_ACCOUNT,,,phase3-v1
tx_0007424,2026-03-29 09:46:39,0,0.0,LOW,APPROVE,0,LOW_RISK_ESTABLISHED_ACCOUNT,,,phase3-v1
tx_0010294,2026-03-29 09:46:41,0,0.0,LOW,APPROVE,0,LOW_RISK_ESTABLISHED_ACCOUNT,,,phase3-v1
tx_0009575,2026-03-29 09:50:16,0,0.0,LOW,APPROVE,0,LOW_RISK_ESTABLISHED_ACCOUNT,,,phase3-v1
tx_0013453,2026-03-29 09:51:52,0,0.0,LOW,APPROVE,0,LOW_RISK_ESTABLISHED_ACCOUNT,,,phase3-v1
tx_0019711,2026-03-29 09:55:15,0,0.0001,LOW,APPROVE,0,LOW_RISK_ESTABLISHED_ACCOUNT,,,phase3-v1
tx_0023150,2026-03-29 09:56:48,0,0.0002,LOW,APPROVE,0,GRAPH_SHARED_ADDRESS,GRAPH_MULTI_ENTITY_OVERLAP,GRAPH_CONNECTED_USERS,phase3-v1
tx_0007606,2026-03-29 09:58:14,0,0.0001,LOW,APPROVE,0,LOW_RISK_ESTABLISHED_ACCOUNT,,,phase3-v1
tx_0018843,2026-03-29 10:03:34,0,0.0001,LOW,APPROVE,0,LOW_RISK_ESTABLISHED_ACCOUNT,,,phase3-v1
tx_0014912,2026-03-29 10:06:42,0,0.0,LOW,APPROVE,0,LOW_RISK_ESTABLISHED_ACCOUNT,,,phase3-v1
tx_0009207,2026-03-29 10:07:56,0,0.0,LOW,APPROVE,0,LOW_RISK_ESTABLISHED_ACCOUNT,,,phase3-v1
tx_0022804,2026-03-29 10:10:04,0,0.0001,LOW,APPROVE,0,GRAPH_SHARED_ADDRESS,GRAPH_CONNECTED_USERS,GRAPH_MULTI_ENTITY_OVERLAP,phase3-v1
tx_0005169,2026-03-29 10:10:43,0,0.0,LOW,APPROVE,0,LOW_RISK_ESTABLISHED_ACCOUNT,,,phase3-v1
tx_0005140,2026-03-29 10:10:45,0,0.0,LOW,APPROVE,0,LOW_RISK_ESTABLISHED_ACCOUNT,,,phase3-v1
tx_0006032,2026-03-29 10:11:24,0,0.0,LOW,APPROVE,0,LOW_RISK_ESTABLISHED_ACCOUNT,,,phase3-v1
tx_0007247,2026-03-29 10:12:53,0,0.0,LOW,APPROVE,0,LOW_RISK_ESTABLISHED_ACCOUNT,,,phase3-v1
tx_0015937,2026-03-29 10:19:05,0,0.0,LOW,APPROVE,0,LOW_RISK_ESTABLISHED_ACCOUNT,,,phase3-v1
tx_0014837,2026-03-29 10:20:20,0,0.0001,LOW,APPROVE,0,LOW_RISK_ESTABLISHED_ACCOUNT,,,phase3-v1
tx_0012770,2026-03-29 10:20:26,0,0.0,LOW,APPROVE,0,LOW_RISK_ESTABLISHED_ACCOUNT,,,phase3-v1
tx_0005550,2026-03-29 10:21:12,0,0.0,LOW,APPROVE,0,LOW_RISK_ESTABLISHED_ACCOUNT,,,phase3-v1
tx_0019920,2026-03-29 10:21:36,0,0.0,LOW,APPROVE,0,LOW_RISK_ESTABLISHED_ACCOUNT,,,phase3-v1
tx_0008251,2026-03-29 10:23:35,0,0.0006,LOW,APPROVE,0,LOW_RISK_ESTABLISHED_ACCOUNT,,,phase3-v1
tx_0000674,2026-03-29 10:25:52,0,0.0,LOW,APPROVE,0,LOW_RISK_ESTABLISHED_ACCOUNT,,,phase3-v1
tx_0014124,2026-03-29 10:27:58,0,0.0,LOW,APPROVE,0,LOW_RISK_ESTABLISHED_ACCOUNT,,,phase3-v1
tx_0008885,2026-03-29 10:29:32,0,0.0,LOW,APPROVE,0,LOW_RISK_ESTABLISHED_ACCOUNT,,,phase3-v1
tx_0013821,2026-03-29 10:32:57,0,0.0001,LOW,APPROVE,0,LOW_RISK_ESTABLISHED_ACCOUNT,,,phase3-v1
tx_0011862,2026-03-29 10:39:47,0,0.0001,LOW,APPROVE,0,LOW_RISK_ESTABLISHED_ACCOUNT,,,phase3-v1
tx_0014166,2026-03-29 10:41:29,0,0.0,LOW,APPROVE,0,LOW_RISK_ESTABLISHED_ACCOUNT,,,phase3-v1
tx_0008969,2026-03-29 10:42:39,0,0.0,LOW,APPROVE,0,NEW_ACCOUNT,,,phase3-v1
tx_0001049,2026-03-29 10:42:56,0,0.0,LOW,APPROVE,0,LOW_RISK_ESTABLISHED_ACCOUNT,,,phase3-v1
tx_0020288,2026-03-29 10:43:09,0,0.0,LOW,APPROVE,0,LOW_RISK_ESTABLISHED_ACCOUNT,,,phase3-v1
tx_0013110,2026-03-29 10:48:38,0,0.0001,LOW,APPROVE,0,LOW_RISK_ESTABLISHED_ACCOUNT,,,phase3-v1
tx_0011939,2026-03-29 10:49:20,0,0.0006,LOW,APPROVE,0,HIGH_24H_VELOCITY,NEW_ACCOUNT,,phase3-v1
tx_0008747,2026-03-29 10:50:36,0,0.0,LOW,APPROVE,0,LOW_RISK_ESTABLISHED_ACCOUNT,,,phase3-v1
tx_0019445,2026-03-29 10:51:39,0,0.0,LOW,APPROVE,0,LOW_RISK_ESTABLISHED_ACCOUNT,,,phase3-v1
tx_0023716,2026-03-29 10:58:20,0,0.0002,LOW,APPROVE,0,GRAPH_SHARED_PAYMENT,GRAPH_MULTI_ENTITY_OVERLAP,GRAPH_SHARED_ADDRESS,phase3-v1
tx_0000740,2026-03-29 10:58:55,0,0.0002,LOW,APPROVE,0,NEW_ACCOUNT,,,phase3-v1
tx_0020265,2026-03-29 10:59:59,0,0.0,LOW,APPROVE,0,LOW_RISK_ESTABLISHED_ACCOUNT,,,phase3-v1
tx_0020913,2026-03-29 11:04:22,0,0.0,LOW,APPROVE,0,LOW_RISK_ESTABLISHED_ACCOUNT,,,phase3-v1
tx_0007322,2026-03-29 11:04:31,0,0.0001,LOW,APPROVE,0,LOW_RISK_ESTABLISHED_ACCOUNT,,,phase3-v1
tx_0001823,2026-03-29 11:06:12,0,0.0001,LOW,APPROVE,0,LOW_RISK_ESTABLISHED_ACCOUNT,,,phase3-v1
tx_0012440,2026-03-29 11:08:45,0,0.0001,LOW,APPROVE,0,PROMO_ACTIVITY,,,phase3-v1
tx_0015695,2026-03-29 11:10:02,0,0.0,LOW,APPROVE,0,LOW_RISK_ESTABLISHED_ACCOUNT,,,phase3-v1
tx_0003206,2026-03-29 11:11:04,0,0.0001,LOW,APPROVE,0,LOW_RISK_ESTABLISHED_ACCOUNT,,,phase3-v1
tx_0006369,2026-03-29 11:11:42,0,0.0,LOW,APPROVE,0,LOW_RISK_ESTABLISHED_ACCOUNT,,,phase3-v1
tx_0013471,2026-03-29 11:11:45,0,0.0,LOW,APPROVE,0,LOW_RISK_ESTABLISHED_ACCOUNT,,,phase3-v1
tx_0019641,2026-03-29 11:13:13,0,0.0001,LOW,APPROVE,0,LOW_RISK_ESTABLISHED_ACCOUNT,,,phase3-v1
tx_0007669,2026-03-29 11:16:29,0,0.0,LOW,APPROVE,0,PROMO_ACTIVITY,,,phase3-v1
tx_0011765,2026-03-29 11:18:30,0,0.0,LOW,APPROVE,0,LOW_RISK_ESTABLISHED_ACCOUNT,,,phase3-v1
tx_0022780,2026-03-29 11:23:05,0,0.0004,LOW,APPROVE,0,GRAPH_CONNECTED_USERS,,,phase3-v1
tx_0012579,2026-03-29 11:24:53,0,0.0001,LOW,APPROVE,0,PROMO_ACTIVITY,,,phase3-v1
tx_0000695,2026-03-29 11:30:45,0,0.0003,LOW,APPROVE,0,HIGH_AMOUNT_ANOMALY,,,phase3-v1
tx_0020773,2026-03-29 11:32:38,0,0.0,LOW,APPROVE,0,LOW_RISK_ESTABLISHED_ACCOUNT,,,phase3-v1
tx_0009990,2026-03-29 11:34:29,0,0.0001,LOW,APPROVE,0,NEW_ACCOUNT,,,phase3-v1
tx_0000319,2026-03-29 11:34:52,0,0.0002,LOW,APPROVE,0,HIGH_AMOUNT_ANOMALY,,,phase3-v1
tx_0021635,2026-03-29 11:36:23,0,0.0001,LOW,APPROVE,0,LOW_RISK_ESTABLISHED_ACCOUNT,,,phase3-v1
tx_0012889,2026-03-29 11:39:07,0,0.0,LOW,APPROVE,0,LOW_RISK_ESTABLISHED_ACCOUNT,,,phase3-v1
tx_0015515,2026-03-29 11:39:20,0,0.0001,LOW,APPROVE,0,HIGH_24H_VELOCITY,,,phase3-v1
tx_0006566,2026-03-29 11:40:38,0,0.0,LOW,APPROVE,0,LOW_RISK_ESTABLISHED_ACCOUNT,,,phase3-v1
tx_0009400,2026-03-29 11:40:58,0,0.0,LOW,APPROVE,0,LOW_RISK_ESTABLISHED_ACCOUNT,,,phase3-v1
tx_0017648,2026-03-29 11:41:20,0,0.0,LOW,APPROVE,0,LOW_RISK_ESTABLISHED_ACCOUNT,,,phase3-v1
tx_0005998,2026-03-29 11:43:24,0,0.0001,LOW,APPROVE,0,LOW_RISK_ESTABLISHED_ACCOUNT,,,phase3-v1
tx_0003569,2026-03-29 11:45:54,0,0.0,LOW,APPROVE,0,LOW_RISK_ESTABLISHED_ACCOUNT,,,phase3-v1
tx_0005574,2026-03-29 11:46:42,0,0.0,LOW,APPROVE,0,LOW_RISK_ESTABLISHED_ACCOUNT,,,phase3-v1
tx_0014925,2026-03-29 11:46:47,0,0.0001,LOW,APPROVE,0,LOW_RISK_ESTABLISHED_ACCOUNT,,,phase3-v1
tx_0017122,2026-03-29 11:46:50,0,0.0,LOW,APPROVE,0,LOW_RISK_ESTABLISHED_ACCOUNT,,,phase3-v1
tx_0022312,2026-03-29 11:48:52,0,0.0004,LOW,APPROVE,0,HIGH_AMOUNT_ANOMALY,,,phase3-v1
tx_0022106,2026-03-29 11:49:08,0,0.0001,LOW,APPROVE,0,LOW_RISK_ESTABLISHED_ACCOUNT,,,phase3-v1
tx_0018112,2026-03-29 11:50:55,0,0.0,LOW,APPROVE,0,LOW_RISK_ESTABLISHED_ACCOUNT,,,phase3-v1
tx_0010916,2026-03-29 11:52:50,0,0.0,LOW,APPROVE,0,LOW_RISK_ESTABLISHED_ACCOUNT,,,phase3-v1
tx_0024239,2026-03-29 11:56:33,0,0.0001,LOW,APPROVE,0,GRAPH_CONNECTED_USERS,,,phase3-v1
tx_0001624,2026-03-29 11:57:31,0,0.0001,LOW,APPROVE,0,LOW_RISK_ESTABLISHED_ACCOUNT,,,phase3-v1
tx_0019600,2026-03-29 11:57:58,0,0.0,LOW,APPROVE,0,LOW_RISK_ESTABLISHED_ACCOUNT,,,phase3-v1
tx_0015295,2026-03-29 11:58:24,0,0.0001,LOW,APPROVE,0,LOW_RISK_ESTABLISHED_ACCOUNT,,,phase3-v1
tx_0000741,2026-03-29 12:00:58,0,0.0001,LOW,APPROVE,0,HIGH_24H_VELOCITY,NEW_ACCOUNT,,phase3-v1
tx_0023841,2026-03-29 12:01:21,0,0.0003,LOW,APPROVE,0,GRAPH_CONNECTED_USERS,,,phase3-v1
tx_0004032,2026-03-29 12:08:02,0,0.0001,LOW,APPROVE,0,LOW_RISK_ESTABLISHED_ACCOUNT,,,phase3-v1
tx_0023152,2026-03-29 12:12:12,0,0.0002,LOW,APPROVE,0,GRAPH_SHARED_ADDRESS,GRAPH_MULTI_ENTITY_OVERLAP,GRAPH_CONNECTED_USERS,phase3-v1
tx_0020262,2026-03-29 12:12:35,0,0.0001,LOW,APPROVE,0,LOW_RISK_ESTABLISHED_ACCOUNT,,,phase3-v1
tx_0006180,2026-03-29 12:16:23,0,0.0,LOW,APPROVE,0,LOW_RISK_ESTABLISHED_ACCOUNT,,,phase3-v1
tx_0005624,2026-03-29 12:17:25,0,0.0,LOW,APPROVE,0,LOW_RISK_ESTABLISHED_ACCOUNT,,,phase3-v1
tx_0020386,2026-03-29 12:17:27,0,0.0,LOW,APPROVE,0,LOW_RISK_ESTABLISHED_ACCOUNT,,,phase3-v1
tx_0024385,2026-03-29 12:19:39,0,0.0001,LOW,APPROVE,0,GRAPH_MULTI_ENTITY_OVERLAP,HIGH_AMOUNT_ANOMALY,GRAPH_SHARED_ADDRESS,phase3-v1
tx_0018470,2026-03-29 12:20:04,0,0.0001,LOW,APPROVE,0,LOW_RISK_ESTABLISHED_ACCOUNT,,,phase3-v1
tx_0005029,2026-03-29 12:21:07,0,0.0,LOW,APPROVE,0,HIGH_24H_VELOCITY,,,phase3-v1
tx_0021246,2026-03-29 12:21:36,0,0.0,LOW,APPROVE,0,LOW_RISK_ESTABLISHED_ACCOUNT,,,phase3-v1
tx_0019837,2026-03-29 12:23:58,0,0.0,LOW,APPROVE,0,LOW_RISK_ESTABLISHED_ACCOUNT,,,phase3-v1
tx_0003312,2026-03-29 12:24:15,0,0.0001,LOW,APPROVE,0,PROMO_ACTIVITY,,,phase3-v1
tx_0013394,2026-03-29 12:25:47,0,0.0003,LOW,APPROVE,0,HIGH_AMOUNT_ANOMALY,HIGH_24H_VELOCITY,,phase3-v1
tx_0011104,2026-03-29 12:30:44,0,0.0001,LOW,APPROVE,0,LOW_RISK_ESTABLISHED_ACCOUNT,,,phase3-v1
tx_0012096,2026-03-29 12:31:12,0,0.0001,LOW,APPROVE,0,LOW_RISK_ESTABLISHED_ACCOUNT,,,phase3-v1
tx_0022792,2026-03-29 12:37:11,0,0.0001,LOW,APPROVE,0,GRAPH_MULTI_ENTITY_OVERLAP,GRAPH_SHARED_ADDRESS,GRAPH_CONNECTED_USERS,phase3-v1
tx_0001016,2026-03-29 12:37:45,0,0.0002,LOW,APPROVE,0,HIGH_AMOUNT_ANOMALY,,,phase3-v1
tx_0008756,2026-03-29 12:37:56,0,0.0,LOW,APPROVE,0,LOW_RISK_ESTABLISHED_ACCOUNT,,,phase3-v1
tx_0013447,2026-03-29 12:38:15,0,0.0001,LOW,APPROVE,0,HIGH_24H_VELOCITY,,,phase3-v1
tx_0021293,2026-03-29 12:38:43,0,0.0001,LOW,APPROVE,0,LOW_RISK_ESTABLISHED_ACCOUNT,,,phase3-v1
tx_0002335,2026-03-29 12:39:48,0,0.0001,LOW,APPROVE,0,LOW_RISK_ESTABLISHED_ACCOUNT,,,phase3-v1
tx_0020585,2026-03-29 12:39:54,0,0.0,LOW,APPROVE,0,LOW_RISK_ESTABLISHED_ACCOUNT,,,phase3-v1
tx_0022857,2026-03-29 12:41:33,0,0.0001,LOW,APPROVE,0,GRAPH_SHARED_PAYMENT,GRAPH_SHARED_ADDRESS,GRAPH_MULTI_ENTITY_OVERLAP,phase3-v1
tx_0014645,2026-03-29 12:41:49,0,0.0,LOW,APPROVE,0,HIGH_AMOUNT_ANOMALY,,,phase3-v1
tx_0016869,2026-03-29 12:43:51,0,0.0,LOW,APPROVE,0,LOW_RISK_ESTABLISHED_ACCOUNT,,,phase3-v1
tx_0005737,2026-03-29 12:45:30,0,0.0,LOW,APPROVE,0,LOW_RISK_ESTABLISHED_ACCOUNT,,,phase3-v1
tx_0018718,2026-03-29 12:45:59,0,0.0,LOW,APPROVE,0,LOW_RISK_ESTABLISHED_ACCOUNT,,,phase3-v1
tx_0007731,2026-03-29 12:48:03,0,0.0001,LOW,APPROVE,0,LOW_RISK_ESTABLISHED_ACCOUNT,,,phase3-v1
tx_0009595,2026-03-29 12:51:37,0,0.0001,LOW,APPROVE,0,LOW_RISK_ESTABLISHED_ACCOUNT,,,phase3-v1
tx_0025356,2026-03-29 12:53:10,0,0.0004,LOW,APPROVE,0,GRAPH_CONNECTED_USERS,,,phase3-v1
tx_0023312,2026-03-29 12:53:30,0,0.0001,LOW,APPROVE,0,GRAPH_MULTI_ENTITY_OVERLAP,GRAPH_SHARED_ADDRESS,,phase3-v1
tx_0008108,2026-03-29 12:53:52,0,0.0,LOW,APPROVE,0,LOW_RISK_ESTABLISHED_ACCOUNT,,,phase3-v1
tx_0021707,2026-03-29 12:54:46,0,0.0001,LOW,APPROVE,0,LOW_RISK_ESTABLISHED_ACCOUNT,,,phase3-v1
tx_0000957,2026-03-29 12:55:44,0,0.0,LOW,APPROVE,0,HIGH_24H_VELOCITY,,,phase3-v1
tx_0001320,2026-03-29 12:55:59,0,0.0,LOW,APPROVE,0,LOW_RISK_ESTABLISHED_ACCOUNT,,,phase3-v1
tx_0015165,2026-03-29 12:56:11,0,0.0001,LOW,APPROVE,0,LOW_RISK_ESTABLISHED_ACCOUNT,,,phase3-v1
tx_0018228,2026-03-29 12:58:08,0,0.0001,LOW,APPROVE,0,NEW_ACCOUNT,,,phase3-v1
tx_0018984,2026-03-29 12:59:54,0,0.0,LOW,APPROVE,0,LOW_RISK_ESTABLISHED_ACCOUNT,,,phase3-v1
tx_0000656,2026-03-29 13:00:00,0,0.0001,LOW,APPROVE,0,LOW_RISK_ESTABLISHED_ACCOUNT,,,phase3-v1
tx_0024987,2026-03-29 13:00:27,0,0.0001,LOW,APPROVE,0,GRAPH_MULTI_ENTITY_OVERLAP,GRAPH_SHARED_ADDRESS,,phase3-v1
tx_0013930,2026-03-29 13:01:12,0,0.0,LOW,APPROVE,0,LOW_RISK_ESTABLISHED_ACCOUNT,,,phase3-v1
tx_0006378,2026-03-29 13:06:04,0,0.0,LOW,APPROVE,0,LOW_RISK_ESTABLISHED_ACCOUNT,,,phase3-v1
tx_0023344,2026-03-29 13:08:40,0,0.0001,LOW,APPROVE,0,GRAPH_SHARED_ADDRESS,GRAPH_MULTI_ENTITY_OVERLAP,GRAPH_CONNECTED_USERS,phase3-v1
tx_0006559,2026-03-29 13:17:09,0,0.0001,LOW,APPROVE,0,LOW_RISK_ESTABLISHED_ACCOUNT,,,phase3-v1
tx_0004183,2026-03-29 13:23:53,0,0.0,LOW,APPROVE,0,LOW_RISK_ESTABLISHED_ACCOUNT,,,phase3-v1
tx_0007717,2026-03-29 13:24:10,0,0.0001,LOW,APPROVE,0,LOW_RISK_ESTABLISHED_ACCOUNT,,,phase3-v1
tx_0017032,2026-03-29 13:24:16,0,0.0,LOW,APPROVE,0,LOW_RISK_ESTABLISHED_ACCOUNT,,,phase3-v1
tx_0001566,2026-03-29 13:26:01,0,0.0,LOW,APPROVE,0,LOW_RISK_ESTABLISHED_ACCOUNT,,,phase3-v1
tx_0023212,2026-03-29 13:28:13,0,0.0001,LOW,APPROVE,0,GRAPH_CONNECTED_USERS,HIGH_AMOUNT_ANOMALY,,phase3-v1
tx_0022274,2026-03-29 13:28:38,0,0.0,LOW,APPROVE,0,LOW_RISK_ESTABLISHED_ACCOUNT,,,phase3-v1
tx_0013448,2026-03-29 13:29:56,0,0.0001,LOW,APPROVE,0,HIGH_24H_VELOCITY,HIGH_1H_VELOCITY,,phase3-v1
tx_0025580,2026-03-29 13:33:06,0,0.0005,LOW,APPROVE,0,GRAPH_CONNECTED_USERS,,,phase3-v1
tx_0016155,2026-03-29 13:35:26,0,0.0,LOW,APPROVE,0,LOW_RISK_ESTABLISHED_ACCOUNT,,,phase3-v1
tx_0003838,2026-03-29 13:36:37,0,0.0,LOW,APPROVE,0,LOW_RISK_ESTABLISHED_ACCOUNT,,,phase3-v1
tx_0022956,2026-03-29 13:38:14,0,0.0001,LOW,APPROVE,0,GRAPH_SHARED_ADDRESS,GRAPH_MULTI_ENTITY_OVERLAP,GRAPH_CONNECTED_USERS,phase3-v1
tx_0003642,2026-03-29 13:38:27,0,0.0001,LOW,APPROVE,0,LOW_RISK_ESTABLISHED_ACCOUNT,,,phase3-v1
tx_0022373,2026-03-29 13:40:53,0,0.0001,LOW,APPROVE,0,LOW_RISK_ESTABLISHED_ACCOUNT,,,phase3-v1
tx_0005521,2026-03-29 13:45:30,0,0.0,LOW,APPROVE,0,LOW_RISK_ESTABLISHED_ACCOUNT,,,phase3-v1
tx_0015433,2026-03-29 13:46:43,0,0.0,LOW,APPROVE,0,LOW_RISK_ESTABLISHED_ACCOUNT,,,phase3-v1
tx_0008157,2026-03-29 13:46:46,0,0.0,LOW,APPROVE,0,LOW_RISK_ESTABLISHED_ACCOUNT,,,phase3-v1
tx_0022096,2026-03-29 13:48:29,0,0.0,LOW,APPROVE,0,LOW_RISK_ESTABLISHED_ACCOUNT,,,phase3-v1
tx_0007022,2026-03-29 13:49:29,0,0.0001,LOW,APPROVE,0,LOW_RISK_ESTABLISHED_ACCOUNT,,,phase3-v1
tx_0020769,2026-03-29 13:49:58,0,0.0,LOW,APPROVE,0,LOW_RISK_ESTABLISHED_ACCOUNT,,,phase3-v1
tx_0002626,2026-03-29 13:50:58,0,0.0,LOW,APPROVE,0,LOW_RISK_ESTABLISHED_ACCOUNT,,,phase3-v1
tx_0018215,2026-03-29 13:51:10,0,0.0001,LOW,APPROVE,0,LOW_RISK_ESTABLISHED_ACCOUNT,,,phase3-v1
tx_0007755,2026-03-29 13:52:55,0,0.0002,LOW,APPROVE,0,HIGH_24H_VELOCITY,,,phase3-v1
tx_0023409,2026-03-29 13:54:05,0,0.0001,LOW,APPROVE,0,GRAPH_SHARED_ADDRESS,GRAPH_CONNECTED_USERS,GRAPH_MULTI_ENTITY_OVERLAP,phase3-v1
tx_0022100,2026-03-29 13:56:51,0,0.0,LOW,APPROVE,0,LOW_RISK_ESTABLISHED_ACCOUNT,,,phase3-v1
tx_0006528,2026-03-29 13:56:53,0,0.0,LOW,APPROVE,0,LOW_RISK_ESTABLISHED_ACCOUNT,,,phase3-v1
tx_0023512,2026-03-29 13:57:48,0,0.0001,LOW,APPROVE,0,GRAPH_SHARED_ADDRESS,GRAPH_MULTI_ENTITY_OVERLAP,GRAPH_CONNECTED_USERS,phase3-v1
tx_0010322,2026-03-29 13:58:41,0,0.0,LOW,APPROVE,0,LOW_RISK_ESTABLISHED_ACCOUNT,,,phase3-v1
tx_0000623,2026-03-29 13:59:15,0,0.0001,LOW,APPROVE,0,LOW_RISK_ESTABLISHED_ACCOUNT,,,phase3-v1
tx_0019716,2026-03-29 14:01:41,0,0.0001,LOW,APPROVE,0,LOW_RISK_ESTABLISHED_ACCOUNT,,,phase3-v1
tx_0013098,2026-03-29 14:02:44,0,0.0,LOW,APPROVE,0,LOW_RISK_ESTABLISHED_ACCOUNT,,,phase3-v1
tx_0003423,2026-03-29 14:06:23,0,0.0,LOW,APPROVE,0,LOW_RISK_ESTABLISHED_ACCOUNT,,,phase3-v1
tx_0016363,2026-03-29 14:07:51,0,0.0001,LOW,APPROVE,0,LOW_RISK_ESTABLISHED_ACCOUNT,,,phase3-v1
tx_0019456,2026-03-29 14:08:03,0,0.0,LOW,APPROVE,0,LOW_RISK_ESTABLISHED_ACCOUNT,,,phase3-v1
tx_0003193,2026-03-29 14:10:45,0,0.0,LOW,APPROVE,0,LOW_RISK_ESTABLISHED_ACCOUNT,,,phase3-v1
tx_0010302,2026-03-29 14:14:39,0,0.0001,LOW,APPROVE,0,LOW_RISK_ESTABLISHED_ACCOUNT,,,phase3-v1
tx_0008356,2026-03-29 14:18:09,0,0.0,LOW,APPROVE,0,LOW_RISK_ESTABLISHED_ACCOUNT,,,phase3-v1
tx_0008954,2026-03-29 14:25:24,0,0.0,LOW,APPROVE,0,LOW_RISK_ESTABLISHED_ACCOUNT,,,phase3-v1
tx_0018931,2026-03-29 14:28:20,0,0.0,LOW,APPROVE,0,LOW_RISK_ESTABLISHED_ACCOUNT,,,phase3-v1
tx_0007524,2026-03-29 14:31:07,0,0.0,LOW,APPROVE,0,LOW_RISK_ESTABLISHED_ACCOUNT,,,phase3-v1
tx_0005587,2026-03-29 14:31:27,0,0.0001,LOW,APPROVE,0,LOW_RISK_ESTABLISHED_ACCOUNT,,,phase3-v1
tx_0016343,2026-03-29 14:33:05,0,0.0,LOW,APPROVE,0,LOW_RISK_ESTABLISHED_ACCOUNT,,,phase3-v1
tx_0013540,2026-03-29 14:33:08,0,0.0,LOW,APPROVE,0,LOW_RISK_ESTABLISHED_ACCOUNT,,,phase3-v1
tx_0000111,2026-03-29 14:34:17,0,0.0,LOW,APPROVE,0,LOW_RISK_ESTABLISHED_ACCOUNT,,,phase3-v1
tx_0007318,2026-03-29 14:40:20,0,0.0001,LOW,APPROVE,0,LOW_RISK_ESTABLISHED_ACCOUNT,,,phase3-v1
tx_0021926,2026-03-29 14:44:05,0,0.0,LOW,APPROVE,0,LOW_RISK_ESTABLISHED_ACCOUNT,,,phase3-v1
tx_0012045,2026-03-29 14:46:49,0,0.0,LOW,APPROVE,0,LOW_RISK_ESTABLISHED_ACCOUNT,,,phase3-v1
tx_0008613,2026-03-29 14:48:05,0,0.0001,LOW,APPROVE,0,LOW_RISK_ESTABLISHED_ACCOUNT,,,phase3-v1
tx_0023403,2026-03-29 14:49:33,0,0.0032,LOW,APPROVE,0,GRAPH_SHARED_ADDRESS,GRAPH_MULTI_ENTITY_OVERLAP,GRAPH_CONNECTED_USERS,phase3-v1
tx_0014635,2026-03-29 14:52:55,0,0.0001,LOW,APPROVE,0,LOW_RISK_ESTABLISHED_ACCOUNT,,,phase3-v1
tx_0002137,2026-03-29 14:55:25,0,0.0001,LOW,APPROVE,0,LOW_RISK_ESTABLISHED_ACCOUNT,,,phase3-v1
tx_0023869,2026-03-29 14:57:50,0,0.0001,LOW,APPROVE,0,GRAPH_CONNECTED_USERS,,,phase3-v1
tx_0019146,2026-03-29 14:58:28,0,0.0002,LOW,APPROVE,0,HIGH_AMOUNT_ANOMALY,,,phase3-v1
tx_0010860,2026-03-29 15:02:08,0,0.0,LOW,APPROVE,0,LOW_RISK_ESTABLISHED_ACCOUNT,,,phase3-v1
tx_0018039,2026-03-29 15:03:50,0,0.0001,LOW,APPROVE,0,LOW_RISK_ESTABLISHED_ACCOUNT,,,phase3-v1
tx_0004323,2026-03-29 15:04:36,0,0.0001,LOW,APPROVE,0,LOW_RISK_ESTABLISHED_ACCOUNT,,,phase3-v1
tx_0008721,2026-03-29 15:09:53,0,0.0,LOW,APPROVE,0,LOW_RISK_ESTABLISHED_ACCOUNT,,,phase3-v1
tx_0004545,2026-03-29 15:10:51,0,0.0002,LOW,APPROVE,0,HIGH_AMOUNT_ANOMALY,,,phase3-v1
tx_0025970,2026-03-29 15:17:46,0,0.0001,LOW,APPROVE,0,GRAPH_MULTI_ENTITY_OVERLAP,GRAPH_SHARED_ADDRESS,,phase3-v1
tx_0018043,2026-03-29 15:26:27,0,0.0,LOW,APPROVE,0,LOW_RISK_ESTABLISHED_ACCOUNT,,,phase3-v1
tx_0005299,2026-03-29 15:27:02,0,0.0,LOW,APPROVE,0,LOW_RISK_ESTABLISHED_ACCOUNT,,,phase3-v1
tx_0001521,2026-03-29 15:27:20,0,0.0,LOW,APPROVE,0,LOW_RISK_ESTABLISHED_ACCOUNT,,,phase3-v1
tx_0017456,2026-03-29 15:31:34,0,0.0,LOW,APPROVE,0,LOW_RISK_ESTABLISHED_ACCOUNT,,,phase3-v1
tx_0001936,2026-03-29 15:42:49,0,0.0001,LOW,APPROVE,0,LOW_RISK_ESTABLISHED_ACCOUNT,,,phase3-v1
tx_0018023,2026-03-29 15:45:59,0,0.0,LOW,APPROVE,0,LOW_RISK_ESTABLISHED_ACCOUNT,,,phase3-v1
tx_0023727,2026-03-29 15:46:34,0,0.0001,LOW,APPROVE,0,GRAPH_SHARED_PAYMENT,GRAPH_MULTI_ENTITY_OVERLAP,GRAPH_SHARED_ADDRESS,phase3-v1
tx_0021209,2026-03-29 15:47:04,0,0.0,LOW,APPROVE,0,LOW_RISK_ESTABLISHED_ACCOUNT,,,phase3-v1
tx_0016475,2026-03-29 15:50:50,0,0.0001,LOW,APPROVE,0,LOW_RISK_ESTABLISHED_ACCOUNT,,,phase3-v1
tx_0015642,2026-03-29 15:54:28,0,0.0,LOW,APPROVE,0,LOW_RISK_ESTABLISHED_ACCOUNT,,,phase3-v1
tx_0007325,2026-03-29 15:55:16,0,0.0001,LOW,APPROVE,0,LOW_RISK_ESTABLISHED_ACCOUNT,,,phase3-v1
tx_0005975,2026-03-29 15:55:35,0,0.0,LOW,APPROVE,0,LOW_RISK_ESTABLISHED_ACCOUNT,,,phase3-v1
tx_0017874,2026-03-29 15:57:26,0,0.0,LOW,APPROVE,0,LOW_RISK_ESTABLISHED_ACCOUNT,,,phase3-v1
tx_0000579,2026-03-29 16:02:49,0,0.0001,LOW,APPROVE,0,LOW_RISK_ESTABLISHED_ACCOUNT,,,phase3-v1
tx_0017066,2026-03-29 16:03:53,0,0.0001,LOW,APPROVE,0,LOW_RISK_ESTABLISHED_ACCOUNT,,,phase3-v1
tx_0024168,2026-03-29 16:05:20,0,0.0001,LOW,APPROVE,0,GRAPH_SHARED_ADDRESS,GRAPH_MULTI_ENTITY_OVERLAP,GRAPH_CONNECTED_USERS,phase3-v1
tx_0001656,2026-03-29 16:08:02,0,0.0,LOW,APPROVE,0,LOW_RISK_ESTABLISHED_ACCOUNT,,,phase3-v1
tx_0008447,2026-03-29 16:11:22,0,0.0001,LOW,APPROVE,0,LOW_RISK_ESTABLISHED_ACCOUNT,,,phase3-v1
tx_0000935,2026-03-29 16:14:08,0,0.0,LOW,APPROVE,0,LOW_RISK_ESTABLISHED_ACCOUNT,,,phase3-v1
tx_0004689,2026-03-29 16:19:03,0,0.0,LOW,APPROVE,0,LOW_RISK_ESTABLISHED_ACCOUNT,,,phase3-v1
tx_0005642,2026-03-29 16:19:13,0,0.0001,LOW,APPROVE,0,LOW_RISK_ESTABLISHED_ACCOUNT,,,phase3-v1
tx_0016163,2026-03-29 16:20:46,0,0.0001,LOW,APPROVE,0,LOW_RISK_ESTABLISHED_ACCOUNT,,,phase3-v1
tx_0024910,2026-03-29 16:21:31,0,0.0025,LOW,APPROVE,0,GRAPH_SHARED_DEVICE,GRAPH_SHARED_PAYMENT,GRAPH_SHARED_ADDRESS,phase3-v1
tx_0024258,2026-03-29 16:23:03,0,0.0002,LOW,APPROVE,0,GRAPH_SHARED_PAYMENT,GRAPH_MULTI_ENTITY_OVERLAP,GRAPH_SHARED_ADDRESS,phase3-v1
tx_0019528,2026-03-29 16:30:11,0,0.0,LOW,APPROVE,0,LOW_RISK_ESTABLISHED_ACCOUNT,,,phase3-v1
tx_0023144,2026-03-29 16:32:19,0,0.0001,LOW,APPROVE,0,GRAPH_SHARED_ADDRESS,GRAPH_MULTI_ENTITY_OVERLAP,GRAPH_CONNECTED_USERS,phase3-v1
tx_0007552,2026-03-29 16:34:56,0,0.0,LOW,APPROVE,0,LOW_RISK_ESTABLISHED_ACCOUNT,,,phase3-v1
tx_0000368,2026-03-29 16:37:39,0,0.0,LOW,APPROVE,0,LOW_RISK_ESTABLISHED_ACCOUNT,,,phase3-v1
tx_0019297,2026-03-29 16:37:49,0,0.0,LOW,APPROVE,0,LOW_RISK_ESTABLISHED_ACCOUNT,,,phase3-v1
tx_0017929,2026-03-29 16:39:44,0,0.0001,LOW,APPROVE,0,LOW_RISK_ESTABLISHED_ACCOUNT,,,phase3-v1
tx_0016219,2026-03-29 16:41:58,0,0.0001,LOW,APPROVE,0,LOW_RISK_ESTABLISHED_ACCOUNT,,,phase3-v1
tx_0007455,2026-03-29 16:43:44,0,0.0,LOW,APPROVE,0,LOW_RISK_ESTABLISHED_ACCOUNT,,,phase3-v1
tx_0002234,2026-03-29 16:45:06,0,0.0,LOW,APPROVE,0,LOW_RISK_ESTABLISHED_ACCOUNT,,,phase3-v1
tx_0013994,2026-03-29 16:45:34,0,0.0001,LOW,APPROVE,0,LOW_RISK_ESTABLISHED_ACCOUNT,,,phase3-v1
tx_0020491,2026-03-29 16:46:31,0,0.0002,LOW,APPROVE,0,LOW_RISK_ESTABLISHED_ACCOUNT,,,phase3-v1
tx_0013056,2026-03-29 16:48:57,0,0.0001,LOW,APPROVE,0,LOW_RISK_ESTABLISHED_ACCOUNT,,,phase3-v1
tx_0024323,2026-03-29 16:49:19,0,0.0001,LOW,APPROVE,0,GRAPH_CONNECTED_USERS,,,phase3-v1
tx_0023746,2026-03-29 16:49:55,0,0.0001,LOW,APPROVE,0,GRAPH_CONNECTED_USERS,,,phase3-v1
tx_0000896,2026-03-29 16:50:01,0,0.0001,LOW,APPROVE,0,HIGH_AMOUNT_ANOMALY,,,phase3-v1
tx_0016001,2026-03-29 16:50:13,0,0.0,LOW,APPROVE,0,LOW_RISK_ESTABLISHED_ACCOUNT,,,phase3-v1
tx_0020046,2026-03-29 16:50:39,0,0.0001,LOW,APPROVE,0,LOW_RISK_ESTABLISHED_ACCOUNT,,,phase3-v1
tx_0016633,2026-03-29 16:51:24,0,0.0,LOW,APPROVE,0,LOW_RISK_ESTABLISHED_ACCOUNT,,,phase3-v1
tx_0000441,2026-03-29 16:51:49,0,0.0,LOW,APPROVE,0,LOW_RISK_ESTABLISHED_ACCOUNT,,,phase3-v1
tx_0022833,2026-03-29 16:54:51,0,0.0001,LOW,APPROVE,0,GRAPH_SHARED_ADDRESS,GRAPH_MULTI_ENTITY_OVERLAP,GRAPH_CONNECTED_USERS,phase3-v1
tx_0010852,2026-03-29 16:58:04,0,0.0001,LOW,APPROVE,0,LOW_RISK_ESTABLISHED_ACCOUNT,,,phase3-v1
tx_0008257,2026-03-29 17:01:04,0,0.0001,LOW,APPROVE,0,LOW_RISK_ESTABLISHED_ACCOUNT,,,phase3-v1
tx_0018306,2026-03-29 17:01:54,0,0.0001,LOW,APPROVE,0,LOW_RISK_ESTABLISHED_ACCOUNT,,,phase3-v1
tx_0020404,2026-03-29 17:02:14,0,0.0001,LOW,APPROVE,0,LOW_RISK_ESTABLISHED_ACCOUNT,,,phase3-v1
tx_0020618,2026-03-29 17:07:54,0,0.0,LOW,APPROVE,0,PROMO_ACTIVITY,,,phase3-v1
tx_0001653,2026-03-29 17:08:10,0,0.0001,LOW,APPROVE,0,HIGH_AMOUNT_ANOMALY,HIGH_24H_VELOCITY,,phase3-v1
tx_0012883,2026-03-29 17:08:13,0,0.0001,LOW,APPROVE,0,LOW_RISK_ESTABLISHED_ACCOUNT,,,phase3-v1
tx_0024434,2026-03-29 17:11:17,0,0.0002,LOW,APPROVE,0,GRAPH_SHARED_PAYMENT,GRAPH_SHARED_ADDRESS,GRAPH_MULTI_ENTITY_OVERLAP,phase3-v1
tx_0011791,2026-03-29 17:13:55,0,0.0001,LOW,APPROVE,0,HIGH_AMOUNT_ANOMALY,,,phase3-v1
tx_0010800,2026-03-29 17:17:22,0,0.0001,LOW,APPROVE,0,LOW_RISK_ESTABLISHED_ACCOUNT,,,phase3-v1
tx_0007451,2026-03-29 17:21:14,0,0.0,LOW,APPROVE,0,LOW_RISK_ESTABLISHED_ACCOUNT,,,phase3-v1
tx_0021460,2026-03-29 17:23:29,0,0.0001,LOW,APPROVE,0,LOW_RISK_ESTABLISHED_ACCOUNT,,,phase3-v1
tx_0024172,2026-03-29 17:24:35,0,0.0002,LOW,APPROVE,0,GRAPH_SHARED_ADDRESS,GRAPH_MULTI_ENTITY_OVERLAP,GRAPH_CONNECTED_USERS,phase3-v1
tx_0012676,2026-03-29 17:24:49,0,0.0,LOW,APPROVE,0,LOW_RISK_ESTABLISHED_ACCOUNT,,,phase3-v1
tx_0020568,2026-03-29 17:25:07,0,0.0,LOW,APPROVE,0,LOW_RISK_ESTABLISHED_ACCOUNT,,,phase3-v1
tx_0021448,2026-03-29 17:25:34,0,0.0,LOW,APPROVE,0,LOW_RISK_ESTABLISHED_ACCOUNT,,,phase3-v1
tx_0010451,2026-03-29 17:27:02,0,0.0001,LOW,APPROVE,0,LOW_RISK_ESTABLISHED_ACCOUNT,,,phase3-v1
tx_0021444,2026-03-29 17:30:34,0,0.0,LOW,APPROVE,0,LOW_RISK_ESTABLISHED_ACCOUNT,,,phase3-v1
tx_0008842,2026-03-29 17:30:41,0,0.0,LOW,APPROVE,0,LOW_RISK_ESTABLISHED_ACCOUNT,,,phase3-v1
tx_0017073,2026-03-29 17:30:59,0,0.0001,LOW,APPROVE,0,LOW_RISK_ESTABLISHED_ACCOUNT,,,phase3-v1
tx_0007486,2026-03-29 17:31:37,0,0.0,LOW,APPROVE,0,LOW_RISK_ESTABLISHED_ACCOUNT,,,phase3-v1
tx_0012449,2026-03-29 17:33:13,0,0.0,LOW,APPROVE,0,LOW_RISK_ESTABLISHED_ACCOUNT,,,phase3-v1
tx_0018317,2026-03-29 17:33:46,0,0.0,LOW,APPROVE,0,LOW_RISK_ESTABLISHED_ACCOUNT,,,phase3-v1
tx_0007215,2026-03-29 17:34:59,0,0.0,LOW,APPROVE,0,LOW_RISK_ESTABLISHED_ACCOUNT,,,phase3-v1
tx_0006101,2026-03-29 17:35:14,0,0.0001,LOW,APPROVE,0,LOW_RISK_ESTABLISHED_ACCOUNT,,,phase3-v1
tx_0002629,2026-03-29 17:36:48,0,0.0,LOW,APPROVE,0,HIGH_24H_VELOCITY,,,phase3-v1
tx_0016043,2026-03-29 17:37:51,0,0.0001,LOW,APPROVE,0,LOW_RISK_ESTABLISHED_ACCOUNT,,,phase3-v1
tx_0004617,2026-03-29 17:37:53,0,0.0,LOW,APPROVE,0,LOW_RISK_ESTABLISHED_ACCOUNT,,,phase3-v1
tx_0024304,2026-03-29 17:39:10,0,0.0003,LOW,APPROVE,0,GRAPH_CONNECTED_USERS,,,phase3-v1
tx_0002631,2026-03-29 17:41:48,0,0.0,LOW,APPROVE,0,LOW_RISK_ESTABLISHED_ACCOUNT,,,phase3-v1
tx_0005802,2026-03-29 17:46:51,0,0.0,LOW,APPROVE,0,LOW_RISK_ESTABLISHED_ACCOUNT,,,phase3-v1
tx_0004179,2026-03-29 17:47:03,0,0.0,LOW,APPROVE,0,HIGH_24H_VELOCITY,,,phase3-v1
tx_0002567,2026-03-29 17:54:21,0,0.0001,LOW,APPROVE,0,LOW_RISK_ESTABLISHED_ACCOUNT,,,phase3-v1
tx_0024264,2026-03-29 17:54:45,0,0.0001,LOW,APPROVE,0,GRAPH_CONNECTED_USERS,,,phase3-v1
tx_0002896,2026-03-29 17:56:56,0,0.0001,LOW,APPROVE,0,LOW_RISK_ESTABLISHED_ACCOUNT,,,phase3-v1
tx_0015643,2026-03-29 17:57:07,0,0.0,LOW,APPROVE,0,LOW_RISK_ESTABLISHED_ACCOUNT,,,phase3-v1
tx_0004624,2026-03-29 17:59:13,0,0.0,LOW,APPROVE,0,LOW_RISK_ESTABLISHED_ACCOUNT,,,phase3-v1
tx_0013461,2026-03-29 17:59:15,0,0.0,LOW,APPROVE,0,LOW_RISK_ESTABLISHED_ACCOUNT,,,phase3-v1
tx_0023588,2026-03-29 17:59:39,0,0.0001,LOW,APPROVE,0,GRAPH_MULTI_ENTITY_OVERLAP,GRAPH_SHARED_ADDRESS,GRAPH_CONNECTED_USERS,phase3-v1
tx_0021083,2026-03-29 18:00:42,0,0.0,LOW,APPROVE,0,LOW_RISK_ESTABLISHED_ACCOUNT,,,phase3-v1
tx_0021660,2026-03-29 18:05:52,0,0.0002,LOW,APPROVE,0,HIGH_AMOUNT_ANOMALY,,,phase3-v1
tx_0020874,2026-03-29 18:06:12,0,0.0001,LOW,APPROVE,0,LOW_RISK_ESTABLISHED_ACCOUNT,,,phase3-v1
tx_0001225,2026-03-29 18:11:52,0,0.0,LOW,APPROVE,0,LOW_RISK_ESTABLISHED_ACCOUNT,,,phase3-v1
tx_0007632,2026-03-29 18:12:24,0,0.0001,LOW,APPROVE,0,NEW_ACCOUNT,,,phase3-v1
tx_0014142,2026-03-29 18:12:24,0,0.0,LOW,APPROVE,0,LOW_RISK_ESTABLISHED_ACCOUNT,,,phase3-v1
tx_0022832,2026-03-29 18:12:28,0,0.0001,LOW,APPROVE,0,GRAPH_SHARED_ADDRESS,GRAPH_MULTI_ENTITY_OVERLAP,GRAPH_CONNECTED_USERS,phase3-v1
tx_0023584,2026-03-29 18:13:20,0,0.0001,LOW,APPROVE,0,GRAPH_SHARED_PAYMENT,GRAPH_MULTI_ENTITY_OVERLAP,GRAPH_SHARED_ADDRESS,phase3-v1
tx_0003246,2026-03-29 18:13:52,0,0.0,LOW,APPROVE,0,LOW_RISK_ESTABLISHED_ACCOUNT,,,phase3-v1
tx_0012148,2026-03-29 18:14:27,0,0.0001,LOW,APPROVE,0,LOW_RISK_ESTABLISHED_ACCOUNT,,,phase3-v1
tx_0007820,2026-03-29 18:14:45,0,0.0,LOW,APPROVE,0,LOW_RISK_ESTABLISHED_ACCOUNT,,,phase3-v1
tx_0019042,2026-03-29 18:16:26,0,0.0,LOW,APPROVE,0,LOW_RISK_ESTABLISHED_ACCOUNT,,,phase3-v1
tx_0020235,2026-03-29 18:16:36,0,0.0,LOW,APPROVE,0,LOW_RISK_ESTABLISHED_ACCOUNT,,,phase3-v1
tx_0001175,2026-03-29 18:19:36,0,0.0,LOW,APPROVE,0,LOW_RISK_ESTABLISHED_ACCOUNT,,,phase3-v1
tx_0001300,2026-03-29 18:19:38,0,0.0001,LOW,APPROVE,0,LOW_RISK_ESTABLISHED_ACCOUNT,,,phase3-v1
tx_0007326,2026-03-29 18:21:29,0,0.0002,LOW,APPROVE,0,HIGH_AMOUNT_ANOMALY,HIGH_24H_VELOCITY,,phase3-v1
tx_0018434,2026-03-29 18:25:14,0,0.0002,LOW,APPROVE,0,LOW_RISK_ESTABLISHED_ACCOUNT,,,phase3-v1
tx_0001042,2026-03-29 18:26:36,0,0.0001,LOW,APPROVE,0,LOW_RISK_ESTABLISHED_ACCOUNT,,,phase3-v1
tx_0007034,2026-03-29 18:27:17,0,0.0,LOW,APPROVE,0,LOW_RISK_ESTABLISHED_ACCOUNT,,,phase3-v1
tx_0023535,2026-03-29 18:27:58,0,0.0006,LOW,APPROVE,0,GRAPH_CONNECTED_USERS,,,phase3-v1
tx_0016429,2026-03-29 18:28:48,0,0.0,LOW,APPROVE,0,LOW_RISK_ESTABLISHED_ACCOUNT,,,phase3-v1
tx_0015083,2026-03-29 18:29:15,0,0.0,LOW,APPROVE,0,LOW_RISK_ESTABLISHED_ACCOUNT,,,phase3-v1
tx_0001725,2026-03-29 18:30:25,0,0.0,LOW,APPROVE,0,LOW_RISK_ESTABLISHED_ACCOUNT,,,phase3-v1
tx_0023279,2026-03-29 18:30:38,0,0.0001,LOW,APPROVE,0,GRAPH_CONNECTED_USERS,,,phase3-v1
tx_0023833,2026-03-29 18:31:20,0,0.0004,LOW,APPROVE,0,GRAPH_CONNECTED_USERS,,,phase3-v1
tx_0005514,2026-03-29 18:33:53,0,0.0001,LOW,APPROVE,0,LOW_RISK_ESTABLISHED_ACCOUNT,,,phase3-v1
tx_0022109,2026-03-29 18:36:51,0,0.0001,LOW,APPROVE,0,LOW_RISK_ESTABLISHED_ACCOUNT,,,phase3-v1
tx_0007676,2026-03-29 18:37:21,0,0.0,LOW,APPROVE,0,LOW_RISK_ESTABLISHED_ACCOUNT,,,phase3-v1
tx_0025824,2026-03-29 18:39:51,0,0.0004,LOW,APPROVE,0,GRAPH_CONNECTED_USERS,,,phase3-v1
tx_0010413,2026-03-29 18:41:05,0,0.0,LOW,APPROVE,0,LOW_RISK_ESTABLISHED_ACCOUNT,,,phase3-v1
tx_0010497,2026-03-29 18:42:39,0,0.0,LOW,APPROVE,0,LOW_RISK_ESTABLISHED_ACCOUNT,,,phase3-v1
tx_0019865,2026-03-29 18:44:34,0,0.0001,LOW,APPROVE,0,LOW_RISK_ESTABLISHED_ACCOUNT,,,phase3-v1
tx_0001220,2026-03-29 18:46:40,0,0.0001,LOW,APPROVE,0,HIGH_AMOUNT_ANOMALY,HIGH_1H_VELOCITY,,phase3-v1
tx_0003442,2026-03-29 18:46:46,0,0.0001,LOW,APPROVE,0,LOW_RISK_ESTABLISHED_ACCOUNT,,,phase3-v1
tx_0007362,2026-03-29 18:47:30,0,0.0,LOW,APPROVE,0,LOW_RISK_ESTABLISHED_ACCOUNT,,,phase3-v1
tx_0023585,2026-03-29 18:47:34,0,0.0002,LOW,APPROVE,0,GRAPH_SHARED_PAYMENT,GRAPH_MULTI_ENTITY_OVERLAP,GRAPH_SHARED_ADDRESS,phase3-v1
tx_0008441,2026-03-29 18:47:41,0,0.0,LOW,APPROVE,0,LOW_RISK_ESTABLISHED_ACCOUNT,,,phase3-v1
tx_0018879,2026-03-29 18:49:34,0,0.0,LOW,APPROVE,0,LOW_RISK_ESTABLISHED_ACCOUNT,,,phase3-v1
tx_0023153,2026-03-29 18:51:59,0,0.0002,LOW,APPROVE,0,GRAPH_SHARED_ADDRESS,GRAPH_MULTI_ENTITY_OVERLAP,GRAPH_CONNECTED_USERS,phase3-v1
tx_0013820,2026-03-29 18:52:37,0,0.0001,LOW,APPROVE,0,LOW_RISK_ESTABLISHED_ACCOUNT,,,phase3-v1
tx_0016346,2026-03-29 18:53:49,0,0.0,LOW,APPROVE,0,LOW_RISK_ESTABLISHED_ACCOUNT,,,phase3-v1
tx_0010731,2026-03-29 18:57:19,0,0.0001,LOW,APPROVE,0,LOW_RISK_ESTABLISHED_ACCOUNT,,,phase3-v1
tx_0014439,2026-03-29 18:57:59,0,0.0,LOW,APPROVE,0,PROMO_ACTIVITY,,,phase3-v1
tx_0004331,2026-03-29 18:59:57,0,0.0,LOW,APPROVE,0,LOW_RISK_ESTABLISHED_ACCOUNT,,,phase3-v1
tx_0000951,2026-03-29 19:00:32,0,0.0,LOW,APPROVE,0,HIGH_24H_VELOCITY,,,phase3-v1
tx_0004558,2026-03-29 19:01:58,0,0.0,LOW,APPROVE,0,LOW_RISK_ESTABLISHED_ACCOUNT,,,phase3-v1
tx_0019578,2026-03-29 19:01:59,0,0.0,LOW,APPROVE,0,LOW_RISK_ESTABLISHED_ACCOUNT,,,phase3-v1
tx_0016216,2026-03-29 19:03:37,0,0.0001,LOW,APPROVE,0,LOW_RISK_ESTABLISHED_ACCOUNT,,,phase3-v1
tx_0008381,2026-03-29 19:04:06,0,0.0,LOW,APPROVE,0,LOW_RISK_ESTABLISHED_ACCOUNT,,,phase3-v1
tx_0008980,2026-03-29 19:04:34,0,0.0,LOW,APPROVE,0,LOW_RISK_ESTABLISHED_ACCOUNT,,,phase3-v1
tx_0021607,2026-03-29 19:06:23,0,0.0001,LOW,APPROVE,0,LOW_RISK_ESTABLISHED_ACCOUNT,,,phase3-v1
tx_0006522,2026-03-29 19:07:21,0,0.0001,LOW,APPROVE,0,LOW_RISK_ESTABLISHED_ACCOUNT,,,phase3-v1
tx_0001891,2026-03-29 19:11:43,0,0.0,LOW,APPROVE,0,LOW_RISK_ESTABLISHED_ACCOUNT,,,phase3-v1
tx_0021961,2026-03-29 19:12:09,0,0.0001,LOW,APPROVE,0,LOW_RISK_ESTABLISHED_ACCOUNT,,,phase3-v1
tx_0002127,2026-03-29 19:14:50,0,0.0,LOW,APPROVE,0,LOW_RISK_ESTABLISHED_ACCOUNT,,,phase3-v1
tx_0022691,2026-03-29 19:17:22,0,0.0001,LOW,APPROVE,0,GRAPH_SHARED_ADDRESS,GRAPH_MULTI_ENTITY_OVERLAP,GRAPH_CONNECTED_USERS,phase3-v1
tx_0016284,2026-03-29 19:23:54,0,0.0001,LOW,APPROVE,0,LOW_RISK_ESTABLISHED_ACCOUNT,,,phase3-v1
tx_0022671,2026-03-29 19:25:48,0,0.0001,LOW,APPROVE,0,GRAPH_SHARED_ADDRESS,GRAPH_MULTI_ENTITY_OVERLAP,GRAPH_CONNECTED_USERS,phase3-v1
tx_0015517,2026-03-29 19:27:13,0,0.0001,LOW,APPROVE,0,HIGH_24H_VELOCITY,,,phase3-v1
tx_0002181,2026-03-29 19:29:36,0,0.0,LOW,APPROVE,0,LOW_RISK_ESTABLISHED_ACCOUNT,,,phase3-v1
tx_0014664,2026-03-29 19:31:18,0,0.0,LOW,APPROVE,0,LOW_RISK_ESTABLISHED_ACCOUNT,,,phase3-v1
tx_0003303,2026-03-29 19:33:32,0,0.0,LOW,APPROVE,0,PROMO_ACTIVITY,,,phase3-v1
tx_0007422,2026-03-29 19:34:57,0,0.0001,LOW,APPROVE,0,LOW_RISK_ESTABLISHED_ACCOUNT,,,phase3-v1
tx_0003645,2026-03-29 19:36:45,0,0.0,LOW,APPROVE,0,LOW_RISK_ESTABLISHED_ACCOUNT,,,phase3-v1
tx_0009144,2026-03-29 19:36:51,0,0.0,LOW,APPROVE,0,LOW_RISK_ESTABLISHED_ACCOUNT,,,phase3-v1
tx_0019767,2026-03-29 19:41:41,0,0.0001,LOW,APPROVE,0,LOW_RISK_ESTABLISHED_ACCOUNT,,,phase3-v1
tx_0017448,2026-03-29 19:42:24,0,0.0,LOW,APPROVE,0,LOW_RISK_ESTABLISHED_ACCOUNT,,,phase3-v1
tx_0019932,2026-03-29 19:42:25,0,0.0,LOW,APPROVE,0,LOW_RISK_ESTABLISHED_ACCOUNT,,,phase3-v1
tx_0022632,2026-03-29 19:49:53,0,0.0001,LOW,APPROVE,0,GRAPH_MULTI_ENTITY_OVERLAP,GRAPH_SHARED_ADDRESS,,phase3-v1
tx_0003534,2026-03-29 19:50:07,0,0.0,LOW,APPROVE,0,LOW_RISK_ESTABLISHED_ACCOUNT,,,phase3-v1
tx_0015988,2026-03-29 19:51:12,0,0.0,LOW,APPROVE,0,LOW_RISK_ESTABLISHED_ACCOUNT,,,phase3-v1
tx_0025417,2026-03-29 19:52:49,0,0.0001,LOW,APPROVE,0,GRAPH_MULTI_ENTITY_OVERLAP,GRAPH_SHARED_PAYMENT,GRAPH_SHARED_ADDRESS,phase3-v1
tx_0013512,2026-03-29 19:53:11,0,0.0,LOW,APPROVE,0,LOW_RISK_ESTABLISHED_ACCOUNT,,,phase3-v1
tx_0019136,2026-03-29 19:57:28,0,0.0,LOW,APPROVE,0,LOW_RISK_ESTABLISHED_ACCOUNT,,,phase3-v1
tx_0004544,2026-03-29 19:57:44,0,0.0002,LOW,APPROVE,0,LOW_RISK_ESTABLISHED_ACCOUNT,,,phase3-v1
tx_0005251,2026-03-29 20:04:07,0,0.0001,LOW,APPROVE,0,LOW_RISK_ESTABLISHED_ACCOUNT,,,phase3-v1
tx_0020725,2026-03-29 20:10:24,0,0.0001,LOW,APPROVE,0,LOW_RISK_ESTABLISHED_ACCOUNT,,,phase3-v1
tx_0007327,2026-03-29 20:12:43,0,0.0001,LOW,APPROVE,0,LOW_RISK_ESTABLISHED_ACCOUNT,,,phase3-v1
tx_0014722,2026-03-29 20:14:51,0,0.0001,LOW,APPROVE,0,LOW_RISK_ESTABLISHED_ACCOUNT,,,phase3-v1
tx_0008843,2026-03-29 20:16:07,0,0.0001,LOW,APPROVE,0,LOW_RISK_ESTABLISHED_ACCOUNT,,,phase3-v1
tx_0019104,2026-03-29 20:18:42,0,0.0001,LOW,APPROVE,0,LOW_RISK_ESTABLISHED_ACCOUNT,,,phase3-v1
tx_0024131,2026-03-29 20:21:20,0,0.0005,LOW,APPROVE,0,GRAPH_CONNECTED_USERS,,,phase3-v1
tx_0017825,2026-03-29 20:21:50,0,0.0001,LOW,APPROVE,0,LOW_RISK_ESTABLISHED_ACCOUNT,,,phase3-v1
tx_0016081,2026-03-29 20:22:44,0,0.0001,LOW,APPROVE,0,LOW_RISK_ESTABLISHED_ACCOUNT,,,phase3-v1
tx_0015481,2026-03-29 20:25:45,0,0.0001,LOW,APPROVE,0,LOW_RISK_ESTABLISHED_ACCOUNT,,,phase3-v1
tx_0023245,2026-03-29 20:26:05,0,0.0007,LOW,APPROVE,0,GRAPH_CONNECTED_USERS,,,phase3-v1
tx_0005632,2026-03-29 20:34:43,0,0.0001,LOW,APPROVE,0,LOW_RISK_ESTABLISHED_ACCOUNT,,,phase3-v1
tx_0005518,2026-03-29 20:35:44,0,0.0001,LOW,APPROVE,0,LOW_RISK_ESTABLISHED_ACCOUNT,,,phase3-v1
tx_0009237,2026-03-29 20:43:28,0,0.0004,LOW,APPROVE,0,NEW_ACCOUNT,,,phase3-v1
tx_0011643,2026-03-29 20:44:56,0,0.0001,LOW,APPROVE,0,LOW_RISK_ESTABLISHED_ACCOUNT,,,phase3-v1
tx_0025175,2026-03-29 20:50:36,0,0.0001,LOW,APPROVE,0,GRAPH_SHARED_ADDRESS,GRAPH_MULTI_ENTITY_OVERLAP,GRAPH_CONNECTED_USERS,phase3-v1
tx_0001260,2026-03-29 20:53:47,0,0.0001,LOW,APPROVE,0,LOW_RISK_ESTABLISHED_ACCOUNT,,,phase3-v1
tx_0013010,2026-03-29 20:54:21,0,0.0001,LOW,APPROVE,0,LOW_RISK_ESTABLISHED_ACCOUNT,,,phase3-v1
tx_0001299,2026-03-29 20:55:10,0,0.0001,LOW,APPROVE,0,LOW_RISK_ESTABLISHED_ACCOUNT,,,phase3-v1
tx_0025253,2026-03-29 20:55:56,0,0.0005,LOW,APPROVE,0,GRAPH_CONNECTED_USERS,,,phase3-v1
tx_0001509,2026-03-29 20:56:15,0,0.0001,LOW,APPROVE,0,LOW_RISK_ESTABLISHED_ACCOUNT,,,phase3-v1
tx_0009862,2026-03-29 20:56:39,0,0.0001,LOW,APPROVE,0,LOW_RISK_ESTABLISHED_ACCOUNT,,,phase3-v1
tx_0008897,2026-03-29 20:57:53,0,0.0001,LOW,APPROVE,0,LOW_RISK_ESTABLISHED_ACCOUNT,,,phase3-v1
tx_0015201,2026-03-29 20:58:10,0,0.0001,LOW,APPROVE,0,LOW_RISK_ESTABLISHED_ACCOUNT,,,phase3-v1
tx_0003597,2026-03-29 21:02:22,0,0.0001,LOW,APPROVE,0,LOW_RISK_ESTABLISHED_ACCOUNT,,,phase3-v1
tx_0020489,2026-03-29 21:04:17,0,0.0002,LOW,APPROVE,0,HIGH_24H_VELOCITY,,,phase3-v1
tx_0002272,2026-03-29 21:06:14,0,0.0001,LOW,APPROVE,0,LOW_RISK_ESTABLISHED_ACCOUNT,,,phase3-v1
tx_0019924,2026-03-29 21:09:36,0,0.0002,LOW,APPROVE,0,LOW_RISK_ESTABLISHED_ACCOUNT,,,phase3-v1
tx_0013483,2026-03-29 21:13:17,0,0.0001,LOW,APPROVE,0,LOW_RISK_ESTABLISHED_ACCOUNT,,,phase3-v1
tx_0000983,2026-03-29 21:19:12,0,0.0001,LOW,APPROVE,0,HIGH_AMOUNT_ANOMALY,,,phase3-v1
tx_0013502,2026-03-29 21:23:13,0,0.0001,LOW,APPROVE,0,LOW_RISK_ESTABLISHED_ACCOUNT,,,phase3-v1
tx_0025762,2026-03-29 21:26:56,0,0.0005,LOW,APPROVE,0,GRAPH_CONNECTED_USERS,,,phase3-v1
tx_0002065,2026-03-29 21:33:20,0,0.0001,LOW,APPROVE,0,LOW_RISK_ESTABLISHED_ACCOUNT,,,phase3-v1
tx_0021156,2026-03-29 21:38:38,0,0.0001,LOW,APPROVE,0,LOW_RISK_ESTABLISHED_ACCOUNT,,,phase3-v1
tx_0001554,2026-03-29 21:39:33,0,0.0001,LOW,APPROVE,0,LOW_RISK_ESTABLISHED_ACCOUNT,,,phase3-v1
tx_0019185,2026-03-29 21:40:08,0,0.0001,LOW,APPROVE,0,LOW_RISK_ESTABLISHED_ACCOUNT,,,phase3-v1
tx_0022624,2026-03-29 21:42:42,0,0.0001,LOW,APPROVE,0,LOW_RISK_ESTABLISHED_ACCOUNT,,,phase3-v1
tx_0017346,2026-03-29 21:43:04,0,0.0001,LOW,APPROVE,0,LOW_RISK_ESTABLISHED_ACCOUNT,,,phase3-v1
tx_0011257,2026-03-29 21:43:21,0,0.0001,LOW,APPROVE,0,HIGH_AMOUNT_ANOMALY,,,phase3-v1
tx_0018917,2026-03-29 21:44:33,0,0.0001,LOW,APPROVE,0,LOW_RISK_ESTABLISHED_ACCOUNT,,,phase3-v1
tx_0011570,2026-03-29 21:44:51,0,0.0001,LOW,APPROVE,0,LOW_RISK_ESTABLISHED_ACCOUNT,,,phase3-v1
tx_0000209,2026-03-29 21:45:07,0,0.0001,LOW,APPROVE,0,LOW_RISK_ESTABLISHED_ACCOUNT,,,phase3-v1
tx_0000401,2026-03-29 21:45:38,0,0.0001,LOW,APPROVE,0,LOW_RISK_ESTABLISHED_ACCOUNT,,,phase3-v1
tx_0008786,2026-03-29 21:46:25,0,0.0001,LOW,APPROVE,0,LOW_RISK_ESTABLISHED_ACCOUNT,,,phase3-v1
tx_0012358,2026-03-29 21:49:49,0,0.0001,LOW,APPROVE,0,LOW_RISK_ESTABLISHED_ACCOUNT,,,phase3-v1
tx_0013030,2026-03-29 21:50:26,0,0.0002,LOW,APPROVE,0,LOW_RISK_ESTABLISHED_ACCOUNT,,,phase3-v1
tx_0012987,2026-03-29 21:53:07,0,0.0001,LOW,APPROVE,0,HIGH_AMOUNT_ANOMALY,,,phase3-v1
tx_0019699,2026-03-29 21:54:06,0,0.0001,LOW,APPROVE,0,LOW_RISK_ESTABLISHED_ACCOUNT,,,phase3-v1
tx_0015674,2026-03-29 21:55:42,0,0.0001,LOW,APPROVE,0,LOW_RISK_ESTABLISHED_ACCOUNT,,,phase3-v1
tx_0004479,2026-03-29 21:56:26,0,0.0001,LOW,APPROVE,0,LOW_RISK_ESTABLISHED_ACCOUNT,,,phase3-v1
tx_0023554,2026-03-29 21:57:23,0,0.0001,LOW,APPROVE,0,GRAPH_MULTI_ENTITY_OVERLAP,GRAPH_SHARED_ADDRESS,,phase3-v1
tx_0014623,2026-03-29 21:59:41,0,0.0001,LOW,APPROVE,0,LOW_RISK_ESTABLISHED_ACCOUNT,,,phase3-v1
tx_0001805,2026-03-29 21:59:42,0,0.0002,LOW,APPROVE,0,LOW_RISK_ESTABLISHED_ACCOUNT,,,phase3-v1
tx_0007996,2026-03-29 22:00:07,0,0.0001,LOW,APPROVE,0,HIGH_AMOUNT_ANOMALY,,,phase3-v1
tx_0016473,2026-03-29 22:01:36,0,0.0001,LOW,APPROVE,0,LOW_RISK_ESTABLISHED_ACCOUNT,,,phase3-v1
tx_0019964,2026-03-29 22:10:19,0,0.0001,LOW,APPROVE,0,LOW_RISK_ESTABLISHED_ACCOUNT,,,phase3-v1
tx_0015860,2026-03-29 22:19:07,0,0.0001,LOW,APPROVE,0,LOW_RISK_ESTABLISHED_ACCOUNT,,,phase3-v1
tx_0011868,2026-03-29 22:19:31,0,0.0001,LOW,APPROVE,0,LOW_RISK_ESTABLISHED_ACCOUNT,,,phase3-v1
tx_0015951,2026-03-29 22:22:55,0,0.0001,LOW,APPROVE,0,LOW_RISK_ESTABLISHED_ACCOUNT,,,phase3-v1
tx_0025459,2026-03-29 22:23:47,0,0.0001,LOW,APPROVE,0,GRAPH_MULTI_ENTITY_OVERLAP,GRAPH_SHARED_ADDRESS,GRAPH_CONNECTED_USERS,phase3-v1
tx_0005009,2026-03-29 22:25:37,0,0.0002,LOW,APPROVE,0,LOW_RISK_ESTABLISHED_ACCOUNT,,,phase3-v1
tx_0012571,2026-03-29 22:26:45,0,0.0001,LOW,APPROVE,0,LOW_RISK_ESTABLISHED_ACCOUNT,,,phase3-v1
tx_0023797,2026-03-29 22:29:33,0,0.0001,LOW,APPROVE,0,GRAPH_CONNECTED_USERS,,,phase3-v1
tx_0005908,2026-03-29 22:30:11,0,0.0001,LOW,APPROVE,0,LOW_RISK_ESTABLISHED_ACCOUNT,,,phase3-v1
tx_0001377,2026-03-29 22:31:02,0,0.0001,LOW,APPROVE,0,LOW_RISK_ESTABLISHED_ACCOUNT,,,phase3-v1
tx_0002299,2026-03-29 22:31:16,0,0.0001,LOW,APPROVE,0,LOW_RISK_ESTABLISHED_ACCOUNT,,,phase3-v1
tx_0010060,2026-03-29 22:38:52,0,0.0001,LOW,APPROVE,0,LOW_RISK_ESTABLISHED_ACCOUNT,,,phase3-v1
tx_0006600,2026-03-29 22:39:17,0,0.0001,LOW,APPROVE,0,LOW_RISK_ESTABLISHED_ACCOUNT,,,phase3-v1
tx_0009562,2026-03-29 22:42:46,0,0.0001,LOW,APPROVE,0,LOW_RISK_ESTABLISHED_ACCOUNT,,,phase3-v1
tx_0008523,2026-03-29 22:44:32,0,0.0001,LOW,APPROVE,0,LOW_RISK_ESTABLISHED_ACCOUNT,,,phase3-v1
tx_0019660,2026-03-29 22:46:52,0,0.0001,LOW,APPROVE,0,LOW_RISK_ESTABLISHED_ACCOUNT,,,phase3-v1
tx_0021005,2026-03-29 22:47:22,0,0.0001,LOW,APPROVE,0,LOW_RISK_ESTABLISHED_ACCOUNT,,,phase3-v1
tx_0019061,2026-03-29 22:52:24,0,0.0001,LOW,APPROVE,0,LOW_RISK_ESTABLISHED_ACCOUNT,,,phase3-v1
tx_0023472,2026-03-29 22:59:25,0,0.0001,LOW,APPROVE,0,GRAPH_CONNECTED_USERS,,,phase3-v1
tx_0011255,2026-03-29 23:00:30,0,0.0001,LOW,APPROVE,0,LOW_RISK_ESTABLISHED_ACCOUNT,,,phase3-v1
tx_0008449,2026-03-29 23:15:18,0,0.0001,LOW,APPROVE,0,LOW_RISK_ESTABLISHED_ACCOUNT,,,phase3-v1
tx_0010330,2026-03-29 23:17:18,0,0.0001,LOW,APPROVE,0,LOW_RISK_ESTABLISHED_ACCOUNT,,,phase3-v1
tx_0018234,2026-03-29 23:26:43,0,0.0001,LOW,APPROVE,0,LOW_RISK_ESTABLISHED_ACCOUNT,,,phase3-v1
tx_0018626,2026-03-29 23:27:53,0,0.0001,LOW,APPROVE,0,LOW_RISK_ESTABLISHED_ACCOUNT,,,phase3-v1
tx_0005158,2026-03-29 23:38:44,0,0.0001,LOW,APPROVE,0,LOW_RISK_ESTABLISHED_ACCOUNT,,,phase3-v1
tx_0025471,2026-03-29 23:46:23,0,0.0001,LOW,APPROVE,0,GRAPH_MULTI_ENTITY_OVERLAP,GRAPH_SHARED_ADDRESS,GRAPH_CONNECTED_USERS,phase3-v1
tx_0010323,2026-03-29 23:50:50,0,0.0001,LOW,APPROVE,0,LOW_RISK_ESTABLISHED_ACCOUNT,,,phase3-v1
tx_0010897,2026-03-29 23:52:16,0,0.0001,LOW,APPROVE,0,LOW_RISK_ESTABLISHED_ACCOUNT,,,phase3-v1
tx_0005023,2026-03-29 23:55:47,0,0.0002,LOW,APPROVE,0,HIGH_24H_VELOCITY,,,phase3-v1
tx_0021764,2026-03-29 23:57:04,0,0.0001,LOW,APPROVE,0,LOW_RISK_ESTABLISHED_ACCOUNT,,,phase3-v1
tx_0003408,2026-03-30 00:17:51,0,0.0001,LOW,APPROVE,0,LOW_RISK_ESTABLISHED_ACCOUNT,,,phase3-v1
tx_0001876,2026-03-30 00:33:27,0,0.0001,LOW,APPROVE,0,LOW_RISK_ESTABLISHED_ACCOUNT,,,phase3-v1
tx_0001140,2026-03-30 00:49:31,0,0.0001,LOW,APPROVE,0,LOW_RISK_ESTABLISHED_ACCOUNT,,,phase3-v1
tx_0005585,2026-03-30 01:02:35,0,0.0001,LOW,APPROVE,0,OFF_HOURS_ACTIVITY,,,phase3-v1
tx_0020987,2026-03-30 01:23:59,0,0.0001,LOW,APPROVE,0,OFF_HOURS_ACTIVITY,,,phase3-v1
tx_0005022,2026-03-30 01:28:46,0,0.0001,LOW,APPROVE,0,OFF_HOURS_ACTIVITY,,,phase3-v1
tx_0004307,2026-03-30 01:29:22,0,0.0001,LOW,APPROVE,0,OFF_HOURS_ACTIVITY,,,phase3-v1
tx_0008638,2026-03-30 01:30:12,0,0.0001,LOW,APPROVE,0,OFF_HOURS_ACTIVITY,,,phase3-v1
tx_0014553,2026-03-30 01:45:49,0,0.0002,LOW,APPROVE,0,OFF_HOURS_ACTIVITY,,,phase3-v1
tx_0025711,2026-03-30 02:11:30,0,0.0009,LOW,APPROVE,0,GRAPH_CONNECTED_USERS,OFF_HOURS_ACTIVITY,,phase3-v1
tx_0015475,2026-03-30 02:14:32,0,0.0003,LOW,APPROVE,0,OFF_HOURS_ACTIVITY,,,phase3-v1
tx_0004907,2026-03-30 02:50:01,0,0.0001,LOW,APPROVE,0,OFF_HOURS_ACTIVITY,,,phase3-v1
tx_0023664,2026-03-30 03:35:51,0,0.0009,LOW,APPROVE,0,GRAPH_CONNECTED_USERS,OFF_HOURS_ACTIVITY,,phase3-v1
tx_0015516,2026-03-30 03:36:36,0,0.0003,LOW,APPROVE,0,HIGH_24H_VELOCITY,OFF_HOURS_ACTIVITY,,phase3-v1
tx_0022899,2026-03-30 03:49:27,0,0.0008,LOW,APPROVE,0,GRAPH_CONNECTED_USERS,OFF_HOURS_ACTIVITY,,phase3-v1
tx_0001074,2026-03-30 04:14:53,0,0.0001,LOW,APPROVE,0,OFF_HOURS_ACTIVITY,,,phase3-v1
tx_0014193,2026-03-30 04:43:16,0,0.0001,LOW,APPROVE,0,OFF_HOURS_ACTIVITY,,,phase3-v1
tx_0005715,2026-03-30 05:23:07,0,0.0001,LOW,APPROVE,0,OFF_HOURS_ACTIVITY,,,phase3-v1
tx_0022814,2026-03-30 05:43:02,0,0.0001,LOW,APPROVE,0,GRAPH_SHARED_ADDRESS,GRAPH_MULTI_ENTITY_OVERLAP,GRAPH_CONNECTED_USERS,phase3-v1
tx_0007372,2026-03-30 05:54:23,0,0.0,LOW,APPROVE,0,OFF_HOURS_ACTIVITY,,,phase3-v1
tx_0002167,2026-03-30 05:58:29,0,0.0001,LOW,APPROVE,0,OFF_HOURS_ACTIVITY,,,phase3-v1
tx_0016075,2026-03-30 06:03:21,0,0.0001,LOW,APPROVE,0,LOW_RISK_ESTABLISHED_ACCOUNT,,,phase3-v1
tx_0010899,2026-03-30 06:14:22,0,0.0,LOW,APPROVE,0,LOW_RISK_ESTABLISHED_ACCOUNT,,,phase3-v1
tx_0004912,2026-03-30 06:20:34,0,0.0001,LOW,APPROVE,0,HIGH_AMOUNT_ANOMALY,,,phase3-v1
tx_0002133,2026-03-30 06:26:56,0,0.0001,LOW,APPROVE,0,PROMO_ACTIVITY,,,phase3-v1
tx_0014081,2026-03-30 06:36:34,0,0.0001,LOW,APPROVE,0,LOW_RISK_ESTABLISHED_ACCOUNT,,,phase3-v1
tx_0004685,2026-03-30 06:50:27,0,0.0001,LOW,APPROVE,0,LOW_RISK_ESTABLISHED_ACCOUNT,,,phase3-v1
tx_0003506,2026-03-30 06:56:21,0,0.0001,LOW,APPROVE,0,LOW_RISK_ESTABLISHED_ACCOUNT,,,phase3-v1
tx_0013489,2026-03-30 06:57:23,0,0.0001,LOW,APPROVE,0,LOW_RISK_ESTABLISHED_ACCOUNT,,,phase3-v1
tx_0023434,2026-03-30 07:01:51,0,0.0001,LOW,APPROVE,0,GRAPH_MULTI_ENTITY_OVERLAP,GRAPH_SHARED_PAYMENT,GRAPH_SHARED_ADDRESS,phase3-v1
tx_0024139,2026-03-30 07:02:39,0,0.0005,LOW,APPROVE,0,GRAPH_CONNECTED_USERS,,,phase3-v1
tx_0002285,2026-03-30 07:06:58,0,0.0,LOW,APPROVE,0,LOW_RISK_ESTABLISHED_ACCOUNT,,,phase3-v1
tx_0011704,2026-03-30 07:11:42,0,0.0,LOW,APPROVE,0,LOW_RISK_ESTABLISHED_ACCOUNT,,,phase3-v1
tx_0012637,2026-03-30 07:19:58,0,0.0,LOW,APPROVE,0,LOW_RISK_ESTABLISHED_ACCOUNT,,,phase3-v1
tx_0006668,2026-03-30 07:20:35,0,0.0,LOW,APPROVE,0,LOW_RISK_ESTABLISHED_ACCOUNT,,,phase3-v1
tx_0004945,2026-03-30 07:21:50,0,0.0001,LOW,APPROVE,0,PROMO_ACTIVITY,,,phase3-v1
tx_0013742,2026-03-30 07:22:40,0,0.0,LOW,APPROVE,0,LOW_RISK_ESTABLISHED_ACCOUNT,,,phase3-v1
tx_0020423,2026-03-30 07:23:42,0,0.0,LOW,APPROVE,0,LOW_RISK_ESTABLISHED_ACCOUNT,,,phase3-v1
tx_0009233,2026-03-30 07:24:35,0,0.0002,LOW,APPROVE,0,LOW_RISK_ESTABLISHED_ACCOUNT,,,phase3-v1
tx_0010192,2026-03-30 07:25:47,0,0.0,LOW,APPROVE,0,PROMO_ACTIVITY,,,phase3-v1
tx_0004735,2026-03-30 07:27:08,0,0.0,LOW,APPROVE,0,LOW_RISK_ESTABLISHED_ACCOUNT,,,phase3-v1
tx_0012864,2026-03-30 07:27:46,0,0.0001,LOW,APPROVE,0,HIGH_AMOUNT_ANOMALY,,,phase3-v1
tx_0012301,2026-03-30 07:30:32,0,0.0001,LOW,APPROVE,0,LOW_RISK_ESTABLISHED_ACCOUNT,,,phase3-v1
tx_0000702,2026-03-30 07:36:38,0,0.0,LOW,APPROVE,0,LOW_RISK_ESTABLISHED_ACCOUNT,,,phase3-v1
tx_0004918,2026-03-30 07:37:47,0,0.0,LOW,APPROVE,0,LOW_RISK_ESTABLISHED_ACCOUNT,,,phase3-v1
tx_0010434,2026-03-30 07:44:03,0,0.0,LOW,APPROVE,0,LOW_RISK_ESTABLISHED_ACCOUNT,,,phase3-v1
tx_0006463,2026-03-30 07:45:50,0,0.0001,LOW,APPROVE,0,LOW_RISK_ESTABLISHED_ACCOUNT,,,phase3-v1
tx_0011975,2026-03-30 07:47:31,0,0.0,LOW,APPROVE,0,LOW_RISK_ESTABLISHED_ACCOUNT,,,phase3-v1
tx_0012163,2026-03-30 07:49:27,0,0.0001,LOW,APPROVE,0,HIGH_AMOUNT_ANOMALY,,,phase3-v1
tx_0013605,2026-03-30 07:52:48,0,0.0,LOW,APPROVE,0,LOW_RISK_ESTABLISHED_ACCOUNT,,,phase3-v1
tx_0012309,2026-03-30 07:52:59,0,0.0,LOW,APPROVE,0,LOW_RISK_ESTABLISHED_ACCOUNT,,,phase3-v1
tx_0003801,2026-03-30 07:56:41,0,0.0001,LOW,APPROVE,0,PROMO_ACTIVITY,,,phase3-v1
tx_0009931,2026-03-30 08:03:12,0,0.0,LOW,APPROVE,0,LOW_RISK_ESTABLISHED_ACCOUNT,,,phase3-v1
tx_0010071,2026-03-30 08:07:41,0,0.0001,LOW,APPROVE,0,LOW_RISK_ESTABLISHED_ACCOUNT,,,phase3-v1
tx_0006633,2026-03-30 08:08:09,0,0.0,LOW,APPROVE,0,LOW_RISK_ESTABLISHED_ACCOUNT,,,phase3-v1
tx_0015807,2026-03-30 08:12:10,0,0.0,LOW,APPROVE,0,LOW_RISK_ESTABLISHED_ACCOUNT,,,phase3-v1
tx_0003321,2026-03-30 08:21:57,0,0.0006,LOW,APPROVE,0,LOW_RISK_ESTABLISHED_ACCOUNT,,,phase3-v1
tx_0004507,2026-03-30 08:32:05,0,0.0,LOW,APPROVE,0,LOW_RISK_ESTABLISHED_ACCOUNT,,,phase3-v1
tx_0010771,2026-03-30 08:33:46,0,0.0,LOW,APPROVE,0,LOW_RISK_ESTABLISHED_ACCOUNT,,,phase3-v1
tx_0025161,2026-03-30 08:36:38,0,0.0004,LOW,APPROVE,0,GRAPH_SHARED_ADDRESS,GRAPH_MULTI_ENTITY_OVERLAP,GRAPH_CONNECTED_USERS,phase3-v1
tx_0017482,2026-03-30 08:36:41,0,0.0,LOW,APPROVE,0,LOW_RISK_ESTABLISHED_ACCOUNT,,,phase3-v1
tx_0008060,2026-03-30 08:36:48,0,0.0,LOW,APPROVE,0,LOW_RISK_ESTABLISHED_ACCOUNT,,,phase3-v1
tx_0011946,2026-03-30 08:45:57,0,0.0001,LOW,APPROVE,0,LOW_RISK_ESTABLISHED_ACCOUNT,,,phase3-v1
tx_0007631,2026-03-30 08:46:55,0,0.0001,LOW,APPROVE,0,LOW_RISK_ESTABLISHED_ACCOUNT,,,phase3-v1
tx_0005850,2026-03-30 08:47:03,0,0.0,LOW,APPROVE,0,LOW_RISK_ESTABLISHED_ACCOUNT,,,phase3-v1
tx_0021531,2026-03-30 08:48:47,0,0.0,LOW,APPROVE,0,LOW_RISK_ESTABLISHED_ACCOUNT,,,phase3-v1
tx_0012131,2026-03-30 08:49:08,0,0.0001,LOW,APPROVE,0,LOW_RISK_ESTABLISHED_ACCOUNT,,,phase3-v1
tx_0001892,2026-03-30 08:50:32,0,0.0001,LOW,APPROVE,0,LOW_RISK_ESTABLISHED_ACCOUNT,,,phase3-v1
tx_0014699,2026-03-30 08:50:48,0,0.0001,LOW,APPROVE,0,LOW_RISK_ESTABLISHED_ACCOUNT,,,phase3-v1
tx_0002768,2026-03-30 08:55:24,0,0.0,LOW,APPROVE,0,LOW_RISK_ESTABLISHED_ACCOUNT,,,phase3-v1
tx_0024937,2026-03-30 09:00:09,0,0.0001,LOW,APPROVE,0,GRAPH_MULTI_ENTITY_OVERLAP,GRAPH_SHARED_ADDRESS,,phase3-v1
tx_0017736,2026-03-30 09:02:23,0,0.0001,LOW,APPROVE,0,LOW_RISK_ESTABLISHED_ACCOUNT,,,phase3-v1
tx_0012317,2026-03-30 09:11:57,0,0.0,LOW,APPROVE,0,LOW_RISK_ESTABLISHED_ACCOUNT,,,phase3-v1
tx_0007923,2026-03-30 09:14:03,0,0.0,LOW,APPROVE,0,LOW_RISK_ESTABLISHED_ACCOUNT,,,phase3-v1
tx_0017891,2026-03-30 09:16:19,0,0.0001,LOW,APPROVE,0,LOW_RISK_ESTABLISHED_ACCOUNT,,,phase3-v1
tx_0004847,2026-03-30 09:16:56,0,0.0,LOW,APPROVE,0,LOW_RISK_ESTABLISHED_ACCOUNT,,,phase3-v1
tx_0008854,2026-03-30 09:17:32,0,0.0,LOW,APPROVE,0,LOW_RISK_ESTABLISHED_ACCOUNT,,,phase3-v1
tx_0004064,2026-03-30 09:23:12,0,0.0,LOW,APPROVE,0,LOW_RISK_ESTABLISHED_ACCOUNT,,,phase3-v1
tx_0012108,2026-03-30 09:31:42,0,0.0,LOW,APPROVE,0,LOW_RISK_ESTABLISHED_ACCOUNT,,,phase3-v1
tx_0006720,2026-03-30 09:35:23,0,0.0,LOW,APPROVE,0,LOW_RISK_ESTABLISHED_ACCOUNT,,,phase3-v1
tx_0023458,2026-03-30 09:37:16,0,0.0001,LOW,APPROVE,0,GRAPH_CONNECTED_USERS,,,phase3-v1
tx_0002605,2026-03-30 09:40:29,0,0.0,LOW,APPROVE,0,LOW_RISK_ESTABLISHED_ACCOUNT,,,phase3-v1
tx_0024914,2026-03-30 09:40:51,0,0.0002,LOW,APPROVE,0,GRAPH_SHARED_PAYMENT,GRAPH_SHARED_ADDRESS,GRAPH_MULTI_ENTITY_OVERLAP,phase3-v1
tx_0004565,2026-03-30 09:42:37,0,0.0001,LOW,APPROVE,0,LOW_RISK_ESTABLISHED_ACCOUNT,,,phase3-v1
tx_0001048,2026-03-30 09:44:57,0,0.0,LOW,APPROVE,0,LOW_RISK_ESTABLISHED_ACCOUNT,,,phase3-v1
tx_0010001,2026-03-30 09:47:29,0,0.0,LOW,APPROVE,0,LOW_RISK_ESTABLISHED_ACCOUNT,,,phase3-v1
tx_0022545,2026-03-30 09:47:54,0,0.0001,LOW,APPROVE,0,LOW_RISK_ESTABLISHED_ACCOUNT,,,phase3-v1
tx_0018822,2026-03-30 09:49:11,0,0.0,LOW,APPROVE,0,LOW_RISK_ESTABLISHED_ACCOUNT,,,phase3-v1
tx_0011778,2026-03-30 10:05:04,0,0.0001,LOW,APPROVE,0,LOW_RISK_ESTABLISHED_ACCOUNT,,,phase3-v1
tx_0005110,2026-03-30 10:10:13,0,0.0,LOW,APPROVE,0,LOW_RISK_ESTABLISHED_ACCOUNT,,,phase3-v1
tx_0013140,2026-03-30 10:12:44,0,0.0,LOW,APPROVE,0,LOW_RISK_ESTABLISHED_ACCOUNT,,,phase3-v1
tx_0025003,2026-03-30 10:13:50,0,0.0001,LOW,APPROVE,0,GRAPH_CONNECTED_USERS,,,phase3-v1
tx_0002525,2026-03-30 10:14:14,0,0.0,LOW,APPROVE,0,LOW_RISK_ESTABLISHED_ACCOUNT,,,phase3-v1
tx_0013412,2026-03-30 10:14:29,0,0.0,LOW,APPROVE,0,PROMO_ACTIVITY,,,phase3-v1
tx_0013801,2026-03-30 10:16:47,0,0.0,LOW,APPROVE,0,LOW_RISK_ESTABLISHED_ACCOUNT,,,phase3-v1
tx_0003796,2026-03-30 10:20:47,0,0.0001,LOW,APPROVE,0,LOW_RISK_ESTABLISHED_ACCOUNT,,,phase3-v1
tx_0007768,2026-03-30 10:23:19,0,0.0001,LOW,APPROVE,0,LOW_RISK_ESTABLISHED_ACCOUNT,,,phase3-v1
tx_0020537,2026-03-30 10:26:01,0,0.0,LOW,APPROVE,0,LOW_RISK_ESTABLISHED_ACCOUNT,,,phase3-v1
tx_0022802,2026-03-30 10:26:58,0,0.0001,LOW,APPROVE,0,GRAPH_SHARED_ADDRESS,GRAPH_MULTI_ENTITY_OVERLAP,GRAPH_CONNECTED_USERS,phase3-v1
tx_0020921,2026-03-30 10:30:30,0,0.0,LOW,APPROVE,0,LOW_RISK_ESTABLISHED_ACCOUNT,,,phase3-v1
tx_0000499,2026-03-30 10:31:21,0,0.0,LOW,APPROVE,0,LOW_RISK_ESTABLISHED_ACCOUNT,,,phase3-v1
tx_0009235,2026-03-30 10:32:48,0,0.0002,LOW,APPROVE,0,HIGH_24H_VELOCITY,,,phase3-v1
tx_0004546,2026-03-30 10:38:02,0,0.0004,LOW,APPROVE,0,HIGH_24H_VELOCITY,,,phase3-v1
tx_0021379,2026-03-30 10:38:36,0,0.0,LOW,APPROVE,0,LOW_RISK_ESTABLISHED_ACCOUNT,,,phase3-v1
tx_0000807,2026-03-30 10:38:40,0,0.0,LOW,APPROVE,0,PROMO_ACTIVITY,,,phase3-v1
tx_0018341,2026-03-30 10:41:58,0,0.0,LOW,APPROVE,0,LOW_RISK_ESTABLISHED_ACCOUNT,,,phase3-v1
tx_0004407,2026-03-30 10:42:44,0,0.0,LOW,APPROVE,0,LOW_RISK_ESTABLISHED_ACCOUNT,,,phase3-v1
tx_0008574,2026-03-30 10:46:09,0,0.0,LOW,APPROVE,0,LOW_RISK_ESTABLISHED_ACCOUNT,,,phase3-v1
tx_0004971,2026-03-30 10:50:19,0,0.0,LOW,APPROVE,0,LOW_RISK_ESTABLISHED_ACCOUNT,,,phase3-v1
tx_0019922,2026-03-30 10:51:39,0,0.0001,LOW,APPROVE,0,HIGH_AMOUNT_ANOMALY,,,phase3-v1
tx_0017445,2026-03-30 10:53:50,0,0.0,LOW,APPROVE,0,LOW_RISK_ESTABLISHED_ACCOUNT,,,phase3-v1
tx_0024952,2026-03-30 11:01:45,0,0.0001,LOW,APPROVE,0,GRAPH_CONNECTED_USERS,,,phase3-v1
tx_0013485,2026-03-30 11:02:35,0,0.0001,LOW,APPROVE,0,HIGH_24H_VELOCITY,,,phase3-v1
tx_0002535,2026-03-30 11:08:16,0,0.0001,LOW,APPROVE,0,LOW_RISK_ESTABLISHED_ACCOUNT,,,phase3-v1
tx_0010952,2026-03-30 11:08:34,0,0.0,LOW,APPROVE,0,LOW_RISK_ESTABLISHED_ACCOUNT,,,phase3-v1
tx_0025014,2026-03-30 11:13:33,0,0.0003,LOW,APPROVE,0,GRAPH_CONNECTED_USERS,,,phase3-v1
tx_0025865,2026-03-30 11:16:09,0,0.0003,LOW,APPROVE,0,GRAPH_CONNECTED_USERS,,,phase3-v1
tx_0009750,2026-03-30 11:16:27,0,0.0,LOW,APPROVE,0,LOW_RISK_ESTABLISHED_ACCOUNT,,,phase3-v1
tx_0007432,2026-03-30 11:17:24,0,0.0001,LOW,APPROVE,0,LOW_RISK_ESTABLISHED_ACCOUNT,,,phase3-v1
tx_0002872,2026-03-30 11:17:57,0,0.0,LOW,APPROVE,0,LOW_RISK_ESTABLISHED_ACCOUNT,,,phase3-v1
tx_0010365,2026-03-30 11:18:09,0,0.0,LOW,APPROVE,0,LOW_RISK_ESTABLISHED_ACCOUNT,,,phase3-v1
tx_0009612,2026-03-30 11:18:13,0,0.0002,LOW,APPROVE,0,LOW_RISK_ESTABLISHED_ACCOUNT,,,phase3-v1
tx_0023337,2026-03-30 11:19:34,0,0.0001,LOW,APPROVE,0,GRAPH_CONNECTED_USERS,,,phase3-v1
tx_0000883,2026-03-30 11:20:32,0,0.0,LOW,APPROVE,0,LOW_RISK_ESTABLISHED_ACCOUNT,,,phase3-v1
tx_0006586,2026-03-30 11:21:14,0,0.0,LOW,APPROVE,0,LOW_RISK_ESTABLISHED_ACCOUNT,,,phase3-v1
tx_0006239,2026-03-30 11:28:36,0,0.0,LOW,APPROVE,0,LOW_RISK_ESTABLISHED_ACCOUNT,,,phase3-v1
tx_0019960,2026-03-30 11:37:46,0,0.0,LOW,APPROVE,0,LOW_RISK_ESTABLISHED_ACCOUNT,,,phase3-v1
tx_0019077,2026-03-30 11:38:28,0,0.0,LOW,APPROVE,0,LOW_RISK_ESTABLISHED_ACCOUNT,,,phase3-v1
tx_0009234,2026-03-30 11:38:43,0,0.0001,LOW,APPROVE,0,HIGH_24H_VELOCITY,,,phase3-v1
tx_0018831,2026-03-30 11:39:38,0,0.0,LOW,APPROVE,0,LOW_RISK_ESTABLISHED_ACCOUNT,,,phase3-v1
tx_0022776,2026-03-30 11:40:48,0,0.0004,LOW,APPROVE,0,GRAPH_CONNECTED_USERS,,,phase3-v1
tx_0004610,2026-03-30 11:41:42,0,0.0001,LOW,APPROVE,0,LOW_RISK_ESTABLISHED_ACCOUNT,,,phase3-v1
tx_0021312,2026-03-30 11:42:19,0,0.0,LOW,APPROVE,0,LOW_RISK_ESTABLISHED_ACCOUNT,,,phase3-v1
tx_0006909,2026-03-30 11:44:43,0,0.0,LOW,APPROVE,0,LOW_RISK_ESTABLISHED_ACCOUNT,,,phase3-v1
tx_0024339,2026-03-30 11:47:14,0,0.0001,LOW,APPROVE,0,GRAPH_SHARED_ADDRESS,GRAPH_MULTI_ENTITY_OVERLAP,GRAPH_CONNECTED_USERS,phase3-v1
tx_0011541,2026-03-30 11:48:18,0,0.0001,LOW,APPROVE,0,LOW_RISK_ESTABLISHED_ACCOUNT,,,phase3-v1
tx_0019379,2026-03-30 11:53:21,0,0.0,LOW,APPROVE,0,LOW_RISK_ESTABLISHED_ACCOUNT,,,phase3-v1
tx_0025268,2026-03-30 11:53:57,0,0.0006,LOW,APPROVE,0,GRAPH_CONNECTED_USERS,,,phase3-v1
tx_0025463,2026-03-30 12:00:10,0,0.0001,LOW,APPROVE,0,GRAPH_SHARED_ADDRESS,GRAPH_MULTI_ENTITY_OVERLAP,GRAPH_CONNECTED_USERS,phase3-v1
tx_0025777,2026-03-30 12:01:15,0,0.0002,LOW,APPROVE,0,GRAPH_SHARED_PAYMENT,GRAPH_SHARED_ADDRESS,GRAPH_MULTI_ENTITY_OVERLAP,phase3-v1
tx_0017638,2026-03-30 12:02:11,0,0.0001,LOW,APPROVE,0,LOW_RISK_ESTABLISHED_ACCOUNT,,,phase3-v1
tx_0007209,2026-03-30 12:05:47,0,0.0001,LOW,APPROVE,0,LOW_RISK_ESTABLISHED_ACCOUNT,,,phase3-v1
tx_0022770,2026-03-30 12:06:13,0,0.0005,LOW,APPROVE,0,GRAPH_CONNECTED_USERS,,,phase3-v1
tx_0023148,2026-03-30 12:09:00,0,0.0001,LOW,APPROVE,0,GRAPH_SHARED_ADDRESS,GRAPH_CONNECTED_USERS,GRAPH_MULTI_ENTITY_OVERLAP,phase3-v1
tx_0001563,2026-03-30 12:12:59,0,0.0,LOW,APPROVE,0,LOW_RISK_ESTABLISHED_ACCOUNT,,,phase3-v1
tx_0023170,2026-03-30 12:13:44,0,0.0001,LOW,APPROVE,0,GRAPH_SHARED_ADDRESS,GRAPH_MULTI_ENTITY_OVERLAP,GRAPH_CONNECTED_USERS,phase3-v1
tx_0017578,2026-03-30 12:14:53,0,0.0001,LOW,APPROVE,0,HIGH_AMOUNT_ANOMALY,PROMO_ACTIVITY,,phase3-v1
tx_0014343,2026-03-30 12:16:03,0,0.0,LOW,APPROVE,0,LOW_RISK_ESTABLISHED_ACCOUNT,,,phase3-v1
tx_0020607,2026-03-30 12:16:14,0,0.0,LOW,APPROVE,0,LOW_RISK_ESTABLISHED_ACCOUNT,,,phase3-v1
tx_0012370,2026-03-30 12:16:19,0,0.0,LOW,APPROVE,0,LOW_RISK_ESTABLISHED_ACCOUNT,,,phase3-v1
tx_0002790,2026-03-30 12:17:45,0,0.0006,LOW,APPROVE,0,HIGH_AMOUNT_ANOMALY,,,phase3-v1
tx_0023145,2026-03-30 12:18:16,0,0.0002,LOW,APPROVE,0,GRAPH_SHARED_ADDRESS,GRAPH_MULTI_ENTITY_OVERLAP,GRAPH_CONNECTED_USERS,phase3-v1
tx_0021316,2026-03-30 12:19:41,0,0.0001,LOW,APPROVE,0,HIGH_1H_VELOCITY,,,phase3-v1
tx_0016938,2026-03-30 12:19:51,0,0.0001,LOW,APPROVE,0,PROMO_ACTIVITY,,,phase3-v1
tx_0024083,2026-03-30 12:21:43,0,0.0001,LOW,APPROVE,0,GRAPH_SHARED_ADDRESS,GRAPH_MULTI_ENTITY_OVERLAP,GRAPH_CONNECTED_USERS,phase3-v1
tx_0012924,2026-03-30 12:23:31,0,0.0,LOW,APPROVE,0,LOW_RISK_ESTABLISHED_ACCOUNT,,,phase3-v1
tx_0014305,2026-03-30 12:23:46,0,0.0,LOW,APPROVE,0,LOW_RISK_ESTABLISHED_ACCOUNT,,,phase3-v1
tx_0014780,2026-03-30 12:24:45,0,0.0,LOW,APPROVE,0,LOW_RISK_ESTABLISHED_ACCOUNT,,,phase3-v1
tx_0009669,2026-03-30 12:25:42,0,0.0001,LOW,APPROVE,0,LOW_RISK_ESTABLISHED_ACCOUNT,,,phase3-v1
tx_0016399,2026-03-30 12:31:19,0,0.0,LOW,APPROVE,0,LOW_RISK_ESTABLISHED_ACCOUNT,,,phase3-v1
tx_0006991,2026-03-30 12:32:36,0,0.0,LOW,APPROVE,0,LOW_RISK_ESTABLISHED_ACCOUNT,,,phase3-v1
tx_0007260,2026-03-30 12:34:16,0,0.0,LOW,APPROVE,0,LOW_RISK_ESTABLISHED_ACCOUNT,,,phase3-v1
tx_0017896,2026-03-30 12:37:21,0,0.0001,LOW,APPROVE,0,LOW_RISK_ESTABLISHED_ACCOUNT,,,phase3-v1
tx_0009118,2026-03-30 12:41:19,0,0.0001,LOW,APPROVE,0,LOW_RISK_ESTABLISHED_ACCOUNT,,,phase3-v1
tx_0000032,2026-03-30 12:44:53,0,0.0001,LOW,APPROVE,0,LOW_RISK_ESTABLISHED_ACCOUNT,,,phase3-v1
tx_0024148,2026-03-30 12:45:37,0,0.0001,LOW,APPROVE,0,GRAPH_MULTI_ENTITY_OVERLAP,GRAPH_SHARED_ADDRESS,,phase3-v1
tx_0005156,2026-03-30 12:46:12,0,0.0001,LOW,APPROVE,0,LOW_RISK_ESTABLISHED_ACCOUNT,,,phase3-v1
tx_0009121,2026-03-30 12:47:40,0,0.0001,LOW,APPROVE,0,HIGH_1H_VELOCITY,,,phase3-v1
tx_0020330,2026-03-30 12:52:04,0,0.0,LOW,APPROVE,0,LOW_RISK_ESTABLISHED_ACCOUNT,,,phase3-v1
tx_0007319,2026-03-30 12:52:17,0,0.0002,LOW,APPROVE,0,HIGH_24H_VELOCITY,,,phase3-v1
tx_0016905,2026-03-30 12:54:24,0,0.0,LOW,APPROVE,0,LOW_RISK_ESTABLISHED_ACCOUNT,,,phase3-v1
tx_0005650,2026-03-30 12:56:38,0,0.0001,LOW,APPROVE,0,LOW_RISK_ESTABLISHED_ACCOUNT,,,phase3-v1
tx_0020337,2026-03-30 13:00:26,0,0.0,LOW,APPROVE,0,PROMO_ACTIVITY,,,phase3-v1
tx_0021411,2026-03-30 13:00:45,0,0.0,LOW,APPROVE,0,LOW_RISK_ESTABLISHED_ACCOUNT,,,phase3-v1
tx_0001737,2026-03-30 13:01:45,0,0.0001,LOW,APPROVE,0,LOW_RISK_ESTABLISHED_ACCOUNT,,,phase3-v1
tx_0016742,2026-03-30 13:02:18,0,0.0,LOW,APPROVE,0,LOW_RISK_ESTABLISHED_ACCOUNT,,,phase3-v1
tx_0000887,2026-03-30 13:02:48,0,0.0,LOW,APPROVE,0,LOW_RISK_ESTABLISHED_ACCOUNT,,,phase3-v1
tx_0013193,2026-03-30 13:08:30,0,0.0,LOW,APPROVE,0,LOW_RISK_ESTABLISHED_ACCOUNT,,,phase3-v1
tx_0013496,2026-03-30 13:08:58,0,0.0001,LOW,APPROVE,0,LOW_RISK_ESTABLISHED_ACCOUNT,,,phase3-v1
tx_0020860,2026-03-30 13:09:49,0,0.0001,LOW,APPROVE,0,LOW_RISK_ESTABLISHED_ACCOUNT,,,phase3-v1
tx_0011320,2026-03-30 13:11:33,0,0.0,LOW,APPROVE,0,LOW_RISK_ESTABLISHED_ACCOUNT,,,phase3-v1
tx_0023806,2026-03-30 13:13:14,0,0.0001,LOW,APPROVE,0,GRAPH_CONNECTED_USERS,,,phase3-v1
tx_0014168,2026-03-30 13:13:30,0,0.0001,LOW,APPROVE,0,LOW_RISK_ESTABLISHED_ACCOUNT,,,phase3-v1
tx_0020308,2026-03-30 13:14:42,0,0.0001,LOW,APPROVE,0,LOW_RISK_ESTABLISHED_ACCOUNT,,,phase3-v1
tx_0009445,2026-03-30 13:15:07,0,0.0001,LOW,APPROVE,0,LOW_RISK_ESTABLISHED_ACCOUNT,,,phase3-v1
tx_0011284,2026-03-30 13:16:20,0,0.0,LOW,APPROVE,0,LOW_RISK_ESTABLISHED_ACCOUNT,,,phase3-v1
tx_0009987,2026-03-30 13:20:22,0,0.0,LOW,APPROVE,0,LOW_RISK_ESTABLISHED_ACCOUNT,,,phase3-v1
tx_0020346,2026-03-30 13:25:02,0,0.0,LOW,APPROVE,0,LOW_RISK_ESTABLISHED_ACCOUNT,,,phase3-v1
tx_0005824,2026-03-30 13:29:06,0,0.0,LOW,APPROVE,0,LOW_RISK_ESTABLISHED_ACCOUNT,,,phase3-v1
tx_0014424,2026-03-30 13:29:43,0,0.0001,LOW,APPROVE,0,LOW_RISK_ESTABLISHED_ACCOUNT,,,phase3-v1
tx_0025375,2026-03-30 13:32:15,0,0.0002,LOW,APPROVE,0,GRAPH_SHARED_PAYMENT,GRAPH_SHARED_ADDRESS,GRAPH_MULTI_ENTITY_OVERLAP,phase3-v1
tx_0003446,2026-03-30 13:32:30,0,0.0001,LOW,APPROVE,0,LOW_RISK_ESTABLISHED_ACCOUNT,,,phase3-v1
tx_0017520,2026-03-30 13:32:39,0,0.0001,LOW,APPROVE,0,LOW_RISK_ESTABLISHED_ACCOUNT,,,phase3-v1
tx_0005289,2026-03-30 13:33:49,0,0.0,LOW,APPROVE,0,LOW_RISK_ESTABLISHED_ACCOUNT,,,phase3-v1
tx_0023805,2026-03-30 13:36:30,0,0.0001,LOW,APPROVE,0,GRAPH_CONNECTED_USERS,,,phase3-v1
tx_0019429,2026-03-30 13:36:48,0,0.0,LOW,APPROVE,0,LOW_RISK_ESTABLISHED_ACCOUNT,,,phase3-v1
tx_0024832,2026-03-30 13:37:21,0,0.0002,LOW,APPROVE,0,GRAPH_SHARED_PAYMENT,GRAPH_SHARED_ADDRESS,GRAPH_MULTI_ENTITY_OVERLAP,phase3-v1
tx_0009797,2026-03-30 13:40:09,0,0.0,LOW,APPROVE,0,LOW_RISK_ESTABLISHED_ACCOUNT,,,phase3-v1
tx_0020891,2026-03-30 13:41:50,0,0.0,LOW,APPROVE,0,LOW_RISK_ESTABLISHED_ACCOUNT,,,phase3-v1
tx_0001842,2026-03-30 13:45:15,0,0.0,LOW,APPROVE,0,LOW_RISK_ESTABLISHED_ACCOUNT,,,phase3-v1
tx_0008968,2026-03-30 13:47:58,0,0.0,LOW,APPROVE,0,LOW_RISK_ESTABLISHED_ACCOUNT,,,phase3-v1
tx_0008853,2026-03-30 13:49:54,0,0.0001,LOW,APPROVE,0,HIGH_AMOUNT_ANOMALY,,,phase3-v1
tx_0021520,2026-03-30 13:50:28,0,0.0,LOW,APPROVE,0,LOW_RISK_ESTABLISHED_ACCOUNT,,,phase3-v1
tx_0010483,2026-03-30 13:53:58,0,0.0,LOW,APPROVE,0,LOW_RISK_ESTABLISHED_ACCOUNT,,,phase3-v1
tx_0001221,2026-03-30 13:54:33,0,0.0,LOW,APPROVE,0,HIGH_24H_VELOCITY,,,phase3-v1
tx_0025868,2026-03-30 13:58:37,0,0.0004,LOW,APPROVE,0,GRAPH_CONNECTED_USERS,,,phase3-v1
tx_0016844,2026-03-30 14:00:43,0,0.0001,LOW,APPROVE,0,LOW_RISK_ESTABLISHED_ACCOUNT,,,phase3-v1
tx_0010435,2026-03-30 14:04:26,0,0.0,LOW,APPROVE,0,LOW_RISK_ESTABLISHED_ACCOUNT,,,phase3-v1
tx_0022940,2026-03-30 14:05:25,0,0.0001,LOW,APPROVE,0,GRAPH_MULTI_ENTITY_OVERLAP,GRAPH_SHARED_ADDRESS,GRAPH_CONNECTED_USERS,phase3-v1
tx_0014822,2026-03-30 14:09:04,0,0.0,LOW,APPROVE,0,LOW_RISK_ESTABLISHED_ACCOUNT,,,phase3-v1
tx_0023410,2026-03-30 14:10:19,0,0.0001,LOW,APPROVE,0,GRAPH_SHARED_ADDRESS,GRAPH_MULTI_ENTITY_OVERLAP,GRAPH_CONNECTED_USERS,phase3-v1
tx_0004427,2026-03-30 14:12:00,0,0.0,LOW,APPROVE,0,LOW_RISK_ESTABLISHED_ACCOUNT,,,phase3-v1
tx_0007169,2026-03-30 14:15:38,0,0.0,LOW,APPROVE,0,LOW_RISK_ESTABLISHED_ACCOUNT,,,phase3-v1
tx_0003486,2026-03-30 14:15:59,0,0.0,LOW,APPROVE,0,LOW_RISK_ESTABLISHED_ACCOUNT,,,phase3-v1
tx_0016771,2026-03-30 14:16:03,0,0.0,LOW,APPROVE,0,LOW_RISK_ESTABLISHED_ACCOUNT,,,phase3-v1
tx_0007716,2026-03-30 14:17:31,0,0.0001,LOW,APPROVE,0,LOW_RISK_ESTABLISHED_ACCOUNT,,,phase3-v1
tx_0007330,2026-03-30 14:18:36,0,0.0,LOW,APPROVE,0,LOW_RISK_ESTABLISHED_ACCOUNT,,,phase3-v1
tx_0020283,2026-03-30 14:18:47,0,0.0,LOW,APPROVE,0,LOW_RISK_ESTABLISHED_ACCOUNT,,,phase3-v1
tx_0004801,2026-03-30 14:18:54,0,0.0,LOW,APPROVE,0,LOW_RISK_ESTABLISHED_ACCOUNT,,,phase3-v1
tx_0003160,2026-03-30 14:24:43,0,0.0001,LOW,APPROVE,0,LOW_RISK_ESTABLISHED_ACCOUNT,,,phase3-v1
tx_0003168,2026-03-30 14:34:04,0,0.0001,LOW,APPROVE,0,LOW_RISK_ESTABLISHED_ACCOUNT,,,phase3-v1
tx_0002418,2026-03-30 14:36:29,0,0.0,LOW,APPROVE,0,LOW_RISK_ESTABLISHED_ACCOUNT,,,phase3-v1
tx_0004737,2026-03-30 14:37:51,0,0.0001,LOW,APPROVE,0,LOW_RISK_ESTABLISHED_ACCOUNT,,,phase3-v1
tx_0011945,2026-03-30 14:43:38,0,0.0,LOW,APPROVE,0,LOW_RISK_ESTABLISHED_ACCOUNT,,,phase3-v1
tx_0013686,2026-03-30 14:43:53,0,0.0,LOW,APPROVE,0,LOW_RISK_ESTABLISHED_ACCOUNT,,,phase3-v1
tx_0008301,2026-03-30 14:44:59,0,0.0001,LOW,APPROVE,0,LOW_RISK_ESTABLISHED_ACCOUNT,,,phase3-v1
tx_0005528,2026-03-30 14:45:00,0,0.0,LOW,APPROVE,0,LOW_RISK_ESTABLISHED_ACCOUNT,,,phase3-v1
tx_0012764,2026-03-30 14:48:56,0,0.0,LOW,APPROVE,0,LOW_RISK_ESTABLISHED_ACCOUNT,,,phase3-v1
tx_0008333,2026-03-30 14:49:27,0,0.0001,LOW,APPROVE,0,LOW_RISK_ESTABLISHED_ACCOUNT,,,phase3-v1
tx_0004820,2026-03-30 14:52:00,0,0.0,LOW,APPROVE,0,LOW_RISK_ESTABLISHED_ACCOUNT,,,phase3-v1
tx_0013735,2026-03-30 14:52:37,0,0.0,LOW,APPROVE,0,LOW_RISK_ESTABLISHED_ACCOUNT,,,phase3-v1
tx_0014008,2026-03-30 14:52:49,0,0.0001,LOW,APPROVE,0,LOW_RISK_ESTABLISHED_ACCOUNT,,,phase3-v1
tx_0010732,2026-03-30 14:55:39,0,0.0,LOW,APPROVE,0,LOW_RISK_ESTABLISHED_ACCOUNT,,,phase3-v1
tx_0015887,2026-03-30 14:57:37,0,0.0,LOW,APPROVE,0,LOW_RISK_ESTABLISHED_ACCOUNT,,,phase3-v1
tx_0001096,2026-03-30 15:04:48,0,0.0,LOW,APPROVE,0,LOW_RISK_ESTABLISHED_ACCOUNT,,,phase3-v1
tx_0016292,2026-03-30 15:05:09,0,0.0001,LOW,APPROVE,0,LOW_RISK_ESTABLISHED_ACCOUNT,,,phase3-v1
tx_0005166,2026-03-30 15:08:29,0,0.0001,LOW,APPROVE,0,HIGH_AMOUNT_ANOMALY,,,phase3-v1
tx_0021964,2026-03-30 15:09:33,0,0.0001,LOW,APPROVE,0,HIGH_AMOUNT_ANOMALY,,,phase3-v1
tx_0025465,2026-03-30 15:14:28,0,0.0001,LOW,APPROVE,0,GRAPH_MULTI_ENTITY_OVERLAP,GRAPH_SHARED_ADDRESS,GRAPH_CONNECTED_USERS,phase3-v1
tx_0012933,2026-03-30 15:14:53,0,0.0001,LOW,APPROVE,0,LOW_RISK_ESTABLISHED_ACCOUNT,,,phase3-v1
tx_0000301,2026-03-30 15:17:35,0,0.0,LOW,APPROVE,0,LOW_RISK_ESTABLISHED_ACCOUNT,,,phase3-v1
tx_0015196,2026-03-30 15:18:16,0,0.0001,LOW,APPROVE,0,LOW_RISK_ESTABLISHED_ACCOUNT,,,phase3-v1
tx_0017304,2026-03-30 15:18:42,0,0.0,LOW,APPROVE,0,LOW_RISK_ESTABLISHED_ACCOUNT,,,phase3-v1
tx_0008915,2026-03-30 15:20:52,0,0.0001,LOW,APPROVE,0,LOW_RISK_ESTABLISHED_ACCOUNT,,,phase3-v1
tx_0012742,2026-03-30 15:23:52,0,0.0,LOW,APPROVE,0,LOW_RISK_ESTABLISHED_ACCOUNT,,,phase3-v1
tx_0013885,2026-03-30 15:24:25,0,0.0,LOW,APPROVE,0,LOW_RISK_ESTABLISHED_ACCOUNT,,,phase3-v1
tx_0012710,2026-03-30 15:28:26,0,0.0,LOW,APPROVE,0,LOW_RISK_ESTABLISHED_ACCOUNT,,,phase3-v1
tx_0011044,2026-03-30 15:30:36,0,0.0001,LOW,APPROVE,0,LOW_RISK_ESTABLISHED_ACCOUNT,,,phase3-v1
tx_0009661,2026-03-30 15:31:56,0,0.0,LOW,APPROVE,0,LOW_RISK_ESTABLISHED_ACCOUNT,,,phase3-v1
tx_0023305,2026-03-30 15:33:25,0,0.0004,LOW,APPROVE,0,GRAPH_CONNECTED_USERS,,,phase3-v1
tx_0005195,2026-03-30 15:36:07,0,0.0001,LOW,APPROVE,0,LOW_RISK_ESTABLISHED_ACCOUNT,,,phase3-v1
tx_0022821,2026-03-30 15:37:18,0,0.0001,LOW,APPROVE,0,GRAPH_SHARED_ADDRESS,GRAPH_CONNECTED_USERS,GRAPH_MULTI_ENTITY_OVERLAP,phase3-v1
tx_0003317,2026-03-30 15:37:45,0,0.0,LOW,APPROVE,0,HIGH_AMOUNT_ANOMALY,,,phase3-v1
tx_0025201,2026-03-30 15:39:37,0,0.0005,LOW,APPROVE,0,GRAPH_CONNECTED_USERS,PROMO_ACTIVITY,,phase3-v1
tx_0015566,2026-03-30 15:39:42,0,0.0,LOW,APPROVE,0,LOW_RISK_ESTABLISHED_ACCOUNT,,,phase3-v1
tx_0015130,2026-03-30 15:40:10,0,0.0,LOW,APPROVE,0,LOW_RISK_ESTABLISHED_ACCOUNT,,,phase3-v1
tx_0025432,2026-03-30 15:41:41,0,0.0003,LOW,APPROVE,0,GRAPH_CONNECTED_USERS,,,phase3-v1
tx_0008463,2026-03-30 15:45:56,0,0.0,LOW,APPROVE,0,LOW_RISK_ESTABLISHED_ACCOUNT,,,phase3-v1
tx_0013052,2026-03-30 15:47:59,0,0.0001,LOW,APPROVE,0,LOW_RISK_ESTABLISHED_ACCOUNT,,,phase3-v1
tx_0001800,2026-03-30 15:51:11,0,0.0,LOW,APPROVE,0,LOW_RISK_ESTABLISHED_ACCOUNT,,,phase3-v1
tx_0020056,2026-03-30 15:51:52,0,0.0001,LOW,APPROVE,0,LOW_RISK_ESTABLISHED_ACCOUNT,,,phase3-v1
tx_0023433,2026-03-30 15:54:35,0,0.0001,LOW,APPROVE,0,GRAPH_MULTI_ENTITY_OVERLAP,GRAPH_SHARED_PAYMENT,GRAPH_SHARED_ADDRESS,phase3-v1
tx_0013665,2026-03-30 15:59:04,0,0.0,LOW,APPROVE,0,LOW_RISK_ESTABLISHED_ACCOUNT,,,phase3-v1
tx_0004802,2026-03-30 16:03:20,0,0.0,LOW,APPROVE,0,LOW_RISK_ESTABLISHED_ACCOUNT,,,phase3-v1
tx_0008658,2026-03-30 16:03:38,0,0.0,LOW,APPROVE,0,LOW_RISK_ESTABLISHED_ACCOUNT,,,phase3-v1
tx_0014319,2026-03-30 16:04:44,0,0.0001,LOW,APPROVE,0,LOW_RISK_ESTABLISHED_ACCOUNT,,,phase3-v1
tx_0011346,2026-03-30 16:07:17,0,0.0,LOW,APPROVE,0,LOW_RISK_ESTABLISHED_ACCOUNT,,,phase3-v1
tx_0014252,2026-03-30 16:11:06,0,0.0,LOW,APPROVE,0,LOW_RISK_ESTABLISHED_ACCOUNT,,,phase3-v1
tx_0004513,2026-03-30 16:11:34,0,0.0,LOW,APPROVE,0,LOW_RISK_ESTABLISHED_ACCOUNT,,,phase3-v1
tx_0014002,2026-03-30 16:12:28,0,0.0001,LOW,APPROVE,0,LOW_RISK_ESTABLISHED_ACCOUNT,,,phase3-v1
tx_0021170,2026-03-30 16:12:47,0,0.0001,LOW,APPROVE,0,LOW_RISK_ESTABLISHED_ACCOUNT,,,phase3-v1
tx_0000360,2026-03-30 16:14:19,0,0.0,LOW,APPROVE,0,LOW_RISK_ESTABLISHED_ACCOUNT,,,phase3-v1
tx_0024574,2026-03-30 16:15:44,0,0.0004,LOW,APPROVE,0,GRAPH_CONNECTED_USERS,,,phase3-v1
tx_0017857,2026-03-30 16:19:45,0,0.0001,LOW,APPROVE,0,HIGH_AMOUNT_ANOMALY,,,phase3-v1
tx_0024470,2026-03-30 16:22:19,0,0.0003,LOW,APPROVE,0,GRAPH_CONNECTED_USERS,,,phase3-v1
tx_0002515,2026-03-30 16:24:04,0,0.0,LOW,APPROVE,0,LOW_RISK_ESTABLISHED_ACCOUNT,,,phase3-v1
tx_0006315,2026-03-30 16:26:04,0,0.0,LOW,APPROVE,0,LOW_RISK_ESTABLISHED_ACCOUNT,,,phase3-v1
tx_0017063,2026-03-30 16:26:54,0,0.0,LOW,APPROVE,0,LOW_RISK_ESTABLISHED_ACCOUNT,,,phase3-v1
tx_0001319,2026-03-30 16:28:44,0,0.0001,LOW,APPROVE,0,LOW_RISK_ESTABLISHED_ACCOUNT,,,phase3-v1
tx_0010225,2026-03-30 16:36:21,0,0.0,LOW,APPROVE,0,LOW_RISK_ESTABLISHED_ACCOUNT,,,phase3-v1
tx_0010446,2026-03-30 16:45:30,0,0.0,LOW,APPROVE,0,LOW_RISK_ESTABLISHED_ACCOUNT,,,phase3-v1
tx_0010673,2026-03-30 16:48:26,0,0.0,LOW,APPROVE,0,LOW_RISK_ESTABLISHED_ACCOUNT,,,phase3-v1
tx_0001718,2026-03-30 16:49:06,0,0.0,LOW,APPROVE,0,LOW_RISK_ESTABLISHED_ACCOUNT,,,phase3-v1
tx_0021863,2026-03-30 16:49:25,0,0.0,LOW,APPROVE,0,LOW_RISK_ESTABLISHED_ACCOUNT,,,phase3-v1
tx_0017828,2026-03-30 16:52:42,0,0.0001,LOW,APPROVE,0,LOW_RISK_ESTABLISHED_ACCOUNT,,,phase3-v1
tx_0011860,2026-03-30 16:53:19,0,0.0,LOW,APPROVE,0,HIGH_AMOUNT_ANOMALY,,,phase3-v1
tx_0009119,2026-03-30 16:55:26,0,0.0,LOW,APPROVE,0,HIGH_24H_VELOCITY,,,phase3-v1
tx_0001235,2026-03-30 16:55:41,0,0.0,LOW,APPROVE,0,LOW_RISK_ESTABLISHED_ACCOUNT,,,phase3-v1
tx_0015640,2026-03-30 16:59:07,0,0.0,LOW,APPROVE,0,LOW_RISK_ESTABLISHED_ACCOUNT,,,phase3-v1
tx_0020591,2026-03-30 17:00:19,0,0.0,LOW,APPROVE,0,LOW_RISK_ESTABLISHED_ACCOUNT,,,phase3-v1
tx_0006109,2026-03-30 17:01:15,0,0.0001,LOW,APPROVE,0,LOW_RISK_ESTABLISHED_ACCOUNT,,,phase3-v1
tx_0011964,2026-03-30 17:01:24,0,0.0001,LOW,APPROVE,0,LOW_RISK_ESTABLISHED_ACCOUNT,,,phase3-v1
tx_0007371,2026-03-30 17:04:54,0,0.0,LOW,APPROVE,0,LOW_RISK_ESTABLISHED_ACCOUNT,,,phase3-v1
tx_0020581,2026-03-30 17:08:43,0,0.0,LOW,APPROVE,0,LOW_RISK_ESTABLISHED_ACCOUNT,,,phase3-v1
tx_0005495,2026-03-30 17:08:50,0,0.0,LOW,APPROVE,0,PROMO_ACTIVITY,,,phase3-v1
tx_0015693,2026-03-30 17:10:11,0,0.0,LOW,APPROVE,0,LOW_RISK_ESTABLISHED_ACCOUNT,,,phase3-v1
tx_0022359,2026-03-30 17:10:22,0,0.0,LOW,APPROVE,0,LOW_RISK_ESTABLISHED_ACCOUNT,,,phase3-v1
tx_0011078,2026-03-30 17:10:39,0,0.0,LOW,APPROVE,0,LOW_RISK_ESTABLISHED_ACCOUNT,,,phase3-v1
tx_0006078,2026-03-30 17:10:51,0,0.0001,LOW,APPROVE,0,LOW_RISK_ESTABLISHED_ACCOUNT,,,phase3-v1
tx_0001233,2026-03-30 17:20:37,0,0.0001,LOW,APPROVE,0,HIGH_1H_VELOCITY,,,phase3-v1
tx_0025336,2026-03-30 17:23:18,0,0.0005,LOW,APPROVE,0,GRAPH_CONNECTED_USERS,,,phase3-v1
tx_0017804,2026-03-30 17:23:55,0,0.0,LOW,APPROVE,0,LOW_RISK_ESTABLISHED_ACCOUNT,,,phase3-v1
tx_0001164,2026-03-30 17:24:38,0,0.0001,LOW,APPROVE,0,LOW_RISK_ESTABLISHED_ACCOUNT,,,phase3-v1
tx_0006620,2026-03-30 17:25:17,0,0.0,LOW,APPROVE,0,LOW_RISK_ESTABLISHED_ACCOUNT,,,phase3-v1
tx_0023674,2026-03-30 17:26:03,0,0.0005,LOW,APPROVE,0,GRAPH_CONNECTED_USERS,HIGH_AMOUNT_ANOMALY,,phase3-v1
tx_0015635,2026-03-30 17:26:06,0,0.0001,LOW,APPROVE,0,LOW_RISK_ESTABLISHED_ACCOUNT,,,phase3-v1
tx_0016149,2026-03-30 17:26:12,0,0.0,LOW,APPROVE,0,LOW_RISK_ESTABLISHED_ACCOUNT,,,phase3-v1
tx_0003495,2026-03-30 17:28:18,0,0.0,LOW,APPROVE,0,LOW_RISK_ESTABLISHED_ACCOUNT,,,phase3-v1
tx_0023861,2026-03-30 17:28:47,0,0.0006,LOW,APPROVE,0,GRAPH_CONNECTED_USERS,,,phase3-v1
tx_0007114,2026-03-30 17:31:26,0,0.0001,LOW,APPROVE,0,LOW_RISK_ESTABLISHED_ACCOUNT,,,phase3-v1
tx_0020821,2026-03-30 17:31:30,0,0.0,LOW,APPROVE,0,LOW_RISK_ESTABLISHED_ACCOUNT,,,phase3-v1
tx_0024830,2026-03-30 17:34:30,0,0.0002,LOW,APPROVE,0,GRAPH_SHARED_PAYMENT,GRAPH_SHARED_ADDRESS,GRAPH_MULTI_ENTITY_OVERLAP,phase3-v1
tx_0014309,2026-03-30 17:34:50,0,0.0,LOW,APPROVE,0,LOW_RISK_ESTABLISHED_ACCOUNT,,,phase3-v1
tx_0010562,2026-03-30 17:37:12,0,0.0,LOW,APPROVE,0,LOW_RISK_ESTABLISHED_ACCOUNT,,,phase3-v1
tx_0002401,2026-03-30 17:38:32,0,0.0001,LOW,APPROVE,0,LOW_RISK_ESTABLISHED_ACCOUNT,,,phase3-v1
tx_0000927,2026-03-30 17:41:17,0,0.0,LOW,APPROVE,0,LOW_RISK_ESTABLISHED_ACCOUNT,,,phase3-v1
tx_0021633,2026-03-30 17:41:27,0,0.0,LOW,APPROVE,0,LOW_RISK_ESTABLISHED_ACCOUNT,,,phase3-v1
tx_0020182,2026-03-30 17:46:33,0,0.0,LOW,APPROVE,0,LOW_RISK_ESTABLISHED_ACCOUNT,,,phase3-v1
tx_0011575,2026-03-30 17:47:03,0,0.0001,LOW,APPROVE,0,LOW_RISK_ESTABLISHED_ACCOUNT,,,phase3-v1
tx_0004719,2026-03-30 17:47:18,0,0.0,LOW,APPROVE,0,LOW_RISK_ESTABLISHED_ACCOUNT,,,phase3-v1
tx_0001818,2026-03-30 17:49:06,0,0.0001,LOW,APPROVE,0,LOW_RISK_ESTABLISHED_ACCOUNT,,,phase3-v1
tx_0024497,2026-03-30 17:52:01,0,0.0003,LOW,APPROVE,0,GRAPH_CONNECTED_USERS,,,phase3-v1
tx_0012975,2026-03-30 18:00:02,0,0.0,LOW,APPROVE,0,LOW_RISK_ESTABLISHED_ACCOUNT,,,phase3-v1
tx_0007638,2026-03-30 18:00:58,0,0.0001,LOW,APPROVE,0,HIGH_24H_VELOCITY,,,phase3-v1
tx_0001731,2026-03-30 18:01:33,0,0.0001,LOW,APPROVE,0,LOW_RISK_ESTABLISHED_ACCOUNT,,,phase3-v1
tx_0022552,2026-03-30 18:04:23,0,0.0,LOW,APPROVE,0,LOW_RISK_ESTABLISHED_ACCOUNT,,,phase3-v1
tx_0024729,2026-03-30 18:08:36,0,0.0001,LOW,APPROVE,0,GRAPH_CONNECTED_USERS,,,phase3-v1
tx_0016397,2026-03-30 18:09:09,0,0.0,LOW,APPROVE,0,LOW_RISK_ESTABLISHED_ACCOUNT,,,phase3-v1
tx_0023475,2026-03-30 18:10:14,0,0.0001,LOW,APPROVE,0,GRAPH_CONNECTED_USERS,,,phase3-v1
tx_0016764,2026-03-30 18:12:23,0,0.0,LOW,APPROVE,0,LOW_RISK_ESTABLISHED_ACCOUNT,,,phase3-v1
tx_0001231,2026-03-30 18:12:41,0,0.0001,LOW,APPROVE,0,HIGH_24H_VELOCITY,HIGH_1H_VELOCITY,,phase3-v1
tx_0006494,2026-03-30 18:14:06,0,0.0,LOW,APPROVE,0,LOW_RISK_ESTABLISHED_ACCOUNT,,,phase3-v1
tx_0018920,2026-03-30 18:14:25,0,0.0,LOW,APPROVE,0,LOW_RISK_ESTABLISHED_ACCOUNT,,,phase3-v1
tx_0004934,2026-03-30 18:16:25,0,0.0001,LOW,APPROVE,0,LOW_RISK_ESTABLISHED_ACCOUNT,,,phase3-v1
tx_0016808,2026-03-30 18:16:52,0,0.0,LOW,APPROVE,0,LOW_RISK_ESTABLISHED_ACCOUNT,,,phase3-v1
tx_0018764,2026-03-30 18:18:14,0,0.0,LOW,APPROVE,0,LOW_RISK_ESTABLISHED_ACCOUNT,,,phase3-v1
tx_0002281,2026-03-30 18:20:17,0,0.0001,LOW,APPROVE,0,LOW_RISK_ESTABLISHED_ACCOUNT,,,phase3-v1
tx_0015834,2026-03-30 18:23:37,0,0.0,LOW,APPROVE,0,LOW_RISK_ESTABLISHED_ACCOUNT,,,phase3-v1
tx_0001732,2026-03-30 18:24:02,0,0.0004,LOW,APPROVE,0,HIGH_AMOUNT_ANOMALY,HIGH_24H_VELOCITY,HIGH_1H_VELOCITY,phase3-v1
tx_0005793,2026-03-30 18:24:08,0,0.0,LOW,APPROVE,0,LOW_RISK_ESTABLISHED_ACCOUNT,,,phase3-v1
tx_0011213,2026-03-30 18:26:51,0,0.0001,LOW,APPROVE,0,LOW_RISK_ESTABLISHED_ACCOUNT,,,phase3-v1
tx_0019092,2026-03-30 18:28:24,0,0.0,LOW,APPROVE,0,LOW_RISK_ESTABLISHED_ACCOUNT,,,phase3-v1
tx_0000919,2026-03-30 18:29:41,0,0.0,LOW,APPROVE,0,LOW_RISK_ESTABLISHED_ACCOUNT,,,phase3-v1
tx_0001505,2026-03-30 18:33:24,0,0.0001,LOW,APPROVE,0,LOW_RISK_ESTABLISHED_ACCOUNT,,,phase3-v1
tx_0010317,2026-03-30 18:33:41,0,0.0001,LOW,APPROVE,0,LOW_RISK_ESTABLISHED_ACCOUNT,,,phase3-v1
tx_0011940,2026-03-30 18:36:00,0,0.0001,LOW,APPROVE,0,HIGH_24H_VELOCITY,,,phase3-v1
tx_0010394,2026-03-30 18:37:18,0,0.0,LOW,APPROVE,0,LOW_RISK_ESTABLISHED_ACCOUNT,,,phase3-v1
tx_0022502,2026-03-30 18:39:22,0,0.0,LOW,APPROVE,0,LOW_RISK_ESTABLISHED_ACCOUNT,,,phase3-v1
tx_0003006,2026-03-30 18:41:17,0,0.0001,LOW,APPROVE,0,LOW_RISK_ESTABLISHED_ACCOUNT,,,phase3-v1
tx_0020064,2026-03-30 18:43:50,0,0.0,LOW,APPROVE,0,LOW_RISK_ESTABLISHED_ACCOUNT,,,phase3-v1
tx_0009791,2026-03-30 18:45:58,0,0.0,LOW,APPROVE,0,LOW_RISK_ESTABLISHED_ACCOUNT,,,phase3-v1
tx_0018814,2026-03-30 18:46:21,0,0.0001,LOW,APPROVE,0,LOW_RISK_ESTABLISHED_ACCOUNT,,,phase3-v1
tx_0011573,2026-03-30 18:49:39,0,0.0001,LOW,APPROVE,0,HIGH_24H_VELOCITY,,,phase3-v1
tx_0023809,2026-03-30 18:50:06,0,0.0001,LOW,APPROVE,0,GRAPH_CONNECTED_USERS,,,phase3-v1
tx_0001637,2026-03-30 18:53:05,0,0.0,LOW,APPROVE,0,LOW_RISK_ESTABLISHED_ACCOUNT,,,phase3-v1
tx_0011109,2026-03-30 18:53:43,0,0.0,LOW,APPROVE,0,LOW_RISK_ESTABLISHED_ACCOUNT,,,phase3-v1
tx_0013033,2026-03-30 18:53:47,0,0.0001,LOW,APPROVE,0,LOW_RISK_ESTABLISHED_ACCOUNT,,,phase3-v1
tx_0017698,2026-03-30 18:56:58,0,0.0,LOW,APPROVE,0,LOW_RISK_ESTABLISHED_ACCOUNT,,,phase3-v1
tx_0005744,2026-03-30 18:57:48,0,0.0001,LOW,APPROVE,0,HIGH_AMOUNT_ANOMALY,,,phase3-v1
tx_0003172,2026-03-30 18:59:44,0,0.0,LOW,APPROVE,0,LOW_RISK_ESTABLISHED_ACCOUNT,,,phase3-v1
tx_0015698,2026-03-30 18:59:51,0,0.0,LOW,APPROVE,0,LOW_RISK_ESTABLISHED_ACCOUNT,,,phase3-v1
tx_0018903,2026-03-30 19:00:22,0,0.0,LOW,APPROVE,0,LOW_RISK_ESTABLISHED_ACCOUNT,,,phase3-v1
tx_0016603,2026-03-30 19:03:51,0,0.0001,LOW,APPROVE,0,LOW_RISK_ESTABLISHED_ACCOUNT,,,phase3-v1
tx_0004956,2026-03-30 19:03:53,0,0.0,LOW,APPROVE,0,LOW_RISK_ESTABLISHED_ACCOUNT,,,phase3-v1
tx_0021632,2026-03-30 19:04:18,0,0.0001,LOW,APPROVE,0,LOW_RISK_ESTABLISHED_ACCOUNT,,,phase3-v1
tx_0010150,2026-03-30 19:09:31,0,0.0,LOW,APPROVE,0,LOW_RISK_ESTABLISHED_ACCOUNT,,,phase3-v1
tx_0024744,2026-03-30 19:11:34,0,0.0004,LOW,APPROVE,0,GRAPH_CONNECTED_USERS,,,phase3-v1
tx_0006041,2026-03-30 19:13:16,0,0.0,LOW,APPROVE,0,LOW_RISK_ESTABLISHED_ACCOUNT,,,phase3-v1
tx_0015694,2026-03-30 19:14:38,0,0.0,LOW,APPROVE,0,LOW_RISK_ESTABLISHED_ACCOUNT,,,phase3-v1
tx_0014370,2026-03-30 19:14:44,0,0.0,LOW,APPROVE,0,LOW_RISK_ESTABLISHED_ACCOUNT,,,phase3-v1
tx_0014414,2026-03-30 19:20:07,0,0.0,LOW,APPROVE,0,LOW_RISK_ESTABLISHED_ACCOUNT,,,phase3-v1
tx_0017664,2026-03-30 19:23:20,0,0.0001,LOW,APPROVE,0,LOW_RISK_ESTABLISHED_ACCOUNT,,,phase3-v1
tx_0010540,2026-03-30 19:23:56,0,0.0,LOW,APPROVE,0,LOW_RISK_ESTABLISHED_ACCOUNT,,,phase3-v1
tx_0025429,2026-03-30 19:28:14,0,0.0005,LOW,APPROVE,0,GRAPH_CONNECTED_USERS,,,phase3-v1
tx_0005983,2026-03-30 19:29:37,0,0.0001,LOW,APPROVE,0,LOW_RISK_ESTABLISHED_ACCOUNT,,,phase3-v1
tx_0021634,2026-03-30 19:29:42,0,0.0002,LOW,APPROVE,0,HIGH_24H_VELOCITY,HIGH_1H_VELOCITY,,phase3-v1
tx_0019518,2026-03-30 19:33:37,0,0.0,LOW,APPROVE,0,LOW_RISK_ESTABLISHED_ACCOUNT,,,phase3-v1
tx_0003707,2026-03-30 19:34:18,0,0.0,LOW,APPROVE,0,LOW_RISK_ESTABLISHED_ACCOUNT,,,phase3-v1
tx_0020126,2026-03-30 19:34:24,0,0.0,LOW,APPROVE,0,LOW_RISK_ESTABLISHED_ACCOUNT,,,phase3-v1
tx_0000956,2026-03-30 19:36:46,0,0.0,LOW,APPROVE,0,LOW_RISK_ESTABLISHED_ACCOUNT,,,phase3-v1
tx_0013433,2026-03-30 19:38:41,0,0.0001,LOW,APPROVE,0,LOW_RISK_ESTABLISHED_ACCOUNT,,,phase3-v1
tx_0007283,2026-03-30 19:41:13,0,0.0,LOW,APPROVE,0,LOW_RISK_ESTABLISHED_ACCOUNT,,,phase3-v1
tx_0017008,2026-03-30 19:43:03,0,0.0,LOW,APPROVE,0,LOW_RISK_ESTABLISHED_ACCOUNT,,,phase3-v1
tx_0012608,2026-03-30 19:45:33,0,0.0001,LOW,APPROVE,0,LOW_RISK_ESTABLISHED_ACCOUNT,,,phase3-v1
tx_0004090,2026-03-30 19:45:51,0,0.0,LOW,APPROVE,0,LOW_RISK_ESTABLISHED_ACCOUNT,,,phase3-v1
tx_0005546,2026-03-30 19:47:35,0,0.0,LOW,APPROVE,0,LOW_RISK_ESTABLISHED_ACCOUNT,,,phase3-v1
tx_0022803,2026-03-30 19:49:11,0,0.0001,LOW,APPROVE,0,GRAPH_SHARED_ADDRESS,GRAPH_MULTI_ENTITY_OVERLAP,GRAPH_CONNECTED_USERS,phase3-v1
tx_0019770,2026-03-30 19:50:22,0,0.0,LOW,APPROVE,0,LOW_RISK_ESTABLISHED_ACCOUNT,,,phase3-v1
tx_0006602,2026-03-30 19:50:32,0,0.0,LOW,APPROVE,0,LOW_RISK_ESTABLISHED_ACCOUNT,,,phase3-v1
tx_0004848,2026-03-30 19:50:34,0,0.0,LOW,APPROVE,0,LOW_RISK_ESTABLISHED_ACCOUNT,,,phase3-v1
tx_0019933,2026-03-30 19:50:52,0,0.0,LOW,APPROVE,0,LOW_RISK_ESTABLISHED_ACCOUNT,,,phase3-v1
tx_0003521,2026-03-30 19:51:38,0,0.0001,LOW,APPROVE,0,LOW_RISK_ESTABLISHED_ACCOUNT,,,phase3-v1
tx_0004818,2026-03-30 19:52:34,0,0.0001,LOW,APPROVE,0,LOW_RISK_ESTABLISHED_ACCOUNT,,,phase3-v1
tx_0020336,2026-03-30 19:55:45,0,0.0001,LOW,APPROVE,0,LOW_RISK_ESTABLISHED_ACCOUNT,,,phase3-v1
tx_0019808,2026-03-30 19:58:57,0,0.0001,LOW,APPROVE,0,LOW_RISK_ESTABLISHED_ACCOUNT,,,phase3-v1
tx_0005365,2026-03-30 19:58:58,0,0.0,LOW,APPROVE,0,LOW_RISK_ESTABLISHED_ACCOUNT,,,phase3-v1
tx_0020796,2026-03-30 20:01:08,0,0.0002,LOW,APPROVE,0,LOW_RISK_ESTABLISHED_ACCOUNT,,,phase3-v1
tx_0019453,2026-03-30 20:01:10,0,0.0001,LOW,APPROVE,0,LOW_RISK_ESTABLISHED_ACCOUNT,,,phase3-v1
tx_0004923,2026-03-30 20:01:40,0,0.0001,LOW,APPROVE,0,LOW_RISK_ESTABLISHED_ACCOUNT,,,phase3-v1
tx_0000203,2026-03-30 20:03:44,0,0.0001,LOW,APPROVE,0,LOW_RISK_ESTABLISHED_ACCOUNT,,,phase3-v1
tx_0005334,2026-03-30 20:04:01,0,0.0001,LOW,APPROVE,0,LOW_RISK_ESTABLISHED_ACCOUNT,,,phase3-v1
tx_0022799,2026-03-30 20:08:18,0,0.0002,LOW,APPROVE,0,GRAPH_SHARED_ADDRESS,GRAPH_MULTI_ENTITY_OVERLAP,GRAPH_CONNECTED_USERS,phase3-v1
tx_0016544,2026-03-30 20:13:39,0,0.0001,LOW,APPROVE,0,LOW_RISK_ESTABLISHED_ACCOUNT,,,phase3-v1
tx_0011587,2026-03-30 20:15:08,0,0.0001,LOW,APPROVE,0,LOW_RISK_ESTABLISHED_ACCOUNT,,,phase3-v1
tx_0012797,2026-03-30 20:15:22,0,0.0001,LOW,APPROVE,0,LOW_RISK_ESTABLISHED_ACCOUNT,,,phase3-v1
tx_0025717,2026-03-30 20:15:32,0,0.0005,LOW,APPROVE,0,GRAPH_CONNECTED_USERS,,,phase3-v1
tx_0018289,2026-03-30 20:16:39,0,0.0001,LOW,APPROVE,0,LOW_RISK_ESTABLISHED_ACCOUNT,,,phase3-v1
tx_0011630,2026-03-30 20:17:26,0,0.0002,LOW,APPROVE,0,LOW_RISK_ESTABLISHED_ACCOUNT,,,phase3-v1
tx_0000805,2026-03-30 20:24:48,0,0.0001,LOW,APPROVE,0,LOW_RISK_ESTABLISHED_ACCOUNT,,,phase3-v1
tx_0017031,2026-03-30 20:27:22,0,0.0001,LOW,APPROVE,0,LOW_RISK_ESTABLISHED_ACCOUNT,,,phase3-v1
tx_0013991,2026-03-30 20:31:23,0,0.0004,LOW,APPROVE,0,LOW_RISK_ESTABLISHED_ACCOUNT,,,phase3-v1
tx_0019765,2026-03-30 20:33:57,0,0.0001,LOW,APPROVE,0,HIGH_1H_VELOCITY,,,phase3-v1
tx_0018824,2026-03-30 20:34:04,0,0.0002,LOW,APPROVE,0,HIGH_24H_VELOCITY,,,phase3-v1
tx_0015395,2026-03-30 20:35:26,0,0.0001,LOW,APPROVE,0,LOW_RISK_ESTABLISHED_ACCOUNT,,,phase3-v1
tx_0023604,2026-03-30 20:39:04,0,0.0002,LOW,APPROVE,0,GRAPH_MULTI_ENTITY_OVERLAP,GRAPH_SHARED_PAYMENT,HIGH_AMOUNT_ANOMALY,phase3-v1
tx_0006364,2026-03-30 20:43:11,0,0.0001,LOW,APPROVE,0,LOW_RISK_ESTABLISHED_ACCOUNT,,,phase3-v1
tx_0009049,2026-03-30 20:46:32,0,0.0001,LOW,APPROVE,0,LOW_RISK_ESTABLISHED_ACCOUNT,,,phase3-v1
tx_0004647,2026-03-30 20:49:03,0,0.0001,LOW,APPROVE,0,LOW_RISK_ESTABLISHED_ACCOUNT,,,phase3-v1
tx_0011938,2026-03-30 20:51:09,0,0.0002,LOW,APPROVE,0,HIGH_24H_VELOCITY,,,phase3-v1
tx_0021172,2026-03-30 20:55:59,0,0.0001,LOW,APPROVE,0,LOW_RISK_ESTABLISHED_ACCOUNT,,,phase3-v1
tx_0001238,2026-03-30 20:58:16,0,0.0002,LOW,APPROVE,0,HIGH_24H_VELOCITY,,,phase3-v1
tx_0021985,2026-03-30 20:58:39,0,0.0001,LOW,APPROVE,0,LOW_RISK_ESTABLISHED_ACCOUNT,,,phase3-v1
tx_0018825,2026-03-30 21:00:59,0,0.0003,LOW,APPROVE,0,HIGH_24H_VELOCITY,HIGH_1H_VELOCITY,,phase3-v1
tx_0025832,2026-03-30 21:03:59,0,0.0001,LOW,APPROVE,0,GRAPH_SHARED_ADDRESS,GRAPH_MULTI_ENTITY_OVERLAP,GRAPH_CONNECTED_USERS,phase3-v1
tx_0006714,2026-03-30 21:04:23,0,0.0001,LOW,APPROVE,0,LOW_RISK_ESTABLISHED_ACCOUNT,,,phase3-v1
tx_0015692,2026-03-30 21:05:03,0,0.0002,LOW,APPROVE,0,HIGH_24H_VELOCITY,,,phase3-v1
tx_0014963,2026-03-30 21:06:38,0,0.0001,LOW,APPROVE,0,LOW_RISK_ESTABLISHED_ACCOUNT,,,phase3-v1
tx_0008402,2026-03-30 21:12:07,0,0.0001,LOW,APPROVE,0,LOW_RISK_ESTABLISHED_ACCOUNT,,,phase3-v1
tx_0018823,2026-03-30 21:18:58,0,0.0003,LOW,APPROVE,0,HIGH_24H_VELOCITY,HIGH_1H_VELOCITY,,phase3-v1
tx_0001694,2026-03-30 21:18:59,0,0.0001,LOW,APPROVE,0,LOW_RISK_ESTABLISHED_ACCOUNT,,,phase3-v1
tx_0000252,2026-03-30 21:23:34,0,0.0001,LOW,APPROVE,0,LOW_RISK_ESTABLISHED_ACCOUNT,,,phase3-v1
tx_0021927,2026-03-30 21:24:05,0,0.0001,LOW,APPROVE,0,LOW_RISK_ESTABLISHED_ACCOUNT,,,phase3-v1
tx_0015706,2026-03-30 21:27:57,0,0.0001,LOW,APPROVE,0,LOW_RISK_ESTABLISHED_ACCOUNT,,,phase3-v1
tx_0017609,2026-03-30 21:30:46,0,0.0001,LOW,APPROVE,0,LOW_RISK_ESTABLISHED_ACCOUNT,,,phase3-v1
tx_0012572,2026-03-30 21:30:57,0,0.0001,LOW,APPROVE,0,LOW_RISK_ESTABLISHED_ACCOUNT,,,phase3-v1
tx_0004269,2026-03-30 21:31:33,0,0.0001,LOW,APPROVE,0,LOW_RISK_ESTABLISHED_ACCOUNT,,,phase3-v1
tx_0019862,2026-03-30 21:31:35,0,0.0002,LOW,APPROVE,0,LOW_RISK_ESTABLISHED_ACCOUNT,,,phase3-v1
tx_0012177,2026-03-30 21:31:45,0,0.0001,LOW,APPROVE,0,LOW_RISK_ESTABLISHED_ACCOUNT,,,phase3-v1
tx_0009330,2026-03-30 21:34:15,0,0.0001,LOW,APPROVE,0,LOW_RISK_ESTABLISHED_ACCOUNT,,,phase3-v1
tx_0007754,2026-03-30 21:34:25,0,0.0002,LOW,APPROVE,0,LOW_RISK_ESTABLISHED_ACCOUNT,,,phase3-v1
tx_0025691,2026-03-30 21:35:39,0,0.0001,LOW,APPROVE,0,GRAPH_CONNECTED_USERS,,,phase3-v1
tx_0015578,2026-03-30 21:39:56,0,0.0001,LOW,APPROVE,0,LOW_RISK_ESTABLISHED_ACCOUNT,,,phase3-v1
tx_0015098,2026-03-30 21:41:55,0,0.0001,LOW,APPROVE,0,LOW_RISK_ESTABLISHED_ACCOUNT,,,phase3-v1
tx_0007593,2026-03-30 21:52:15,0,0.0001,LOW,APPROVE,0,LOW_RISK_ESTABLISHED_ACCOUNT,,,phase3-v1
tx_0002775,2026-03-30 21:53:42,0,0.0001,LOW,APPROVE,0,LOW_RISK_ESTABLISHED_ACCOUNT,,,phase3-v1
tx_0019128,2026-03-30 21:59:37,0,0.0001,LOW,APPROVE,0,LOW_RISK_ESTABLISHED_ACCOUNT,,,phase3-v1
tx_0004665,2026-03-30 22:00:31,0,0.0001,LOW,APPROVE,0,LOW_RISK_ESTABLISHED_ACCOUNT,,,phase3-v1
tx_0020667,2026-03-30 22:01:41,0,0.0001,LOW,APPROVE,0,LOW_RISK_ESTABLISHED_ACCOUNT,,,phase3-v1
tx_0014194,2026-03-30 22:03:03,0,0.0001,LOW,APPROVE,0,LOW_RISK_ESTABLISHED_ACCOUNT,,,phase3-v1
tx_0024602,2026-03-30 22:03:17,0,0.0001,LOW,APPROVE,0,GRAPH_CONNECTED_USERS,,,phase3-v1
tx_0020958,2026-03-30 22:05:09,0,0.0001,LOW,APPROVE,0,LOW_RISK_ESTABLISHED_ACCOUNT,,,phase3-v1
tx_0015537,2026-03-30 22:11:08,0,0.0001,LOW,APPROVE,0,LOW_RISK_ESTABLISHED_ACCOUNT,,,phase3-v1
tx_0016754,2026-03-30 22:14:59,0,0.0001,LOW,APPROVE,0,LOW_RISK_ESTABLISHED_ACCOUNT,,,phase3-v1
tx_0020530,2026-03-30 22:21:41,0,0.0001,LOW,APPROVE,0,LOW_RISK_ESTABLISHED_ACCOUNT,,,phase3-v1
tx_0011753,2026-03-30 22:24:13,0,0.0001,LOW,APPROVE,0,LOW_RISK_ESTABLISHED_ACCOUNT,,,phase3-v1
tx_0022252,2026-03-30 22:25:26,0,0.0001,LOW,APPROVE,0,LOW_RISK_ESTABLISHED_ACCOUNT,,,phase3-v1
tx_0022379,2026-03-30 22:31:35,0,0.0001,LOW,APPROVE,0,LOW_RISK_ESTABLISHED_ACCOUNT,,,phase3-v1
tx_0021706,2026-03-30 22:43:22,0,0.0001,LOW,APPROVE,0,LOW_RISK_ESTABLISHED_ACCOUNT,,,phase3-v1
tx_0010965,2026-03-30 22:44:01,0,0.0001,LOW,APPROVE,0,LOW_RISK_ESTABLISHED_ACCOUNT,,,phase3-v1
tx_0016142,2026-03-30 22:44:24,0,0.0001,LOW,APPROVE,0,HIGH_AMOUNT_ANOMALY,,,phase3-v1
tx_0012110,2026-03-30 22:45:21,0,0.0002,LOW,APPROVE,0,LOW_RISK_ESTABLISHED_ACCOUNT,,,phase3-v1
tx_0008135,2026-03-30 22:46:40,0,0.0001,LOW,APPROVE,0,LOW_RISK_ESTABLISHED_ACCOUNT,,,phase3-v1
tx_0017033,2026-03-30 22:47:03,0,0.0001,LOW,APPROVE,0,LOW_RISK_ESTABLISHED_ACCOUNT,,,phase3-v1
tx_0001659,2026-03-30 22:51:26,0,0.0001,LOW,APPROVE,0,LOW_RISK_ESTABLISHED_ACCOUNT,,,phase3-v1
tx_0019622,2026-03-30 22:52:02,0,0.0001,LOW,APPROVE,0,LOW_RISK_ESTABLISHED_ACCOUNT,,,phase3-v1
tx_0012420,2026-03-30 22:52:17,0,0.0001,LOW,APPROVE,0,LOW_RISK_ESTABLISHED_ACCOUNT,,,phase3-v1
tx_0004899,2026-03-30 22:55:26,0,0.0001,LOW,APPROVE,0,LOW_RISK_ESTABLISHED_ACCOUNT,,,phase3-v1
tx_0012761,2026-03-30 23:02:54,0,0.0001,LOW,APPROVE,0,LOW_RISK_ESTABLISHED_ACCOUNT,,,phase3-v1
tx_0007974,2026-03-30 23:12:45,0,0.0001,LOW,APPROVE,0,LOW_RISK_ESTABLISHED_ACCOUNT,,,phase3-v1
tx_0013194,2026-03-30 23:34:36,0,0.0001,LOW,APPROVE,0,LOW_RISK_ESTABLISHED_ACCOUNT,,,phase3-v1
tx_0002702,2026-03-30 23:43:12,0,0.0001,LOW,APPROVE,0,LOW_RISK_ESTABLISHED_ACCOUNT,,,phase3-v1
tx_0006908,2026-03-30 23:45:34,0,0.0001,LOW,APPROVE,0,LOW_RISK_ESTABLISHED_ACCOUNT,,,phase3-v1
tx_0010961,2026-03-30 23:54:12,0,0.0001,LOW,APPROVE,0,LOW_RISK_ESTABLISHED_ACCOUNT,,,phase3-v1
tx_0021732,2026-03-31 00:06:18,0,0.0002,LOW,APPROVE,0,HIGH_AMOUNT_ANOMALY,,,phase3-v1
tx_0022947,2026-03-31 00:24:06,0,0.0001,LOW,APPROVE,0,GRAPH_SHARED_ADDRESS,GRAPH_MULTI_ENTITY_OVERLAP,GRAPH_CONNECTED_USERS,phase3-v1
tx_0007637,2026-03-31 00:28:59,0,0.0004,LOW,APPROVE,0,HIGH_24H_VELOCITY,,,phase3-v1
tx_0000313,2026-03-31 00:30:08,0,0.0001,LOW,APPROVE,0,LOW_RISK_ESTABLISHED_ACCOUNT,,,phase3-v1
tx_0021300,2026-03-31 01:18:10,0,0.0001,LOW,APPROVE,0,OFF_HOURS_ACTIVITY,,,phase3-v1
tx_0015198,2026-03-31 02:13:05,0,0.0001,LOW,APPROVE,0,OFF_HOURS_ACTIVITY,,,phase3-v1
tx_0013112,2026-03-31 02:52:31,0,0.0001,LOW,APPROVE,0,OFF_HOURS_ACTIVITY,,,phase3-v1
tx_0015600,2026-03-31 02:55:40,0,0.0001,LOW,APPROVE,0,OFF_HOURS_ACTIVITY,,,phase3-v1
tx_0005160,2026-03-31 03:05:23,0,0.0002,LOW,APPROVE,0,PROMO_ACTIVITY,OFF_HOURS_ACTIVITY,,phase3-v1
tx_0019991,2026-03-31 03:21:13,0,0.0001,LOW,APPROVE,0,OFF_HOURS_ACTIVITY,,,phase3-v1
tx_0013634,2026-03-31 03:27:29,0,0.0001,LOW,APPROVE,0,OFF_HOURS_ACTIVITY,,,phase3-v1
tx_0018226,2026-03-31 04:10:04,0,0.0002,LOW,APPROVE,0,OFF_HOURS_ACTIVITY,,,phase3-v1
tx_0017017,2026-03-31 05:21:19,0,0.0,LOW,APPROVE,0,OFF_HOURS_ACTIVITY,,,phase3-v1
tx_0014723,2026-03-31 05:27:03,0,0.0,LOW,APPROVE,0,OFF_HOURS_ACTIVITY,,,phase3-v1
tx_0008036,2026-03-31 06:00:37,0,0.0,LOW,APPROVE,0,LOW_RISK_ESTABLISHED_ACCOUNT,,,phase3-v1
tx_0002376,2026-03-31 06:43:37,0,0.0001,LOW,APPROVE,0,LOW_RISK_ESTABLISHED_ACCOUNT,,,phase3-v1
tx_0005028,2026-03-31 06:47:10,0,0.0001,LOW,APPROVE,0,LOW_RISK_ESTABLISHED_ACCOUNT,,,phase3-v1
tx_0004460,2026-03-31 06:49:15,0,0.0001,LOW,APPROVE,0,LOW_RISK_ESTABLISHED_ACCOUNT,,,phase3-v1
tx_0005954,2026-03-31 06:52:35,0,0.0001,LOW,APPROVE,0,LOW_RISK_ESTABLISHED_ACCOUNT,,,phase3-v1
tx_0022309,2026-03-31 06:53:02,0,0.0001,LOW,APPROVE,0,LOW_RISK_ESTABLISHED_ACCOUNT,,,phase3-v1
tx_0004718,2026-03-31 07:04:39,0,0.0,LOW,APPROVE,0,LOW_RISK_ESTABLISHED_ACCOUNT,,,phase3-v1
tx_0013694,2026-03-31 07:10:35,0,0.0,LOW,APPROVE,0,LOW_RISK_ESTABLISHED_ACCOUNT,,,phase3-v1
tx_0005704,2026-03-31 07:15:04,0,0.0,LOW,APPROVE,0,LOW_RISK_ESTABLISHED_ACCOUNT,,,phase3-v1
tx_0020897,2026-03-31 07:24:52,0,0.0,LOW,APPROVE,0,LOW_RISK_ESTABLISHED_ACCOUNT,,,phase3-v1
tx_0016463,2026-03-31 07:26:24,0,0.0001,LOW,APPROVE,0,LOW_RISK_ESTABLISHED_ACCOUNT,,,phase3-v1
tx_0014437,2026-03-31 07:31:46,0,0.0,LOW,APPROVE,0,LOW_RISK_ESTABLISHED_ACCOUNT,,,phase3-v1
tx_0002435,2026-03-31 07:34:49,0,0.0,LOW,APPROVE,0,LOW_RISK_ESTABLISHED_ACCOUNT,,,phase3-v1
tx_0007969,2026-03-31 07:35:17,0,0.0001,LOW,APPROVE,0,LOW_RISK_ESTABLISHED_ACCOUNT,,,phase3-v1
tx_0006075,2026-03-31 07:42:33,0,0.0001,LOW,APPROVE,0,LOW_RISK_ESTABLISHED_ACCOUNT,,,phase3-v1
tx_0007827,2026-03-31 07:53:45,0,0.0001,LOW,APPROVE,0,LOW_RISK_ESTABLISHED_ACCOUNT,,,phase3-v1
tx_0017867,2026-03-31 08:06:05,0,0.0,LOW,APPROVE,0,LOW_RISK_ESTABLISHED_ACCOUNT,,,phase3-v1
tx_0007461,2026-03-31 08:06:55,0,0.0,LOW,APPROVE,0,LOW_RISK_ESTABLISHED_ACCOUNT,,,phase3-v1
tx_0020818,2026-03-31 08:08:13,0,0.0,LOW,APPROVE,0,LOW_RISK_ESTABLISHED_ACCOUNT,,,phase3-v1
tx_0021159,2026-03-31 08:10:48,0,0.0,LOW,APPROVE,0,LOW_RISK_ESTABLISHED_ACCOUNT,,,phase3-v1
tx_0016575,2026-03-31 08:21:41,0,0.0001,LOW,APPROVE,0,LOW_RISK_ESTABLISHED_ACCOUNT,,,phase3-v1
tx_0000030,2026-03-31 08:31:36,0,0.0,LOW,APPROVE,0,LOW_RISK_ESTABLISHED_ACCOUNT,,,phase3-v1
tx_0006526,2026-03-31 08:32:18,0,0.0,LOW,APPROVE,0,LOW_RISK_ESTABLISHED_ACCOUNT,,,phase3-v1
tx_0020843,2026-03-31 08:40:15,0,0.0,LOW,APPROVE,0,HIGH_AMOUNT_ANOMALY,,,phase3-v1
tx_0021430,2026-03-31 08:40:52,0,0.0,LOW,APPROVE,0,LOW_RISK_ESTABLISHED_ACCOUNT,,,phase3-v1
tx_0007636,2026-03-31 08:51:11,0,0.0,LOW,APPROVE,0,HIGH_24H_VELOCITY,,,phase3-v1
tx_0013470,2026-03-31 09:01:54,0,0.0,LOW,APPROVE,0,LOW_RISK_ESTABLISHED_ACCOUNT,,,phase3-v1
tx_0020875,2026-03-31 09:02:22,0,0.0,LOW,APPROVE,0,LOW_RISK_ESTABLISHED_ACCOUNT,,,phase3-v1
tx_0018371,2026-03-31 09:02:35,0,0.0,LOW,APPROVE,0,LOW_RISK_ESTABLISHED_ACCOUNT,,,phase3-v1
tx_0019962,2026-03-31 09:06:15,0,0.0003,LOW,APPROVE,0,LOW_RISK_ESTABLISHED_ACCOUNT,,,phase3-v1
tx_0007545,2026-03-31 09:08:33,0,0.0001,LOW,APPROVE,0,LOW_RISK_ESTABLISHED_ACCOUNT,,,phase3-v1
tx_0005790,2026-03-31 09:10:40,0,0.0,LOW,APPROVE,0,LOW_RISK_ESTABLISHED_ACCOUNT,,,phase3-v1
tx_0005699,2026-03-31 09:11:04,0,0.0,LOW,APPROVE,0,LOW_RISK_ESTABLISHED_ACCOUNT,,,phase3-v1
tx_0017217,2026-03-31 09:14:08,0,0.0,LOW,APPROVE,0,LOW_RISK_ESTABLISHED_ACCOUNT,,,phase3-v1
tx_0016467,2026-03-31 09:30:33,0,0.0001,LOW,APPROVE,0,LOW_RISK_ESTABLISHED_ACCOUNT,,,phase3-v1
tx_0008844,2026-03-31 09:32:55,0,0.0001,LOW,APPROVE,0,LOW_RISK_ESTABLISHED_ACCOUNT,,,phase3-v1
tx_0007061,2026-03-31 09:33:50,0,0.0,LOW,APPROVE,0,LOW_RISK_ESTABLISHED_ACCOUNT,,,phase3-v1
tx_0009677,2026-03-31 09:43:16,0,0.0,LOW,APPROVE,0,LOW_RISK_ESTABLISHED_ACCOUNT,,,phase3-v1
tx_0013035,2026-03-31 09:53:16,0,0.0001,LOW,APPROVE,0,LOW_RISK_ESTABLISHED_ACCOUNT,,,phase3-v1
tx_0008559,2026-03-31 09:53:51,0,0.0,LOW,APPROVE,0,LOW_RISK_ESTABLISHED_ACCOUNT,,,phase3-v1
tx_0004225,2026-03-31 09:54:00,0,0.0,LOW,APPROVE,0,LOW_RISK_ESTABLISHED_ACCOUNT,,,phase3-v1
tx_0013890,2026-03-31 09:57:13,0,0.0,LOW,APPROVE,0,LOW_RISK_ESTABLISHED_ACCOUNT,,,phase3-v1
tx_0012101,2026-03-31 09:58:16,0,0.0,LOW,APPROVE,0,LOW_RISK_ESTABLISHED_ACCOUNT,,,phase3-v1
tx_0016396,2026-03-31 09:59:38,0,0.0,LOW,APPROVE,0,HIGH_24H_VELOCITY,,,phase3-v1
tx_0003094,2026-03-31 10:06:11,0,0.0,LOW,APPROVE,0,LOW_RISK_ESTABLISHED_ACCOUNT,,,phase3-v1
tx_0019669,2026-03-31 10:06:44,0,0.0,LOW,APPROVE,0,PROMO_ACTIVITY,,,phase3-v1
tx_0001632,2026-03-31 10:09:32,0,0.0,LOW,APPROVE,0,LOW_RISK_ESTABLISHED_ACCOUNT,,,phase3-v1
tx_0001236,2026-03-31 10:11:03,0,0.0001,LOW,APPROVE,0,HIGH_24H_VELOCITY,,,phase3-v1
tx_0012773,2026-03-31 10:12:26,0,0.0,LOW,APPROVE,0,LOW_RISK_ESTABLISHED_ACCOUNT,,,phase3-v1
tx_0025637,2026-03-31 10:12:40,0,0.0001,LOW,APPROVE,0,GRAPH_CONNECTED_USERS,,,phase3-v1
tx_0009497,2026-03-31 10:19:06,0,0.0001,LOW,APPROVE,0,LOW_RISK_ESTABLISHED_ACCOUNT,,,phase3-v1
tx_0000701,2026-03-31 10:22:26,0,0.0001,LOW,APPROVE,0,LOW_RISK_ESTABLISHED_ACCOUNT,,,phase3-v1
tx_0006206,2026-03-31 10:24:14,0,0.0,LOW,APPROVE,0,LOW_RISK_ESTABLISHED_ACCOUNT,,,phase3-v1
tx_0022929,2026-03-31 10:26:30,0,0.0001,LOW,APPROVE,0,GRAPH_CONNECTED_USERS,,,phase3-v1
tx_0000489,2026-03-31 10:26:59,0,0.0,LOW,APPROVE,0,LOW_RISK_ESTABLISHED_ACCOUNT,,,phase3-v1
tx_0011206,2026-03-31 10:27:58,0,0.0,LOW,APPROVE,0,LOW_RISK_ESTABLISHED_ACCOUNT,,,phase3-v1
tx_0023506,2026-03-31 10:29:49,0,0.0001,LOW,APPROVE,0,GRAPH_SHARED_ADDRESS,GRAPH_MULTI_ENTITY_OVERLAP,GRAPH_CONNECTED_USERS,phase3-v1
tx_0016782,2026-03-31 10:35:47,0,0.0,LOW,APPROVE,0,LOW_RISK_ESTABLISHED_ACCOUNT,,,phase3-v1
tx_0016495,2026-03-31 10:36:45,0,0.0,LOW,APPROVE,0,LOW_RISK_ESTABLISHED_ACCOUNT,,,phase3-v1
tx_0009893,2026-03-31 10:38:23,0,0.0,LOW,APPROVE,0,LOW_RISK_ESTABLISHED_ACCOUNT,,,phase3-v1
tx_0011584,2026-03-31 10:39:50,0,0.0,LOW,APPROVE,0,LOW_RISK_ESTABLISHED_ACCOUNT,,,phase3-v1
tx_0008640,2026-03-31 10:40:18,0,0.0001,LOW,APPROVE,0,HIGH_AMOUNT_ANOMALY,,,phase3-v1
tx_0004312,2026-03-31 10:41:44,0,0.0,LOW,APPROVE,0,LOW_RISK_ESTABLISHED_ACCOUNT,,,phase3-v1
tx_0021490,2026-03-31 10:41:57,0,0.0,LOW,APPROVE,0,LOW_RISK_ESTABLISHED_ACCOUNT,,,phase3-v1
tx_0009186,2026-03-31 10:43:37,0,0.0,LOW,APPROVE,0,LOW_RISK_ESTABLISHED_ACCOUNT,,,phase3-v1
tx_0008977,2026-03-31 10:43:47,0,0.0,LOW,APPROVE,0,LOW_RISK_ESTABLISHED_ACCOUNT,,,phase3-v1
tx_0004384,2026-03-31 10:45:07,0,0.0,LOW,APPROVE,0,LOW_RISK_ESTABLISHED_ACCOUNT,,,phase3-v1
tx_0008787,2026-03-31 10:47:03,0,0.0,LOW,APPROVE,0,PROMO_ACTIVITY,,,phase3-v1
tx_0012706,2026-03-31 10:49:43,0,0.0,LOW,APPROVE,0,LOW_RISK_ESTABLISHED_ACCOUNT,,,phase3-v1
tx_0002288,2026-03-31 10:50:46,0,0.0,LOW,APPROVE,0,LOW_RISK_ESTABLISHED_ACCOUNT,,,phase3-v1
tx_0017438,2026-03-31 10:52:16,0,0.0,LOW,APPROVE,0,LOW_RISK_ESTABLISHED_ACCOUNT,,,phase3-v1
tx_0023968,2026-03-31 10:52:46,0,0.0001,LOW,APPROVE,0,GRAPH_SHARED_ADDRESS,GRAPH_CONNECTED_USERS,GRAPH_MULTI_ENTITY_OVERLAP,phase3-v1
tx_0000243,2026-03-31 10:54:09,0,0.0,LOW,APPROVE,0,LOW_RISK_ESTABLISHED_ACCOUNT,,,phase3-v1
tx_0002378,2026-03-31 10:56:46,0,0.0001,LOW,APPROVE,0,LOW_RISK_ESTABLISHED_ACCOUNT,,,phase3-v1
tx_0012109,2026-03-31 10:59:54,0,0.0,LOW,APPROVE,0,HIGH_24H_VELOCITY,,,phase3-v1
tx_0020819,2026-03-31 11:04:34,0,0.0,LOW,APPROVE,0,HIGH_24H_VELOCITY,,,phase3-v1
tx_0001226,2026-03-31 11:05:37,0,0.0,LOW,APPROVE,0,LOW_RISK_ESTABLISHED_ACCOUNT,,,phase3-v1
tx_0014728,2026-03-31 11:06:21,0,0.0,LOW,APPROVE,0,LOW_RISK_ESTABLISHED_ACCOUNT,,,phase3-v1
tx_0024491,2026-03-31 11:09:59,0,0.0004,LOW,APPROVE,0,GRAPH_CONNECTED_USERS,,,phase3-v1
tx_0012111,2026-03-31 11:15:42,0,0.0001,LOW,APPROVE,0,HIGH_24H_VELOCITY,HIGH_1H_VELOCITY,,phase3-v1
tx_0002010,2026-03-31 11:16:21,0,0.0001,LOW,APPROVE,0,LOW_RISK_ESTABLISHED_ACCOUNT,,,phase3-v1
tx_0000743,2026-03-31 11:18:57,0,0.0001,LOW,APPROVE,0,HIGH_AMOUNT_ANOMALY,,,phase3-v1
tx_0024761,2026-03-31 11:20:25,0,0.0004,LOW,APPROVE,0,GRAPH_CONNECTED_USERS,,,phase3-v1
tx_0023675,2026-03-31 11:21:16,0,0.0004,LOW,APPROVE,0,GRAPH_CONNECTED_USERS,,,phase3-v1
tx_0011814,2026-03-31 11:23:20,0,0.0,LOW,APPROVE,0,LOW_RISK_ESTABLISHED_ACCOUNT,,,phase3-v1
tx_0009842,2026-03-31 11:29:45,0,0.0001,LOW,APPROVE,0,LOW_RISK_ESTABLISHED_ACCOUNT,,,phase3-v1
tx_0007403,2026-03-31 11:29:50,0,0.0,LOW,APPROVE,0,LOW_RISK_ESTABLISHED_ACCOUNT,,,phase3-v1
tx_0021188,2026-03-31 11:32:28,0,0.0,LOW,APPROVE,0,LOW_RISK_ESTABLISHED_ACCOUNT,,,phase3-v1
tx_0020488,2026-03-31 11:36:04,0,0.0001,LOW,APPROVE,0,LOW_RISK_ESTABLISHED_ACCOUNT,,,phase3-v1
tx_0018913,2026-03-31 11:36:13,0,0.0,LOW,APPROVE,0,LOW_RISK_ESTABLISHED_ACCOUNT,,,phase3-v1
tx_0012875,2026-03-31 11:39:05,0,0.0,LOW,APPROVE,0,LOW_RISK_ESTABLISHED_ACCOUNT,,,phase3-v1
tx_0010463,2026-03-31 11:40:24,0,0.0,LOW,APPROVE,0,LOW_RISK_ESTABLISHED_ACCOUNT,,,phase3-v1
tx_0012106,2026-03-31 11:40:29,0,0.0001,LOW,APPROVE,0,HIGH_24H_VELOCITY,HIGH_1H_VELOCITY,,phase3-v1
tx_0011164,2026-03-31 11:48:49,0,0.0001,LOW,APPROVE,0,LOW_RISK_ESTABLISHED_ACCOUNT,,,phase3-v1
tx_0019098,2026-03-31 11:50:56,0,0.0,LOW,APPROVE,0,LOW_RISK_ESTABLISHED_ACCOUNT,,,phase3-v1
tx_0019849,2026-03-31 11:51:41,0,0.0,LOW,APPROVE,0,LOW_RISK_ESTABLISHED_ACCOUNT,,,phase3-v1
tx_0012073,2026-03-31 11:51:55,0,0.0,LOW,APPROVE,0,LOW_RISK_ESTABLISHED_ACCOUNT,,,phase3-v1
tx_0005039,2026-03-31 11:55:09,0,0.0,LOW,APPROVE,0,LOW_RISK_ESTABLISHED_ACCOUNT,,,phase3-v1
tx_0025913,2026-03-31 11:56:26,0,0.0001,LOW,APPROVE,0,GRAPH_SHARED_ADDRESS,GRAPH_MULTI_ENTITY_OVERLAP,GRAPH_CONNECTED_USERS,phase3-v1
tx_0002375,2026-03-31 11:58:07,0,0.0001,LOW,APPROVE,0,HIGH_24H_VELOCITY,,,phase3-v1
tx_0017502,2026-03-31 12:00:15,0,0.0,LOW,APPROVE,0,HIGH_AMOUNT_ANOMALY,,,phase3-v1
tx_0016932,2026-03-31 12:00:45,0,0.0,LOW,APPROVE,0,LOW_RISK_ESTABLISHED_ACCOUNT,,,phase3-v1
tx_0020030,2026-03-31 12:05:05,0,0.0,LOW,APPROVE,0,LOW_RISK_ESTABLISHED_ACCOUNT,,,phase3-v1
tx_0024787,2026-03-31 12:05:48,0,0.0006,LOW,APPROVE,0,GRAPH_CONNECTED_USERS,,,phase3-v1
tx_0025961,2026-03-31 12:09:56,0,0.0001,LOW,APPROVE,0,GRAPH_MULTI_ENTITY_OVERLAP,GRAPH_SHARED_ADDRESS,,phase3-v1
tx_0009236,2026-03-31 12:15:13,0,0.0005,LOW,APPROVE,0,HIGH_AMOUNT_ANOMALY,,,phase3-v1
tx_0006076,2026-03-31 12:15:30,0,0.0001,LOW,APPROVE,0,HIGH_24H_VELOCITY,,,phase3-v1
tx_0017984,2026-03-31 12:19:33,0,0.0,LOW,APPROVE,0,LOW_RISK_ESTABLISHED_ACCOUNT,,,phase3-v1
tx_0000070,2026-03-31 12:20:39,0,0.0001,LOW,APPROVE,0,LOW_RISK_ESTABLISHED_ACCOUNT,,,phase3-v1
tx_0009652,2026-03-31 12:20:53,0,0.0001,LOW,APPROVE,0,LOW_RISK_ESTABLISHED_ACCOUNT,,,phase3-v1
tx_0014557,2026-03-31 12:22:23,0,0.0,LOW,APPROVE,0,LOW_RISK_ESTABLISHED_ACCOUNT,,,phase3-v1
tx_0007784,2026-03-31 12:22:32,0,0.0001,LOW,APPROVE,0,LOW_RISK_ESTABLISHED_ACCOUNT,,,phase3-v1
tx_0005285,2026-03-31 12:23:58,0,0.0,LOW,APPROVE,0,LOW_RISK_ESTABLISHED_ACCOUNT,,,phase3-v1
tx_0005928,2026-03-31 12:25:59,0,0.0,LOW,APPROVE,0,LOW_RISK_ESTABLISHED_ACCOUNT,,,phase3-v1
tx_0022310,2026-03-31 12:27:40,0,0.0001,LOW,APPROVE,0,LOW_RISK_ESTABLISHED_ACCOUNT,,,phase3-v1
tx_0004418,2026-03-31 12:35:22,0,0.0,LOW,APPROVE,0,LOW_RISK_ESTABLISHED_ACCOUNT,,,phase3-v1
tx_0012070,2026-03-31 12:37:40,0,0.0001,LOW,APPROVE,0,HIGH_1H_VELOCITY,,,phase3-v1
tx_0007635,2026-03-31 12:46:22,0,0.0,LOW,APPROVE,0,HIGH_24H_VELOCITY,,,phase3-v1
tx_0004798,2026-03-31 12:47:06,0,0.0,LOW,APPROVE,0,HIGH_24H_VELOCITY,,,phase3-v1
tx_0010426,2026-03-31 12:48:32,0,0.0,LOW,APPROVE,0,LOW_RISK_ESTABLISHED_ACCOUNT,,,phase3-v1
tx_0009730,2026-03-31 12:51:05,0,0.0,LOW,APPROVE,0,LOW_RISK_ESTABLISHED_ACCOUNT,,,phase3-v1
tx_0002548,2026-03-31 12:52:39,0,0.0,LOW,APPROVE,0,LOW_RISK_ESTABLISHED_ACCOUNT,,,phase3-v1
tx_0025980,2026-03-31 12:55:51,0,0.0001,LOW,APPROVE,0,GRAPH_SHARED_PAYMENT,GRAPH_MULTI_ENTITY_OVERLAP,GRAPH_SHARED_ADDRESS,phase3-v1
tx_0014438,2026-03-31 12:56:07,0,0.0,LOW,APPROVE,0,LOW_RISK_ESTABLISHED_ACCOUNT,,,phase3-v1
tx_0005296,2026-03-31 13:00:16,0,0.0,LOW,APPROVE,0,LOW_RISK_ESTABLISHED_ACCOUNT,,,phase3-v1
tx_0008672,2026-03-31 13:00:31,0,0.0001,LOW,APPROVE,0,HIGH_AMOUNT_ANOMALY,,,phase3-v1
tx_0010297,2026-03-31 13:01:23,0,0.0,LOW,APPROVE,0,LOW_RISK_ESTABLISHED_ACCOUNT,,,phase3-v1
tx_0019419,2026-03-31 13:02:14,0,0.0,LOW,APPROVE,0,LOW_RISK_ESTABLISHED_ACCOUNT,,,phase3-v1
tx_0019638,2026-03-31 13:04:16,0,0.0001,LOW,APPROVE,0,PROMO_ACTIVITY,,,phase3-v1
tx_0002810,2026-03-31 13:04:20,0,0.0,LOW,APPROVE,0,LOW_RISK_ESTABLISHED_ACCOUNT,,,phase3-v1
tx_0014315,2026-03-31 13:05:24,0,0.0001,LOW,APPROVE,0,LOW_RISK_ESTABLISHED_ACCOUNT,,,phase3-v1
tx_0010847,2026-03-31 13:08:01,0,0.0001,LOW,APPROVE,0,LOW_RISK_ESTABLISHED_ACCOUNT,,,phase3-v1
tx_0021211,2026-03-31 13:10:03,0,0.0,LOW,APPROVE,0,LOW_RISK_ESTABLISHED_ACCOUNT,,,phase3-v1
tx_0021495,2026-03-31 13:12:15,0,0.0001,LOW,APPROVE,0,LOW_RISK_ESTABLISHED_ACCOUNT,,,phase3-v1
tx_0016674,2026-03-31 13:13:05,0,0.0,LOW,APPROVE,0,LOW_RISK_ESTABLISHED_ACCOUNT,,,phase3-v1
tx_0005840,2026-03-31 13:13:43,0,0.0001,LOW,APPROVE,0,LOW_RISK_ESTABLISHED_ACCOUNT,,,phase3-v1
tx_0016840,2026-03-31 13:14:20,0,0.0001,LOW,APPROVE,0,LOW_RISK_ESTABLISHED_ACCOUNT,,,phase3-v1
tx_0017853,2026-03-31 13:15:57,0,0.0,LOW,APPROVE,0,LOW_RISK_ESTABLISHED_ACCOUNT,,,phase3-v1
tx_0014441,2026-03-31 13:16:32,0,0.0001,LOW,APPROVE,0,LOW_RISK_ESTABLISHED_ACCOUNT,,,phase3-v1
tx_0023246,2026-03-31 13:22:01,0,0.0004,LOW,APPROVE,0,GRAPH_CONNECTED_USERS,,,phase3-v1
tx_0025109,2026-03-31 13:23:16,0,0.0003,LOW,APPROVE,0,GRAPH_CONNECTED_USERS,,,phase3-v1
tx_0009653,2026-03-31 13:24:13,0,0.0,LOW,APPROVE,0,LOW_RISK_ESTABLISHED_ACCOUNT,,,phase3-v1
tx_0019338,2026-03-31 13:25:37,0,0.0,LOW,APPROVE,0,LOW_RISK_ESTABLISHED_ACCOUNT,,,phase3-v1
tx_0025241,2026-03-31 13:28:40,0,0.002,LOW,APPROVE,0,GRAPH_SHARED_DEVICE,GRAPH_SHARED_ADDRESS,GRAPH_MULTI_ENTITY_OVERLAP,phase3-v1
tx_0021494,2026-03-31 13:28:42,0,0.0001,LOW,APPROVE,0,HIGH_24H_VELOCITY,HIGH_1H_VELOCITY,,phase3-v1
tx_0004421,2026-03-31 13:31:20,0,0.0,LOW,APPROVE,0,HIGH_1H_VELOCITY,,,phase3-v1
tx_0010201,2026-03-31 13:31:36,0,0.0,LOW,APPROVE,0,LOW_RISK_ESTABLISHED_ACCOUNT,,,phase3-v1
tx_0003111,2026-03-31 13:32:23,0,0.0,LOW,APPROVE,0,LOW_RISK_ESTABLISHED_ACCOUNT,,,phase3-v1
tx_0013500,2026-03-31 13:35:04,0,0.0001,LOW,APPROVE,0,LOW_RISK_ESTABLISHED_ACCOUNT,,,phase3-v1
tx_0025295,2026-03-31 13:36:26,0,0.0003,LOW,APPROVE,0,GRAPH_CONNECTED_USERS,,,phase3-v1
tx_0022822,2026-03-31 13:36:45,0,0.0001,LOW,APPROVE,0,GRAPH_SHARED_ADDRESS,GRAPH_MULTI_ENTITY_OVERLAP,GRAPH_CONNECTED_USERS,phase3-v1
tx_0010477,2026-03-31 13:39:02,0,0.0,LOW,APPROVE,0,LOW_RISK_ESTABLISHED_ACCOUNT,,,phase3-v1
tx_0012827,2026-03-31 13:42:43,0,0.0,LOW,APPROVE,0,LOW_RISK_ESTABLISHED_ACCOUNT,,,phase3-v1
tx_0002374,2026-03-31 13:53:40,0,0.0001,LOW,APPROVE,0,HIGH_24H_VELOCITY,,,phase3-v1
tx_0021627,2026-03-31 13:55:06,0,0.0,LOW,APPROVE,0,LOW_RISK_ESTABLISHED_ACCOUNT,,,phase3-v1
tx_0025052,2026-03-31 13:56:34,0,0.0002,LOW,APPROVE,0,GRAPH_SHARED_ADDRESS,GRAPH_MULTI_ENTITY_OVERLAP,GRAPH_CONNECTED_USERS,phase3-v1
tx_0013618,2026-03-31 13:59:29,0,0.0,LOW,APPROVE,0,LOW_RISK_ESTABLISHED_ACCOUNT,,,phase3-v1
tx_0003278,2026-03-31 13:59:52,0,0.0,LOW,APPROVE,0,LOW_RISK_ESTABLISHED_ACCOUNT,,,phase3-v1
tx_0014005,2026-03-31 14:04:24,0,0.0001,LOW,APPROVE,0,LOW_RISK_ESTABLISHED_ACCOUNT,,,phase3-v1
tx_0019517,2026-03-31 14:06:35,0,0.0,LOW,APPROVE,0,HIGH_AMOUNT_ANOMALY,,,phase3-v1
tx_0013197,2026-03-31 14:06:43,0,0.0001,LOW,APPROVE,0,LOW_RISK_ESTABLISHED_ACCOUNT,,,phase3-v1
tx_0013350,2026-03-31 14:06:54,0,0.0,LOW,APPROVE,0,LOW_RISK_ESTABLISHED_ACCOUNT,,,phase3-v1
tx_0008187,2026-03-31 14:10:54,0,0.0001,LOW,APPROVE,0,LOW_RISK_ESTABLISHED_ACCOUNT,,,phase3-v1
tx_0018826,2026-03-31 14:11:33,0,0.0,LOW,APPROVE,0,HIGH_24H_VELOCITY,,,phase3-v1
tx_0023914,2026-03-31 14:12:12,0,0.0001,LOW,APPROVE,0,GRAPH_CONNECTED_USERS,,,phase3-v1
tx_0002027,2026-03-31 14:13:45,0,0.0001,LOW,APPROVE,0,LOW_RISK_ESTABLISHED_ACCOUNT,,,phase3-v1
tx_0014261,2026-03-31 14:17:18,0,0.0,LOW,APPROVE,0,LOW_RISK_ESTABLISHED_ACCOUNT,,,phase3-v1
tx_0015254,2026-03-31 14:17:19,0,0.0001,LOW,APPROVE,0,LOW_RISK_ESTABLISHED_ACCOUNT,,,phase3-v1
tx_0020363,2026-03-31 14:17:42,0,0.0001,LOW,APPROVE,0,HIGH_AMOUNT_ANOMALY,,,phase3-v1
tx_0017869,2026-03-31 14:30:26,0,0.0,LOW,APPROVE,0,LOW_RISK_ESTABLISHED_ACCOUNT,,,phase3-v1
tx_0020588,2026-03-31 14:31:55,0,0.0,LOW,APPROVE,0,LOW_RISK_ESTABLISHED_ACCOUNT,,,phase3-v1
tx_0018809,2026-03-31 14:33:58,0,0.0001,LOW,APPROVE,0,LOW_RISK_ESTABLISHED_ACCOUNT,,,phase3-v1
tx_0014303,2026-03-31 14:36:22,0,0.0001,LOW,APPROVE,0,HIGH_AMOUNT_ANOMALY,,,phase3-v1
tx_0009305,2026-03-31 14:37:30,0,0.0,LOW,APPROVE,0,LOW_RISK_ESTABLISHED_ACCOUNT,,,phase3-v1
tx_0007172,2026-03-31 14:47:49,0,0.0,LOW,APPROVE,0,LOW_RISK_ESTABLISHED_ACCOUNT,,,phase3-v1
tx_0015179,2026-03-31 14:49:52,0,0.0,LOW,APPROVE,0,LOW_RISK_ESTABLISHED_ACCOUNT,,,phase3-v1
tx_0025466,2026-03-31 14:51:55,0,0.0001,LOW,APPROVE,0,GRAPH_MULTI_ENTITY_OVERLAP,GRAPH_SHARED_ADDRESS,GRAPH_CONNECTED_USERS,phase3-v1
tx_0021443,2026-03-31 14:57:50,0,0.0,LOW,APPROVE,0,LOW_RISK_ESTABLISHED_ACCOUNT,,,phase3-v1
tx_0001806,2026-03-31 15:10:17,0,0.0,LOW,APPROVE,0,LOW_RISK_ESTABLISHED_ACCOUNT,,,phase3-v1
tx_0007847,2026-03-31 15:10:33,0,0.0,LOW,APPROVE,0,LOW_RISK_ESTABLISHED_ACCOUNT,,,phase3-v1
tx_0003684,2026-03-31 15:12:08,0,0.0,LOW,APPROVE,0,LOW_RISK_ESTABLISHED_ACCOUNT,,,phase3-v1
tx_0020486,2026-03-31 15:12:08,0,0.0001,LOW,APPROVE,0,LOW_RISK_ESTABLISHED_ACCOUNT,,,phase3-v1
tx_0001222,2026-03-31 15:13:50,0,0.0001,LOW,APPROVE,0,LOW_RISK_ESTABLISHED_ACCOUNT,,,phase3-v1
tx_0000020,2026-03-31 15:18:30,0,0.0,LOW,APPROVE,0,LOW_RISK_ESTABLISHED_ACCOUNT,,,phase3-v1
tx_0020679,2026-03-31 15:18:41,0,0.0,LOW,APPROVE,0,LOW_RISK_ESTABLISHED_ACCOUNT,,,phase3-v1
tx_0023507,2026-03-31 15:28:12,0,0.0001,LOW,APPROVE,0,GRAPH_SHARED_ADDRESS,GRAPH_MULTI_ENTITY_OVERLAP,GRAPH_CONNECTED_USERS,phase3-v1
tx_0004341,2026-03-31 15:28:18,0,0.0001,LOW,APPROVE,0,LOW_RISK_ESTABLISHED_ACCOUNT,,,phase3-v1
tx_0024227,2026-03-31 15:28:26,0,0.0002,LOW,APPROVE,0,GRAPH_SHARED_PAYMENT,GRAPH_SHARED_ADDRESS,GRAPH_MULTI_ENTITY_OVERLAP,phase3-v1
tx_0024886,2026-03-31 15:29:53,0,0.0004,LOW,APPROVE,0,GRAPH_CONNECTED_USERS,,,phase3-v1
tx_0016794,2026-03-31 15:30:05,0,0.0,LOW,APPROVE,0,LOW_RISK_ESTABLISHED_ACCOUNT,,,phase3-v1
tx_0005027,2026-03-31 15:30:40,0,0.0,LOW,APPROVE,0,LOW_RISK_ESTABLISHED_ACCOUNT,,,phase3-v1
tx_0006708,2026-03-31 15:39:28,0,0.0001,LOW,APPROVE,0,LOW_RISK_ESTABLISHED_ACCOUNT,,,phase3-v1
tx_0024493,2026-03-31 15:40:27,0,0.0004,LOW,APPROVE,0,GRAPH_CONNECTED_USERS,,,phase3-v1
tx_0011367,2026-03-31 15:42:37,0,0.0001,LOW,APPROVE,0,LOW_RISK_ESTABLISHED_ACCOUNT,,,phase3-v1
tx_0001021,2026-03-31 15:44:06,0,0.0001,LOW,APPROVE,0,LOW_RISK_ESTABLISHED_ACCOUNT,,,phase3-v1
tx_0021401,2026-03-31 15:47:06,0,0.0,LOW,APPROVE,0,LOW_RISK_ESTABLISHED_ACCOUNT,,,phase3-v1
tx_0010379,2026-03-31 15:47:21,0,0.0001,LOW,APPROVE,0,LOW_RISK_ESTABLISHED_ACCOUNT,,,phase3-v1
tx_0009655,2026-03-31 15:50:12,0,0.0,LOW,APPROVE,0,LOW_RISK_ESTABLISHED_ACCOUNT,,,phase3-v1
tx_0001041,2026-03-31 15:52:17,0,0.0,LOW,APPROVE,0,PROMO_ACTIVITY,,,phase3-v1
tx_0013488,2026-03-31 15:52:27,0,0.0001,LOW,APPROVE,0,LOW_RISK_ESTABLISHED_ACCOUNT,,,phase3-v1
tx_0001657,2026-03-31 15:53:42,0,0.0,LOW,APPROVE,0,LOW_RISK_ESTABLISHED_ACCOUNT,,,phase3-v1
tx_0023499,2026-03-31 15:54:52,0,0.0001,LOW,APPROVE,0,GRAPH_CONNECTED_USERS,,,phase3-v1
tx_0000934,2026-03-31 15:55:58,0,0.0,LOW,APPROVE,0,LOW_RISK_ESTABLISHED_ACCOUNT,,,phase3-v1
tx_0014179,2026-03-31 16:01:40,0,0.0,LOW,APPROVE,0,LOW_RISK_ESTABLISHED_ACCOUNT,,,phase3-v1
tx_0001045,2026-03-31 16:02:58,0,0.0,LOW,APPROVE,0,HIGH_1H_VELOCITY,PROMO_ACTIVITY,,phase3-v1
tx_0010457,2026-03-31 16:03:42,0,0.0001,LOW,APPROVE,0,LOW_RISK_ESTABLISHED_ACCOUNT,,,phase3-v1
tx_0015841,2026-03-31 16:05:03,0,0.0001,LOW,APPROVE,0,LOW_RISK_ESTABLISHED_ACCOUNT,,,phase3-v1
tx_0002707,2026-03-31 16:06:57,0,0.0001,LOW,APPROVE,0,LOW_RISK_ESTABLISHED_ACCOUNT,,,phase3-v1
tx_0017257,2026-03-31 16:08:18,0,0.0,LOW,APPROVE,0,LOW_RISK_ESTABLISHED_ACCOUNT,,,phase3-v1
tx_0023122,2026-03-31 16:08:58,0,0.0003,LOW,APPROVE,0,GRAPH_CONNECTED_USERS,,,phase3-v1
tx_0009091,2026-03-31 16:11:02,0,0.0001,LOW,APPROVE,0,LOW_RISK_ESTABLISHED_ACCOUNT,,,phase3-v1
tx_0011387,2026-03-31 16:11:36,0,0.0,LOW,APPROVE,0,LOW_RISK_ESTABLISHED_ACCOUNT,,,phase3-v1
tx_0003764,2026-03-31 16:12:01,0,0.0001,LOW,APPROVE,0,LOW_RISK_ESTABLISHED_ACCOUNT,,,phase3-v1
tx_0012476,2026-03-31 16:12:39,0,0.0,LOW,APPROVE,0,LOW_RISK_ESTABLISHED_ACCOUNT,,,phase3-v1
tx_0009274,2026-03-31 16:12:58,0,0.0,LOW,APPROVE,0,LOW_RISK_ESTABLISHED_ACCOUNT,,,phase3-v1
tx_0007640,2026-03-31 16:16:59,0,0.0001,LOW,APPROVE,0,LOW_RISK_ESTABLISHED_ACCOUNT,,,phase3-v1
tx_0019178,2026-03-31 16:20:05,0,0.0,LOW,APPROVE,0,LOW_RISK_ESTABLISHED_ACCOUNT,,,phase3-v1
tx_0007920,2026-03-31 16:22:20,0,0.0,LOW,APPROVE,0,LOW_RISK_ESTABLISHED_ACCOUNT,,,phase3-v1
tx_0013498,2026-03-31 16:23:25,0,0.0001,LOW,APPROVE,0,LOW_RISK_ESTABLISHED_ACCOUNT,,,phase3-v1
tx_0010988,2026-03-31 16:27:41,0,0.0,LOW,APPROVE,0,LOW_RISK_ESTABLISHED_ACCOUNT,,,phase3-v1
tx_0011886,2026-03-31 16:31:41,0,0.0,LOW,APPROVE,0,LOW_RISK_ESTABLISHED_ACCOUNT,,,phase3-v1
tx_0013842,2026-03-31 16:32:16,0,0.0,LOW,APPROVE,0,LOW_RISK_ESTABLISHED_ACCOUNT,,,phase3-v1
tx_0003306,2026-03-31 16:37:22,0,0.0,LOW,APPROVE,0,LOW_RISK_ESTABLISHED_ACCOUNT,,,phase3-v1
tx_0005686,2026-03-31 16:39:37,0,0.0,LOW,APPROVE,0,LOW_RISK_ESTABLISHED_ACCOUNT,,,phase3-v1
tx_0009547,2026-03-31 16:41:18,0,0.0,LOW,APPROVE,0,LOW_RISK_ESTABLISHED_ACCOUNT,,,phase3-v1
tx_0002282,2026-03-31 16:41:25,0,0.0,LOW,APPROVE,0,LOW_RISK_ESTABLISHED_ACCOUNT,,,phase3-v1
tx_0016290,2026-03-31 16:42:46,0,0.0001,LOW,APPROVE,0,LOW_RISK_ESTABLISHED_ACCOUNT,,,phase3-v1
tx_0015546,2026-03-31 16:43:15,0,0.0,LOW,APPROVE,0,LOW_RISK_ESTABLISHED_ACCOUNT,,,phase3-v1
tx_0014661,2026-03-31 16:48:03,0,0.0001,LOW,APPROVE,0,LOW_RISK_ESTABLISHED_ACCOUNT,,,phase3-v1
tx_0012490,2026-03-31 16:48:53,0,0.0001,LOW,APPROVE,0,LOW_RISK_ESTABLISHED_ACCOUNT,,,phase3-v1
tx_0001043,2026-03-31 16:55:12,0,0.0001,LOW,APPROVE,0,HIGH_24H_VELOCITY,HIGH_1H_VELOCITY,,phase3-v1
tx_0009027,2026-03-31 16:57:23,0,0.0001,LOW,APPROVE,0,LOW_RISK_ESTABLISHED_ACCOUNT,,,phase3-v1
tx_0016263,2026-03-31 16:58:19,0,0.0,LOW,APPROVE,0,LOW_RISK_ESTABLISHED_ACCOUNT,,,phase3-v1
tx_0024157,2026-03-31 16:58:51,0,0.0001,LOW,APPROVE,0,GRAPH_SHARED_ADDRESS,GRAPH_MULTI_ENTITY_OVERLAP,GRAPH_CONNECTED_USERS,phase3-v1
tx_0018258,2026-03-31 17:00:47,0,0.0,LOW,APPROVE,0,LOW_RISK_ESTABLISHED_ACCOUNT,,,phase3-v1
tx_0015665,2026-03-31 17:02:32,0,0.0,LOW,APPROVE,0,LOW_RISK_ESTABLISHED_ACCOUNT,,,phase3-v1
tx_0008266,2026-03-31 17:02:36,0,0.0,LOW,APPROVE,0,LOW_RISK_ESTABLISHED_ACCOUNT,,,phase3-v1
tx_0017651,2026-03-31 17:04:19,0,0.0001,LOW,APPROVE,0,LOW_RISK_ESTABLISHED_ACCOUNT,,,phase3-v1
tx_0000378,2026-03-31 17:04:35,0,0.0,LOW,APPROVE,0,LOW_RISK_ESTABLISHED_ACCOUNT,,,phase3-v1
tx_0015166,2026-03-31 17:08:04,0,0.0001,LOW,APPROVE,0,LOW_RISK_ESTABLISHED_ACCOUNT,,,phase3-v1
tx_0002152,2026-03-31 17:09:05,0,0.0,LOW,APPROVE,0,LOW_RISK_ESTABLISHED_ACCOUNT,,,phase3-v1
tx_0006722,2026-03-31 17:09:27,0,0.0001,LOW,APPROVE,0,LOW_RISK_ESTABLISHED_ACCOUNT,,,phase3-v1
tx_0016000,2026-03-31 17:11:26,0,0.0001,LOW,APPROVE,0,LOW_RISK_ESTABLISHED_ACCOUNT,,,phase3-v1
tx_0003411,2026-03-31 17:11:32,0,0.0001,LOW,APPROVE,0,LOW_RISK_ESTABLISHED_ACCOUNT,,,phase3-v1
tx_0018086,2026-03-31 17:13:30,0,0.0,LOW,APPROVE,0,LOW_RISK_ESTABLISHED_ACCOUNT,,,phase3-v1
tx_0006167,2026-03-31 17:13:43,0,0.0001,LOW,APPROVE,0,LOW_RISK_ESTABLISHED_ACCOUNT,,,phase3-v1
tx_0004350,2026-03-31 17:14:24,0,0.0,LOW,APPROVE,0,LOW_RISK_ESTABLISHED_ACCOUNT,,,phase3-v1
tx_0000742,2026-03-31 17:15:47,0,0.0001,LOW,APPROVE,0,LOW_RISK_ESTABLISHED_ACCOUNT,,,phase3-v1
tx_0021761,2026-03-31 17:20:48,0,0.0001,LOW,APPROVE,0,LOW_RISK_ESTABLISHED_ACCOUNT,,,phase3-v1
tx_0000871,2026-03-31 17:21:39,0,0.0,LOW,APPROVE,0,LOW_RISK_ESTABLISHED_ACCOUNT,,,phase3-v1
tx_0010543,2026-03-31 17:22:49,0,0.0,LOW,APPROVE,0,LOW_RISK_ESTABLISHED_ACCOUNT,,,phase3-v1
tx_0015644,2026-03-31 17:24:01,0,0.0,LOW,APPROVE,0,LOW_RISK_ESTABLISHED_ACCOUNT,,,phase3-v1
tx_0001451,2026-03-31 17:26:16,0,0.0001,LOW,APPROVE,0,LOW_RISK_ESTABLISHED_ACCOUNT,,,phase3-v1
tx_0008861,2026-03-31 17:27:22,0,0.0,LOW,APPROVE,0,LOW_RISK_ESTABLISHED_ACCOUNT,,,phase3-v1
tx_0006870,2026-03-31 17:30:52,0,0.0,LOW,APPROVE,0,LOW_RISK_ESTABLISHED_ACCOUNT,,,phase3-v1
tx_0001504,2026-03-31 17:33:24,0,0.0001,LOW,APPROVE,0,LOW_RISK_ESTABLISHED_ACCOUNT,,,phase3-v1
tx_0021171,2026-03-31 17:34:44,0,0.0001,LOW,APPROVE,0,LOW_RISK_ESTABLISHED_ACCOUNT,,,phase3-v1
tx_0000744,2026-03-31 17:43:56,0,0.0001,LOW,APPROVE,0,HIGH_24H_VELOCITY,HIGH_1H_VELOCITY,,phase3-v1
tx_0025179,2026-03-31 17:44:23,0,0.0001,LOW,APPROVE,0,GRAPH_MULTI_ENTITY_OVERLAP,GRAPH_SHARED_ADDRESS,GRAPH_CONNECTED_USERS,phase3-v1
tx_0025247,2026-03-31 17:44:40,0,0.0002,LOW,APPROVE,0,GRAPH_SHARED_PAYMENT,GRAPH_SHARED_ADDRESS,GRAPH_MULTI_ENTITY_OVERLAP,phase3-v1
tx_0005246,2026-03-31 17:46:12,0,0.0,LOW,APPROVE,0,LOW_RISK_ESTABLISHED_ACCOUNT,,,phase3-v1
tx_0013766,2026-03-31 17:49:15,0,0.0,LOW,APPROVE,0,PROMO_ACTIVITY,,,phase3-v1
tx_0004787,2026-03-31 17:52:09,0,0.0,LOW,APPROVE,0,LOW_RISK_ESTABLISHED_ACCOUNT,,,phase3-v1
tx_0001337,2026-03-31 17:52:59,0,0.0,LOW,APPROVE,0,LOW_RISK_ESTABLISHED_ACCOUNT,,,phase3-v1
tx_0007331,2026-03-31 17:54:57,0,0.0,LOW,APPROVE,0,LOW_RISK_ESTABLISHED_ACCOUNT,,,phase3-v1
tx_0008234,2026-03-31 17:55:13,0,0.0001,LOW,APPROVE,0,LOW_RISK_ESTABLISHED_ACCOUNT,,,phase3-v1
tx_0001738,2026-03-31 17:57:05,0,0.0002,LOW,APPROVE,0,HIGH_24H_VELOCITY,,,phase3-v1
tx_0022157,2026-03-31 18:01:05,0,0.0,LOW,APPROVE,0,LOW_RISK_ESTABLISHED_ACCOUNT,,,phase3-v1
tx_0020143,2026-03-31 18:01:16,0,0.0,LOW,APPROVE,0,LOW_RISK_ESTABLISHED_ACCOUNT,,,phase3-v1
tx_0023901,2026-03-31 18:01:20,0,0.0004,LOW,APPROVE,0,GRAPH_CONNECTED_USERS,,,phase3-v1
tx_0020236,2026-03-31 18:04:25,0,0.0,LOW,APPROVE,0,LOW_RISK_ESTABLISHED_ACCOUNT,,,phase3-v1
tx_0017046,2026-03-31 18:05:16,0,0.0001,LOW,APPROVE,0,LOW_RISK_ESTABLISHED_ACCOUNT,,,phase3-v1
tx_0015197,2026-03-31 18:05:57,0,0.0001,LOW,APPROVE,0,LOW_RISK_ESTABLISHED_ACCOUNT,,,phase3-v1
tx_0004296,2026-03-31 18:08:05,0,0.0,LOW,APPROVE,0,LOW_RISK_ESTABLISHED_ACCOUNT,,,phase3-v1
tx_0001651,2026-03-31 18:08:28,0,0.0001,LOW,APPROVE,0,LOW_RISK_ESTABLISHED_ACCOUNT,,,phase3-v1
tx_0001367,2026-03-31 18:09:05,0,0.0,LOW,APPROVE,0,LOW_RISK_ESTABLISHED_ACCOUNT,,,phase3-v1
tx_0015599,2026-03-31 18:12:07,0,0.0,LOW,APPROVE,0,LOW_RISK_ESTABLISHED_ACCOUNT,,,phase3-v1
tx_0017276,2026-03-31 18:13:38,0,0.0,LOW,APPROVE,0,LOW_RISK_ESTABLISHED_ACCOUNT,,,phase3-v1
tx_0022056,2026-03-31 18:15:31,0,0.0,LOW,APPROVE,0,LOW_RISK_ESTABLISHED_ACCOUNT,,,phase3-v1
tx_0020612,2026-03-31 18:16:21,0,0.0,LOW,APPROVE,0,LOW_RISK_ESTABLISHED_ACCOUNT,,,phase3-v1
tx_0015443,2026-03-31 18:16:37,0,0.0,LOW,APPROVE,0,LOW_RISK_ESTABLISHED_ACCOUNT,,,phase3-v1
tx_0013031,2026-03-31 18:16:54,0,0.0001,LOW,APPROVE,0,HIGH_24H_VELOCITY,,,phase3-v1
tx_0005918,2026-03-31 18:17:24,0,0.0,LOW,APPROVE,0,LOW_RISK_ESTABLISHED_ACCOUNT,,,phase3-v1
tx_0019342,2026-03-31 18:18:07,0,0.0,LOW,APPROVE,0,LOW_RISK_ESTABLISHED_ACCOUNT,,,phase3-v1
tx_0016582,2026-03-31 18:19:50,0,0.0,LOW,APPROVE,0,LOW_RISK_ESTABLISHED_ACCOUNT,,,phase3-v1
tx_0025387,2026-03-31 18:21:40,0,0.0002,LOW,APPROVE,0,GRAPH_SHARED_PAYMENT,GRAPH_SHARED_ADDRESS,GRAPH_MULTI_ENTITY_OVERLAP,phase3-v1
tx_0023874,2026-03-31 18:22:03,0,0.0005,LOW,APPROVE,0,GRAPH_CONNECTED_USERS,,,phase3-v1
tx_0018974,2026-03-31 18:22:08,0,0.0,LOW,APPROVE,0,LOW_RISK_ESTABLISHED_ACCOUNT,,,phase3-v1
tx_0014619,2026-03-31 18:22:54,0,0.0,LOW,APPROVE,0,LOW_RISK_ESTABLISHED_ACCOUNT,,,phase3-v1
tx_0021928,2026-03-31 18:22:55,0,0.0001,LOW,APPROVE,0,LOW_RISK_ESTABLISHED_ACCOUNT,,,phase3-v1
tx_0004633,2026-03-31 18:24:34,0,0.0,LOW,APPROVE,0,LOW_RISK_ESTABLISHED_ACCOUNT,,,phase3-v1
tx_0011609,2026-03-31 18:27:09,0,0.0,LOW,APPROVE,0,LOW_RISK_ESTABLISHED_ACCOUNT,,,phase3-v1
tx_0017858,2026-03-31 18:27:23,0,0.0001,LOW,APPROVE,0,LOW_RISK_ESTABLISHED_ACCOUNT,,,phase3-v1
tx_0022222,2026-03-31 18:29:06,0,0.0,LOW,APPROVE,0,LOW_RISK_ESTABLISHED_ACCOUNT,,,phase3-v1
tx_0014906,2026-03-31 18:31:48,0,0.0,LOW,APPROVE,0,LOW_RISK_ESTABLISHED_ACCOUNT,,,phase3-v1
tx_0003979,2026-03-31 18:32:03,0,0.0001,LOW,APPROVE,0,LOW_RISK_ESTABLISHED_ACCOUNT,,,phase3-v1
tx_0008555,2026-03-31 18:32:45,0,0.0,LOW,APPROVE,0,LOW_RISK_ESTABLISHED_ACCOUNT,,,phase3-v1
tx_0013817,2026-03-31 18:34:16,0,0.0,LOW,APPROVE,0,LOW_RISK_ESTABLISHED_ACCOUNT,,,phase3-v1
tx_0007115,2026-03-31 18:34:50,0,0.0,LOW,APPROVE,0,LOW_RISK_ESTABLISHED_ACCOUNT,,,phase3-v1
tx_0004829,2026-03-31 18:35:07,0,0.0001,LOW,APPROVE,0,LOW_RISK_ESTABLISHED_ACCOUNT,,,phase3-v1
tx_0000937,2026-03-31 18:36:19,0,0.0001,LOW,APPROVE,0,LOW_RISK_ESTABLISHED_ACCOUNT,,,phase3-v1
tx_0010107,2026-03-31 18:38:06,0,0.0,LOW,APPROVE,0,LOW_RISK_ESTABLISHED_ACCOUNT,,,phase3-v1
tx_0007373,2026-03-31 18:39:23,0,0.0001,LOW,APPROVE,0,PROMO_ACTIVITY,,,phase3-v1
tx_0014293,2026-03-31 18:39:57,0,0.0001,LOW,APPROVE,0,LOW_RISK_ESTABLISHED_ACCOUNT,,,phase3-v1
tx_0013486,2026-03-31 18:40:13,0,0.0001,LOW,APPROVE,0,LOW_RISK_ESTABLISHED_ACCOUNT,,,phase3-v1
tx_0025079,2026-03-31 18:43:32,0,0.0005,LOW,APPROVE,0,GRAPH_CONNECTED_USERS,,,phase3-v1
tx_0025823,2026-03-31 18:49:19,0,0.0004,LOW,APPROVE,0,GRAPH_CONNECTED_USERS,,,phase3-v1
tx_0000236,2026-03-31 18:50:47,0,0.0,LOW,APPROVE,0,LOW_RISK_ESTABLISHED_ACCOUNT,,,phase3-v1
tx_0020221,2026-03-31 18:52:17,0,0.0,LOW,APPROVE,0,LOW_RISK_ESTABLISHED_ACCOUNT,,,phase3-v1
tx_0015356,2026-03-31 18:52:24,0,0.0,LOW,APPROVE,0,LOW_RISK_ESTABLISHED_ACCOUNT,,,phase3-v1
tx_0008628,2026-03-31 18:57:15,0,0.0001,LOW,APPROVE,0,LOW_RISK_ESTABLISHED_ACCOUNT,,,phase3-v1
tx_0001556,2026-03-31 18:59:00,0,0.0,LOW,APPROVE,0,LOW_RISK_ESTABLISHED_ACCOUNT,,,phase3-v1
tx_0009801,2026-03-31 18:59:30,0,0.0,LOW,APPROVE,0,LOW_RISK_ESTABLISHED_ACCOUNT,,,phase3-v1
tx_0021800,2026-03-31 19:00:55,0,0.0,LOW,APPROVE,0,LOW_RISK_ESTABLISHED_ACCOUNT,,,phase3-v1
tx_0004455,2026-03-31 19:03:16,0,0.0001,LOW,APPROVE,0,LOW_RISK_ESTABLISHED_ACCOUNT,,,phase3-v1
tx_0001134,2026-03-31 19:07:20,0,0.0001,LOW,APPROVE,0,LOW_RISK_ESTABLISHED_ACCOUNT,,,phase3-v1
tx_0023801,2026-03-31 19:10:13,0,0.0001,LOW,APPROVE,0,GRAPH_CONNECTED_USERS,,,phase3-v1
tx_0025142,2026-03-31 19:11:02,0,0.0001,LOW,APPROVE,0,GRAPH_SHARED_ADDRESS,GRAPH_MULTI_ENTITY_OVERLAP,GRAPH_CONNECTED_USERS,phase3-v1
tx_0025653,2026-03-31 19:15:10,0,0.0001,LOW,APPROVE,0,GRAPH_SHARED_PAYMENT,GRAPH_MULTI_ENTITY_OVERLAP,GRAPH_SHARED_ADDRESS,phase3-v1
tx_0009390,2026-03-31 19:15:26,0,0.0001,LOW,APPROVE,0,LOW_RISK_ESTABLISHED_ACCOUNT,,,phase3-v1
tx_0021090,2026-03-31 19:17:17,0,0.0,LOW,APPROVE,0,LOW_RISK_ESTABLISHED_ACCOUNT,,,phase3-v1
tx_0012283,2026-03-31 19:17:32,0,0.0001,LOW,APPROVE,0,HIGH_AMOUNT_ANOMALY,,,phase3-v1
tx_0018838,2026-03-31 19:19:25,0,0.0,LOW,APPROVE,0,LOW_RISK_ESTABLISHED_ACCOUNT,,,phase3-v1
tx_0014410,2026-03-31 19:19:33,0,0.0001,LOW,APPROVE,0,LOW_RISK_ESTABLISHED_ACCOUNT,,,phase3-v1
tx_0016626,2026-03-31 19:25:26,0,0.0,LOW,APPROVE,0,LOW_RISK_ESTABLISHED_ACCOUNT,,,phase3-v1
tx_0023844,2026-03-31 19:26:33,0,0.0004,LOW,APPROVE,0,GRAPH_CONNECTED_USERS,,,phase3-v1
tx_0020325,2026-03-31 19:26:59,0,0.0,LOW,APPROVE,0,LOW_RISK_ESTABLISHED_ACCOUNT,,,phase3-v1
tx_0001177,2026-03-31 19:27:29,0,0.0,LOW,APPROVE,0,LOW_RISK_ESTABLISHED_ACCOUNT,,,phase3-v1
tx_0015194,2026-03-31 19:27:58,0,0.0002,LOW,APPROVE,0,HIGH_24H_VELOCITY,HIGH_AMOUNT_ANOMALY,,phase3-v1
tx_0020059,2026-03-31 19:28:02,0,0.0001,LOW,APPROVE,0,LOW_RISK_ESTABLISHED_ACCOUNT,,,phase3-v1
tx_0004589,2026-03-31 19:29:56,0,0.0001,LOW,APPROVE,0,LOW_RISK_ESTABLISHED_ACCOUNT,,,phase3-v1
tx_0005714,2026-03-31 19:30:21,0,0.0,LOW,APPROVE,0,LOW_RISK_ESTABLISHED_ACCOUNT,,,phase3-v1
tx_0013348,2026-03-31 19:31:55,0,0.0001,LOW,APPROVE,0,LOW_RISK_ESTABLISHED_ACCOUNT,,,phase3-v1
tx_0001144,2026-03-31 19:33:00,0,0.0,LOW,APPROVE,0,LOW_RISK_ESTABLISHED_ACCOUNT,,,phase3-v1
tx_0016460,2026-03-31 19:33:19,0,0.0001,LOW,APPROVE,0,LOW_RISK_ESTABLISHED_ACCOUNT,,,phase3-v1
tx_0004309,2026-03-31 19:36:09,0,0.0,LOW,APPROVE,0,LOW_RISK_ESTABLISHED_ACCOUNT,,,phase3-v1
tx_0012684,2026-03-31 19:36:42,0,0.0001,LOW,APPROVE,0,LOW_RISK_ESTABLISHED_ACCOUNT,,,phase3-v1
tx_0007786,2026-03-31 19:38:24,0,0.0,LOW,APPROVE,0,HIGH_AMOUNT_ANOMALY,,,phase3-v1
tx_0009980,2026-03-31 19:38:41,0,0.0,LOW,APPROVE,0,LOW_RISK_ESTABLISHED_ACCOUNT,,,phase3-v1
tx_0016744,2026-03-31 19:40:22,0,0.0,LOW,APPROVE,0,LOW_RISK_ESTABLISHED_ACCOUNT,,,phase3-v1
tx_0010076,2026-03-31 19:42:37,0,0.0004,LOW,APPROVE,0,HIGH_AMOUNT_ANOMALY,,,phase3-v1
tx_0024955,2026-03-31 19:45:14,0,0.0001,LOW,APPROVE,0,GRAPH_CONNECTED_USERS,,,phase3-v1
tx_0006459,2026-03-31 19:47:57,0,0.0,LOW,APPROVE,0,LOW_RISK_ESTABLISHED_ACCOUNT,,,phase3-v1
tx_0024743,2026-03-31 19:49:57,0,0.0005,LOW,APPROVE,0,GRAPH_CONNECTED_USERS,,,phase3-v1
tx_0000523,2026-03-31 19:49:59,0,0.0,LOW,APPROVE,0,LOW_RISK_ESTABLISHED_ACCOUNT,,,phase3-v1
tx_0023850,2026-03-31 19:53:33,0,0.0015,LOW,APPROVE,0,GRAPH_MULTI_ENTITY_OVERLAP,GRAPH_SHARED_DEVICE,GRAPH_SHARED_ADDRESS,phase3-v1
tx_0024824,2026-03-31 19:53:49,0,0.0002,LOW,APPROVE,0,GRAPH_SHARED_PAYMENT,GRAPH_SHARED_ADDRESS,GRAPH_MULTI_ENTITY_OVERLAP,phase3-v1
tx_0019737,2026-03-31 19:54:25,0,0.0001,LOW,APPROVE,0,LOW_RISK_ESTABLISHED_ACCOUNT,,,phase3-v1
tx_0020331,2026-03-31 19:55:39,0,0.0001,LOW,APPROVE,0,LOW_RISK_ESTABLISHED_ACCOUNT,,,phase3-v1
tx_0010077,2026-03-31 19:56:33,0,0.0001,LOW,APPROVE,0,HIGH_1H_VELOCITY,,,phase3-v1
tx_0008860,2026-03-31 19:58:38,0,0.0,LOW,APPROVE,0,LOW_RISK_ESTABLISHED_ACCOUNT,,,phase3-v1
tx_0024687,2026-03-31 20:01:33,0,0.0007,LOW,APPROVE,0,GRAPH_CONNECTED_USERS,,,phase3-v1
tx_0025791,2026-03-31 20:04:59,0,0.0001,LOW,APPROVE,0,GRAPH_SHARED_PAYMENT,GRAPH_SHARED_ADDRESS,GRAPH_MULTI_ENTITY_OVERLAP,phase3-v1
tx_0000942,2026-03-31 20:06:52,0,0.0001,LOW,APPROVE,0,LOW_RISK_ESTABLISHED_ACCOUNT,,,phase3-v1
tx_0013435,2026-03-31 20:10:09,0,0.0001,LOW,APPROVE,0,LOW_RISK_ESTABLISHED_ACCOUNT,,,phase3-v1
tx_0005137,2026-03-31 20:11:50,0,0.0001,LOW,APPROVE,0,LOW_RISK_ESTABLISHED_ACCOUNT,,,phase3-v1
tx_0018288,2026-03-31 20:12:41,0,0.0001,LOW,APPROVE,0,LOW_RISK_ESTABLISHED_ACCOUNT,,,phase3-v1
tx_0008856,2026-03-31 20:12:54,0,0.0003,LOW,APPROVE,0,HIGH_24H_VELOCITY,HIGH_1H_VELOCITY,,phase3-v1
tx_0018748,2026-03-31 20:15:09,0,0.0001,LOW,APPROVE,0,LOW_RISK_ESTABLISHED_ACCOUNT,,,phase3-v1
tx_0004329,2026-03-31 20:15:11,0,0.0001,LOW,APPROVE,0,LOW_RISK_ESTABLISHED_ACCOUNT,,,phase3-v1
tx_0020342,2026-03-31 20:15:13,0,0.0002,LOW,APPROVE,0,LOW_RISK_ESTABLISHED_ACCOUNT,,,phase3-v1
tx_0015413,2026-03-31 20:15:20,0,0.0001,LOW,APPROVE,0,LOW_RISK_ESTABLISHED_ACCOUNT,,,phase3-v1
tx_0023439,2026-03-31 20:15:42,0,0.0001,LOW,APPROVE,0,GRAPH_MULTI_ENTITY_OVERLAP,GRAPH_SHARED_ADDRESS,GRAPH_CONNECTED_USERS,phase3-v1
tx_0018969,2026-03-31 20:16:54,0,0.0001,LOW,APPROVE,0,LOW_RISK_ESTABLISHED_ACCOUNT,,,phase3-v1
tx_0014684,2026-03-31 20:20:26,0,0.0001,LOW,APPROVE,0,LOW_RISK_ESTABLISHED_ACCOUNT,,,phase3-v1
tx_0016855,2026-03-31 20:21:05,0,0.0001,LOW,APPROVE,0,LOW_RISK_ESTABLISHED_ACCOUNT,,,phase3-v1
tx_0022638,2026-03-31 20:27:55,0,0.0001,LOW,APPROVE,0,GRAPH_MULTI_ENTITY_OVERLAP,GRAPH_SHARED_ADDRESS,,phase3-v1
tx_0022090,2026-03-31 20:29:54,0,0.0001,LOW,APPROVE,0,LOW_RISK_ESTABLISHED_ACCOUNT,,,phase3-v1
tx_0001839,2026-03-31 20:32:12,0,0.0001,LOW,APPROVE,0,LOW_RISK_ESTABLISHED_ACCOUNT,,,phase3-v1
tx_0005735,2026-03-31 20:32:15,0,0.0001,LOW,APPROVE,0,LOW_RISK_ESTABLISHED_ACCOUNT,,,phase3-v1
tx_0021165,2026-03-31 20:33:13,0,0.0002,LOW,APPROVE,0,HIGH_24H_VELOCITY,,,phase3-v1
tx_0001650,2026-03-31 20:34:30,0,0.0002,LOW,APPROVE,0,LOW_RISK_ESTABLISHED_ACCOUNT,,,phase3-v1
tx_0008419,2026-03-31 20:34:40,0,0.0001,LOW,APPROVE,0,LOW_RISK_ESTABLISHED_ACCOUNT,,,phase3-v1
tx_0008484,2026-03-31 20:37:34,0,0.0001,LOW,APPROVE,0,LOW_RISK_ESTABLISHED_ACCOUNT,,,phase3-v1
tx_0002290,2026-03-31 20:44:11,0,0.0001,LOW,APPROVE,0,LOW_RISK_ESTABLISHED_ACCOUNT,,,phase3-v1
tx_0010373,2026-03-31 20:44:34,0,0.0001,LOW,APPROVE,0,LOW_RISK_ESTABLISHED_ACCOUNT,,,phase3-v1
tx_0015129,2026-03-31 20:48:34,0,0.0001,LOW,APPROVE,0,LOW_RISK_ESTABLISHED_ACCOUNT,,,phase3-v1
tx_0007308,2026-03-31 20:52:39,0,0.0001,LOW,APPROVE,0,LOW_RISK_ESTABLISHED_ACCOUNT,,,phase3-v1
tx_0023918,2026-03-31 20:56:00,0,0.0001,LOW,APPROVE,0,GRAPH_CONNECTED_USERS,,,phase3-v1
tx_0003679,2026-03-31 21:04:10,0,0.0001,LOW,APPROVE,0,LOW_RISK_ESTABLISHED_ACCOUNT,,,phase3-v1
tx_0010557,2026-03-31 21:05:06,0,0.0001,LOW,APPROVE,0,LOW_RISK_ESTABLISHED_ACCOUNT,,,phase3-v1
tx_0019994,2026-03-31 21:05:18,0,0.0001,LOW,APPROVE,0,LOW_RISK_ESTABLISHED_ACCOUNT,,,phase3-v1
tx_0005684,2026-03-31 21:09:13,0,0.0001,LOW,APPROVE,0,LOW_RISK_ESTABLISHED_ACCOUNT,,,phase3-v1
tx_0000348,2026-03-31 21:10:33,0,0.0001,LOW,APPROVE,0,LOW_RISK_ESTABLISHED_ACCOUNT,,,phase3-v1
tx_0012291,2026-03-31 21:13:26,0,0.0001,LOW,APPROVE,0,LOW_RISK_ESTABLISHED_ACCOUNT,,,phase3-v1
tx_0018871,2026-03-31 21:17:07,0,0.0001,LOW,APPROVE,0,LOW_RISK_ESTABLISHED_ACCOUNT,,,phase3-v1
tx_0006558,2026-03-31 21:18:07,0,0.0001,LOW,APPROVE,0,LOW_RISK_ESTABLISHED_ACCOUNT,,,phase3-v1
tx_0005241,2026-03-31 21:18:41,0,0.0001,LOW,APPROVE,0,PROMO_ACTIVITY,,,phase3-v1
tx_0010223,2026-03-31 21:20:00,0,0.0001,LOW,APPROVE,0,LOW_RISK_ESTABLISHED_ACCOUNT,,,phase3-v1
tx_0012570,2026-03-31 21:20:31,0,0.0001,LOW,APPROVE,0,LOW_RISK_ESTABLISHED_ACCOUNT,,,phase3-v1
tx_0015418,2026-03-31 21:21:51,0,0.0001,LOW,APPROVE,0,HIGH_AMOUNT_ANOMALY,,,phase3-v1
tx_0008646,2026-03-31 21:22:32,0,0.0001,LOW,APPROVE,0,LOW_RISK_ESTABLISHED_ACCOUNT,,,phase3-v1
tx_0000698,2026-03-31 21:27:46,0,0.0003,LOW,APPROVE,0,HIGH_AMOUNT_ANOMALY,,,phase3-v1
tx_0017861,2026-03-31 21:34:36,0,0.0002,LOW,APPROVE,0,HIGH_24H_VELOCITY,,,phase3-v1
tx_0010104,2026-03-31 21:34:50,0,0.0001,LOW,APPROVE,0,LOW_RISK_ESTABLISHED_ACCOUNT,,,phase3-v1
tx_0020238,2026-03-31 21:40:18,0,0.0002,LOW,APPROVE,0,LOW_RISK_ESTABLISHED_ACCOUNT,,,phase3-v1
tx_0002118,2026-03-31 21:42:47,0,0.0001,LOW,APPROVE,0,LOW_RISK_ESTABLISHED_ACCOUNT,,,phase3-v1
tx_0018687,2026-03-31 21:44:34,0,0.0001,LOW,APPROVE,0,LOW_RISK_ESTABLISHED_ACCOUNT,,,phase3-v1
tx_0007633,2026-03-31 21:44:52,0,0.0002,LOW,APPROVE,0,HIGH_24H_VELOCITY,,,phase3-v1
tx_0008044,2026-03-31 21:46:40,0,0.0001,LOW,APPROVE,0,LOW_RISK_ESTABLISHED_ACCOUNT,,,phase3-v1
tx_0024927,2026-03-31 21:48:02,0,0.0001,LOW,APPROVE,0,GRAPH_MULTI_ENTITY_OVERLAP,GRAPH_SHARED_ADDRESS,GRAPH_CONNECTED_USERS,phase3-v1
tx_0009185,2026-03-31 21:49:19,0,0.0001,LOW,APPROVE,0,LOW_RISK_ESTABLISHED_ACCOUNT,,,phase3-v1
tx_0003158,2026-03-31 21:50:50,0,0.0001,LOW,APPROVE,0,LOW_RISK_ESTABLISHED_ACCOUNT,,,phase3-v1
tx_0000124,2026-03-31 21:52:58,0,0.0001,LOW,APPROVE,0,PROMO_ACTIVITY,,,phase3-v1
tx_0021021,2026-03-31 21:55:50,0,0.0001,LOW,APPROVE,0,LOW_RISK_ESTABLISHED_ACCOUNT,,,phase3-v1
tx_0013434,2026-03-31 22:00:56,0,0.0001,LOW,APPROVE,0,LOW_RISK_ESTABLISHED_ACCOUNT,,,phase3-v1
tx_0000113,2026-03-31 22:03:50,0,0.0001,LOW,APPROVE,0,LOW_RISK_ESTABLISHED_ACCOUNT,,,phase3-v1
tx_0016153,2026-03-31 22:12:57,0,0.0001,LOW,APPROVE,0,LOW_RISK_ESTABLISHED_ACCOUNT,,,phase3-v1
tx_0024990,2026-03-31 22:13:56,0,0.0002,LOW,APPROVE,0,GRAPH_MULTI_ENTITY_OVERLAP,GRAPH_SHARED_ADDRESS,,phase3-v1
tx_0000694,2026-03-31 22:16:05,0,0.0001,LOW,APPROVE,0,LOW_RISK_ESTABLISHED_ACCOUNT,,,phase3-v1
tx_0009128,2026-03-31 22:34:10,0,0.0001,LOW,APPROVE,0,LOW_RISK_ESTABLISHED_ACCOUNT,,,phase3-v1
tx_0017800,2026-03-31 22:35:17,0,0.0001,LOW,APPROVE,0,LOW_RISK_ESTABLISHED_ACCOUNT,,,phase3-v1
tx_0020339,2026-03-31 22:36:59,0,0.0001,LOW,APPROVE,0,LOW_RISK_ESTABLISHED_ACCOUNT,,,phase3-v1
tx_0000642,2026-03-31 22:44:34,0,0.0001,LOW,APPROVE,0,LOW_RISK_ESTABLISHED_ACCOUNT,,,phase3-v1
tx_0021454,2026-03-31 22:46:14,0,0.0001,LOW,APPROVE,0,LOW_RISK_ESTABLISHED_ACCOUNT,,,phase3-v1
tx_0011064,2026-03-31 22:52:25,0,0.0001,LOW,APPROVE,0,LOW_RISK_ESTABLISHED_ACCOUNT,,,phase3-v1
tx_0018291,2026-03-31 22:55:21,0,0.0002,LOW,APPROVE,0,LOW_RISK_ESTABLISHED_ACCOUNT,,,phase3-v1
tx_0004074,2026-03-31 23:02:57,0,0.0001,LOW,APPROVE,0,LOW_RISK_ESTABLISHED_ACCOUNT,,,phase3-v1
tx_0000929,2026-03-31 23:32:15,0,0.0001,LOW,APPROVE,0,LOW_RISK_ESTABLISHED_ACCOUNT,,,phase3-v1
tx_0020227,2026-03-31 23:43:17,0,0.0001,LOW,APPROVE,0,LOW_RISK_ESTABLISHED_ACCOUNT,,,phase3-v1
tx_0001558,2026-03-31 23:45:53,0,0.0002,LOW,APPROVE,0,HIGH_AMOUNT_ANOMALY,,,phase3-v1
tx_0020344,2026-03-31 23:46:31,0,0.0002,LOW,APPROVE,0,LOW_RISK_ESTABLISHED_ACCOUNT,,,phase3-v1
tx_0010307,2026-03-31 23:48:50,0,0.0001,LOW,APPROVE,0,LOW_RISK_ESTABLISHED_ACCOUNT,,,phase3-v1
