user_id,signup_timestamp,email_domain,user_population_type,is_abuse_ring,ring_id,ring_type
usr_00001,2025-07-28 15:38:09,gmail.com,BENIGN_ISOLATED,0,,NONE
usr_00002,2025-11-13 04:37:03,gmail.com,BENIGN_ISOLATED,0,,NONE
usr_00003,2026-03-10 12:34:34,outlook.com,BENIGN_ISOLATED,0,,NONE
usr_00004,2025-12-27 15:48:59,gmail.com,BENIGN_ISOLATED,0,,NONE
usr_00005,2026-01-16 01:02:41,outlook.com,BENIGN_ISOLATED,0,,NONE
usr_00006,2026-03-13 10:44:11,gmail.com,BENIGN_ISOLATED,0,,NONE
usr_00007,2026-01-12 11:38:36,gmail.com,BENIGN_ISOLATED,0,,NONE
usr_00008,2026-01-28 18:45:17,yahoo.com,BENIGN_ISOLATED,0,,NONE
usr_00009,2025-10-27 07:49:10,gmail.com,BENIGN_ISOLATED,0,,NONE
usr_00010,2025-07-07 20:13:40,outlook.com,BENIGN_ISOLATED,0,,NONE
usr_00011,2025-12-13 02:37:36,gmail.com,BENIGN_ISOLATED,0,,NONE
usr_00012,2025-12-20 10:11:00,gmail.com,BENIGN_ISOLATED,0,,NONE
usr_00013,2025-11-22 09:07:01,gmail.com,BENIGN_ISOLATED,0,,NONE
usr_00014,2025-08-06 03:47:53,gmail.com,BENIGN_ISOLATED,0,,NONE
usr_00015,2025-07-11 03:10:15,yahoo.com,BENIGN_ISOLATED,0,,NONE
usr_00016,2025-08-02 06:24:19,yahoo.com,BENIGN_ISOLATED,0,,NONE
usr_00017,2026-01-31 12:44:48,gmail.com,BENIGN_ISOLATED,0,,NONE
usr_00018,2026-02-18 01:36:33,icloud.com,BENIGN_ISOLATED,0,,NONE
usr_00019,2025-12-24 23:05:15,gmail.com,BENIGN_ISOLATED,0,,NONE
usr_00020,2025-10-23 22:52:47,outlook.com,BENIGN_ISOLATED,0,,NONE
usr_00021,2026-02-15 11:40:11,gmail.com,BENIGN_ISOLATED,0,,NONE
usr_00022,2026-03-20 14:42:30,proton.me,BENIGN_ISOLATED,0,,NONE
usr_00023,2025-08-27 11:52:32,gmail.com,BENIGN_ISOLATED,0,,NONE
usr_00024,2026-01-20 02:07:42,gmail.com,BENIGN_ISOLATED,0,,NONE
usr_00025,2025-10-27 14:47:57,yahoo.com,BENIGN_ISOLATED,0,,NONE
usr_00026,2025-07-18 09:24:31,yahoo.com,BENIGN_ISOLATED,0,,NONE
usr_00027,2025-08-02 14:24:51,yahoo.com,BENIGN_ISOLATED,0,,NONE
usr_00028,2025-08-25 17:38:57,yahoo.com,BENIGN_ISOLATED,0,,NONE
usr_00029,2025-08-01 18:38:52,yahoo.com,BENIGN_ISOLATED,0,,NONE
usr_00030,2026-01-03 17:03:53,gmail.com,BENIGN_ISOLATED,0,,NONE
usr_00031,2026-01-14 12:56:33,proton.me,BENIGN_ISOLATED,0,,NONE
usr_00032,2025-11-12 14:19:26,proton.me,BENIGN_ISOLATED,0,,NONE
usr_00033,2025-12-08 15:07:50,yahoo.com,BENIGN_ISOLATED,0,,NONE
usr_00034,2026-03-19 14:21:58,gmail.com,BENIGN_ISOLATED,0,,NONE
usr_00035,2025-10-01 21:44:10,gmail.com,BENIGN_ISOLATED,0,,NONE
usr_00036,2025-11-09 17:50:27,yahoo.com,BENIGN_ISOLATED,0,,NONE
usr_00037,2025-12-22 05:08:19,gmail.com,BENIGN_ISOLATED,0,,NONE
usr_00038,2025-11-13 14:09:09,gmail.com,BENIGN_ISOLATED,0,,NONE
usr_00039,2026-01-20 20:00:57,yahoo.com,BENIGN_ISOLATED,0,,NONE
usr_00040,2025-11-26 04:29:30,gmail.com,BENIGN_ISOLATED,0,,NONE
usr_00041,2025-08-25 11:31:08,yahoo.com,BENIGN_ISOLATED,0,,NONE
usr_00042,2025-11-22 00:09:24,yahoo.com,BENIGN_ISOLATED,0,,NONE
usr_00043,2025-10-02 10:26:04,outlook.com,BENIGN_ISOLATED,0,,NONE
usr_00044,2025-07-23 14:41:03,yahoo.com,BENIGN_ISOLATED,0,,NONE
usr_00045,2025-12-30 19:32:52,outlook.com,BENIGN_ISOLATED,0,,NONE
usr_00046,2026-01-14 02:44:27,gmail.com,BENIGN_ISOLATED,0,,NONE
usr_00047,2025-09-07 07:24:24,outlook.com,BENIGN_ISOLATED,0,,NONE
usr_00048,2026-03-20 03:20:13,gmail.com,BENIGN_ISOLATED,0,,NONE
usr_00049,2026-01-31 08:58:22,gmail.com,BENIGN_ISOLATED,0,,NONE
usr_00050,2026-03-04 20:29:58,yahoo.com,BENIGN_ISOLATED,0,,NONE
usr_00051,2025-10-21 18:23:10,icloud.com,BENIGN_ISOLATED,0,,NONE
usr_00052,2025-10-28 15:43:25,yahoo.com,BENIGN_ISOLATED,0,,NONE
usr_00053,2026-02-04 17:27:10,outlook.com,BENIGN_ISOLATED,0,,NONE
usr_00054,2026-01-03 02:05:33,yahoo.com,BENIGN_ISOLATED,0,,NONE
usr_00055,2025-12-29 07:04:40,outlook.com,BENIGN_ISOLATED,0,,NONE
usr_00056,2025-11-30 10:56:04,icloud.com,BENIGN_ISOLATED,0,,NONE
usr_00057,2025-07-26 09:42:30,gmail.com,BENIGN_ISOLATED,0,,NONE
usr_00058,2026-02-02 01:16:17,gmail.com,BENIGN_ISOLATED,0,,NONE
usr_00059,2025-08-12 23:53:26,gmail.com,BENIGN_ISOLATED,0,,NONE
usr_00060,2025-07-29 18:42:07,gmail.com,BENIGN_ISOLATED,0,,NONE
usr_00061,2025-07-27 20:40:09,gmail.com,BENIGN_ISOLATED,0,,NONE
usr_00062,2025-08-01 23:02:43,outlook.com,BENIGN_ISOLATED,0,,NONE
usr_00063,2025-10-16 19:22:59,gmail.com,BENIGN_ISOLATED,0,,NONE
usr_00064,2026-02-05 12:42:37,gmail.com,BENIGN_ISOLATED,0,,NONE
usr_00065,2025-08-17 02:58:31,yahoo.com,BENIGN_ISOLATED,0,,NONE
usr_00066,2025-07-06 15:04:20,gmail.com,BENIGN_ISOLATED,0,,NONE
usr_00067,2026-01-01 20:37:54,yahoo.com,BENIGN_ISOLATED,0,,NONE
usr_00068,2025-09-27 08:04:24,gmail.com,BENIGN_ISOLATED,0,,NONE
usr_00069,2025-09-24 20:46:13,gmail.com,BENIGN_ISOLATED,0,,NONE
usr_00070,2025-09-02 04:19:53,gmail.com,BENIGN_ISOLATED,0,,NONE
usr_00071,2025-08-03 00:50:56,gmail.com,BENIGN_ISOLATED,0,,NONE
usr_00072,2025-09-29 19:46:00,yahoo.com,BENIGN_ISOLATED,0,,NONE
usr_00073,2025-10-14 04:43:39,proton.me,BENIGN_ISOLATED,0,,NONE
usr_00074,2025-07-06 13:22:10,gmail.com,BENIGN_ISOLATED,0,,NONE
usr_00075,2025-07-08 00:33:20,yahoo.com,BENIGN_ISOLATED,0,,NONE
usr_00076,2025-09-28 16:56:47,gmail.com,BENIGN_ISOLATED,0,,NONE
usr_00077,2025-10-05 19:27:50,icloud.com,BENIGN_ISOLATED,0,,NONE
usr_00078,2026-01-09 09:14:44,gmail.com,BENIGN_ISOLATED,0,,NONE
usr_00079,2025-12-10 16:41:02,yahoo.com,BENIGN_ISOLATED,0,,NONE
usr_00080,2025-10-14 08:22:13,gmail.com,BENIGN_ISOLATED,0,,NONE
usr_00081,2026-03-16 13:24:55,proton.me,BENIGN_ISOLATED,0,,NONE
usr_00082,2025-08-01 18:30:47,gmail.com,BENIGN_ISOLATED,0,,NONE
usr_00083,2026-01-03 06:34:43,outlook.com,BENIGN_ISOLATED,0,,NONE
usr_00084,2025-07-14 03:05:57,gmail.com,BENIGN_ISOLATED,0,,NONE
usr_00085,2025-09-19 04:28:35,gmail.com,BENIGN_ISOLATED,0,,NONE
usr_00086,2025-10-07 14:37:48,gmail.com,BENIGN_ISOLATED,0,,NONE
usr_00087,2025-09-14 05:37:10,outlook.com,BENIGN_ISOLATED,0,,NONE
usr_00088,2025-10-14 17:18:05,yahoo.com,BENIGN_ISOLATED,0,,NONE
usr_00089,2025-09-04 10:26:23,gmail.com,BENIGN_ISOLATED,0,,NONE
usr_00090,2025-07-27 08:00:17,gmail.com,BENIGN_ISOLATED,0,,NONE
usr_00091,2026-03-23 02:28:55,gmail.com,BENIGN_ISOLATED,0,,NONE
usr_00092,2026-01-25 21:49:09,outlook.com,BENIGN_ISOLATED,0,,NONE
usr_00093,2026-03-03 03:27:15,yahoo.com,BENIGN_ISOLATED,0,,NONE
usr_00094,2025-10-02 06:51:17,gmail.com,BENIGN_ISOLATED,0,,NONE
usr_00095,2026-01-08 06:55:15,yahoo.com,BENIGN_ISOLATED,0,,NONE
usr_00096,2025-08-01 05:08:10,icloud.com,BENIGN_ISOLATED,0,,NONE
usr_00097,2025-09-12 19:47:30,gmail.com,BENIGN_ISOLATED,0,,NONE
usr_00098,2025-08-08 15:03:51,yahoo.com,BENIGN_ISOLATED,0,,NONE
usr_00099,2025-07-25 23:55:29,gmail.com,BENIGN_ISOLATED,0,,NONE
usr_00100,2026-01-08 17:33:07,gmail.com,BENIGN_ISOLATED,0,,NONE
usr_00101,2025-07-28 17:20:25,gmail.com,BENIGN_ISOLATED,0,,NONE
usr_00102,2026-03-12 20:02:07,gmail.com,BENIGN_ISOLATED,0,,NONE
usr_00103,2026-03-04 11:16:08,yahoo.com,BENIGN_ISOLATED,0,,NONE
usr_00104,2025-07-14 12:46:52,gmail.com,BENIGN_ISOLATED,0,,NONE
usr_00105,2026-02-20 21:25:52,gmail.com,BENIGN_ISOLATED,0,,NONE
usr_00106,2026-03-12 11:15:09,proton.me,BENIGN_ISOLATED,0,,NONE
usr_00107,2026-03-26 01:43:46,outlook.com,BENIGN_ISOLATED,0,,NONE
usr_00108,2025-12-05 00:31:43,gmail.com,BENIGN_ISOLATED,0,,NONE
usr_00109,2025-09-18 02:17:31,gmail.com,BENIGN_ISOLATED,0,,NONE
usr_00110,2025-09-29 21:50:59,gmail.com,BENIGN_ISOLATED,0,,NONE
usr_00111,2025-12-09 04:48:00,gmail.com,BENIGN_ISOLATED,0,,NONE
usr_00112,2025-10-10 23:38:34,gmail.com,BENIGN_ISOLATED,0,,NONE
usr_00113,2025-12-28 13:23:40,outlook.com,BENIGN_ISOLATED,0,,NONE
usr_00114,2026-03-26 19:30:06,gmail.com,BENIGN_ISOLATED,0,,NONE
usr_00115,2025-12-26 13:28:22,gmail.com,BENIGN_ISOLATED,0,,NONE
usr_00116,2025-12-26 10:38:51,yahoo.com,BENIGN_ISOLATED,0,,NONE
usr_00117,2026-01-20 14:28:20,outlook.com,BENIGN_ISOLATED,0,,NONE
usr_00118,2025-09-27 23:43:21,gmail.com,BENIGN_ISOLATED,0,,NONE
usr_00119,2025-07-06 20:29:39,yahoo.com,BENIGN_ISOLATED,0,,NONE
usr_00120,2025-09-07 14:22:14,icloud.com,BENIGN_ISOLATED,0,,NONE
usr_00121,2026-02-08 00:45:34,outlook.com,BENIGN_ISOLATED,0,,NONE
usr_00122,2025-07-29 14:04:30,gmail.com,BENIGN_ISOLATED,0,,NONE
usr_00123,2026-01-29 11:23:04,icloud.com,BENIGN_ISOLATED,0,,NONE
usr_00124,2025-07-14 07:44:28,yahoo.com,BENIGN_ISOLATED,0,,NONE
usr_00125,2025-11-19 20:19:56,gmail.com,BENIGN_ISOLATED,0,,NONE
usr_00126,2026-03-06 04:54:55,icloud.com,BENIGN_ISOLATED,0,,NONE
usr_00127,2025-11-18 01:06:24,yahoo.com,BENIGN_ISOLATED,0,,NONE
usr_00128,2025-12-18 19:37:02,outlook.com,BENIGN_ISOLATED,0,,NONE
usr_00129,2025-12-29 15:31:13,gmail.com,BENIGN_ISOLATED,0,,NONE
usr_00130,2026-03-04 00:16:25,gmail.com,BENIGN_ISOLATED,0,,NONE
usr_00131,2025-07-20 09:07:58,gmail.com,BENIGN_ISOLATED,0,,NONE
usr_00132,2025-09-19 18:57:53,gmail.com,BENIGN_ISOLATED,0,,NONE
usr_00133,2025-12-18 20:16:49,outlook.com,BENIGN_ISOLATED,0,,NONE
usr_00134,2025-08-15 04:30:57,gmail.com,BENIGN_ISOLATED,0,,NONE
usr_00135,2025-11-12 03:24:09,gmail.com,BENIGN_ISOLATED,0,,NONE
usr_00136,2025-10-22 08:25:22,gmail.com,BENIGN_ISOLATED,0,,NONE
usr_00137,2026-03-02 00:03:37,gmail.com,BENIGN_ISOLATED,0,,NONE
usr_00138,2025-09-27 05:54:08,yahoo.com,BENIGN_ISOLATED,0,,NONE
usr_00139,2025-07-15 06:51:37,gmail.com,BENIGN_ISOLATED,0,,NONE
usr_00140,2026-02-09 10:09:45,yahoo.com,BENIGN_ISOLATED,0,,NONE
usr_00141,2025-10-07 05:14:08,yahoo.com,BENIGN_ISOLATED,0,,NONE
usr_00142,2026-01-30 22:07:18,yahoo.com,BENIGN_ISOLATED,0,,NONE
usr_00143,2025-08-29 15:07:34,gmail.com,BENIGN_ISOLATED,0,,NONE
usr_00144,2026-02-18 11:19:50,outlook.com,BENIGN_ISOLATED,0,,NONE
usr_00145,2026-02-05 15:54:20,outlook.com,BENIGN_ISOLATED,0,,NONE
usr_00146,2025-10-25 21:49:00,outlook.com,BENIGN_ISOLATED,0,,NONE
usr_00147,2025-11-03 15:05:35,outlook.com,BENIGN_ISOLATED,0,,NONE
usr_00148,2026-03-18 05:49:16,gmail.com,BENIGN_ISOLATED,0,,NONE
usr_00149,2026-03-20 21:57:01,gmail.com,BENIGN_ISOLATED,0,,NONE
usr_00150,2026-01-24 08:15:45,gmail.com,BENIGN_ISOLATED,0,,NONE
usr_00151,2026-03-10 03:02:33,icloud.com,BENIGN_ISOLATED,0,,NONE
usr_00152,2025-09-25 12:03:55,yahoo.com,BENIGN_ISOLATED,0,,NONE
usr_00153,2025-08-11 15:23:18,gmail.com,BENIGN_ISOLATED,0,,NONE
usr_00154,2025-08-21 06:33:44,outlook.com,BENIGN_ISOLATED,0,,NONE
usr_00155,2025-07-25 10:21:14,gmail.com,BENIGN_ISOLATED,0,,NONE
usr_00156,2026-03-07 20:16:43,gmail.com,BENIGN_ISOLATED,0,,NONE
usr_00157,2025-10-14 01:29:44,yahoo.com,BENIGN_ISOLATED,0,,NONE
usr_00158,2025-07-30 04:13:06,gmail.com,BENIGN_ISOLATED,0,,NONE
usr_00159,2025-11-28 06:50:57,gmail.com,BENIGN_ISOLATED,0,,NONE
usr_00160,2025-08-27 13:07:54,proton.me,BENIGN_ISOLATED,0,,NONE
usr_00161,2025-08-18 14:52:04,proton.me,BENIGN_ISOLATED,0,,NONE
usr_00162,2026-02-28 00:46:14,outlook.com,BENIGN_ISOLATED,0,,NONE
usr_00163,2025-10-03 04:43:32,yahoo.com,BENIGN_ISOLATED,0,,NONE
usr_00164,2026-01-03 09:33:36,gmail.com,BENIGN_ISOLATED,0,,NONE
usr_00165,2026-03-26 10:00:54,gmail.com,BENIGN_ISOLATED,0,,NONE
usr_00166,2026-03-26 17:26:34,yahoo.com,BENIGN_ISOLATED,0,,NONE
usr_00167,2026-03-25 15:48:23,yahoo.com,BENIGN_ISOLATED,0,,NONE
usr_00168,2025-07-25 09:37:19,gmail.com,BENIGN_ISOLATED,0,,NONE
usr_00169,2025-11-13 19:38:39,yahoo.com,BENIGN_ISOLATED,0,,NONE
usr_00170,2025-07-28 12:41:32,gmail.com,BENIGN_ISOLATED,0,,NONE
usr_00171,2025-11-14 02:32:00,outlook.com,BENIGN_ISOLATED,0,,NONE
usr_00172,2026-01-28 12:58:35,gmail.com,BENIGN_ISOLATED,0,,NONE
usr_00173,2025-09-26 02:33:16,gmail.com,BENIGN_ISOLATED,0,,NONE
usr_00174,2025-12-24 09:33:08,yahoo.com,BENIGN_ISOLATED,0,,NONE
usr_00175,2025-10-20 16:00:03,yahoo.com,BENIGN_ISOLATED,0,,NONE
usr_00176,2025-09-06 12:37:13,yahoo.com,BENIGN_ISOLATED,0,,NONE
usr_00177,2025-09-25 22:30:47,icloud.com,BENIGN_ISOLATED,0,,NONE
usr_00178,2025-12-28 21:58:51,gmail.com,BENIGN_ISOLATED,0,,NONE
usr_00179,2026-02-03 11:28:31,yahoo.com,BENIGN_ISOLATED,0,,NONE
usr_00180,2026-01-09 02:08:37,gmail.com,BENIGN_ISOLATED,0,,NONE
usr_00181,2025-11-09 20:26:12,yahoo.com,BENIGN_ISOLATED,0,,NONE
usr_00182,2025-08-07 03:49:04,yahoo.com,BENIGN_ISOLATED,0,,NONE
usr_00183,2025-12-29 23:33:19,gmail.com,BENIGN_ISOLATED,0,,NONE
usr_00184,2026-03-21 05:57:46,gmail.com,BENIGN_ISOLATED,0,,NONE
usr_00185,2026-01-07 07:34:32,gmail.com,BENIGN_ISOLATED,0,,NONE
usr_00186,2025-12-28 22:24:56,yahoo.com,BENIGN_ISOLATED,0,,NONE
usr_00187,2025-09-25 10:11:14,yahoo.com,BENIGN_ISOLATED,0,,NONE
usr_00188,2025-09-03 10:24:52,gmail.com,BENIGN_ISOLATED,0,,NONE
usr_00189,2026-01-28 23:33:57,outlook.com,BENIGN_ISOLATED,0,,NONE
usr_00190,2025-12-31 12:01:49,gmail.com,BENIGN_ISOLATED,0,,NONE
usr_00191,2026-02-09 20:32:58,gmail.com,BENIGN_ISOLATED,0,,NONE
usr_00192,2026-03-03 00:49:00,proton.me,BENIGN_ISOLATED,0,,NONE
usr_00193,2026-02-25 11:31:15,gmail.com,BENIGN_ISOLATED,0,,NONE
usr_00194,2025-08-17 14:04:58,outlook.com,BENIGN_ISOLATED,0,,NONE
usr_00195,2025-09-26 14:46:56,gmail.com,BENIGN_ISOLATED,0,,NONE
usr_00196,2026-01-25 22:33:42,outlook.com,BENIGN_ISOLATED,0,,NONE
usr_00197,2026-01-30 08:36:09,gmail.com,BENIGN_ISOLATED,0,,NONE
usr_00198,2025-07-29 11:02:01,gmail.com,BENIGN_ISOLATED,0,,NONE
usr_00199,2025-11-18 04:35:35,gmail.com,BENIGN_ISOLATED,0,,NONE
usr_00200,2025-09-25 12:08:36,gmail.com,BENIGN_ISOLATED,0,,NONE
usr_00201,2026-03-18 18:12:45,yahoo.com,BENIGN_ISOLATED,0,,NONE
usr_00202,2025-07-31 14:46:00,gmail.com,BENIGN_ISOLATED,0,,NONE
usr_00203,2026-03-21 12:06:47,outlook.com,BENIGN_ISOLATED,0,,NONE
usr_00204,2025-08-22 20:32:14,icloud.com,BENIGN_ISOLATED,0,,NONE
usr_00205,2025-10-13 08:30:16,outlook.com,BENIGN_ISOLATED,0,,NONE
usr_00206,2025-08-27 01:05:57,outlook.com,BENIGN_ISOLATED,0,,NONE
usr_00207,2025-07-27 14:04:53,yahoo.com,BENIGN_ISOLATED,0,,NONE
usr_00208,2025-09-03 19:44:52,outlook.com,BENIGN_ISOLATED,0,,NONE
usr_00209,2025-10-04 07:04:23,gmail.com,BENIGN_ISOLATED,0,,NONE
usr_00210,2026-02-25 12:21:23,yahoo.com,BENIGN_ISOLATED,0,,NONE
usr_00211,2026-01-23 20:14:34,gmail.com,BENIGN_ISOLATED,0,,NONE
usr_00212,2025-12-16 09:10:57,yahoo.com,BENIGN_ISOLATED,0,,NONE
usr_00213,2025-12-25 01:26:17,gmail.com,BENIGN_ISOLATED,0,,NONE
usr_00214,2025-10-30 20:49:01,gmail.com,BENIGN_ISOLATED,0,,NONE
usr_00215,2025-11-18 03:19:25,gmail.com,BENIGN_ISOLATED,0,,NONE
usr_00216,2025-09-07 05:36:26,yahoo.com,BENIGN_ISOLATED,0,,NONE
usr_00217,2025-08-14 12:41:53,outlook.com,BENIGN_ISOLATED,0,,NONE
usr_00218,2025-12-19 12:46:14,gmail.com,BENIGN_ISOLATED,0,,NONE
usr_00219,2025-08-15 20:15:09,gmail.com,BENIGN_ISOLATED,0,,NONE
usr_00220,2025-12-08 15:23:59,gmail.com,BENIGN_ISOLATED,0,,NONE
usr_00221,2025-11-14 03:09:20,yahoo.com,BENIGN_ISOLATED,0,,NONE
usr_00222,2025-12-02 17:29:26,gmail.com,BENIGN_ISOLATED,0,,NONE
usr_00223,2025-08-15 09:45:04,outlook.com,BENIGN_ISOLATED,0,,NONE
usr_00224,2026-03-11 22:23:31,icloud.com,BENIGN_ISOLATED,0,,NONE
usr_00225,2025-12-18 17:52:15,yahoo.com,BENIGN_ISOLATED,0,,NONE
usr_00226,2026-03-08 20:42:47,outlook.com,BENIGN_ISOLATED,0,,NONE
usr_00227,2025-12-18 06:37:20,gmail.com,BENIGN_ISOLATED,0,,NONE
usr_00228,2025-07-13 17:15:57,gmail.com,BENIGN_ISOLATED,0,,NONE
usr_00229,2025-08-22 09:08:57,outlook.com,BENIGN_ISOLATED,0,,NONE
usr_00230,2025-10-29 09:43:34,gmail.com,BENIGN_ISOLATED,0,,NONE
usr_00231,2025-09-26 23:18:36,gmail.com,BENIGN_ISOLATED,0,,NONE
usr_00232,2025-11-06 18:42:43,gmail.com,BENIGN_ISOLATED,0,,NONE
usr_00233,2025-09-27 18:33:51,gmail.com,BENIGN_ISOLATED,0,,NONE
usr_00234,2026-01-26 20:59:13,icloud.com,BENIGN_ISOLATED,0,,NONE
usr_00235,2025-07-10 03:55:51,gmail.com,BENIGN_ISOLATED,0,,NONE
usr_00236,2025-08-22 22:06:07,gmail.com,BENIGN_ISOLATED,0,,NONE
usr_00237,2025-08-08 17:46:19,yahoo.com,BENIGN_ISOLATED,0,,NONE
usr_00238,2025-07-28 04:57:38,gmail.com,BENIGN_ISOLATED,0,,NONE
usr_00239,2026-01-22 04:49:28,gmail.com,BENIGN_ISOLATED,0,,NONE
usr_00240,2025-12-23 15:10:16,outlook.com,BENIGN_ISOLATED,0,,NONE
usr_00241,2025-12-15 03:44:48,outlook.com,BENIGN_ISOLATED,0,,NONE
usr_00242,2025-08-19 22:01:53,gmail.com,BENIGN_ISOLATED,0,,NONE
usr_00243,2025-11-16 09:40:23,outlook.com,BENIGN_ISOLATED,0,,NONE
usr_00244,2026-03-06 10:35:17,gmail.com,BENIGN_ISOLATED,0,,NONE
usr_00245,2025-10-29 16:55:33,yahoo.com,BENIGN_ISOLATED,0,,NONE
usr_00246,2025-10-11 20:31:50,outlook.com,BENIGN_ISOLATED,0,,NONE
usr_00247,2026-01-18 11:37:40,yahoo.com,BENIGN_ISOLATED,0,,NONE
usr_00248,2025-08-08 02:23:09,yahoo.com,BENIGN_ISOLATED,0,,NONE
usr_00249,2025-10-12 14:59:59,yahoo.com,BENIGN_ISOLATED,0,,NONE
usr_00250,2025-11-02 14:03:29,proton.me,BENIGN_ISOLATED,0,,NONE
usr_00251,2025-07-17 10:52:12,gmail.com,BENIGN_ISOLATED,0,,NONE
usr_00252,2026-03-18 11:18:44,gmail.com,BENIGN_ISOLATED,0,,NONE
usr_00253,2025-09-09 02:37:21,yahoo.com,BENIGN_ISOLATED,0,,NONE
usr_00254,2026-01-09 02:30:06,icloud.com,BENIGN_ISOLATED,0,,NONE
usr_00255,2025-08-30 23:03:04,icloud.com,BENIGN_ISOLATED,0,,NONE
usr_00256,2025-08-09 23:50:06,outlook.com,BENIGN_ISOLATED,0,,NONE
usr_00257,2026-02-02 21:00:57,gmail.com,BENIGN_ISOLATED,0,,NONE
usr_00258,2026-03-09 02:51:58,outlook.com,BENIGN_ISOLATED,0,,NONE
usr_00259,2025-12-09 16:12:01,yahoo.com,BENIGN_ISOLATED,0,,NONE
usr_00260,2025-09-11 06:20:01,outlook.com,BENIGN_ISOLATED,0,,NONE
usr_00261,2025-07-08 12:52:19,yahoo.com,BENIGN_ISOLATED,0,,NONE
usr_00262,2025-08-31 10:32:29,gmail.com,BENIGN_ISOLATED,0,,NONE
usr_00263,2025-12-22 06:16:29,gmail.com,BENIGN_ISOLATED,0,,NONE
usr_00264,2025-10-10 17:04:08,yahoo.com,BENIGN_ISOLATED,0,,NONE
usr_00265,2025-08-16 03:23:16,icloud.com,BENIGN_ISOLATED,0,,NONE
usr_00266,2026-01-03 19:45:08,gmail.com,BENIGN_ISOLATED,0,,NONE
usr_00267,2025-09-05 09:10:28,outlook.com,BENIGN_ISOLATED,0,,NONE
usr_00268,2025-11-24 17:51:59,icloud.com,BENIGN_ISOLATED,0,,NONE
usr_00269,2025-09-08 10:59:40,gmail.com,BENIGN_ISOLATED,0,,NONE
usr_00270,2025-09-28 06:15:54,gmail.com,BENIGN_ISOLATED,0,,NONE
usr_00271,2025-08-12 12:37:59,gmail.com,BENIGN_ISOLATED,0,,NONE
usr_00272,2025-12-12 11:03:40,proton.me,BENIGN_ISOLATED,0,,NONE
usr_00273,2025-07-13 23:42:20,gmail.com,BENIGN_ISOLATED,0,,NONE
usr_00274,2026-01-25 06:00:53,gmail.com,BENIGN_ISOLATED,0,,NONE
usr_00275,2026-01-25 18:39:51,gmail.com,BENIGN_ISOLATED,0,,NONE
usr_00276,2026-03-22 23:04:40,outlook.com,BENIGN_ISOLATED,0,,NONE
usr_00277,2026-03-17 11:28:16,gmail.com,BENIGN_ISOLATED,0,,NONE
usr_00278,2025-09-12 17:08:07,proton.me,BENIGN_ISOLATED,0,,NONE
usr_00279,2025-08-19 23:35:26,gmail.com,BENIGN_ISOLATED,0,,NONE
usr_00280,2025-11-22 11:18:01,gmail.com,BENIGN_ISOLATED,0,,NONE
usr_00281,2026-01-14 02:05:51,gmail.com,BENIGN_ISOLATED,0,,NONE
usr_00282,2026-02-15 07:35:44,gmail.com,BENIGN_ISOLATED,0,,NONE
usr_00283,2026-02-28 07:47:29,gmail.com,BENIGN_ISOLATED,0,,NONE
usr_00284,2026-01-07 08:15:28,gmail.com,BENIGN_ISOLATED,0,,NONE
usr_00285,2025-09-02 04:04:30,gmail.com,BENIGN_ISOLATED,0,,NONE
usr_00286,2025-11-28 17:51:58,gmail.com,BENIGN_ISOLATED,0,,NONE
usr_00287,2026-01-11 00:32:25,yahoo.com,BENIGN_ISOLATED,0,,NONE
usr_00288,2025-11-04 04:26:11,gmail.com,BENIGN_ISOLATED,0,,NONE
usr_00289,2026-03-25 01:05:24,gmail.com,BENIGN_ISOLATED,0,,NONE
usr_00290,2025-10-23 14:25:40,yahoo.com,BENIGN_ISOLATED,0,,NONE
usr_00291,2025-08-18 16:43:53,gmail.com,BENIGN_ISOLATED,0,,NONE
usr_00292,2025-12-18 22:41:07,gmail.com,BENIGN_ISOLATED,0,,NONE
usr_00293,2025-10-10 02:25:28,gmail.com,BENIGN_ISOLATED,0,,NONE
usr_00294,2025-07-23 18:08:47,outlook.com,BENIGN_ISOLATED,0,,NONE
usr_00295,2025-10-16 02:00:12,gmail.com,BENIGN_ISOLATED,0,,NONE
usr_00296,2025-11-22 00:21:03,gmail.com,BENIGN_ISOLATED,0,,NONE
usr_00297,2026-01-18 07:36:03,gmail.com,BENIGN_ISOLATED,0,,NONE
usr_00298,2026-02-02 07:56:55,yahoo.com,BENIGN_ISOLATED,0,,NONE
usr_00299,2025-11-30 07:20:36,outlook.com,BENIGN_ISOLATED,0,,NONE
usr_00300,2026-03-13 02:42:51,yahoo.com,BENIGN_ISOLATED,0,,NONE
usr_00301,2025-10-23 09:16:58,outlook.com,BENIGN_ISOLATED,0,,NONE
usr_00302,2026-02-04 21:06:24,gmail.com,BENIGN_ISOLATED,0,,NONE
usr_00303,2025-08-03 16:39:05,gmail.com,BENIGN_ISOLATED,0,,NONE
usr_00304,2025-10-27 15:31:20,gmail.com,BENIGN_ISOLATED,0,,NONE
usr_00305,2026-03-13 13:37:57,outlook.com,BENIGN_ISOLATED,0,,NONE
usr_00306,2025-12-08 08:16:00,gmail.com,BENIGN_ISOLATED,0,,NONE
usr_00307,2025-12-12 13:30:27,gmail.com,BENIGN_ISOLATED,0,,NONE
usr_00308,2025-11-20 03:36:55,yahoo.com,BENIGN_ISOLATED,0,,NONE
usr_00309,2025-10-18 06:05:36,outlook.com,BENIGN_ISOLATED,0,,NONE
usr_00310,2026-01-11 17:46:31,gmail.com,BENIGN_ISOLATED,0,,NONE
usr_00311,2026-02-05 06:31:07,gmail.com,BENIGN_ISOLATED,0,,NONE
usr_00312,2026-01-30 00:46:08,icloud.com,BENIGN_ISOLATED,0,,NONE
usr_00313,2025-08-04 18:28:28,gmail.com,BENIGN_ISOLATED,0,,NONE
usr_00314,2025-12-23 11:19:36,gmail.com,BENIGN_ISOLATED,0,,NONE
usr_00315,2025-12-06 17:07:58,yahoo.com,BENIGN_ISOLATED,0,,NONE
usr_00316,2025-12-30 00:39:05,yahoo.com,BENIGN_ISOLATED,0,,NONE
usr_00317,2025-09-21 04:29:24,outlook.com,BENIGN_ISOLATED,0,,NONE
usr_00318,2026-02-18 17:03:21,icloud.com,BENIGN_ISOLATED,0,,NONE
usr_00319,2025-12-02 06:50:07,yahoo.com,BENIGN_ISOLATED,0,,NONE
usr_00320,2025-08-10 16:26:54,outlook.com,BENIGN_ISOLATED,0,,NONE
usr_00321,2026-02-18 20:21:19,icloud.com,BENIGN_ISOLATED,0,,NONE
usr_00322,2025-12-12 05:27:22,gmail.com,BENIGN_ISOLATED,0,,NONE
usr_00323,2025-11-22 15:16:31,gmail.com,BENIGN_ISOLATED,0,,NONE
usr_00324,2025-11-20 09:06:16,proton.me,BENIGN_ISOLATED,0,,NONE
usr_00325,2026-02-03 08:45:32,yahoo.com,BENIGN_ISOLATED,0,,NONE
usr_00326,2026-01-24 11:34:48,gmail.com,BENIGN_ISOLATED,0,,NONE
usr_00327,2026-02-24 08:47:22,yahoo.com,BENIGN_ISOLATED,0,,NONE
usr_00328,2025-08-21 20:27:15,gmail.com,BENIGN_ISOLATED,0,,NONE
usr_00329,2025-08-21 18:43:27,yahoo.com,BENIGN_ISOLATED,0,,NONE
usr_00330,2025-12-20 17:23:04,icloud.com,BENIGN_ISOLATED,0,,NONE
usr_00331,2025-12-21 00:50:51,outlook.com,BENIGN_ISOLATED,0,,NONE
usr_00332,2026-02-10 10:13:24,proton.me,BENIGN_ISOLATED,0,,NONE
usr_00333,2025-12-08 02:25:31,gmail.com,BENIGN_ISOLATED,0,,NONE
usr_00334,2025-07-28 22:26:14,icloud.com,BENIGN_ISOLATED,0,,NONE
usr_00335,2025-08-20 02:52:59,gmail.com,BENIGN_ISOLATED,0,,NONE
usr_00336,2025-11-08 17:15:30,icloud.com,BENIGN_ISOLATED,0,,NONE
usr_00337,2025-12-26 22:56:23,outlook.com,BENIGN_ISOLATED,0,,NONE
usr_00338,2026-03-12 10:00:02,gmail.com,BENIGN_ISOLATED,0,,NONE
usr_00339,2026-03-16 12:35:01,outlook.com,BENIGN_ISOLATED,0,,NONE
usr_00340,2025-10-25 00:09:27,gmail.com,BENIGN_ISOLATED,0,,NONE
usr_00341,2025-09-23 21:10:25,gmail.com,BENIGN_ISOLATED,0,,NONE
usr_00342,2025-07-13 04:39:37,yahoo.com,BENIGN_ISOLATED,0,,NONE
usr_00343,2025-07-23 06:35:56,gmail.com,BENIGN_ISOLATED,0,,NONE
usr_00344,2025-11-03 00:07:18,gmail.com,BENIGN_ISOLATED,0,,NONE
usr_00345,2025-07-08 16:40:46,yahoo.com,BENIGN_ISOLATED,0,,NONE
usr_00346,2026-01-23 02:04:53,proton.me,BENIGN_ISOLATED,0,,NONE
usr_00347,2025-08-04 17:16:28,gmail.com,BENIGN_ISOLATED,0,,NONE
usr_00348,2025-11-03 11:07:01,gmail.com,BENIGN_ISOLATED,0,,NONE
usr_00349,2026-01-10 14:38:29,icloud.com,BENIGN_ISOLATED,0,,NONE
usr_00350,2026-02-15 13:26:16,yahoo.com,BENIGN_ISOLATED,0,,NONE
usr_00351,2025-12-21 01:42:08,gmail.com,BENIGN_ISOLATED,0,,NONE
usr_00352,2025-11-27 00:26:06,yahoo.com,BENIGN_ISOLATED,0,,NONE
usr_00353,2025-08-10 07:27:06,yahoo.com,BENIGN_ISOLATED,0,,NONE
usr_00354,2026-01-21 08:45:14,gmail.com,BENIGN_ISOLATED,0,,NONE
usr_00355,2025-08-05 12:13:20,gmail.com,BENIGN_ISOLATED,0,,NONE
usr_00356,2025-07-16 14:52:28,outlook.com,BENIGN_ISOLATED,0,,NONE
usr_00357,2026-02-24 23:47:43,gmail.com,BENIGN_ISOLATED,0,,NONE
usr_00358,2025-10-02 10:40:47,gmail.com,BENIGN_ISOLATED,0,,NONE
usr_00359,2025-11-18 08:30:13,gmail.com,BENIGN_ISOLATED,0,,NONE
usr_00360,2025-07-13 10:03:09,gmail.com,BENIGN_ISOLATED,0,,NONE
usr_00361,2025-12-16 18:21:52,gmail.com,BENIGN_ISOLATED,0,,NONE
usr_00362,2025-08-08 13:53:46,outlook.com,BENIGN_ISOLATED,0,,NONE
usr_00363,2026-02-05 04:43:59,gmail.com,BENIGN_ISOLATED,0,,NONE
usr_00364,2026-01-05 02:46:32,gmail.com,BENIGN_ISOLATED,0,,NONE
usr_00365,2025-12-08 09:20:55,gmail.com,BENIGN_ISOLATED,0,,NONE
usr_00366,2025-09-27 12:48:21,gmail.com,BENIGN_ISOLATED,0,,NONE
usr_00367,2026-01-23 17:37:04,icloud.com,BENIGN_ISOLATED,0,,NONE
usr_00368,2026-03-12 05:13:50,icloud.com,BENIGN_ISOLATED,0,,NONE
usr_00369,2026-03-18 22:57:45,proton.me,BENIGN_ISOLATED,0,,NONE
usr_00370,2026-03-07 19:19:37,yahoo.com,BENIGN_ISOLATED,0,,NONE
usr_00371,2026-03-20 18:06:38,icloud.com,BENIGN_ISOLATED,0,,NONE
usr_00372,2025-10-27 22:39:20,yahoo.com,BENIGN_ISOLATED,0,,NONE
usr_00373,2026-01-10 11:37:55,gmail.com,BENIGN_ISOLATED,0,,NONE
usr_00374,2026-01-04 23:50:44,gmail.com,BENIGN_ISOLATED,0,,NONE
usr_00375,2025-08-12 00:55:08,outlook.com,BENIGN_ISOLATED,0,,NONE
usr_00376,2025-08-17 02:52:32,gmail.com,BENIGN_ISOLATED,0,,NONE
usr_00377,2026-01-12 03:48:03,yahoo.com,BENIGN_ISOLATED,0,,NONE
usr_00378,2026-03-13 22:44:45,gmail.com,BENIGN_ISOLATED,0,,NONE
usr_00379,2026-01-21 19:01:04,gmail.com,BENIGN_ISOLATED,0,,NONE
usr_00380,2025-11-18 20:03:19,outlook.com,BENIGN_ISOLATED,0,,NONE
usr_00381,2025-09-28 07:32:54,gmail.com,BENIGN_ISOLATED,0,,NONE
usr_00382,2025-08-15 20:20:35,gmail.com,BENIGN_ISOLATED,0,,NONE
usr_00383,2025-11-08 02:38:36,outlook.com,BENIGN_ISOLATED,0,,NONE
usr_00384,2025-12-11 09:28:09,outlook.com,BENIGN_ISOLATED,0,,NONE
usr_00385,2026-02-01 00:23:27,yahoo.com,BENIGN_ISOLATED,0,,NONE
usr_00386,2025-10-23 11:13:43,outlook.com,BENIGN_ISOLATED,0,,NONE
usr_00387,2026-03-24 13:26:20,outlook.com,BENIGN_ISOLATED,0,,NONE
usr_00388,2026-01-16 05:44:40,outlook.com,BENIGN_ISOLATED,0,,NONE
usr_00389,2025-08-14 16:45:44,yahoo.com,BENIGN_ISOLATED,0,,NONE
usr_00390,2026-01-26 14:19:46,yahoo.com,BENIGN_ISOLATED,0,,NONE
usr_00391,2025-08-19 10:11:08,gmail.com,BENIGN_ISOLATED,0,,NONE
usr_00392,2025-07-08 17:49:29,yahoo.com,BENIGN_ISOLATED,0,,NONE
usr_00393,2025-12-21 20:44:27,gmail.com,BENIGN_ISOLATED,0,,NONE
usr_00394,2025-09-17 21:35:10,gmail.com,BENIGN_ISOLATED,0,,NONE
usr_00395,2025-11-18 15:29:36,gmail.com,BENIGN_ISOLATED,0,,NONE
usr_00396,2026-01-24 05:47:11,gmail.com,BENIGN_ISOLATED,0,,NONE
usr_00397,2025-09-04 04:17:55,yahoo.com,BENIGN_ISOLATED,0,,NONE
usr_00398,2026-01-24 23:51:15,yahoo.com,BENIGN_ISOLATED,0,,NONE
usr_00399,2025-11-06 16:09:15,gmail.com,BENIGN_ISOLATED,0,,NONE
usr_00400,2025-09-10 04:27:36,gmail.com,BENIGN_ISOLATED,0,,NONE
usr_00401,2026-03-15 18:25:05,gmail.com,BENIGN_ISOLATED,0,,NONE
usr_00402,2025-10-24 12:37:30,gmail.com,BENIGN_ISOLATED,0,,NONE
usr_00403,2026-01-23 18:41:20,icloud.com,BENIGN_ISOLATED,0,,NONE
usr_00404,2025-11-25 07:37:02,gmail.com,BENIGN_ISOLATED,0,,NONE
usr_00405,2025-11-29 19:28:23,gmail.com,BENIGN_ISOLATED,0,,NONE
usr_00406,2026-02-01 22:33:56,yahoo.com,BENIGN_ISOLATED,0,,NONE
usr_00407,2026-02-06 19:28:37,gmail.com,BENIGN_ISOLATED,0,,NONE
usr_00408,2025-09-16 02:10:18,gmail.com,BENIGN_ISOLATED,0,,NONE
usr_00409,2025-08-12 04:52:06,gmail.com,BENIGN_ISOLATED,0,,NONE
usr_00410,2026-03-03 18:38:13,yahoo.com,BENIGN_ISOLATED,0,,NONE
usr_00411,2026-02-06 08:53:43,gmail.com,BENIGN_ISOLATED,0,,NONE
usr_00412,2025-12-14 02:21:06,icloud.com,BENIGN_ISOLATED,0,,NONE
usr_00413,2025-10-17 23:50:37,yahoo.com,BENIGN_ISOLATED,0,,NONE
usr_00414,2025-11-29 10:36:46,gmail.com,BENIGN_ISOLATED,0,,NONE
usr_00415,2025-12-30 12:49:16,gmail.com,BENIGN_ISOLATED,0,,NONE
usr_00416,2025-09-10 17:14:24,gmail.com,BENIGN_ISOLATED,0,,NONE
usr_00417,2026-02-28 16:42:41,outlook.com,BENIGN_ISOLATED,0,,NONE
usr_00418,2025-07-29 07:57:36,gmail.com,BENIGN_ISOLATED,0,,NONE
usr_00419,2025-12-22 09:12:58,gmail.com,BENIGN_ISOLATED,0,,NONE
usr_00420,2026-02-22 03:27:44,gmail.com,BENIGN_ISOLATED,0,,NONE
usr_00421,2026-01-01 11:20:47,gmail.com,BENIGN_ISOLATED,0,,NONE
usr_00422,2025-08-20 20:21:53,outlook.com,BENIGN_ISOLATED,0,,NONE
usr_00423,2025-07-13 09:54:13,gmail.com,BENIGN_ISOLATED,0,,NONE
usr_00424,2026-01-16 06:01:42,icloud.com,BENIGN_ISOLATED,0,,NONE
usr_00425,2026-03-18 20:37:11,gmail.com,BENIGN_ISOLATED,0,,NONE
usr_00426,2026-01-17 02:24:34,gmail.com,BENIGN_ISOLATED,0,,NONE
usr_00427,2025-11-04 06:09:33,outlook.com,BENIGN_ISOLATED,0,,NONE
usr_00428,2025-10-19 15:32:05,outlook.com,BENIGN_ISOLATED,0,,NONE
usr_00429,2025-09-18 16:36:46,gmail.com,BENIGN_ISOLATED,0,,NONE
usr_00430,2025-08-31 16:55:54,gmail.com,BENIGN_ISOLATED,0,,NONE
usr_00431,2026-01-04 03:41:37,gmail.com,BENIGN_ISOLATED,0,,NONE
usr_00432,2025-07-12 02:30:16,gmail.com,BENIGN_ISOLATED,0,,NONE
usr_00433,2025-07-09 02:55:56,gmail.com,BENIGN_ISOLATED,0,,NONE
usr_00434,2025-10-30 14:41:30,gmail.com,BENIGN_ISOLATED,0,,NONE
usr_00435,2025-10-13 15:26:25,gmail.com,BENIGN_ISOLATED,0,,NONE
usr_00436,2026-01-03 19:20:48,gmail.com,BENIGN_ISOLATED,0,,NONE
usr_00437,2025-11-14 07:26:43,outlook.com,BENIGN_ISOLATED,0,,NONE
usr_00438,2026-03-20 07:27:49,icloud.com,BENIGN_ISOLATED,0,,NONE
usr_00439,2026-02-01 01:25:35,gmail.com,BENIGN_ISOLATED,0,,NONE
usr_00440,2025-11-13 11:53:53,icloud.com,BENIGN_ISOLATED,0,,NONE
usr_00441,2026-02-12 04:20:39,yahoo.com,BENIGN_ISOLATED,0,,NONE
usr_00442,2025-07-24 20:42:16,gmail.com,BENIGN_ISOLATED,0,,NONE
usr_00443,2026-01-20 01:25:43,gmail.com,BENIGN_ISOLATED,0,,NONE
usr_00444,2025-10-31 06:11:19,gmail.com,BENIGN_ISOLATED,0,,NONE
usr_00445,2025-09-14 10:37:18,gmail.com,BENIGN_ISOLATED,0,,NONE
usr_00446,2026-01-01 19:27:18,gmail.com,BENIGN_ISOLATED,0,,NONE
usr_00447,2026-03-03 00:39:40,gmail.com,BENIGN_ISOLATED,0,,NONE
usr_00448,2025-08-14 23:03:01,gmail.com,BENIGN_ISOLATED,0,,NONE
usr_00449,2025-10-13 01:44:27,yahoo.com,BENIGN_ISOLATED,0,,NONE
usr_00450,2025-11-27 03:54:59,gmail.com,BENIGN_ISOLATED,0,,NONE
usr_00451,2025-10-26 00:25:25,gmail.com,BENIGN_ISOLATED,0,,NONE
usr_00452,2026-01-09 13:08:42,yahoo.com,BENIGN_ISOLATED,0,,NONE
usr_00453,2025-10-03 00:28:22,gmail.com,BENIGN_ISOLATED,0,,NONE
usr_00454,2026-01-20 02:26:12,gmail.com,BENIGN_ISOLATED,0,,NONE
usr_00455,2025-07-27 20:36:03,icloud.com,BENIGN_ISOLATED,0,,NONE
usr_00456,2025-11-30 23:46:25,yahoo.com,BENIGN_ISOLATED,0,,NONE
usr_00457,2025-12-30 02:04:24,yahoo.com,BENIGN_ISOLATED,0,,NONE
usr_00458,2025-08-30 01:26:22,gmail.com,BENIGN_ISOLATED,0,,NONE
usr_00459,2025-08-13 09:32:31,proton.me,BENIGN_ISOLATED,0,,NONE
usr_00460,2025-07-05 03:09:45,gmail.com,BENIGN_ISOLATED,0,,NONE
usr_00461,2026-02-03 20:23:14,gmail.com,BENIGN_ISOLATED,0,,NONE
usr_00462,2026-01-13 01:07:08,outlook.com,BENIGN_ISOLATED,0,,NONE
usr_00463,2025-08-21 09:17:31,yahoo.com,BENIGN_ISOLATED,0,,NONE
usr_00464,2026-03-14 12:47:03,gmail.com,BENIGN_ISOLATED,0,,NONE
usr_00465,2025-12-31 06:20:41,gmail.com,BENIGN_ISOLATED,0,,NONE
usr_00466,2025-08-07 23:57:05,yahoo.com,BENIGN_ISOLATED,0,,NONE
usr_00467,2025-11-02 07:43:35,gmail.com,BENIGN_ISOLATED,0,,NONE
usr_00468,2025-10-25 17:46:39,gmail.com,BENIGN_ISOLATED,0,,NONE
usr_00469,2026-01-15 14:12:30,icloud.com,BENIGN_ISOLATED,0,,NONE
usr_00470,2025-07-30 16:13:32,yahoo.com,BENIGN_ISOLATED,0,,NONE
usr_00471,2025-07-06 21:55:43,outlook.com,BENIGN_ISOLATED,0,,NONE
usr_00472,2025-11-23 10:48:52,yahoo.com,BENIGN_ISOLATED,0,,NONE
usr_00473,2026-01-10 22:25:29,outlook.com,BENIGN_ISOLATED,0,,NONE
usr_00474,2025-10-08 03:04:05,outlook.com,BENIGN_ISOLATED,0,,NONE
usr_00475,2025-08-11 03:08:38,outlook.com,BENIGN_ISOLATED,0,,NONE
usr_00476,2026-01-14 00:18:43,gmail.com,BENIGN_ISOLATED,0,,NONE
usr_00477,2026-01-20 17:05:23,yahoo.com,BENIGN_ISOLATED,0,,NONE
usr_00478,2025-08-02 00:19:41,outlook.com,BENIGN_ISOLATED,0,,NONE
usr_00479,2025-10-15 15:30:44,gmail.com,BENIGN_ISOLATED,0,,NONE
usr_00480,2026-01-23 02:17:23,gmail.com,BENIGN_ISOLATED,0,,NONE
usr_00481,2026-01-25 10:56:50,gmail.com,BENIGN_ISOLATED,0,,NONE
usr_00482,2026-03-20 15:32:04,gmail.com,BENIGN_ISOLATED,0,,NONE
usr_00483,2025-08-14 08:57:31,gmail.com,BENIGN_ISOLATED,0,,NONE
usr_00484,2025-10-27 18:47:11,gmail.com,BENIGN_ISOLATED,0,,NONE
usr_00485,2025-08-21 12:34:08,proton.me,BENIGN_ISOLATED,0,,NONE
usr_00486,2026-02-16 11:47:55,proton.me,BENIGN_ISOLATED,0,,NONE
usr_00487,2025-09-24 21:41:17,yahoo.com,BENIGN_ISOLATED,0,,NONE
usr_00488,2025-07-20 06:03:15,yahoo.com,BENIGN_ISOLATED,0,,NONE
usr_00489,2025-10-18 08:42:25,gmail.com,BENIGN_ISOLATED,0,,NONE
usr_00490,2025-10-23 21:03:26,gmail.com,BENIGN_ISOLATED,0,,NONE
usr_00491,2025-08-05 11:03:42,yahoo.com,BENIGN_ISOLATED,0,,NONE
usr_00492,2025-12-07 16:33:37,yahoo.com,BENIGN_ISOLATED,0,,NONE
usr_00493,2025-10-07 08:43:35,gmail.com,BENIGN_ISOLATED,0,,NONE
usr_00494,2025-09-24 19:25:42,gmail.com,BENIGN_ISOLATED,0,,NONE
usr_00495,2025-09-18 00:48:17,outlook.com,BENIGN_ISOLATED,0,,NONE
usr_00496,2025-11-22 13:55:16,gmail.com,BENIGN_ISOLATED,0,,NONE
usr_00497,2025-07-24 09:38:21,gmail.com,BENIGN_ISOLATED,0,,NONE
usr_00498,2025-12-25 17:40:43,gmail.com,BENIGN_ISOLATED,0,,NONE
usr_00499,2025-12-24 05:34:22,gmail.com,BENIGN_ISOLATED,0,,NONE
usr_00500,2025-08-15 15:53:42,yahoo.com,BENIGN_ISOLATED,0,,NONE
usr_00501,2026-02-12 22:38:01,gmail.com,BENIGN_ISOLATED,0,,NONE
usr_00502,2025-08-07 18:03:55,gmail.com,BENIGN_ISOLATED,0,,NONE
usr_00503,2025-10-09 20:37:35,gmail.com,BENIGN_ISOLATED,0,,NONE
usr_00504,2026-01-18 15:20:08,outlook.com,BENIGN_ISOLATED,0,,NONE
usr_00505,2025-11-19 14:05:41,yahoo.com,BENIGN_ISOLATED,0,,NONE
usr_00506,2026-01-03 19:12:27,gmail.com,BENIGN_ISOLATED,0,,NONE
usr_00507,2026-02-20 17:46:57,icloud.com,BENIGN_ISOLATED,0,,NONE
usr_00508,2026-02-11 13:22:15,yahoo.com,BENIGN_ISOLATED,0,,NONE
usr_00509,2025-10-31 07:45:34,gmail.com,BENIGN_ISOLATED,0,,NONE
usr_00510,2025-11-15 03:23:09,yahoo.com,BENIGN_ISOLATED,0,,NONE
usr_00511,2025-08-02 13:40:30,icloud.com,BENIGN_ISOLATED,0,,NONE
usr_00512,2025-07-14 05:49:29,outlook.com,BENIGN_ISOLATED,0,,NONE
usr_00513,2025-10-12 17:03:57,gmail.com,BENIGN_ISOLATED,0,,NONE
usr_00514,2025-11-26 11:50:38,icloud.com,BENIGN_ISOLATED,0,,NONE
usr_00515,2025-09-03 17:16:19,outlook.com,BENIGN_ISOLATED,0,,NONE
usr_00516,2026-03-13 19:18:57,yahoo.com,BENIGN_ISOLATED,0,,NONE
usr_00517,2025-10-07 07:10:25,proton.me,BENIGN_ISOLATED,0,,NONE
usr_00518,2025-08-12 18:25:20,gmail.com,BENIGN_ISOLATED,0,,NONE
usr_00519,2026-02-05 15:54:00,gmail.com,BENIGN_ISOLATED,0,,NONE
usr_00520,2025-10-18 05:59:16,outlook.com,BENIGN_ISOLATED,0,,NONE
usr_00521,2026-02-25 15:57:22,gmail.com,BENIGN_ISOLATED,0,,NONE
usr_00522,2025-09-02 14:24:15,icloud.com,BENIGN_ISOLATED,0,,NONE
usr_00523,2026-01-31 20:28:36,yahoo.com,BENIGN_ISOLATED,0,,NONE
usr_00524,2026-03-19 21:01:10,gmail.com,BENIGN_ISOLATED,0,,NONE
usr_00525,2025-08-27 04:14:17,gmail.com,BENIGN_ISOLATED,0,,NONE
usr_00526,2026-02-24 17:56:34,gmail.com,BENIGN_ISOLATED,0,,NONE
usr_00527,2026-03-07 22:53:20,gmail.com,BENIGN_ISOLATED,0,,NONE
usr_00528,2026-01-04 23:58:53,icloud.com,BENIGN_ISOLATED,0,,NONE
usr_00529,2025-10-24 02:01:16,icloud.com,BENIGN_ISOLATED,0,,NONE
usr_00530,2025-11-20 23:38:43,gmail.com,BENIGN_ISOLATED,0,,NONE
usr_00531,2025-10-19 03:36:35,yahoo.com,BENIGN_ISOLATED,0,,NONE
usr_00532,2025-08-08 09:20:46,outlook.com,BENIGN_ISOLATED,0,,NONE
usr_00533,2025-12-10 10:48:14,yahoo.com,BENIGN_ISOLATED,0,,NONE
usr_00534,2025-09-19 00:56:58,icloud.com,BENIGN_ISOLATED,0,,NONE
usr_00535,2026-01-05 23:09:53,yahoo.com,BENIGN_ISOLATED,0,,NONE
usr_00536,2026-03-04 09:29:34,yahoo.com,BENIGN_ISOLATED,0,,NONE
usr_00537,2025-10-02 20:10:47,gmail.com,BENIGN_ISOLATED,0,,NONE
usr_00538,2026-01-11 23:08:14,outlook.com,BENIGN_ISOLATED,0,,NONE
usr_00539,2025-11-08 19:07:03,icloud.com,BENIGN_ISOLATED,0,,NONE
usr_00540,2026-01-06 19:17:14,gmail.com,BENIGN_ISOLATED,0,,NONE
usr_00541,2025-10-10 13:21:49,gmail.com,BENIGN_ISOLATED,0,,NONE
usr_00542,2025-08-27 02:24:10,yahoo.com,BENIGN_ISOLATED,0,,NONE
usr_00543,2025-09-22 12:59:07,outlook.com,BENIGN_ISOLATED,0,,NONE
usr_00544,2025-11-13 20:40:33,icloud.com,BENIGN_ISOLATED,0,,NONE
usr_00545,2025-09-23 22:15:50,outlook.com,BENIGN_ISOLATED,0,,NONE
usr_00546,2025-07-17 08:10:26,yahoo.com,BENIGN_ISOLATED,0,,NONE
usr_00547,2025-11-27 07:37:08,gmail.com,BENIGN_ISOLATED,0,,NONE
usr_00548,2026-03-03 02:20:26,gmail.com,BENIGN_ISOLATED,0,,NONE
usr_00549,2025-11-22 20:40:56,proton.me,BENIGN_ISOLATED,0,,NONE
usr_00550,2025-11-03 04:41:11,proton.me,BENIGN_ISOLATED,0,,NONE
usr_00551,2026-03-26 23:25:20,gmail.com,BENIGN_ISOLATED,0,,NONE
usr_00552,2025-10-15 23:02:27,gmail.com,BENIGN_ISOLATED,0,,NONE
usr_00553,2025-11-05 01:47:19,icloud.com,BENIGN_ISOLATED,0,,NONE
usr_00554,2025-09-22 18:40:08,gmail.com,BENIGN_ISOLATED,0,,NONE
usr_00555,2025-12-02 12:10:46,yahoo.com,BENIGN_ISOLATED,0,,NONE
usr_00556,2025-09-12 02:47:49,gmail.com,BENIGN_ISOLATED,0,,NONE
usr_00557,2025-09-10 12:38:58,icloud.com,BENIGN_ISOLATED,0,,NONE
usr_00558,2025-09-16 11:47:22,gmail.com,BENIGN_ISOLATED,0,,NONE
usr_00559,2025-10-19 14:09:05,outlook.com,BENIGN_ISOLATED,0,,NONE
usr_00560,2026-01-14 10:21:10,gmail.com,BENIGN_ISOLATED,0,,NONE
usr_00561,2025-07-06 12:40:18,icloud.com,BENIGN_ISOLATED,0,,NONE
usr_00562,2025-08-30 09:05:58,icloud.com,BENIGN_ISOLATED,0,,NONE
usr_00563,2025-11-23 06:00:54,icloud.com,BENIGN_ISOLATED,0,,NONE
usr_00564,2025-09-30 11:07:03,outlook.com,BENIGN_ISOLATED,0,,NONE
usr_00565,2026-02-06 19:10:02,gmail.com,BENIGN_ISOLATED,0,,NONE
usr_00566,2025-07-06 05:27:41,icloud.com,BENIGN_ISOLATED,0,,NONE
usr_00567,2025-10-08 18:18:04,yahoo.com,BENIGN_ISOLATED,0,,NONE
usr_00568,2025-12-31 04:55:27,yahoo.com,BENIGN_ISOLATED,0,,NONE
usr_00569,2026-01-21 19:40:50,gmail.com,BENIGN_ISOLATED,0,,NONE
usr_00570,2025-10-24 11:29:14,gmail.com,BENIGN_ISOLATED,0,,NONE
usr_00571,2025-12-16 12:16:49,yahoo.com,BENIGN_ISOLATED,0,,NONE
usr_00572,2025-07-30 09:36:23,yahoo.com,BENIGN_ISOLATED,0,,NONE
usr_00573,2026-03-04 19:31:11,gmail.com,BENIGN_ISOLATED,0,,NONE
usr_00574,2025-10-25 21:16:17,gmail.com,BENIGN_ISOLATED,0,,NONE
usr_00575,2025-09-21 16:10:24,yahoo.com,BENIGN_ISOLATED,0,,NONE
usr_00576,2025-07-31 02:47:34,gmail.com,BENIGN_ISOLATED,0,,NONE
usr_00577,2025-11-12 17:19:04,gmail.com,BENIGN_ISOLATED,0,,NONE
usr_00578,2025-11-18 23:51:10,yahoo.com,BENIGN_ISOLATED,0,,NONE
usr_00579,2025-07-24 12:15:52,yahoo.com,BENIGN_ISOLATED,0,,NONE
usr_00580,2025-11-01 16:13:18,gmail.com,BENIGN_ISOLATED,0,,NONE
usr_00581,2025-09-20 22:40:26,outlook.com,BENIGN_ISOLATED,0,,NONE
usr_00582,2026-02-08 07:40:53,gmail.com,BENIGN_ISOLATED,0,,NONE
usr_00583,2025-11-04 06:48:56,gmail.com,BENIGN_ISOLATED,0,,NONE
usr_00584,2025-07-13 05:52:14,outlook.com,BENIGN_ISOLATED,0,,NONE
usr_00585,2026-02-18 07:32:13,gmail.com,BENIGN_ISOLATED,0,,NONE
usr_00586,2025-12-06 15:26:28,gmail.com,BENIGN_ISOLATED,0,,NONE
usr_00587,2025-10-05 11:18:01,gmail.com,BENIGN_ISOLATED,0,,NONE
usr_00588,2025-07-16 06:14:10,icloud.com,BENIGN_ISOLATED,0,,NONE
usr_00589,2025-10-06 02:43:53,yahoo.com,BENIGN_ISOLATED,0,,NONE
usr_00590,2025-09-27 20:30:38,gmail.com,BENIGN_ISOLATED,0,,NONE
usr_00591,2026-01-16 08:26:16,gmail.com,BENIGN_ISOLATED,0,,NONE
usr_00592,2026-02-10 07:37:10,yahoo.com,BENIGN_ISOLATED,0,,NONE
usr_00593,2026-02-05 03:44:21,gmail.com,BENIGN_ISOLATED,0,,NONE
usr_00594,2025-08-04 06:12:03,yahoo.com,BENIGN_ISOLATED,0,,NONE
usr_00595,2025-12-11 13:53:25,yahoo.com,BENIGN_ISOLATED,0,,NONE
usr_00596,2026-01-13 03:19:22,gmail.com,BENIGN_ISOLATED,0,,NONE
usr_00597,2025-08-11 11:59:17,gmail.com,BENIGN_ISOLATED,0,,NONE
usr_00598,2025-12-10 18:39:51,gmail.com,BENIGN_ISOLATED,0,,NONE
usr_00599,2025-11-08 21:14:24,outlook.com,BENIGN_ISOLATED,0,,NONE
usr_00600,2025-11-14 09:09:51,outlook.com,BENIGN_ISOLATED,0,,NONE
usr_00601,2025-07-21 03:40:53,gmail.com,BENIGN_ISOLATED,0,,NONE
usr_00602,2025-08-28 00:24:00,icloud.com,BENIGN_ISOLATED,0,,NONE
usr_00603,2025-09-16 04:28:39,gmail.com,BENIGN_ISOLATED,0,,NONE
usr_00604,2025-07-19 18:49:43,gmail.com,BENIGN_ISOLATED,0,,NONE
usr_00605,2025-08-02 04:10:22,outlook.com,BENIGN_ISOLATED,0,,NONE
usr_00606,2025-09-30 11:56:17,gmail.com,BENIGN_ISOLATED,0,,NONE
usr_00607,2025-07-26 09:40:00,gmail.com,BENIGN_ISOLATED,0,,NONE
usr_00608,2026-02-24 12:59:16,gmail.com,BENIGN_ISOLATED,0,,NONE
usr_00609,2025-12-06 09:38:33,gmail.com,BENIGN_ISOLATED,0,,NONE
usr_00610,2025-07-07 05:18:54,gmail.com,BENIGN_ISOLATED,0,,NONE
usr_00611,2026-03-23 18:12:16,yahoo.com,BENIGN_ISOLATED,0,,NONE
usr_00612,2025-07-12 15:18:31,gmail.com,BENIGN_ISOLATED,0,,NONE
usr_00613,2026-03-05 07:07:49,gmail.com,BENIGN_ISOLATED,0,,NONE
usr_00614,2025-11-17 09:54:07,yahoo.com,BENIGN_ISOLATED,0,,NONE
usr_00615,2025-10-29 03:55:54,outlook.com,BENIGN_ISOLATED,0,,NONE
usr_00616,2025-11-05 21:36:16,gmail.com,BENIGN_ISOLATED,0,,NONE
usr_00617,2025-09-20 15:50:13,gmail.com,BENIGN_ISOLATED,0,,NONE
usr_00618,2025-12-17 20:27:04,gmail.com,BENIGN_ISOLATED,0,,NONE
usr_00619,2025-10-10 05:09:28,yahoo.com,BENIGN_ISOLATED,0,,NONE
usr_00620,2025-10-22 09:23:51,gmail.com,BENIGN_ISOLATED,0,,NONE
usr_00621,2025-09-14 21:42:10,gmail.com,BENIGN_ISOLATED,0,,NONE
usr_00622,2025-09-13 18:15:13,outlook.com,BENIGN_ISOLATED,0,,NONE
usr_00623,2026-02-05 12:20:07,gmail.com,BENIGN_ISOLATED,0,,NONE
usr_00624,2025-10-20 19:16:51,gmail.com,BENIGN_ISOLATED,0,,NONE
usr_00625,2025-07-18 08:09:21,proton.me,BENIGN_ISOLATED,0,,NONE
usr_00626,2026-03-06 10:29:42,gmail.com,BENIGN_ISOLATED,0,,NONE
usr_00627,2025-11-24 14:58:00,proton.me,BENIGN_ISOLATED,0,,NONE
usr_00628,2025-11-13 05:22:38,gmail.com,BENIGN_ISOLATED,0,,NONE
usr_00629,2025-10-08 20:14:12,gmail.com,BENIGN_ISOLATED,0,,NONE
usr_00630,2025-12-12 18:38:09,gmail.com,BENIGN_ISOLATED,0,,NONE
usr_00631,2025-11-30 22:59:04,gmail.com,BENIGN_ISOLATED,0,,NONE
usr_00632,2025-12-22 12:58:45,yahoo.com,BENIGN_ISOLATED,0,,NONE
usr_00633,2026-02-21 15:45:50,gmail.com,BENIGN_ISOLATED,0,,NONE
usr_00634,2026-02-16 06:47:24,yahoo.com,BENIGN_ISOLATED,0,,NONE
usr_00635,2025-10-01 09:31:32,gmail.com,BENIGN_ISOLATED,0,,NONE
usr_00636,2026-01-17 14:42:23,yahoo.com,BENIGN_ISOLATED,0,,NONE
usr_00637,2025-11-30 00:59:11,gmail.com,BENIGN_ISOLATED,0,,NONE
usr_00638,2026-03-09 20:43:04,outlook.com,BENIGN_ISOLATED,0,,NONE
usr_00639,2025-10-29 10:42:49,gmail.com,BENIGN_ISOLATED,0,,NONE
usr_00640,2026-03-10 01:35:50,gmail.com,BENIGN_ISOLATED,0,,NONE
usr_00641,2025-11-23 11:48:22,gmail.com,BENIGN_ISOLATED,0,,NONE
usr_00642,2025-10-29 23:30:20,yahoo.com,BENIGN_ISOLATED,0,,NONE
usr_00643,2025-07-08 00:37:38,gmail.com,BENIGN_ISOLATED,0,,NONE
usr_00644,2026-01-07 22:06:17,gmail.com,BENIGN_ISOLATED,0,,NONE
usr_00645,2025-10-29 04:10:21,gmail.com,BENIGN_ISOLATED,0,,NONE
usr_00646,2025-10-10 00:55:45,gmail.com,BENIGN_ISOLATED,0,,NONE
usr_00647,2025-10-17 06:52:08,gmail.com,BENIGN_ISOLATED,0,,NONE
usr_00648,2025-07-25 03:48:04,outlook.com,BENIGN_ISOLATED,0,,NONE
usr_00649,2025-09-30 03:44:47,gmail.com,BENIGN_ISOLATED,0,,NONE
usr_00650,2025-07-14 18:32:27,gmail.com,BENIGN_ISOLATED,0,,NONE
usr_00651,2025-08-12 02:26:57,gmail.com,BENIGN_ISOLATED,0,,NONE
usr_00652,2025-08-12 16:47:58,yahoo.com,BENIGN_ISOLATED,0,,NONE
usr_00653,2026-02-06 11:00:00,yahoo.com,BENIGN_ISOLATED,0,,NONE
usr_00654,2025-09-15 15:18:25,gmail.com,BENIGN_ISOLATED,0,,NONE
usr_00655,2025-12-14 00:21:07,gmail.com,BENIGN_ISOLATED,0,,NONE
usr_00656,2026-02-20 06:18:30,gmail.com,BENIGN_ISOLATED,0,,NONE
usr_00657,2025-10-24 18:46:08,gmail.com,BENIGN_ISOLATED,0,,NONE
usr_00658,2025-07-16 06:04:26,gmail.com,BENIGN_ISOLATED,0,,NONE
usr_00659,2026-01-31 16:12:17,gmail.com,BENIGN_ISOLATED,0,,NONE
usr_00660,2025-08-21 13:02:42,gmail.com,BENIGN_ISOLATED,0,,NONE
usr_00661,2026-02-23 03:10:51,gmail.com,BENIGN_ISOLATED,0,,NONE
usr_00662,2025-10-13 13:48:36,gmail.com,BENIGN_ISOLATED,0,,NONE
usr_00663,2026-02-20 01:54:06,gmail.com,BENIGN_ISOLATED,0,,NONE
usr_00664,2026-01-25 03:40:06,gmail.com,BENIGN_ISOLATED,0,,NONE
usr_00665,2025-08-20 09:13:30,proton.me,BENIGN_ISOLATED,0,,NONE
usr_00666,2026-01-10 19:34:00,icloud.com,BENIGN_ISOLATED,0,,NONE
usr_00667,2025-09-30 10:57:00,gmail.com,BENIGN_ISOLATED,0,,NONE
usr_00668,2025-11-15 00:08:00,gmail.com,BENIGN_ISOLATED,0,,NONE
usr_00669,2025-09-11 08:43:25,gmail.com,BENIGN_ISOLATED,0,,NONE
usr_00670,2025-10-26 03:09:40,yahoo.com,BENIGN_ISOLATED,0,,NONE
usr_00671,2025-12-26 07:53:42,yahoo.com,BENIGN_ISOLATED,0,,NONE
usr_00672,2025-08-23 11:25:15,outlook.com,BENIGN_ISOLATED,0,,NONE
usr_00673,2025-07-15 17:46:39,gmail.com,BENIGN_ISOLATED,0,,NONE
usr_00674,2025-10-25 21:46:01,yahoo.com,BENIGN_ISOLATED,0,,NONE
usr_00675,2025-11-28 08:49:54,gmail.com,BENIGN_ISOLATED,0,,NONE
usr_00676,2025-12-14 17:20:06,gmail.com,BENIGN_ISOLATED,0,,NONE
usr_00677,2025-09-19 06:01:58,gmail.com,BENIGN_ISOLATED,0,,NONE
usr_00678,2026-01-07 14:34:43,gmail.com,BENIGN_ISOLATED,0,,NONE
usr_00679,2025-08-21 00:18:48,gmail.com,BENIGN_ISOLATED,0,,NONE
usr_00680,2026-02-13 22:14:23,gmail.com,BENIGN_ISOLATED,0,,NONE
usr_00681,2025-07-22 11:40:21,icloud.com,BENIGN_ISOLATED,0,,NONE
usr_00682,2025-07-31 03:04:09,gmail.com,BENIGN_ISOLATED,0,,NONE
usr_00683,2026-01-21 14:57:49,gmail.com,BENIGN_ISOLATED,0,,NONE
usr_00684,2026-01-21 11:11:13,yahoo.com,BENIGN_ISOLATED,0,,NONE
usr_00685,2026-03-19 22:24:23,icloud.com,BENIGN_ISOLATED,0,,NONE
usr_00686,2025-11-13 21:10:57,gmail.com,BENIGN_ISOLATED,0,,NONE
usr_00687,2026-01-08 06:13:33,gmail.com,BENIGN_ISOLATED,0,,NONE
usr_00688,2025-11-26 04:37:53,yahoo.com,BENIGN_ISOLATED,0,,NONE
usr_00689,2025-10-06 02:55:31,gmail.com,BENIGN_ISOLATED,0,,NONE
usr_00690,2025-12-13 04:17:05,proton.me,BENIGN_ISOLATED,0,,NONE
usr_00691,2025-11-13 04:25:30,icloud.com,BENIGN_ISOLATED,0,,NONE
usr_00692,2025-11-30 11:19:58,icloud.com,BENIGN_ISOLATED,0,,NONE
usr_00693,2025-09-19 17:44:51,gmail.com,BENIGN_ISOLATED,0,,NONE
usr_00694,2026-02-06 07:15:23,outlook.com,BENIGN_ISOLATED,0,,NONE
usr_00695,2025-10-23 17:11:54,outlook.com,BENIGN_ISOLATED,0,,NONE
usr_00696,2026-02-12 15:57:01,yahoo.com,BENIGN_ISOLATED,0,,NONE
usr_00697,2025-07-27 18:41:41,gmail.com,BENIGN_ISOLATED,0,,NONE
usr_00698,2025-09-28 08:35:34,icloud.com,BENIGN_ISOLATED,0,,NONE
usr_00699,2026-02-04 17:08:19,gmail.com,BENIGN_ISOLATED,0,,NONE
usr_00700,2025-12-07 04:13:19,gmail.com,BENIGN_ISOLATED,0,,NONE
usr_00701,2025-12-30 12:03:59,gmail.com,BENIGN_ISOLATED,0,,NONE
usr_00702,2025-12-24 09:23:50,icloud.com,BENIGN_ISOLATED,0,,NONE
usr_00703,2025-09-05 18:58:28,gmail.com,BENIGN_ISOLATED,0,,NONE
usr_00704,2025-07-23 04:54:37,yahoo.com,BENIGN_ISOLATED,0,,NONE
usr_00705,2025-08-12 00:15:43,gmail.com,BENIGN_ISOLATED,0,,NONE
usr_00706,2025-12-16 23:26:51,gmail.com,BENIGN_ISOLATED,0,,NONE
usr_00707,2025-11-15 00:58:31,gmail.com,BENIGN_ISOLATED,0,,NONE
usr_00708,2025-11-27 18:20:13,outlook.com,BENIGN_ISOLATED,0,,NONE
usr_00709,2026-02-25 23:49:26,outlook.com,BENIGN_ISOLATED,0,,NONE
usr_00710,2025-11-26 12:09:00,yahoo.com,BENIGN_ISOLATED,0,,NONE
usr_00711,2025-10-02 01:31:46,yahoo.com,BENIGN_ISOLATED,0,,NONE
usr_00712,2026-03-17 06:42:13,gmail.com,BENIGN_ISOLATED,0,,NONE
usr_00713,2025-07-13 16:20:19,gmail.com,BENIGN_ISOLATED,0,,NONE
usr_00714,2026-01-29 16:15:56,gmail.com,BENIGN_ISOLATED,0,,NONE
usr_00715,2025-10-13 18:58:13,yahoo.com,BENIGN_ISOLATED,0,,NONE
usr_00716,2026-02-11 02:30:40,gmail.com,BENIGN_ISOLATED,0,,NONE
usr_00717,2025-09-28 06:37:07,yahoo.com,BENIGN_ISOLATED,0,,NONE
usr_00718,2025-12-13 00:33:56,gmail.com,BENIGN_ISOLATED,0,,NONE
usr_00719,2026-01-09 11:09:47,gmail.com,BENIGN_ISOLATED,0,,NONE
usr_00720,2025-08-24 13:03:08,gmail.com,BENIGN_ISOLATED,0,,NONE
usr_00721,2025-08-05 14:47:14,gmail.com,BENIGN_ISOLATED,0,,NONE
usr_00722,2026-03-04 07:48:16,yahoo.com,BENIGN_ISOLATED,0,,NONE
usr_00723,2025-07-26 11:44:45,yahoo.com,BENIGN_ISOLATED,0,,NONE
usr_00724,2025-08-02 09:11:49,gmail.com,BENIGN_ISOLATED,0,,NONE
usr_00725,2026-01-22 09:58:16,gmail.com,BENIGN_ISOLATED,0,,NONE
usr_00726,2025-08-13 03:09:50,yahoo.com,BENIGN_ISOLATED,0,,NONE
usr_00727,2025-09-22 14:34:29,gmail.com,BENIGN_ISOLATED,0,,NONE
usr_00728,2026-01-04 23:06:22,yahoo.com,BENIGN_ISOLATED,0,,NONE
usr_00729,2025-11-17 18:13:21,outlook.com,BENIGN_ISOLATED,0,,NONE
usr_00730,2026-02-08 09:40:44,outlook.com,BENIGN_ISOLATED,0,,NONE
usr_00731,2026-03-15 16:05:52,outlook.com,BENIGN_ISOLATED,0,,NONE
usr_00732,2025-12-17 11:35:17,proton.me,BENIGN_ISOLATED,0,,NONE
usr_00733,2025-09-26 09:44:54,gmail.com,BENIGN_ISOLATED,0,,NONE
usr_00734,2026-01-26 15:02:25,gmail.com,BENIGN_ISOLATED,0,,NONE
usr_00735,2026-02-16 05:09:07,yahoo.com,BENIGN_ISOLATED,0,,NONE
usr_00736,2025-09-05 07:14:10,yahoo.com,BENIGN_ISOLATED,0,,NONE
usr_00737,2025-11-25 12:45:08,gmail.com,BENIGN_ISOLATED,0,,NONE
usr_00738,2025-08-18 02:18:06,yahoo.com,BENIGN_ISOLATED,0,,NONE
usr_00739,2025-07-11 01:24:39,gmail.com,BENIGN_ISOLATED,0,,NONE
usr_00740,2025-08-08 05:41:26,yahoo.com,BENIGN_ISOLATED,0,,NONE
usr_00741,2026-03-19 09:04:29,gmail.com,BENIGN_ISOLATED,0,,NONE
usr_00742,2026-02-17 01:35:46,gmail.com,BENIGN_ISOLATED,0,,NONE
usr_00743,2025-10-01 19:01:21,yahoo.com,BENIGN_ISOLATED,0,,NONE
usr_00744,2025-08-20 03:39:55,outlook.com,BENIGN_ISOLATED,0,,NONE
usr_00745,2025-10-10 06:52:49,gmail.com,BENIGN_ISOLATED,0,,NONE
usr_00746,2025-11-23 01:19:28,gmail.com,BENIGN_ISOLATED,0,,NONE
usr_00747,2025-07-23 15:23:32,yahoo.com,BENIGN_ISOLATED,0,,NONE
usr_00748,2026-01-22 03:47:36,gmail.com,BENIGN_ISOLATED,0,,NONE
usr_00749,2026-03-15 05:23:05,yahoo.com,BENIGN_ISOLATED,0,,NONE
usr_00750,2026-01-09 09:43:43,yahoo.com,BENIGN_ISOLATED,0,,NONE
usr_00751,2025-07-26 03:29:33,gmail.com,BENIGN_ISOLATED,0,,NONE
usr_00752,2026-03-06 06:17:38,outlook.com,BENIGN_ISOLATED,0,,NONE
usr_00753,2025-11-16 03:05:25,gmail.com,BENIGN_ISOLATED,0,,NONE
usr_00754,2025-10-01 08:38:36,yahoo.com,BENIGN_ISOLATED,0,,NONE
usr_00755,2025-09-12 21:55:36,outlook.com,BENIGN_ISOLATED,0,,NONE
usr_00756,2025-09-08 03:30:29,gmail.com,BENIGN_ISOLATED,0,,NONE
usr_00757,2025-08-28 23:16:27,gmail.com,BENIGN_ISOLATED,0,,NONE
usr_00758,2025-10-05 14:36:00,gmail.com,BENIGN_ISOLATED,0,,NONE
usr_00759,2025-09-02 06:28:27,outlook.com,BENIGN_ISOLATED,0,,NONE
usr_00760,2025-07-09 22:58:56,gmail.com,BENIGN_ISOLATED,0,,NONE
usr_00761,2025-11-28 15:53:20,gmail.com,BENIGN_ISOLATED,0,,NONE
usr_00762,2025-11-04 15:22:16,gmail.com,BENIGN_ISOLATED,0,,NONE
usr_00763,2025-12-11 13:02:27,gmail.com,BENIGN_ISOLATED,0,,NONE
usr_00764,2026-02-13 09:53:16,gmail.com,BENIGN_ISOLATED,0,,NONE
usr_00765,2026-03-09 19:49:42,outlook.com,BENIGN_ISOLATED,0,,NONE
usr_00766,2025-12-20 13:24:06,gmail.com,BENIGN_ISOLATED,0,,NONE
usr_00767,2026-02-17 12:26:15,gmail.com,BENIGN_ISOLATED,0,,NONE
usr_00768,2026-03-15 14:09:48,yahoo.com,BENIGN_ISOLATED,0,,NONE
usr_00769,2025-10-24 10:46:45,yahoo.com,BENIGN_ISOLATED,0,,NONE
usr_00770,2025-08-18 22:02:57,gmail.com,BENIGN_ISOLATED,0,,NONE
usr_00771,2025-07-27 20:40:05,yahoo.com,BENIGN_ISOLATED,0,,NONE
usr_00772,2025-09-05 09:41:33,yahoo.com,BENIGN_ISOLATED,0,,NONE
usr_00773,2025-12-06 08:35:35,gmail.com,BENIGN_ISOLATED,0,,NONE
usr_00774,2026-01-16 22:06:40,gmail.com,BENIGN_ISOLATED,0,,NONE
usr_00775,2026-01-14 14:18:17,outlook.com,BENIGN_ISOLATED,0,,NONE
usr_00776,2025-08-30 02:40:20,proton.me,BENIGN_ISOLATED,0,,NONE
usr_00777,2025-11-30 04:49:42,gmail.com,BENIGN_ISOLATED,0,,NONE
usr_00778,2025-10-21 14:02:45,gmail.com,BENIGN_ISOLATED,0,,NONE
usr_00779,2026-03-01 22:48:19,yahoo.com,BENIGN_ISOLATED,0,,NONE
usr_00780,2025-07-13 10:35:41,outlook.com,BENIGN_ISOLATED,0,,NONE
usr_00781,2025-11-24 20:49:21,yahoo.com,BENIGN_ISOLATED,0,,NONE
usr_00782,2025-09-28 14:33:22,yahoo.com,BENIGN_ISOLATED,0,,NONE
usr_00783,2026-03-04 15:41:19,icloud.com,BENIGN_ISOLATED,0,,NONE
usr_00784,2025-08-21 08:07:48,yahoo.com,BENIGN_ISOLATED,0,,NONE
usr_00785,2025-09-27 06:39:47,yahoo.com,BENIGN_ISOLATED,0,,NONE
usr_00786,2025-11-15 16:32:16,gmail.com,BENIGN_ISOLATED,0,,NONE
usr_00787,2025-12-02 09:02:30,yahoo.com,BENIGN_ISOLATED,0,,NONE
usr_00788,2026-01-13 09:32:55,icloud.com,BENIGN_ISOLATED,0,,NONE
usr_00789,2026-03-01 16:27:35,gmail.com,BENIGN_ISOLATED,0,,NONE
usr_00790,2025-07-10 05:17:14,gmail.com,BENIGN_ISOLATED,0,,NONE
usr_00791,2026-01-30 10:17:26,yahoo.com,BENIGN_ISOLATED,0,,NONE
usr_00792,2026-01-14 23:27:45,yahoo.com,BENIGN_ISOLATED,0,,NONE
usr_00793,2025-11-10 04:09:18,outlook.com,BENIGN_ISOLATED,0,,NONE
usr_00794,2025-10-13 18:44:11,outlook.com,BENIGN_ISOLATED,0,,NONE
usr_00795,2025-10-05 00:45:38,gmail.com,BENIGN_ISOLATED,0,,NONE
usr_00796,2025-08-16 05:44:25,gmail.com,BENIGN_ISOLATED,0,,NONE
usr_00797,2025-08-08 06:02:13,gmail.com,BENIGN_ISOLATED,0,,NONE
usr_00798,2026-01-04 06:18:06,gmail.com,BENIGN_ISOLATED,0,,NONE
usr_00799,2025-12-24 15:49:21,gmail.com,BENIGN_ISOLATED,0,,NONE
usr_00800,2025-09-26 08:42:57,gmail.com,BENIGN_ISOLATED,0,,NONE
usr_00801,2025-11-03 18:51:46,gmail.com,BENIGN_ISOLATED,0,,NONE
usr_00802,2025-07-25 12:53:44,outlook.com,BENIGN_ISOLATED,0,,NONE
usr_00803,2026-02-23 01:19:59,icloud.com,BENIGN_ISOLATED,0,,NONE
usr_00804,2025-12-04 08:51:19,gmail.com,BENIGN_ISOLATED,0,,NONE
usr_00805,2026-01-31 16:57:52,gmail.com,BENIGN_ISOLATED,0,,NONE
usr_00806,2025-07-08 06:30:31,outlook.com,BENIGN_ISOLATED,0,,NONE
usr_00807,2026-02-04 01:24:05,gmail.com,BENIGN_ISOLATED,0,,NONE
usr_00808,2025-10-28 05:39:23,gmail.com,BENIGN_ISOLATED,0,,NONE
usr_00809,2025-09-14 15:07:16,outlook.com,BENIGN_ISOLATED,0,,NONE
usr_00810,2025-07-31 19:58:23,gmail.com,BENIGN_ISOLATED,0,,NONE
usr_00811,2025-11-29 19:56:05,icloud.com,BENIGN_ISOLATED,0,,NONE
usr_00812,2025-08-21 06:09:47,yahoo.com,BENIGN_ISOLATED,0,,NONE
usr_00813,2026-02-15 15:00:00,gmail.com,BENIGN_ISOLATED,0,,NONE
usr_00814,2026-01-23 15:19:21,gmail.com,BENIGN_ISOLATED,0,,NONE
usr_00815,2026-01-27 19:53:20,gmail.com,BENIGN_ISOLATED,0,,NONE
usr_00816,2025-11-30 03:24:28,gmail.com,BENIGN_ISOLATED,0,,NONE
usr_00817,2025-09-15 09:08:49,gmail.com,BENIGN_ISOLATED,0,,NONE
usr_00818,2026-03-21 16:17:37,gmail.com,BENIGN_ISOLATED,0,,NONE
usr_00819,2026-02-08 02:56:43,gmail.com,BENIGN_ISOLATED,0,,NONE
usr_00820,2026-03-02 16:16:21,gmail.com,BENIGN_ISOLATED,0,,NONE
usr_00821,2025-11-23 19:07:34,outlook.com,BENIGN_ISOLATED,0,,NONE
usr_00822,2026-01-05 01:02:14,gmail.com,BENIGN_ISOLATED,0,,NONE
usr_00823,2025-10-10 05:39:04,gmail.com,BENIGN_ISOLATED,0,,NONE
usr_00824,2025-10-22 14:33:14,yahoo.com,BENIGN_ISOLATED,0,,NONE
usr_00825,2025-11-25 04:51:41,icloud.com,BENIGN_ISOLATED,0,,NONE
usr_00826,2025-08-11 23:33:06,gmail.com,BENIGN_ISOLATED,0,,NONE
usr_00827,2025-09-18 05:46:12,gmail.com,BENIGN_ISOLATED,0,,NONE
usr_00828,2026-03-17 08:42:34,yahoo.com,BENIGN_ISOLATED,0,,NONE
usr_00829,2026-03-18 06:13:46,gmail.com,BENIGN_ISOLATED,0,,NONE
usr_00830,2025-07-06 04:56:24,yahoo.com,BENIGN_ISOLATED,0,,NONE
usr_00831,2026-03-25 00:05:27,yahoo.com,BENIGN_ISOLATED,0,,NONE
usr_00832,2025-10-15 16:43:51,gmail.com,BENIGN_ISOLATED,0,,NONE
usr_00833,2026-02-02 20:45:33,yahoo.com,BENIGN_ISOLATED,0,,NONE
usr_00834,2025-10-02 19:30:04,proton.me,BENIGN_ISOLATED,0,,NONE
usr_00835,2025-11-29 23:31:22,gmail.com,BENIGN_ISOLATED,0,,NONE
usr_00836,2026-01-25 04:06:56,gmail.com,BENIGN_ISOLATED,0,,NONE
usr_00837,2025-11-29 02:57:57,gmail.com,BENIGN_ISOLATED,0,,NONE
usr_00838,2026-02-05 03:19:31,gmail.com,BENIGN_ISOLATED,0,,NONE
usr_00839,2025-10-14 23:15:20,gmail.com,BENIGN_ISOLATED,0,,NONE
usr_00840,2026-01-10 02:16:04,gmail.com,BENIGN_ISOLATED,0,,NONE
usr_00841,2025-10-29 11:40:58,gmail.com,BENIGN_ISOLATED,0,,NONE
usr_00842,2025-12-23 08:25:35,gmail.com,BENIGN_ISOLATED,0,,NONE
usr_00843,2026-01-23 15:58:42,icloud.com,BENIGN_ISOLATED,0,,NONE
usr_00844,2026-02-02 18:38:48,proton.me,BENIGN_ISOLATED,0,,NONE
usr_00845,2026-01-18 22:43:33,gmail.com,BENIGN_ISOLATED,0,,NONE
usr_00846,2025-09-08 18:12:33,gmail.com,BENIGN_ISOLATED,0,,NONE
usr_00847,2025-09-17 15:22:26,gmail.com,BENIGN_ISOLATED,0,,NONE
usr_00848,2026-03-05 16:21:47,outlook.com,BENIGN_ISOLATED,0,,NONE
usr_00849,2025-12-05 14:26:32,yahoo.com,BENIGN_ISOLATED,0,,NONE
usr_00850,2025-08-25 21:44:48,yahoo.com,BENIGN_ISOLATED,0,,NONE
usr_00851,2026-03-23 15:18:12,gmail.com,BENIGN_ISOLATED,0,,NONE
usr_00852,2026-03-03 10:08:23,yahoo.com,BENIGN_ISOLATED,0,,NONE
usr_00853,2025-12-19 20:22:15,icloud.com,BENIGN_ISOLATED,0,,NONE
usr_00854,2025-12-28 11:37:17,gmail.com,BENIGN_ISOLATED,0,,NONE
usr_00855,2025-07-07 22:36:01,yahoo.com,BENIGN_ISOLATED,0,,NONE
usr_00856,2025-09-16 11:17:53,gmail.com,BENIGN_ISOLATED,0,,NONE
usr_00857,2026-03-23 11:43:48,gmail.com,BENIGN_ISOLATED,0,,NONE
usr_00858,2026-01-20 04:50:48,gmail.com,BENIGN_ISOLATED,0,,NONE
usr_00859,2025-11-12 20:26:29,gmail.com,BENIGN_ISOLATED,0,,NONE
usr_00860,2025-11-08 20:56:08,gmail.com,BENIGN_ISOLATED,0,,NONE
usr_00861,2025-07-13 12:11:16,gmail.com,BENIGN_ISOLATED,0,,NONE
usr_00862,2025-12-11 18:05:34,gmail.com,BENIGN_ISOLATED,0,,NONE
usr_00863,2025-10-29 06:01:54,proton.me,BENIGN_ISOLATED,0,,NONE
usr_00864,2026-01-20 02:57:55,gmail.com,BENIGN_ISOLATED,0,,NONE
usr_00865,2026-03-02 04:32:14,yahoo.com,BENIGN_ISOLATED,0,,NONE
usr_00866,2026-03-17 20:59:07,gmail.com,BENIGN_ISOLATED,0,,NONE
usr_00867,2026-01-27 12:20:36,yahoo.com,BENIGN_ISOLATED,0,,NONE
usr_00868,2025-08-01 09:30:30,outlook.com,BENIGN_ISOLATED,0,,NONE
usr_00869,2026-02-21 08:13:18,yahoo.com,BENIGN_ISOLATED,0,,NONE
usr_00870,2025-12-30 14:20:32,icloud.com,BENIGN_ISOLATED,0,,NONE
usr_00871,2026-01-28 21:26:22,outlook.com,BENIGN_ISOLATED,0,,NONE
usr_00872,2026-02-21 13:46:43,proton.me,BENIGN_ISOLATED,0,,NONE
usr_00873,2025-07-29 16:40:25,outlook.com,BENIGN_ISOLATED,0,,NONE
usr_00874,2025-11-12 02:06:20,icloud.com,BENIGN_ISOLATED,0,,NONE
usr_00875,2025-12-27 04:23:40,outlook.com,BENIGN_ISOLATED,0,,NONE
usr_00876,2026-01-20 08:27:55,gmail.com,BENIGN_ISOLATED,0,,NONE
usr_00877,2025-12-31 12:34:38,gmail.com,BENIGN_ISOLATED,0,,NONE
usr_00878,2025-11-28 10:46:25,outlook.com,BENIGN_ISOLATED,0,,NONE
usr_00879,2025-08-05 08:56:07,outlook.com,BENIGN_ISOLATED,0,,NONE
usr_00880,2025-12-29 02:37:16,gmail.com,BENIGN_ISOLATED,0,,NONE
usr_00881,2026-01-29 02:14:12,yahoo.com,BENIGN_ISOLATED,0,,NONE
usr_00882,2025-10-14 04:59:38,yahoo.com,BENIGN_ISOLATED,0,,NONE
usr_00883,2026-01-07 08:54:44,gmail.com,BENIGN_ISOLATED,0,,NONE
usr_00884,2025-12-28 18:49:28,gmail.com,BENIGN_ISOLATED,0,,NONE
usr_00885,2025-12-31 16:12:18,gmail.com,BENIGN_ISOLATED,0,,NONE
usr_00886,2025-12-15 20:23:55,outlook.com,BENIGN_ISOLATED,0,,NONE
usr_00887,2026-03-03 17:11:44,yahoo.com,BENIGN_ISOLATED,0,,NONE
usr_00888,2025-08-26 16:55:57,yahoo.com,BENIGN_ISOLATED,0,,NONE
usr_00889,2026-02-09 02:08:32,gmail.com,BENIGN_ISOLATED,0,,NONE
usr_00890,2025-10-16 19:21:42,gmail.com,BENIGN_ISOLATED,0,,NONE
usr_00891,2025-12-16 08:59:07,outlook.com,BENIGN_ISOLATED,0,,NONE
usr_00892,2025-08-12 22:06:57,yahoo.com,BENIGN_ISOLATED,0,,NONE
usr_00893,2025-08-18 17:04:02,outlook.com,BENIGN_ISOLATED,0,,NONE
usr_00894,2025-12-09 17:22:53,gmail.com,BENIGN_ISOLATED,0,,NONE
usr_00895,2025-08-17 04:45:59,gmail.com,BENIGN_ISOLATED,0,,NONE
usr_00896,2025-12-18 23:35:56,yahoo.com,BENIGN_ISOLATED,0,,NONE
usr_00897,2025-11-10 16:03:49,gmail.com,BENIGN_ISOLATED,0,,NONE
usr_00898,2026-01-24 03:44:05,yahoo.com,BENIGN_ISOLATED,0,,NONE
usr_00899,2026-01-12 09:29:58,yahoo.com,BENIGN_ISOLATED,0,,NONE
usr_00900,2025-07-05 23:54:02,gmail.com,BENIGN_ISOLATED,0,,NONE
usr_00901,2025-12-26 07:08:41,gmail.com,BENIGN_ISOLATED,0,,NONE
usr_00902,2025-11-27 13:32:22,outlook.com,BENIGN_ISOLATED,0,,NONE
usr_00903,2025-07-05 14:26:05,gmail.com,BENIGN_ISOLATED,0,,NONE
usr_00904,2026-01-16 09:35:43,gmail.com,BENIGN_ISOLATED,0,,NONE
usr_00905,2025-10-16 04:29:15,gmail.com,BENIGN_ISOLATED,0,,NONE
usr_00906,2025-08-03 04:21:12,gmail.com,BENIGN_ISOLATED,0,,NONE
usr_00907,2025-10-30 06:13:14,gmail.com,BENIGN_ISOLATED,0,,NONE
usr_00908,2026-01-26 05:08:32,outlook.com,BENIGN_ISOLATED,0,,NONE
usr_00909,2025-09-05 16:50:53,gmail.com,BENIGN_ISOLATED,0,,NONE
usr_00910,2025-07-11 11:57:58,gmail.com,BENIGN_ISOLATED,0,,NONE
usr_00911,2025-10-25 23:25:29,icloud.com,BENIGN_ISOLATED,0,,NONE
usr_00912,2026-02-26 05:51:08,yahoo.com,BENIGN_ISOLATED,0,,NONE
usr_00913,2026-01-11 13:38:17,yahoo.com,BENIGN_ISOLATED,0,,NONE
usr_00914,2025-11-23 17:51:14,gmail.com,BENIGN_ISOLATED,0,,NONE
usr_00915,2026-03-21 12:22:35,yahoo.com,BENIGN_ISOLATED,0,,NONE
usr_00916,2025-08-27 16:33:00,gmail.com,BENIGN_ISOLATED,0,,NONE
usr_00917,2025-09-10 08:57:40,gmail.com,BENIGN_ISOLATED,0,,NONE
usr_00918,2025-08-09 10:06:11,gmail.com,BENIGN_ISOLATED,0,,NONE
usr_00919,2025-09-01 15:51:17,icloud.com,BENIGN_ISOLATED,0,,NONE
usr_00920,2026-03-12 11:24:36,gmail.com,BENIGN_ISOLATED,0,,NONE
usr_00921,2025-10-25 17:51:34,gmail.com,BENIGN_ISOLATED,0,,NONE
usr_00922,2026-01-11 07:14:10,gmail.com,BENIGN_ISOLATED,0,,NONE
usr_00923,2025-12-17 03:04:14,outlook.com,BENIGN_ISOLATED,0,,NONE
usr_00924,2025-10-07 20:56:18,outlook.com,BENIGN_ISOLATED,0,,NONE
usr_00925,2026-02-15 18:57:36,gmail.com,BENIGN_ISOLATED,0,,NONE
usr_00926,2026-02-06 09:10:25,gmail.com,BENIGN_ISOLATED,0,,NONE
usr_00927,2026-03-19 07:54:56,yahoo.com,BENIGN_ISOLATED,0,,NONE
usr_00928,2026-02-04 00:07:14,proton.me,BENIGN_ISOLATED,0,,NONE
usr_00929,2025-08-27 05:17:22,gmail.com,BENIGN_ISOLATED,0,,NONE
usr_00930,2025-07-27 12:20:02,gmail.com,BENIGN_ISOLATED,0,,NONE
usr_00931,2025-07-14 00:25:27,gmail.com,BENIGN_ISOLATED,0,,NONE
usr_00932,2025-11-06 03:30:51,outlook.com,BENIGN_ISOLATED,0,,NONE
usr_00933,2025-11-16 06:52:06,yahoo.com,BENIGN_ISOLATED,0,,NONE
usr_00934,2025-08-30 10:23:39,icloud.com,BENIGN_ISOLATED,0,,NONE
usr_00935,2025-11-15 23:25:50,yahoo.com,BENIGN_ISOLATED,0,,NONE
usr_00936,2025-11-05 04:11:36,gmail.com,BENIGN_ISOLATED,0,,NONE
usr_00937,2026-02-25 01:08:06,yahoo.com,BENIGN_ISOLATED,0,,NONE
usr_00938,2025-09-20 10:09:20,icloud.com,BENIGN_ISOLATED,0,,NONE
usr_00939,2026-01-16 00:26:45,gmail.com,BENIGN_ISOLATED,0,,NONE
usr_00940,2026-03-25 18:16:14,gmail.com,BENIGN_ISOLATED,0,,NONE
usr_00941,2025-11-24 18:06:58,gmail.com,BENIGN_ISOLATED,0,,NONE
usr_00942,2026-02-05 07:40:09,yahoo.com,BENIGN_ISOLATED,0,,NONE
usr_00943,2025-11-13 21:11:44,gmail.com,BENIGN_ISOLATED,0,,NONE
usr_00944,2026-03-17 00:09:18,proton.me,BENIGN_ISOLATED,0,,NONE
usr_00945,2025-09-28 16:50:42,yahoo.com,BENIGN_ISOLATED,0,,NONE
usr_00946,2026-03-03 17:15:31,gmail.com,BENIGN_ISOLATED,0,,NONE
usr_00947,2025-12-01 03:56:07,yahoo.com,BENIGN_ISOLATED,0,,NONE
usr_00948,2025-12-22 12:23:39,gmail.com,BENIGN_ISOLATED,0,,NONE
usr_00949,2025-12-09 15:48:23,outlook.com,BENIGN_ISOLATED,0,,NONE
usr_00950,2025-08-09 10:39:52,yahoo.com,BENIGN_ISOLATED,0,,NONE
usr_00951,2025-07-07 13:12:57,yahoo.com,BENIGN_ISOLATED,0,,NONE
usr_00952,2025-11-30 23:50:11,gmail.com,BENIGN_ISOLATED,0,,NONE
usr_00953,2026-03-09 14:27:09,outlook.com,BENIGN_ISOLATED,0,,NONE
usr_00954,2025-12-01 05:24:27,gmail.com,BENIGN_ISOLATED,0,,NONE
usr_00955,2025-10-12 22:59:41,yahoo.com,BENIGN_ISOLATED,0,,NONE
usr_00956,2026-02-04 07:07:43,gmail.com,BENIGN_ISOLATED,0,,NONE
usr_00957,2025-12-07 18:37:21,proton.me,BENIGN_ISOLATED,0,,NONE
usr_00958,2025-11-27 01:58:46,yahoo.com,BENIGN_ISOLATED,0,,NONE
usr_00959,2025-10-10 03:12:39,yahoo.com,BENIGN_ISOLATED,0,,NONE
usr_00960,2025-11-14 07:48:23,gmail.com,BENIGN_ISOLATED,0,,NONE
usr_00961,2025-07-29 11:56:37,gmail.com,BENIGN_ISOLATED,0,,NONE
usr_00962,2026-03-08 03:19:03,gmail.com,BENIGN_ISOLATED,0,,NONE
usr_00963,2025-11-25 04:14:56,icloud.com,BENIGN_ISOLATED,0,,NONE
usr_00964,2025-11-25 16:59:06,proton.me,BENIGN_ISOLATED,0,,NONE
usr_00965,2025-08-05 08:22:17,gmail.com,BENIGN_ISOLATED,0,,NONE
usr_00966,2025-12-05 11:16:56,yahoo.com,BENIGN_ISOLATED,0,,NONE
usr_00967,2025-11-18 13:56:39,gmail.com,BENIGN_ISOLATED,0,,NONE
usr_00968,2025-10-26 14:15:48,yahoo.com,BENIGN_ISOLATED,0,,NONE
usr_00969,2025-07-17 10:58:28,gmail.com,BENIGN_ISOLATED,0,,NONE
usr_00970,2025-08-26 09:50:16,gmail.com,BENIGN_ISOLATED,0,,NONE
usr_00971,2025-09-02 14:48:36,gmail.com,BENIGN_ISOLATED,0,,NONE
usr_00972,2025-08-29 05:43:24,gmail.com,BENIGN_ISOLATED,0,,NONE
usr_00973,2026-02-15 04:19:50,gmail.com,BENIGN_ISOLATED,0,,NONE
usr_00974,2026-01-09 10:38:41,yahoo.com,BENIGN_ISOLATED,0,,NONE
usr_00975,2025-11-05 12:04:53,yahoo.com,BENIGN_ISOLATED,0,,NONE
usr_00976,2025-12-31 14:14:53,gmail.com,BENIGN_ISOLATED,0,,NONE
usr_00977,2026-01-16 18:47:43,outlook.com,BENIGN_ISOLATED,0,,NONE
usr_00978,2025-07-07 09:08:46,outlook.com,BENIGN_ISOLATED,0,,NONE
usr_00979,2025-11-14 03:54:10,icloud.com,BENIGN_ISOLATED,0,,NONE
usr_00980,2025-07-15 02:24:08,gmail.com,BENIGN_ISOLATED,0,,NONE
usr_00981,2025-10-02 01:24:25,outlook.com,BENIGN_ISOLATED,0,,NONE
usr_00982,2025-10-24 15:53:28,gmail.com,BENIGN_ISOLATED,0,,NONE
usr_00983,2025-12-01 20:42:08,gmail.com,BENIGN_ISOLATED,0,,NONE
usr_00984,2025-10-26 15:46:23,yahoo.com,BENIGN_ISOLATED,0,,NONE
usr_00985,2025-11-02 14:18:51,gmail.com,BENIGN_ISOLATED,0,,NONE
usr_00986,2025-08-17 18:05:06,gmail.com,BENIGN_ISOLATED,0,,NONE
usr_00987,2025-10-19 06:03:49,gmail.com,BENIGN_ISOLATED,0,,NONE
usr_00988,2025-12-09 19:47:16,gmail.com,BENIGN_ISOLATED,0,,NONE
usr_00989,2025-10-28 11:01:05,gmail.com,BENIGN_ISOLATED,0,,NONE
usr_00990,2026-02-12 12:45:14,yahoo.com,BENIGN_ISOLATED,0,,NONE
usr_00991,2025-12-25 04:24:15,yahoo.com,BENIGN_ISOLATED,0,,NONE
usr_00992,2026-01-13 14:08:23,yahoo.com,BENIGN_ISOLATED,0,,NONE
usr_00993,2026-02-10 03:38:01,outlook.com,BENIGN_ISOLATED,0,,NONE
usr_00994,2026-01-01 20:39:46,outlook.com,BENIGN_ISOLATED,0,,NONE
usr_00995,2025-09-12 21:49:32,yahoo.com,BENIGN_ISOLATED,0,,NONE
usr_00996,2025-07-30 00:38:50,outlook.com,BENIGN_ISOLATED,0,,NONE
usr_00997,2025-07-09 13:24:10,gmail.com,BENIGN_ISOLATED,0,,NONE
usr_00998,2026-03-17 06:03:55,gmail.com,BENIGN_ISOLATED,0,,NONE
usr_00999,2025-12-03 10:42:51,icloud.com,BENIGN_ISOLATED,0,,NONE
usr_01000,2026-01-05 12:52:33,outlook.com,BENIGN_ISOLATED,0,,NONE
usr_01001,2026-01-13 12:47:33,gmail.com,BENIGN_ISOLATED,0,,NONE
usr_01002,2025-12-14 07:24:04,yahoo.com,BENIGN_ISOLATED,0,,NONE
usr_01003,2025-10-31 07:55:07,gmail.com,BENIGN_ISOLATED,0,,NONE
usr_01004,2025-07-26 05:37:29,gmail.com,BENIGN_ISOLATED,0,,NONE
usr_01005,2025-08-13 09:02:40,icloud.com,BENIGN_ISOLATED,0,,NONE
usr_01006,2025-07-16 00:18:14,gmail.com,BENIGN_ISOLATED,0,,NONE
usr_01007,2025-07-20 19:40:21,gmail.com,BENIGN_ISOLATED,0,,NONE
usr_01008,2025-08-01 04:47:14,gmail.com,BENIGN_ISOLATED,0,,NONE
usr_01009,2025-12-10 23:29:43,proton.me,BENIGN_ISOLATED,0,,NONE
usr_01010,2025-09-02 15:48:25,outlook.com,BENIGN_ISOLATED,0,,NONE
usr_01011,2025-09-26 08:33:40,yahoo.com,BENIGN_ISOLATED,0,,NONE
usr_01012,2025-12-17 03:14:51,gmail.com,BENIGN_ISOLATED,0,,NONE
usr_01013,2025-09-21 23:52:03,gmail.com,BENIGN_ISOLATED,0,,NONE
usr_01014,2025-11-15 20:51:37,outlook.com,BENIGN_ISOLATED,0,,NONE
usr_01015,2026-01-28 21:05:50,gmail.com,BENIGN_ISOLATED,0,,NONE
usr_01016,2025-07-17 02:45:59,gmail.com,BENIGN_ISOLATED,0,,NONE
usr_01017,2025-12-09 20:58:48,yahoo.com,BENIGN_ISOLATED,0,,NONE
usr_01018,2025-12-10 05:12:45,gmail.com,BENIGN_ISOLATED,0,,NONE
usr_01019,2026-02-18 21:33:02,icloud.com,BENIGN_ISOLATED,0,,NONE
usr_01020,2025-11-06 10:45:52,outlook.com,BENIGN_ISOLATED,0,,NONE
usr_01021,2025-10-08 09:34:52,gmail.com,BENIGN_ISOLATED,0,,NONE
usr_01022,2025-08-21 08:38:58,gmail.com,BENIGN_ISOLATED,0,,NONE
usr_01023,2026-02-23 03:49:19,outlook.com,BENIGN_ISOLATED,0,,NONE
usr_01024,2025-09-04 04:20:24,gmail.com,BENIGN_ISOLATED,0,,NONE
usr_01025,2025-12-15 15:34:34,gmail.com,BENIGN_ISOLATED,0,,NONE
usr_01026,2025-12-04 01:19:46,gmail.com,BENIGN_ISOLATED,0,,NONE
usr_01027,2026-01-31 10:23:13,icloud.com,BENIGN_ISOLATED,0,,NONE
usr_01028,2025-10-31 19:39:30,gmail.com,BENIGN_ISOLATED,0,,NONE
usr_01029,2025-10-04 17:35:00,gmail.com,BENIGN_ISOLATED,0,,NONE
usr_01030,2026-03-04 09:56:32,gmail.com,BENIGN_ISOLATED,0,,NONE
usr_01031,2026-02-17 03:17:02,gmail.com,BENIGN_ISOLATED,0,,NONE
usr_01032,2025-10-27 00:18:39,gmail.com,BENIGN_ISOLATED,0,,NONE
usr_01033,2025-09-06 12:10:52,yahoo.com,BENIGN_ISOLATED,0,,NONE
usr_01034,2025-12-15 06:06:20,yahoo.com,BENIGN_ISOLATED,0,,NONE
usr_01035,2025-10-18 22:59:43,gmail.com,BENIGN_ISOLATED,0,,NONE
usr_01036,2026-02-20 06:19:31,yahoo.com,BENIGN_ISOLATED,0,,NONE
usr_01037,2026-01-17 22:55:00,yahoo.com,BENIGN_ISOLATED,0,,NONE
usr_01038,2025-12-06 03:26:07,yahoo.com,BENIGN_ISOLATED,0,,NONE
usr_01039,2026-01-20 13:03:47,gmail.com,BENIGN_ISOLATED,0,,NONE
usr_01040,2025-10-19 03:58:49,gmail.com,BENIGN_ISOLATED,0,,NONE
usr_01041,2025-09-26 09:37:12,gmail.com,BENIGN_ISOLATED,0,,NONE
usr_01042,2025-11-18 23:39:38,gmail.com,BENIGN_ISOLATED,0,,NONE
usr_01043,2026-02-20 00:22:27,gmail.com,BENIGN_ISOLATED,0,,NONE
usr_01044,2025-07-30 22:19:37,icloud.com,BENIGN_ISOLATED,0,,NONE
usr_01045,2025-08-09 11:09:40,gmail.com,BENIGN_ISOLATED,0,,NONE
usr_01046,2026-01-26 21:02:32,yahoo.com,BENIGN_ISOLATED,0,,NONE
usr_01047,2025-08-18 20:51:14,icloud.com,BENIGN_ISOLATED,0,,NONE
usr_01048,2026-03-04 01:14:39,icloud.com,BENIGN_ISOLATED,0,,NONE
usr_01049,2025-09-02 04:46:21,outlook.com,BENIGN_ISOLATED,0,,NONE
usr_01050,2026-02-06 19:31:33,yahoo.com,BENIGN_ISOLATED,0,,NONE
usr_01051,2026-01-05 01:01:41,gmail.com,BENIGN_ISOLATED,0,,NONE
usr_01052,2026-01-08 06:02:27,outlook.com,BENIGN_ISOLATED,0,,NONE
usr_01053,2025-10-09 14:41:41,gmail.com,BENIGN_ISOLATED,0,,NONE
usr_01054,2025-12-20 17:29:15,outlook.com,BENIGN_ISOLATED,0,,NONE
usr_01055,2025-08-06 21:27:45,outlook.com,BENIGN_ISOLATED,0,,NONE
usr_01056,2025-10-26 09:20:31,gmail.com,BENIGN_ISOLATED,0,,NONE
usr_01057,2025-11-02 10:21:50,gmail.com,BENIGN_ISOLATED,0,,NONE
usr_01058,2025-12-21 21:05:09,yahoo.com,BENIGN_ISOLATED,0,,NONE
usr_01059,2025-11-05 18:10:30,gmail.com,BENIGN_ISOLATED,0,,NONE
usr_01060,2026-02-18 20:47:06,gmail.com,BENIGN_ISOLATED,0,,NONE
usr_01061,2025-11-29 15:52:46,outlook.com,BENIGN_ISOLATED,0,,NONE
usr_01062,2026-03-08 18:17:41,gmail.com,BENIGN_ISOLATED,0,,NONE
usr_01063,2025-11-12 21:44:48,gmail.com,BENIGN_ISOLATED,0,,NONE
usr_01064,2025-12-09 00:47:22,gmail.com,BENIGN_ISOLATED,0,,NONE
usr_01065,2026-02-18 21:47:12,outlook.com,BENIGN_ISOLATED,0,,NONE
usr_01066,2026-01-20 01:31:04,icloud.com,BENIGN_ISOLATED,0,,NONE
usr_01067,2025-11-29 02:52:30,gmail.com,BENIGN_ISOLATED,0,,NONE
usr_01068,2025-08-15 15:05:32,outlook.com,BENIGN_ISOLATED,0,,NONE
usr_01069,2025-08-07 11:57:02,outlook.com,BENIGN_ISOLATED,0,,NONE
usr_01070,2026-03-23 10:26:06,gmail.com,BENIGN_ISOLATED,0,,NONE
usr_01071,2025-12-20 06:18:18,yahoo.com,BENIGN_ISOLATED,0,,NONE
usr_01072,2026-01-12 04:31:55,yahoo.com,BENIGN_ISOLATED,0,,NONE
usr_01073,2025-10-07 01:43:10,gmail.com,BENIGN_ISOLATED,0,,NONE
usr_01074,2026-01-15 14:51:00,gmail.com,BENIGN_ISOLATED,0,,NONE
usr_01075,2025-09-06 01:59:31,gmail.com,BENIGN_ISOLATED,0,,NONE
usr_01076,2026-01-21 10:37:52,gmail.com,BENIGN_ISOLATED,0,,NONE
usr_01077,2026-01-08 16:22:54,gmail.com,BENIGN_ISOLATED,0,,NONE
usr_01078,2026-02-13 22:30:58,gmail.com,BENIGN_ISOLATED,0,,NONE
usr_01079,2025-07-25 07:57:20,outlook.com,BENIGN_ISOLATED,0,,NONE
usr_01080,2025-12-31 05:12:15,yahoo.com,BENIGN_ISOLATED,0,,NONE
usr_01081,2026-01-15 01:15:57,outlook.com,BENIGN_ISOLATED,0,,NONE
usr_01082,2025-08-23 04:31:04,gmail.com,BENIGN_ISOLATED,0,,NONE
usr_01083,2026-01-06 09:05:57,icloud.com,BENIGN_ISOLATED,0,,NONE
usr_01084,2025-09-22 12:56:14,outlook.com,BENIGN_ISOLATED,0,,NONE
usr_01085,2026-03-03 14:27:56,gmail.com,BENIGN_ISOLATED,0,,NONE
usr_01086,2025-10-22 17:40:15,outlook.com,BENIGN_ISOLATED,0,,NONE
usr_01087,2025-09-27 00:20:17,yahoo.com,BENIGN_ISOLATED,0,,NONE
usr_01088,2025-10-11 16:30:31,gmail.com,BENIGN_ISOLATED,0,,NONE
usr_01089,2026-01-04 02:27:31,outlook.com,BENIGN_ISOLATED,0,,NONE
usr_01090,2025-11-25 09:21:32,yahoo.com,BENIGN_ISOLATED,0,,NONE
usr_01091,2025-12-03 07:17:25,gmail.com,BENIGN_ISOLATED,0,,NONE
usr_01092,2025-10-15 21:31:44,gmail.com,BENIGN_ISOLATED,0,,NONE
usr_01093,2025-11-24 14:25:51,yahoo.com,BENIGN_ISOLATED,0,,NONE
usr_01094,2026-02-27 00:56:59,yahoo.com,BENIGN_ISOLATED,0,,NONE
usr_01095,2025-09-28 21:00:52,gmail.com,BENIGN_ISOLATED,0,,NONE
usr_01096,2025-07-18 10:56:02,gmail.com,BENIGN_ISOLATED,0,,NONE
usr_01097,2025-09-16 10:21:34,yahoo.com,BENIGN_ISOLATED,0,,NONE
usr_01098,2025-10-07 09:28:51,outlook.com,BENIGN_ISOLATED,0,,NONE
usr_01099,2025-12-23 00:35:34,gmail.com,BENIGN_ISOLATED,0,,NONE
usr_01100,2025-10-12 16:31:54,yahoo.com,BENIGN_ISOLATED,0,,NONE
usr_01101,2025-12-08 02:23:47,gmail.com,BENIGN_ISOLATED,0,,NONE
usr_01102,2026-02-13 04:10:29,yahoo.com,BENIGN_ISOLATED,0,,NONE
usr_01103,2026-01-09 22:45:06,icloud.com,BENIGN_ISOLATED,0,,NONE
usr_01104,2025-12-12 13:01:50,gmail.com,BENIGN_ISOLATED,0,,NONE
usr_01105,2025-11-04 02:11:04,outlook.com,BENIGN_ISOLATED,0,,NONE
usr_01106,2025-09-13 23:43:41,outlook.com,BENIGN_ISOLATED,0,,NONE
usr_01107,2026-01-15 20:00:54,gmail.com,BENIGN_ISOLATED,0,,NONE
usr_01108,2025-08-25 01:06:31,proton.me,BENIGN_ISOLATED,0,,NONE
usr_01109,2025-11-30 11:42:35,icloud.com,BENIGN_ISOLATED,0,,NONE
usr_01110,2025-12-11 10:58:35,gmail.com,BENIGN_ISOLATED,0,,NONE
usr_01111,2026-01-29 06:29:01,icloud.com,BENIGN_ISOLATED,0,,NONE
usr_01112,2025-10-19 18:17:43,gmail.com,BENIGN_ISOLATED,0,,NONE
usr_01113,2025-11-13 21:14:35,gmail.com,BENIGN_ISOLATED,0,,NONE
usr_01114,2025-12-30 15:40:16,outlook.com,BENIGN_ISOLATED,0,,NONE
usr_01115,2026-03-13 16:36:13,proton.me,BENIGN_ISOLATED,0,,NONE
usr_01116,2026-03-08 15:31:12,gmail.com,BENIGN_ISOLATED,0,,NONE
usr_01117,2025-08-14 18:38:54,outlook.com,BENIGN_ISOLATED,0,,NONE
usr_01118,2025-12-06 13:25:53,yahoo.com,BENIGN_ISOLATED,0,,NONE
usr_01119,2025-09-28 23:17:42,gmail.com,BENIGN_ISOLATED,0,,NONE
usr_01120,2025-07-14 18:44:51,yahoo.com,BENIGN_ISOLATED,0,,NONE
usr_01121,2025-07-24 08:05:18,gmail.com,BENIGN_ISOLATED,0,,NONE
usr_01122,2025-07-29 17:34:12,icloud.com,BENIGN_ISOLATED,0,,NONE
usr_01123,2025-07-06 20:10:53,yahoo.com,BENIGN_ISOLATED,0,,NONE
usr_01124,2025-10-06 23:36:55,gmail.com,BENIGN_ISOLATED,0,,NONE
usr_01125,2025-12-10 04:01:46,proton.me,BENIGN_ISOLATED,0,,NONE
usr_01126,2025-08-29 10:32:15,gmail.com,BENIGN_ISOLATED,0,,NONE
usr_01127,2025-09-29 01:06:35,yahoo.com,BENIGN_ISOLATED,0,,NONE
usr_01128,2026-01-12 23:25:21,gmail.com,BENIGN_ISOLATED,0,,NONE
usr_01129,2025-08-16 12:01:34,gmail.com,BENIGN_ISOLATED,0,,NONE
usr_01130,2025-11-22 21:40:31,outlook.com,BENIGN_ISOLATED,0,,NONE
usr_01131,2026-02-06 10:09:35,outlook.com,BENIGN_ISOLATED,0,,NONE
usr_01132,2025-10-28 06:01:51,outlook.com,BENIGN_ISOLATED,0,,NONE
usr_01133,2025-12-22 22:55:27,yahoo.com,BENIGN_ISOLATED,0,,NONE
usr_01134,2026-03-13 05:21:42,gmail.com,BENIGN_ISOLATED,0,,NONE
usr_01135,2025-12-10 16:35:40,gmail.com,BENIGN_ISOLATED,0,,NONE
usr_01136,2026-01-28 00:15:21,gmail.com,BENIGN_ISOLATED,0,,NONE
usr_01137,2025-08-01 09:15:45,yahoo.com,BENIGN_ISOLATED,0,,NONE
usr_01138,2025-10-07 23:55:57,gmail.com,BENIGN_ISOLATED,0,,NONE
usr_01139,2025-08-26 22:37:49,yahoo.com,BENIGN_ISOLATED,0,,NONE
usr_01140,2025-08-18 13:03:28,icloud.com,BENIGN_ISOLATED,0,,NONE
usr_01141,2025-09-30 15:55:56,yahoo.com,BENIGN_ISOLATED,0,,NONE
usr_01142,2026-01-31 10:04:55,gmail.com,BENIGN_ISOLATED,0,,NONE
usr_01143,2025-08-08 02:13:56,gmail.com,BENIGN_ISOLATED,0,,NONE
usr_01144,2025-09-21 03:43:46,gmail.com,BENIGN_ISOLATED,0,,NONE
usr_01145,2025-11-10 02:32:08,gmail.com,BENIGN_ISOLATED,0,,NONE
usr_01146,2026-03-06 22:59:21,gmail.com,BENIGN_ISOLATED,0,,NONE
usr_01147,2025-08-05 15:05:36,yahoo.com,BENIGN_ISOLATED,0,,NONE
usr_01148,2025-11-15 11:47:54,yahoo.com,BENIGN_ISOLATED,0,,NONE
usr_01149,2026-01-14 07:48:18,gmail.com,BENIGN_ISOLATED,0,,NONE
usr_01150,2025-11-25 07:21:41,yahoo.com,BENIGN_ISOLATED,0,,NONE
usr_01151,2025-09-27 20:29:55,gmail.com,BENIGN_ISOLATED,0,,NONE
usr_01152,2026-03-10 04:50:47,gmail.com,BENIGN_ISOLATED,0,,NONE
usr_01153,2026-03-05 04:03:38,gmail.com,BENIGN_ISOLATED,0,,NONE
usr_01154,2026-02-06 14:58:18,yahoo.com,BENIGN_ISOLATED,0,,NONE
usr_01155,2025-08-30 14:23:45,outlook.com,BENIGN_ISOLATED,0,,NONE
usr_01156,2026-03-09 04:59:10,gmail.com,BENIGN_ISOLATED,0,,NONE
usr_01157,2025-12-13 17:22:57,gmail.com,BENIGN_ISOLATED,0,,NONE
usr_01158,2025-11-01 00:00:29,gmail.com,BENIGN_ISOLATED,0,,NONE
usr_01159,2026-03-09 09:03:40,icloud.com,BENIGN_ISOLATED,0,,NONE
usr_01160,2025-10-15 04:46:07,gmail.com,BENIGN_ISOLATED,0,,NONE
usr_01161,2026-03-25 20:48:42,proton.me,BENIGN_ISOLATED,0,,NONE
usr_01162,2025-07-13 03:00:48,gmail.com,BENIGN_ISOLATED,0,,NONE
usr_01163,2025-12-17 08:06:34,gmail.com,BENIGN_ISOLATED,0,,NONE
usr_01164,2025-11-26 08:02:15,yahoo.com,BENIGN_ISOLATED,0,,NONE
usr_01165,2025-08-14 22:38:39,yahoo.com,BENIGN_ISOLATED,0,,NONE
usr_01166,2025-09-30 04:18:20,yahoo.com,BENIGN_ISOLATED,0,,NONE
usr_01167,2025-08-10 04:32:37,gmail.com,BENIGN_ISOLATED,0,,NONE
usr_01168,2025-07-13 18:51:58,yahoo.com,BENIGN_ISOLATED,0,,NONE
usr_01169,2026-03-02 18:29:19,gmail.com,BENIGN_ISOLATED,0,,NONE
usr_01170,2025-08-01 02:07:39,gmail.com,BENIGN_ISOLATED,0,,NONE
usr_01171,2025-12-02 21:04:33,proton.me,BENIGN_ISOLATED,0,,NONE
usr_01172,2026-02-01 05:41:57,gmail.com,BENIGN_ISOLATED,0,,NONE
usr_01173,2025-09-09 19:43:39,icloud.com,BENIGN_ISOLATED,0,,NONE
usr_01174,2025-08-01 13:44:32,icloud.com,BENIGN_ISOLATED,0,,NONE
usr_01175,2025-07-06 00:58:42,gmail.com,BENIGN_ISOLATED,0,,NONE
usr_01176,2025-11-04 15:16:18,outlook.com,BENIGN_ISOLATED,0,,NONE
usr_01177,2025-12-05 10:48:05,gmail.com,BENIGN_ISOLATED,0,,NONE
usr_01178,2025-11-02 21:48:33,gmail.com,BENIGN_ISOLATED,0,,NONE
usr_01179,2026-03-03 22:59:38,gmail.com,BENIGN_ISOLATED,0,,NONE
usr_01180,2025-11-16 03:48:24,gmail.com,BENIGN_ISOLATED,0,,NONE
usr_01181,2025-12-09 10:42:49,yahoo.com,BENIGN_ISOLATED,0,,NONE
usr_01182,2025-10-06 14:11:48,gmail.com,BENIGN_ISOLATED,0,,NONE
usr_01183,2025-09-02 21:48:44,yahoo.com,BENIGN_ISOLATED,0,,NONE
usr_01184,2025-08-13 05:21:10,yahoo.com,BENIGN_ISOLATED,0,,NONE
usr_01185,2025-07-29 13:08:40,gmail.com,BENIGN_ISOLATED,0,,NONE
usr_01186,2025-11-15 08:37:32,outlook.com,BENIGN_ISOLATED,0,,NONE
usr_01187,2026-03-15 16:45:17,yahoo.com,BENIGN_ISOLATED,0,,NONE
usr_01188,2025-10-13 19:39:33,gmail.com,BENIGN_ISOLATED,0,,NONE
usr_01189,2025-10-18 08:33:27,gmail.com,BENIGN_ISOLATED,0,,NONE
usr_01190,2025-07-17 15:55:47,gmail.com,BENIGN_ISOLATED,0,,NONE
usr_01191,2025-08-12 05:30:21,gmail.com,BENIGN_ISOLATED,0,,NONE
usr_01192,2025-07-29 17:40:36,gmail.com,BENIGN_ISOLATED,0,,NONE
usr_01193,2026-02-05 17:51:18,yahoo.com,BENIGN_ISOLATED,0,,NONE
usr_01194,2025-08-16 03:48:55,yahoo.com,BENIGN_ISOLATED,0,,NONE
usr_01195,2025-08-30 15:04:47,yahoo.com,BENIGN_ISOLATED,0,,NONE
usr_01196,2025-08-31 00:18:10,gmail.com,BENIGN_ISOLATED,0,,NONE
usr_01197,2026-01-23 09:20:29,gmail.com,BENIGN_ISOLATED,0,,NONE
usr_01198,2026-01-23 14:52:57,gmail.com,BENIGN_ISOLATED,0,,NONE
usr_01199,2025-12-28 14:43:27,gmail.com,BENIGN_ISOLATED,0,,NONE
usr_01200,2025-11-23 16:44:09,yahoo.com,BENIGN_ISOLATED,0,,NONE
usr_01201,2025-08-29 16:37:10,gmail.com,BENIGN_ISOLATED,0,,NONE
usr_01202,2025-11-05 14:11:00,gmail.com,BENIGN_ISOLATED,0,,NONE
usr_01203,2026-03-06 04:38:17,gmail.com,BENIGN_ISOLATED,0,,NONE
usr_01204,2026-02-21 22:15:58,gmail.com,BENIGN_ISOLATED,0,,NONE
usr_01205,2026-03-24 16:35:44,gmail.com,BENIGN_ISOLATED,0,,NONE
usr_01206,2026-03-22 22:58:32,yahoo.com,BENIGN_ISOLATED,0,,NONE
usr_01207,2025-10-20 21:05:16,gmail.com,BENIGN_ISOLATED,0,,NONE
usr_01208,2026-03-12 19:12:21,outlook.com,BENIGN_ISOLATED,0,,NONE
usr_01209,2026-01-24 19:12:52,yahoo.com,BENIGN_ISOLATED,0,,NONE
usr_01210,2025-11-07 23:44:12,gmail.com,BENIGN_ISOLATED,0,,NONE
usr_01211,2026-02-20 02:17:35,outlook.com,BENIGN_ISOLATED,0,,NONE
usr_01212,2025-09-21 21:16:41,gmail.com,BENIGN_ISOLATED,0,,NONE
usr_01213,2026-03-17 21:58:50,proton.me,BENIGN_ISOLATED,0,,NONE
usr_01214,2026-03-22 19:09:20,gmail.com,BENIGN_ISOLATED,0,,NONE
usr_01215,2025-10-26 18:48:14,gmail.com,BENIGN_ISOLATED,0,,NONE
usr_01216,2026-02-15 06:07:32,gmail.com,BENIGN_ISOLATED,0,,NONE
usr_01217,2025-11-24 22:05:53,icloud.com,BENIGN_ISOLATED,0,,NONE
usr_01218,2025-11-22 10:50:40,yahoo.com,BENIGN_ISOLATED,0,,NONE
usr_01219,2025-11-13 00:26:02,yahoo.com,BENIGN_ISOLATED,0,,NONE
usr_01220,2026-03-20 13:34:02,outlook.com,BENIGN_ISOLATED,0,,NONE
usr_01221,2025-11-14 22:43:39,gmail.com,BENIGN_ISOLATED,0,,NONE
usr_01222,2025-12-15 17:57:02,gmail.com,BENIGN_ISOLATED,0,,NONE
usr_01223,2025-12-29 08:37:02,outlook.com,BENIGN_ISOLATED,0,,NONE
usr_01224,2026-01-09 09:32:57,proton.me,BENIGN_ISOLATED,0,,NONE
usr_01225,2026-02-01 22:50:06,gmail.com,BENIGN_ISOLATED,0,,NONE
usr_01226,2026-01-19 16:51:58,proton.me,BENIGN_ISOLATED,0,,NONE
usr_01227,2025-11-30 09:33:15,gmail.com,BENIGN_ISOLATED,0,,NONE
usr_01228,2026-03-25 06:07:19,proton.me,BENIGN_ISOLATED,0,,NONE
usr_01229,2025-10-20 13:24:47,gmail.com,BENIGN_ISOLATED,0,,NONE
usr_01230,2025-08-01 12:59:46,yahoo.com,BENIGN_ISOLATED,0,,NONE
usr_01231,2025-08-02 11:33:48,gmail.com,BENIGN_ISOLATED,0,,NONE
usr_01232,2025-12-18 17:14:08,icloud.com,BENIGN_ISOLATED,0,,NONE
usr_01233,2025-09-21 17:28:29,gmail.com,BENIGN_ISOLATED,0,,NONE
usr_01234,2025-12-25 18:39:06,yahoo.com,BENIGN_ISOLATED,0,,NONE
usr_01235,2026-01-17 02:13:05,gmail.com,BENIGN_ISOLATED,0,,NONE
usr_01236,2026-03-05 20:32:27,outlook.com,BENIGN_ISOLATED,0,,NONE
usr_01237,2025-09-06 08:03:34,yahoo.com,BENIGN_ISOLATED,0,,NONE
usr_01238,2025-12-27 09:00:50,gmail.com,BENIGN_ISOLATED,0,,NONE
usr_01239,2025-10-17 04:25:13,outlook.com,BENIGN_ISOLATED,0,,NONE
usr_01240,2025-10-05 04:58:56,gmail.com,BENIGN_ISOLATED,0,,NONE
usr_01241,2025-07-16 13:05:00,proton.me,BENIGN_ISOLATED,0,,NONE
usr_01242,2026-02-20 08:12:40,gmail.com,BENIGN_ISOLATED,0,,NONE
usr_01243,2026-01-11 21:37:29,icloud.com,BENIGN_ISOLATED,0,,NONE
usr_01244,2025-12-24 07:13:31,gmail.com,BENIGN_ISOLATED,0,,NONE
usr_01245,2025-07-24 01:47:01,gmail.com,BENIGN_ISOLATED,0,,NONE
usr_01246,2025-08-21 14:01:19,yahoo.com,BENIGN_ISOLATED,0,,NONE
usr_01247,2025-12-10 20:02:56,icloud.com,BENIGN_ISOLATED,0,,NONE
usr_01248,2025-09-03 12:11:06,yahoo.com,BENIGN_ISOLATED,0,,NONE
usr_01249,2025-12-28 16:13:41,outlook.com,BENIGN_ISOLATED,0,,NONE
usr_01250,2025-09-13 15:46:55,outlook.com,BENIGN_ISOLATED,0,,NONE
usr_01251,2025-12-28 03:14:36,gmail.com,BENIGN_ISOLATED,0,,NONE
usr_01252,2025-12-17 21:17:27,gmail.com,BENIGN_ISOLATED,0,,NONE
usr_01253,2026-02-21 00:30:23,gmail.com,BENIGN_ISOLATED,0,,NONE
usr_01254,2025-12-04 20:46:55,yahoo.com,BENIGN_ISOLATED,0,,NONE
usr_01255,2026-02-18 19:12:03,yahoo.com,BENIGN_ISOLATED,0,,NONE
usr_01256,2025-12-13 12:02:01,gmail.com,BENIGN_ISOLATED,0,,NONE
usr_01257,2026-03-26 20:42:06,outlook.com,BENIGN_ISOLATED,0,,NONE
usr_01258,2025-09-22 09:35:37,gmail.com,BENIGN_ISOLATED,0,,NONE
usr_01259,2025-12-23 01:09:18,yahoo.com,BENIGN_ISOLATED,0,,NONE
usr_01260,2025-09-13 10:33:39,gmail.com,BENIGN_ISOLATED,0,,NONE
usr_01261,2025-09-21 19:32:38,yahoo.com,BENIGN_ISOLATED,0,,NONE
usr_01262,2025-08-26 00:51:37,yahoo.com,BENIGN_ISOLATED,0,,NONE
usr_01263,2025-10-17 19:45:20,gmail.com,BENIGN_ISOLATED,0,,NONE
usr_01264,2025-10-04 12:44:30,gmail.com,BENIGN_ISOLATED,0,,NONE
usr_01265,2025-10-03 12:46:08,gmail.com,BENIGN_ISOLATED,0,,NONE
usr_01266,2025-09-17 18:35:49,outlook.com,BENIGN_ISOLATED,0,,NONE
usr_01267,2025-12-25 11:04:17,icloud.com,BENIGN_ISOLATED,0,,NONE
usr_01268,2025-11-02 22:47:35,gmail.com,BENIGN_ISOLATED,0,,NONE
usr_01269,2025-07-18 04:05:05,gmail.com,BENIGN_ISOLATED,0,,NONE
usr_01270,2025-09-02 05:26:43,gmail.com,BENIGN_ISOLATED,0,,NONE
usr_01271,2026-02-14 10:35:25,yahoo.com,BENIGN_ISOLATED,0,,NONE
usr_01272,2025-08-14 14:38:14,icloud.com,BENIGN_ISOLATED,0,,NONE
usr_01273,2025-09-28 09:35:30,gmail.com,BENIGN_ISOLATED,0,,NONE
usr_01274,2025-11-03 21:38:32,gmail.com,BENIGN_ISOLATED,0,,NONE
usr_01275,2026-03-26 01:23:41,gmail.com,BENIGN_ISOLATED,0,,NONE
usr_01276,2025-11-02 04:56:02,outlook.com,BENIGN_ISOLATED,0,,NONE
usr_01277,2025-08-22 20:18:54,gmail.com,BENIGN_ISOLATED,0,,NONE
usr_01278,2025-12-06 05:15:21,icloud.com,BENIGN_ISOLATED,0,,NONE
usr_01279,2025-08-11 00:29:05,gmail.com,BENIGN_ISOLATED,0,,NONE
usr_01280,2026-01-07 13:16:30,icloud.com,BENIGN_ISOLATED,0,,NONE
usr_01281,2025-11-13 13:29:58,gmail.com,BENIGN_ISOLATED,0,,NONE
usr_01282,2025-08-01 06:32:09,outlook.com,BENIGN_ISOLATED,0,,NONE
usr_01283,2025-08-30 22:30:48,gmail.com,BENIGN_ISOLATED,0,,NONE
usr_01284,2025-07-10 05:47:54,outlook.com,BENIGN_ISOLATED,0,,NONE
usr_01285,2025-12-31 00:06:24,outlook.com,BENIGN_ISOLATED,0,,NONE
usr_01286,2025-08-12 22:34:37,gmail.com,BENIGN_ISOLATED,0,,NONE
usr_01287,2025-09-18 15:52:24,gmail.com,BENIGN_ISOLATED,0,,NONE
usr_01288,2025-12-27 11:46:44,gmail.com,BENIGN_ISOLATED,0,,NONE
usr_01289,2026-01-18 01:35:26,gmail.com,BENIGN_ISOLATED,0,,NONE
usr_01290,2025-07-18 23:17:53,yahoo.com,BENIGN_ISOLATED,0,,NONE
usr_01291,2025-09-14 22:01:12,outlook.com,BENIGN_ISOLATED,0,,NONE
usr_01292,2025-12-02 20:37:05,gmail.com,BENIGN_ISOLATED,0,,NONE
usr_01293,2025-11-06 13:52:46,yahoo.com,BENIGN_ISOLATED,0,,NONE
usr_01294,2025-07-29 00:34:17,gmail.com,BENIGN_ISOLATED,0,,NONE
usr_01295,2025-12-30 11:51:34,gmail.com,BENIGN_ISOLATED,0,,NONE
usr_01296,2025-07-26 22:01:25,icloud.com,BENIGN_ISOLATED,0,,NONE
usr_01297,2025-10-15 12:11:29,yahoo.com,BENIGN_ISOLATED,0,,NONE
usr_01298,2025-12-22 12:47:58,gmail.com,BENIGN_ISOLATED,0,,NONE
usr_01299,2025-08-14 01:18:48,outlook.com,BENIGN_ISOLATED,0,,NONE
usr_01300,2025-08-25 11:14:29,proton.me,BENIGN_ISOLATED,0,,NONE
usr_01301,2025-07-08 09:00:03,yahoo.com,BENIGN_ISOLATED,0,,NONE
usr_01302,2025-07-21 18:03:12,gmail.com,BENIGN_ISOLATED,0,,NONE
usr_01303,2025-12-31 17:55:24,outlook.com,BENIGN_ISOLATED,0,,NONE
usr_01304,2025-12-07 23:56:51,yahoo.com,BENIGN_ISOLATED,0,,NONE
usr_01305,2026-02-18 06:03:26,gmail.com,BENIGN_ISOLATED,0,,NONE
usr_01306,2026-03-05 08:36:17,yahoo.com,BENIGN_ISOLATED,0,,NONE
usr_01307,2025-12-24 18:20:54,outlook.com,BENIGN_ISOLATED,0,,NONE
usr_01308,2025-09-23 10:19:18,proton.me,BENIGN_ISOLATED,0,,NONE
usr_01309,2026-01-24 07:55:37,gmail.com,BENIGN_ISOLATED,0,,NONE
usr_01310,2026-03-07 18:57:21,icloud.com,BENIGN_ISOLATED,0,,NONE
usr_01311,2025-08-20 11:57:30,gmail.com,BENIGN_ISOLATED,0,,NONE
usr_01312,2025-11-08 23:09:40,gmail.com,BENIGN_ISOLATED,0,,NONE
usr_01313,2025-08-03 23:56:35,gmail.com,BENIGN_ISOLATED,0,,NONE
usr_01314,2026-01-12 05:59:54,gmail.com,BENIGN_ISOLATED,0,,NONE
usr_01315,2025-07-20 22:57:02,gmail.com,BENIGN_ISOLATED,0,,NONE
usr_01316,2025-07-21 04:27:12,gmail.com,BENIGN_ISOLATED,0,,NONE
usr_01317,2025-11-21 11:31:25,gmail.com,BENIGN_ISOLATED,0,,NONE
usr_01318,2025-10-13 11:01:10,gmail.com,BENIGN_ISOLATED,0,,NONE
usr_01319,2025-09-19 13:38:23,gmail.com,BENIGN_ISOLATED,0,,NONE
usr_01320,2025-08-07 02:37:46,outlook.com,BENIGN_ISOLATED,0,,NONE
usr_01321,2025-07-18 14:14:56,gmail.com,BENIGN_ISOLATED,0,,NONE
usr_01322,2025-10-08 02:52:11,outlook.com,BENIGN_ISOLATED,0,,NONE
usr_01323,2025-09-17 09:16:00,yahoo.com,BENIGN_ISOLATED,0,,NONE
usr_01324,2026-03-01 02:36:46,yahoo.com,BENIGN_ISOLATED,0,,NONE
usr_01325,2025-08-23 21:55:23,gmail.com,BENIGN_ISOLATED,0,,NONE
usr_01326,2025-10-10 16:03:27,yahoo.com,BENIGN_ISOLATED,0,,NONE
usr_01327,2025-07-08 08:35:14,icloud.com,BENIGN_ISOLATED,0,,NONE
usr_01328,2026-02-13 20:23:39,gmail.com,BENIGN_ISOLATED,0,,NONE
usr_01329,2025-10-19 16:11:28,proton.me,BENIGN_ISOLATED,0,,NONE
usr_01330,2025-07-27 17:56:24,gmail.com,BENIGN_ISOLATED,0,,NONE
usr_01331,2025-07-17 19:18:22,gmail.com,BENIGN_ISOLATED,0,,NONE
usr_01332,2025-09-16 14:57:38,yahoo.com,BENIGN_ISOLATED,0,,NONE
usr_01333,2026-02-24 21:14:05,outlook.com,BENIGN_ISOLATED,0,,NONE
usr_01334,2025-10-18 09:46:50,gmail.com,BENIGN_ISOLATED,0,,NONE
usr_01335,2025-11-12 02:48:16,gmail.com,BENIGN_ISOLATED,0,,NONE
usr_01336,2025-07-15 07:32:11,gmail.com,BENIGN_ISOLATED,0,,NONE
usr_01337,2025-11-12 10:50:08,gmail.com,BENIGN_ISOLATED,0,,NONE
usr_01338,2025-07-21 17:15:08,gmail.com,BENIGN_ISOLATED,0,,NONE
usr_01339,2026-01-06 15:35:27,yahoo.com,BENIGN_ISOLATED,0,,NONE
usr_01340,2025-12-23 06:10:35,gmail.com,BENIGN_ISOLATED,0,,NONE
usr_01341,2025-07-19 19:33:48,gmail.com,BENIGN_ISOLATED,0,,NONE
usr_01342,2025-07-29 17:38:19,yahoo.com,BENIGN_ISOLATED,0,,NONE
usr_01343,2025-07-11 07:49:45,outlook.com,BENIGN_ISOLATED,0,,NONE
usr_01344,2025-11-21 16:20:46,gmail.com,BENIGN_ISOLATED,0,,NONE
usr_01345,2025-07-31 12:34:11,gmail.com,BENIGN_ISOLATED,0,,NONE
usr_01346,2026-03-19 12:05:49,outlook.com,BENIGN_ISOLATED,0,,NONE
usr_01347,2025-10-07 05:43:25,yahoo.com,BENIGN_ISOLATED,0,,NONE
usr_01348,2025-11-29 09:24:39,gmail.com,BENIGN_ISOLATED,0,,NONE
usr_01349,2025-10-12 05:59:32,gmail.com,BENIGN_ISOLATED,0,,NONE
usr_01350,2025-12-11 02:46:20,gmail.com,BENIGN_ISOLATED,0,,NONE
usr_01351,2026-03-11 15:01:11,gmail.com,BENIGN_ISOLATED,0,,NONE
usr_01352,2025-11-23 10:18:07,outlook.com,BENIGN_ISOLATED,0,,NONE
usr_01353,2026-02-18 05:32:03,gmail.com,BENIGN_ISOLATED,0,,NONE
usr_01354,2025-07-31 09:44:02,yahoo.com,BENIGN_ISOLATED,0,,NONE
usr_01355,2025-09-28 07:45:16,gmail.com,BENIGN_ISOLATED,0,,NONE
usr_01356,2026-03-15 09:22:20,yahoo.com,BENIGN_ISOLATED,0,,NONE
usr_01357,2025-09-14 10:28:01,gmail.com,BENIGN_ISOLATED,0,,NONE
usr_01358,2025-09-05 11:01:34,gmail.com,BENIGN_ISOLATED,0,,NONE
usr_01359,2025-07-24 02:22:41,yahoo.com,BENIGN_ISOLATED,0,,NONE
usr_01360,2025-12-06 19:12:55,gmail.com,BENIGN_ISOLATED,0,,NONE
usr_01361,2025-12-24 07:23:20,gmail.com,BENIGN_ISOLATED,0,,NONE
usr_01362,2025-11-29 06:08:56,gmail.com,BENIGN_ISOLATED,0,,NONE
usr_01363,2025-11-15 08:35:22,gmail.com,BENIGN_ISOLATED,0,,NONE
usr_01364,2025-07-25 21:15:33,outlook.com,BENIGN_ISOLATED,0,,NONE
usr_01365,2026-02-21 14:13:03,outlook.com,BENIGN_ISOLATED,0,,NONE
usr_01366,2025-11-28 10:33:09,gmail.com,BENIGN_ISOLATED,0,,NONE
usr_01367,2025-12-05 15:55:08,gmail.com,BENIGN_ISOLATED,0,,NONE
usr_01368,2025-10-12 07:00:04,gmail.com,BENIGN_ISOLATED,0,,NONE
usr_01369,2025-10-11 23:59:23,gmail.com,BENIGN_ISOLATED,0,,NONE
usr_01370,2025-10-05 22:41:19,gmail.com,BENIGN_ISOLATED,0,,NONE
usr_01371,2025-09-29 19:23:43,yahoo.com,BENIGN_ISOLATED,0,,NONE
usr_01372,2025-08-22 06:54:02,outlook.com,BENIGN_ISOLATED,0,,NONE
usr_01373,2025-11-22 04:40:44,gmail.com,BENIGN_ISOLATED,0,,NONE
usr_01374,2026-02-06 17:54:25,outlook.com,BENIGN_ISOLATED,0,,NONE
usr_01375,2026-01-22 22:17:38,yahoo.com,BENIGN_ISOLATED,0,,NONE
usr_01376,2025-12-19 22:40:24,gmail.com,BENIGN_ISOLATED,0,,NONE
usr_01377,2025-11-26 09:32:53,gmail.com,BENIGN_ISOLATED,0,,NONE
usr_01378,2025-10-18 22:46:21,outlook.com,BENIGN_ISOLATED,0,,NONE
usr_01379,2025-10-10 07:42:44,gmail.com,BENIGN_ISOLATED,0,,NONE
usr_01380,2025-12-24 09:19:00,outlook.com,BENIGN_ISOLATED,0,,NONE
usr_01381,2026-03-15 22:33:05,outlook.com,BENIGN_ISOLATED,0,,NONE
usr_01382,2025-11-24 13:58:03,yahoo.com,BENIGN_ISOLATED,0,,NONE
usr_01383,2025-11-08 12:30:34,gmail.com,BENIGN_ISOLATED,0,,NONE
usr_01384,2026-02-27 05:48:27,gmail.com,BENIGN_ISOLATED,0,,NONE
usr_01385,2025-11-26 22:13:24,gmail.com,BENIGN_ISOLATED,0,,NONE
usr_01386,2026-01-01 07:38:30,gmail.com,BENIGN_ISOLATED,0,,NONE
usr_01387,2025-07-16 10:09:32,icloud.com,BENIGN_ISOLATED,0,,NONE
usr_01388,2025-12-09 11:29:58,gmail.com,BENIGN_ISOLATED,0,,NONE
usr_01389,2026-03-13 12:06:54,gmail.com,BENIGN_ISOLATED,0,,NONE
usr_01390,2025-10-06 03:43:59,gmail.com,BENIGN_ISOLATED,0,,NONE
usr_01391,2026-02-28 14:49:57,gmail.com,BENIGN_ISOLATED,0,,NONE
usr_01392,2025-12-22 11:23:43,gmail.com,BENIGN_ISOLATED,0,,NONE
usr_01393,2025-08-15 16:24:06,gmail.com,BENIGN_ISOLATED,0,,NONE
usr_01394,2026-03-10 21:08:45,gmail.com,BENIGN_ISOLATED,0,,NONE
usr_01395,2025-09-17 10:07:42,yahoo.com,BENIGN_ISOLATED,0,,NONE
usr_01396,2026-02-02 03:01:22,gmail.com,BENIGN_ISOLATED,0,,NONE
usr_01397,2025-10-10 08:47:11,gmail.com,BENIGN_ISOLATED,0,,NONE
usr_01398,2026-01-15 17:28:44,gmail.com,BENIGN_ISOLATED,0,,NONE
usr_01399,2025-08-27 04:37:39,yahoo.com,BENIGN_ISOLATED,0,,NONE
usr_01400,2026-03-10 12:59:49,outlook.com,BENIGN_ISOLATED,0,,NONE
usr_01401,2025-10-06 00:25:39,gmail.com,BENIGN_ISOLATED,0,,NONE
usr_01402,2026-03-16 17:31:08,gmail.com,BENIGN_ISOLATED,0,,NONE
usr_01403,2025-10-19 16:39:27,yahoo.com,BENIGN_ISOLATED,0,,NONE
usr_01404,2025-12-01 03:50:58,gmail.com,BENIGN_ISOLATED,0,,NONE
usr_01405,2026-01-24 12:40:26,gmail.com,BENIGN_ISOLATED,0,,NONE
usr_01406,2025-12-15 10:17:43,yahoo.com,BENIGN_ISOLATED,0,,NONE
usr_01407,2026-01-06 17:17:11,gmail.com,BENIGN_ISOLATED,0,,NONE
usr_01408,2025-09-17 17:23:18,gmail.com,BENIGN_ISOLATED,0,,NONE
usr_01409,2025-11-24 04:45:14,outlook.com,BENIGN_ISOLATED,0,,NONE
usr_01410,2025-12-18 00:56:52,icloud.com,BENIGN_ISOLATED,0,,NONE
usr_01411,2025-07-30 17:48:54,gmail.com,BENIGN_ISOLATED,0,,NONE
usr_01412,2025-12-09 01:11:35,outlook.com,BENIGN_ISOLATED,0,,NONE
usr_01413,2025-09-04 15:32:45,icloud.com,BENIGN_ISOLATED,0,,NONE
usr_01414,2025-08-24 19:46:56,yahoo.com,BENIGN_ISOLATED,0,,NONE
usr_01415,2025-08-13 02:21:50,gmail.com,BENIGN_ISOLATED,0,,NONE
usr_01416,2025-11-06 16:18:49,icloud.com,BENIGN_ISOLATED,0,,NONE
usr_01417,2026-01-27 02:04:25,gmail.com,BENIGN_ISOLATED,0,,NONE
usr_01418,2026-03-03 02:22:14,gmail.com,BENIGN_ISOLATED,0,,NONE
usr_01419,2026-01-07 22:47:59,yahoo.com,BENIGN_ISOLATED,0,,NONE
usr_01420,2026-02-11 23:15:39,icloud.com,BENIGN_ISOLATED,0,,NONE
usr_01421,2026-03-10 08:11:04,gmail.com,BENIGN_ISOLATED,0,,NONE
usr_01422,2025-10-03 01:16:32,yahoo.com,BENIGN_ISOLATED,0,,NONE
usr_01423,2025-12-20 03:15:35,outlook.com,BENIGN_ISOLATED,0,,NONE
usr_01424,2025-10-18 20:13:27,gmail.com,BENIGN_ISOLATED,0,,NONE
usr_01425,2025-11-23 10:01:59,outlook.com,BENIGN_ISOLATED,0,,NONE
usr_01426,2025-07-22 10:43:57,yahoo.com,BENIGN_ISOLATED,0,,NONE
usr_01427,2026-02-03 02:38:58,outlook.com,BENIGN_ISOLATED,0,,NONE
usr_01428,2025-10-24 11:57:40,outlook.com,BENIGN_ISOLATED,0,,NONE
usr_01429,2025-10-15 23:22:31,gmail.com,BENIGN_ISOLATED,0,,NONE
usr_01430,2025-08-09 05:54:39,gmail.com,BENIGN_ISOLATED,0,,NONE
usr_01431,2025-12-20 07:17:09,yahoo.com,BENIGN_ISOLATED,0,,NONE
usr_01432,2025-07-23 13:20:22,gmail.com,BENIGN_ISOLATED,0,,NONE
usr_01433,2025-12-24 08:04:18,icloud.com,BENIGN_ISOLATED,0,,NONE
usr_01434,2025-12-27 01:53:59,gmail.com,BENIGN_ISOLATED,0,,NONE
usr_01435,2026-02-26 11:49:46,gmail.com,BENIGN_ISOLATED,0,,NONE
usr_01436,2025-07-27 21:59:11,proton.me,BENIGN_ISOLATED,0,,NONE
usr_01437,2025-10-22 19:31:14,gmail.com,BENIGN_ISOLATED,0,,NONE
usr_01438,2025-12-24 14:34:57,yahoo.com,BENIGN_ISOLATED,0,,NONE
usr_01439,2025-07-11 12:52:17,yahoo.com,BENIGN_ISOLATED,0,,NONE
usr_01440,2025-11-19 15:37:55,yahoo.com,BENIGN_ISOLATED,0,,NONE
usr_01441,2025-12-01 02:04:12,outlook.com,BENIGN_ISOLATED,0,,NONE
usr_01442,2025-11-27 07:10:44,yahoo.com,BENIGN_ISOLATED,0,,NONE
usr_01443,2025-09-17 06:56:01,yahoo.com,BENIGN_ISOLATED,0,,NONE
usr_01444,2026-03-23 04:38:45,outlook.com,BENIGN_ISOLATED,0,,NONE
usr_01445,2025-09-23 02:41:39,gmail.com,BENIGN_ISOLATED,0,,NONE
usr_01446,2026-01-10 10:17:53,gmail.com,BENIGN_ISOLATED,0,,NONE
usr_01447,2025-11-19 03:32:29,gmail.com,BENIGN_ISOLATED,0,,NONE
usr_01448,2025-12-12 15:26:46,yahoo.com,BENIGN_ISOLATED,0,,NONE
usr_01449,2026-01-13 13:06:27,gmail.com,BENIGN_ISOLATED,0,,NONE
usr_01450,2026-02-22 04:32:42,gmail.com,BENIGN_ISOLATED,0,,NONE
usr_01451,2026-03-10 23:47:53,outlook.com,BENIGN_ISOLATED,0,,NONE
usr_01452,2025-12-20 12:31:09,yahoo.com,BENIGN_ISOLATED,0,,NONE
usr_01453,2025-09-19 09:56:51,yahoo.com,BENIGN_ISOLATED,0,,NONE
usr_01454,2025-09-01 10:00:13,gmail.com,BENIGN_ISOLATED,0,,NONE
usr_01455,2025-08-21 07:44:41,yahoo.com,BENIGN_ISOLATED,0,,NONE
usr_01456,2026-03-21 09:38:48,outlook.com,BENIGN_ISOLATED,0,,NONE
usr_01457,2025-11-11 11:13:24,yahoo.com,BENIGN_ISOLATED,0,,NONE
usr_01458,2025-09-09 11:39:24,gmail.com,BENIGN_ISOLATED,0,,NONE
usr_01459,2025-10-17 18:28:50,gmail.com,BENIGN_ISOLATED,0,,NONE
usr_01460,2025-11-25 05:25:59,gmail.com,BENIGN_ISOLATED,0,,NONE
usr_01461,2025-09-16 19:09:20,gmail.com,BENIGN_ISOLATED,0,,NONE
usr_01462,2025-10-02 21:44:55,icloud.com,BENIGN_ISOLATED,0,,NONE
usr_01463,2025-12-09 00:31:04,gmail.com,BENIGN_ISOLATED,0,,NONE
usr_01464,2026-01-09 00:12:03,gmail.com,BENIGN_ISOLATED,0,,NONE
usr_01465,2025-08-07 05:31:13,outlook.com,BENIGN_ISOLATED,0,,NONE
usr_01466,2025-11-22 11:59:42,gmail.com,BENIGN_ISOLATED,0,,NONE
usr_01467,2026-03-01 11:05:23,gmail.com,BENIGN_ISOLATED,0,,NONE
usr_01468,2025-10-19 04:49:39,outlook.com,BENIGN_ISOLATED,0,,NONE
usr_01469,2025-08-18 16:34:48,gmail.com,BENIGN_ISOLATED,0,,NONE
usr_01470,2025-11-22 19:55:01,gmail.com,BENIGN_ISOLATED,0,,NONE
usr_01471,2025-08-18 01:19:47,gmail.com,BENIGN_ISOLATED,0,,NONE
usr_01472,2026-03-26 14:35:38,outlook.com,BENIGN_ISOLATED,0,,NONE
usr_01473,2026-02-03 08:09:43,gmail.com,BENIGN_ISOLATED,0,,NONE
usr_01474,2025-11-25 09:09:21,yahoo.com,BENIGN_ISOLATED,0,,NONE
usr_01475,2025-11-20 01:37:47,gmail.com,BENIGN_ISOLATED,0,,NONE
usr_01476,2025-07-17 13:48:00,gmail.com,BENIGN_ISOLATED,0,,NONE
usr_01477,2025-10-16 19:17:54,gmail.com,BENIGN_ISOLATED,0,,NONE
usr_01478,2025-08-17 19:53:23,outlook.com,BENIGN_ISOLATED,0,,NONE
usr_01479,2025-09-26 06:30:51,yahoo.com,BENIGN_ISOLATED,0,,NONE
usr_01480,2025-07-11 08:22:18,gmail.com,BENIGN_ISOLATED,0,,NONE
usr_01481,2025-08-10 10:56:24,gmail.com,BENIGN_ISOLATED,0,,NONE
usr_01482,2026-02-08 21:50:13,gmail.com,BENIGN_ISOLATED,0,,NONE
usr_01483,2025-10-03 04:14:13,yahoo.com,BENIGN_ISOLATED,0,,NONE
usr_01484,2025-07-08 19:45:04,gmail.com,BENIGN_ISOLATED,0,,NONE
usr_01485,2025-11-29 06:37:48,outlook.com,BENIGN_ISOLATED,0,,NONE
usr_01486,2025-11-17 03:49:36,gmail.com,BENIGN_ISOLATED,0,,NONE
usr_01487,2025-07-07 09:01:56,gmail.com,BENIGN_ISOLATED,0,,NONE
usr_01488,2025-10-06 14:49:07,outlook.com,BENIGN_ISOLATED,0,,NONE
usr_01489,2025-07-22 22:29:35,yahoo.com,BENIGN_ISOLATED,0,,NONE
usr_01490,2026-02-24 23:33:49,gmail.com,BENIGN_ISOLATED,0,,NONE
usr_01491,2025-11-25 11:09:26,gmail.com,BENIGN_ISOLATED,0,,NONE
usr_01492,2025-12-10 23:13:27,gmail.com,BENIGN_ISOLATED,0,,NONE
usr_01493,2026-02-26 11:11:49,gmail.com,BENIGN_ISOLATED,0,,NONE
usr_01494,2026-03-02 04:48:31,gmail.com,BENIGN_ISOLATED,0,,NONE
usr_01495,2026-01-22 17:01:02,gmail.com,BENIGN_ISOLATED,0,,NONE
usr_01496,2025-10-27 21:40:25,gmail.com,BENIGN_ISOLATED,0,,NONE
usr_01497,2025-12-21 20:52:06,gmail.com,BENIGN_ISOLATED,0,,NONE
usr_01498,2026-01-30 00:47:15,icloud.com,BENIGN_ISOLATED,0,,NONE
usr_01499,2025-12-05 18:03:12,gmail.com,BENIGN_ISOLATED,0,,NONE
usr_01500,2025-11-11 11:21:00,proton.me,BENIGN_ISOLATED,0,,NONE
usr_01501,2025-12-12 10:41:56,yahoo.com,BENIGN_ISOLATED,0,,NONE
usr_01502,2026-01-08 02:37:55,gmail.com,BENIGN_ISOLATED,0,,NONE
usr_01503,2025-11-25 10:26:34,outlook.com,BENIGN_ISOLATED,0,,NONE
usr_01504,2025-11-20 23:18:54,yahoo.com,BENIGN_ISOLATED,0,,NONE
usr_01505,2025-09-19 05:32:49,outlook.com,BENIGN_ISOLATED,0,,NONE
usr_01506,2025-07-09 01:27:56,yahoo.com,BENIGN_ISOLATED,0,,NONE
usr_01507,2026-02-24 01:11:01,gmail.com,BENIGN_ISOLATED,0,,NONE
usr_01508,2026-01-02 10:04:16,gmail.com,BENIGN_ISOLATED,0,,NONE
usr_01509,2026-01-16 06:33:38,gmail.com,BENIGN_ISOLATED,0,,NONE
usr_01510,2025-11-29 05:42:23,gmail.com,BENIGN_ISOLATED,0,,NONE
usr_01511,2026-02-08 01:46:20,gmail.com,BENIGN_ISOLATED,0,,NONE
usr_01512,2025-11-21 00:44:02,yahoo.com,BENIGN_ISOLATED,0,,NONE
usr_01513,2025-12-21 13:47:42,gmail.com,BENIGN_ISOLATED,0,,NONE
usr_01514,2026-03-26 22:37:33,gmail.com,BENIGN_ISOLATED,0,,NONE
usr_01515,2025-12-12 01:12:25,gmail.com,BENIGN_ISOLATED,0,,NONE
usr_01516,2026-02-10 04:58:15,outlook.com,BENIGN_ISOLATED,0,,NONE
usr_01517,2025-07-06 01:57:03,outlook.com,BENIGN_ISOLATED,0,,NONE
usr_01518,2025-10-01 20:00:25,yahoo.com,BENIGN_ISOLATED,0,,NONE
usr_01519,2025-11-19 00:20:04,gmail.com,BENIGN_ISOLATED,0,,NONE
usr_01520,2026-03-14 13:03:29,outlook.com,BENIGN_ISOLATED,0,,NONE
usr_01521,2025-07-23 09:59:51,gmail.com,BENIGN_ISOLATED,0,,NONE
usr_01522,2025-07-10 21:59:12,gmail.com,BENIGN_ISOLATED,0,,NONE
usr_01523,2025-09-24 09:02:43,yahoo.com,BENIGN_ISOLATED,0,,NONE
usr_01524,2025-08-30 11:57:24,gmail.com,BENIGN_ISOLATED,0,,NONE
usr_01525,2025-12-12 11:09:47,icloud.com,BENIGN_ISOLATED,0,,NONE
usr_01526,2025-12-17 19:24:13,gmail.com,BENIGN_ISOLATED,0,,NONE
usr_01527,2026-02-28 00:02:42,gmail.com,BENIGN_ISOLATED,0,,NONE
usr_01528,2025-11-23 18:34:32,gmail.com,BENIGN_ISOLATED,0,,NONE
usr_01529,2025-08-03 11:16:00,gmail.com,BENIGN_ISOLATED,0,,NONE
usr_01530,2026-03-09 20:20:25,gmail.com,BENIGN_ISOLATED,0,,NONE
usr_01531,2026-01-20 21:27:12,icloud.com,BENIGN_ISOLATED,0,,NONE
usr_01532,2025-09-23 02:01:26,gmail.com,BENIGN_ISOLATED,0,,NONE
usr_01533,2025-07-25 16:04:02,gmail.com,BENIGN_ISOLATED,0,,NONE
usr_01534,2026-01-11 14:02:49,yahoo.com,BENIGN_ISOLATED,0,,NONE
usr_01535,2025-12-12 18:23:58,gmail.com,BENIGN_ISOLATED,0,,NONE
usr_01536,2025-08-27 21:31:57,gmail.com,BENIGN_ISOLATED,0,,NONE
usr_01537,2026-01-23 09:26:17,gmail.com,BENIGN_ISOLATED,0,,NONE
usr_01538,2026-02-12 05:21:47,yahoo.com,BENIGN_ISOLATED,0,,NONE
usr_01539,2025-12-12 23:37:03,gmail.com,BENIGN_ISOLATED,0,,NONE
usr_01540,2025-09-29 23:48:56,gmail.com,BENIGN_ISOLATED,0,,NONE
usr_01541,2025-09-24 20:24:09,gmail.com,BENIGN_ISOLATED,0,,NONE
usr_01542,2025-12-22 23:17:38,gmail.com,BENIGN_ISOLATED,0,,NONE
usr_01543,2025-08-18 11:14:12,yahoo.com,BENIGN_ISOLATED,0,,NONE
usr_01544,2025-10-09 22:05:42,outlook.com,BENIGN_ISOLATED,0,,NONE
usr_01545,2025-09-15 21:48:44,icloud.com,BENIGN_ISOLATED,0,,NONE
usr_01546,2025-11-02 01:29:13,gmail.com,BENIGN_ISOLATED,0,,NONE
usr_01547,2026-03-05 00:31:40,gmail.com,BENIGN_ISOLATED,0,,NONE
usr_01548,2026-01-06 14:19:13,gmail.com,BENIGN_ISOLATED,0,,NONE
usr_01549,2025-11-02 06:41:21,outlook.com,BENIGN_ISOLATED,0,,NONE
usr_01550,2025-09-22 12:21:16,yahoo.com,BENIGN_ISOLATED,0,,NONE
usr_01551,2026-01-19 11:30:26,gmail.com,BENIGN_ISOLATED,0,,NONE
usr_01552,2025-11-16 21:28:57,icloud.com,BENIGN_ISOLATED,0,,NONE
usr_01553,2025-11-11 21:35:06,gmail.com,BENIGN_ISOLATED,0,,NONE
usr_01554,2025-11-29 17:28:08,yahoo.com,BENIGN_ISOLATED,0,,NONE
usr_01555,2025-12-04 03:27:26,gmail.com,BENIGN_ISOLATED,0,,NONE
usr_01556,2026-03-04 19:51:02,gmail.com,BENIGN_ISOLATED,0,,NONE
usr_01557,2025-09-26 15:31:00,gmail.com,BENIGN_ISOLATED,0,,NONE
usr_01558,2025-09-22 06:44:10,yahoo.com,BENIGN_ISOLATED,0,,NONE
usr_01559,2025-11-20 23:52:01,yahoo.com,BENIGN_ISOLATED,0,,NONE
usr_01560,2025-12-03 14:25:15,outlook.com,BENIGN_ISOLATED,0,,NONE
usr_01561,2025-12-02 00:04:21,gmail.com,BENIGN_ISOLATED,0,,NONE
usr_01562,2025-10-13 01:19:50,gmail.com,BENIGN_ISOLATED,0,,NONE
usr_01563,2025-07-29 20:39:12,gmail.com,BENIGN_ISOLATED,0,,NONE
usr_01564,2025-10-04 10:45:42,outlook.com,BENIGN_ISOLATED,0,,NONE
usr_01565,2026-01-09 23:06:46,proton.me,BENIGN_ISOLATED,0,,NONE
usr_01566,2025-08-25 09:31:00,gmail.com,BENIGN_ISOLATED,0,,NONE
usr_01567,2025-10-28 19:52:55,proton.me,BENIGN_ISOLATED,0,,NONE
usr_01568,2025-10-01 04:17:14,gmail.com,BENIGN_ISOLATED,0,,NONE
usr_01569,2025-12-27 01:20:51,gmail.com,BENIGN_ISOLATED,0,,NONE
usr_01570,2025-10-28 00:37:47,yahoo.com,BENIGN_ISOLATED,0,,NONE
usr_01571,2025-08-17 23:23:16,gmail.com,BENIGN_ISOLATED,0,,NONE
usr_01572,2025-08-21 16:58:22,outlook.com,BENIGN_ISOLATED,0,,NONE
usr_01573,2025-07-30 07:07:40,proton.me,BENIGN_ISOLATED,0,,NONE
usr_01574,2025-09-22 01:22:26,outlook.com,BENIGN_ISOLATED,0,,NONE
usr_01575,2025-08-11 15:26:34,outlook.com,BENIGN_ISOLATED,0,,NONE
usr_01576,2025-08-31 19:31:57,gmail.com,BENIGN_ISOLATED,0,,NONE
usr_01577,2025-08-10 15:15:40,gmail.com,BENIGN_ISOLATED,0,,NONE
usr_01578,2026-03-17 14:53:49,gmail.com,BENIGN_ISOLATED,0,,NONE
usr_01579,2025-08-06 12:30:10,icloud.com,BENIGN_ISOLATED,0,,NONE
usr_01580,2025-10-08 15:37:40,icloud.com,BENIGN_ISOLATED,0,,NONE
usr_01581,2025-10-12 20:23:36,gmail.com,BENIGN_ISOLATED,0,,NONE
usr_01582,2025-12-04 00:40:11,gmail.com,BENIGN_ISOLATED,0,,NONE
usr_01583,2025-11-20 21:59:11,gmail.com,BENIGN_ISOLATED,0,,NONE
usr_01584,2026-03-19 13:37:12,gmail.com,BENIGN_ISOLATED,0,,NONE
usr_01585,2026-03-12 20:40:51,outlook.com,BENIGN_ISOLATED,0,,NONE
usr_01586,2026-03-06 11:38:11,gmail.com,BENIGN_ISOLATED,0,,NONE
usr_01587,2025-12-19 19:41:34,gmail.com,BENIGN_ISOLATED,0,,NONE
usr_01588,2025-10-10 19:47:24,yahoo.com,BENIGN_ISOLATED,0,,NONE
usr_01589,2025-10-15 20:42:09,outlook.com,BENIGN_ISOLATED,0,,NONE
usr_01590,2025-07-15 01:55:46,gmail.com,BENIGN_ISOLATED,0,,NONE
usr_01591,2025-11-29 02:11:29,gmail.com,BENIGN_ISOLATED,0,,NONE
usr_01592,2025-07-07 10:38:54,gmail.com,BENIGN_ISOLATED,0,,NONE
usr_01593,2026-02-02 20:14:08,gmail.com,BENIGN_ISOLATED,0,,NONE
usr_01594,2026-01-12 06:20:05,gmail.com,BENIGN_ISOLATED,0,,NONE
usr_01595,2026-02-19 11:48:39,gmail.com,BENIGN_ISOLATED,0,,NONE
usr_01596,2026-02-02 14:28:55,gmail.com,BENIGN_ISOLATED,0,,NONE
usr_01597,2026-02-22 13:13:06,proton.me,BENIGN_ISOLATED,0,,NONE
usr_01598,2025-11-11 06:22:42,yahoo.com,BENIGN_ISOLATED,0,,NONE
usr_01599,2025-11-17 08:55:49,outlook.com,BENIGN_ISOLATED,0,,NONE
usr_01600,2026-02-13 08:26:49,outlook.com,BENIGN_ISOLATED,0,,NONE
usr_01601,2025-11-17 10:08:56,yahoo.com,BENIGN_ISOLATED,0,,NONE
usr_01602,2025-08-16 08:32:09,yahoo.com,BENIGN_ISOLATED,0,,NONE
usr_01603,2026-03-05 17:40:53,yahoo.com,BENIGN_ISOLATED,0,,NONE
usr_01604,2025-08-18 06:10:57,icloud.com,BENIGN_ISOLATED,0,,NONE
usr_01605,2025-07-19 05:34:38,gmail.com,BENIGN_ISOLATED,0,,NONE
usr_01606,2025-09-14 03:23:52,gmail.com,BENIGN_ISOLATED,0,,NONE
usr_01607,2025-07-11 06:06:25,gmail.com,BENIGN_ISOLATED,0,,NONE
usr_01608,2025-11-06 10:30:25,gmail.com,BENIGN_ISOLATED,0,,NONE
usr_01609,2026-01-16 11:06:31,gmail.com,BENIGN_ISOLATED,0,,NONE
usr_01610,2025-10-10 04:32:02,proton.me,BENIGN_ISOLATED,0,,NONE
usr_01611,2025-10-10 19:14:08,gmail.com,BENIGN_ISOLATED,0,,NONE
usr_01612,2025-08-13 23:40:11,gmail.com,BENIGN_ISOLATED,0,,NONE
usr_01613,2025-12-18 08:03:12,proton.me,BENIGN_ISOLATED,0,,NONE
usr_01614,2025-09-04 18:36:56,outlook.com,BENIGN_ISOLATED,0,,NONE
usr_01615,2025-09-19 17:12:49,outlook.com,BENIGN_ISOLATED,0,,NONE
usr_01616,2026-01-14 22:07:19,gmail.com,BENIGN_ISOLATED,0,,NONE
usr_01617,2025-09-12 07:48:28,gmail.com,BENIGN_ISOLATED,0,,NONE
usr_01618,2026-02-04 16:57:12,outlook.com,BENIGN_ISOLATED,0,,NONE
usr_01619,2025-07-28 05:17:54,gmail.com,BENIGN_ISOLATED,0,,NONE
usr_01620,2026-02-05 10:49:13,yahoo.com,BENIGN_ISOLATED,0,,NONE
usr_01621,2025-11-22 18:46:40,gmail.com,BENIGN_ISOLATED,0,,NONE
usr_01622,2025-12-04 23:34:30,gmail.com,BENIGN_ISOLATED,0,,NONE
usr_01623,2025-07-06 09:35:58,gmail.com,BENIGN_ISOLATED,0,,NONE
usr_01624,2025-11-20 12:33:46,gmail.com,BENIGN_ISOLATED,0,,NONE
usr_01625,2025-11-27 23:19:48,yahoo.com,BENIGN_ISOLATED,0,,NONE
usr_01626,2025-09-08 10:12:26,outlook.com,BENIGN_ISOLATED,0,,NONE
usr_01627,2026-03-06 22:18:45,outlook.com,BENIGN_ISOLATED,0,,NONE
usr_01628,2025-08-18 13:15:21,gmail.com,BENIGN_ISOLATED,0,,NONE
usr_01629,2025-10-16 10:37:20,yahoo.com,BENIGN_ISOLATED,0,,NONE
usr_01630,2025-11-27 12:15:00,gmail.com,BENIGN_ISOLATED,0,,NONE
usr_01631,2025-08-26 08:39:49,gmail.com,BENIGN_ISOLATED,0,,NONE
usr_01632,2025-11-15 15:14:09,outlook.com,BENIGN_ISOLATED,0,,NONE
usr_01633,2026-03-01 14:03:38,gmail.com,BENIGN_ISOLATED,0,,NONE
usr_01634,2025-10-13 00:18:04,gmail.com,BENIGN_ISOLATED,0,,NONE
usr_01635,2025-08-19 09:26:36,gmail.com,BENIGN_ISOLATED,0,,NONE
usr_01636,2025-11-25 19:05:11,yahoo.com,BENIGN_ISOLATED,0,,NONE
usr_01637,2025-09-22 03:04:21,gmail.com,BENIGN_ISOLATED,0,,NONE
usr_01638,2025-07-29 22:53:29,gmail.com,BENIGN_ISOLATED,0,,NONE
usr_01639,2026-01-20 01:47:46,gmail.com,BENIGN_ISOLATED,0,,NONE
usr_01640,2026-02-15 20:11:31,gmail.com,BENIGN_ISOLATED,0,,NONE
usr_01641,2025-10-17 18:58:15,outlook.com,BENIGN_ISOLATED,0,,NONE
usr_01642,2025-07-13 10:00:34,gmail.com,BENIGN_ISOLATED,0,,NONE
usr_01643,2025-11-03 01:53:38,yahoo.com,BENIGN_ISOLATED,0,,NONE
usr_01644,2026-03-26 13:56:20,outlook.com,BENIGN_ISOLATED,0,,NONE
usr_01645,2025-11-18 18:09:18,outlook.com,BENIGN_ISOLATED,0,,NONE
usr_01646,2026-01-19 11:37:37,outlook.com,BENIGN_ISOLATED,0,,NONE
usr_01647,2026-01-04 13:09:30,gmail.com,BENIGN_ISOLATED,0,,NONE
usr_01648,2025-08-13 00:12:54,outlook.com,BENIGN_ISOLATED,0,,NONE
usr_01649,2026-02-05 03:48:13,yahoo.com,BENIGN_ISOLATED,0,,NONE
usr_01650,2025-12-06 23:26:06,outlook.com,BENIGN_ISOLATED,0,,NONE
usr_01651,2025-10-13 21:41:35,gmail.com,BENIGN_ISOLATED,0,,NONE
usr_01652,2025-08-25 04:09:23,outlook.com,BENIGN_ISOLATED,0,,NONE
usr_01653,2026-02-09 16:02:28,gmail.com,BENIGN_ISOLATED,0,,NONE
usr_01654,2025-09-12 02:27:26,gmail.com,BENIGN_ISOLATED,0,,NONE
usr_01655,2026-02-17 02:14:41,icloud.com,BENIGN_ISOLATED,0,,NONE
usr_01656,2026-03-23 21:07:20,gmail.com,BENIGN_ISOLATED,0,,NONE
usr_01657,2025-08-31 04:29:19,outlook.com,BENIGN_ISOLATED,0,,NONE
usr_01658,2026-02-18 13:09:31,gmail.com,BENIGN_ISOLATED,0,,NONE
usr_01659,2025-11-16 19:43:39,outlook.com,BENIGN_ISOLATED,0,,NONE
usr_01660,2025-09-12 23:39:54,gmail.com,BENIGN_ISOLATED,0,,NONE
usr_01661,2025-09-25 07:49:03,icloud.com,BENIGN_ISOLATED,0,,NONE
usr_01662,2025-12-08 07:34:04,gmail.com,BENIGN_ISOLATED,0,,NONE
usr_01663,2025-09-23 18:43:21,outlook.com,BENIGN_ISOLATED,0,,NONE
usr_01664,2026-03-16 11:11:15,yahoo.com,BENIGN_ISOLATED,0,,NONE
usr_01665,2025-09-18 03:50:50,icloud.com,BENIGN_ISOLATED,0,,NONE
usr_01666,2026-01-01 03:13:18,proton.me,BENIGN_ISOLATED,0,,NONE
usr_01667,2025-10-16 03:25:07,gmail.com,BENIGN_ISOLATED,0,,NONE
usr_01668,2026-01-31 19:00:22,outlook.com,BENIGN_ISOLATED,0,,NONE
usr_01669,2025-07-17 02:54:32,gmail.com,BENIGN_ISOLATED,0,,NONE
usr_01670,2025-12-19 03:26:48,gmail.com,BENIGN_ISOLATED,0,,NONE
usr_01671,2026-01-06 18:54:47,gmail.com,BENIGN_ISOLATED,0,,NONE
usr_01672,2026-01-24 11:12:00,icloud.com,BENIGN_ISOLATED,0,,NONE
usr_01673,2025-12-27 14:23:35,yahoo.com,BENIGN_ISOLATED,0,,NONE
usr_01674,2025-10-09 00:28:54,yahoo.com,BENIGN_ISOLATED,0,,NONE
usr_01675,2026-02-11 10:14:54,icloud.com,BENIGN_ISOLATED,0,,NONE
usr_01676,2025-08-01 07:17:41,gmail.com,BENIGN_ISOLATED,0,,NONE
usr_01677,2026-01-19 13:32:02,outlook.com,BENIGN_ISOLATED,0,,NONE
usr_01678,2026-01-11 22:02:16,outlook.com,BENIGN_ISOLATED,0,,NONE
usr_01679,2026-01-28 05:21:53,gmail.com,BENIGN_ISOLATED,0,,NONE
usr_01680,2025-10-18 08:03:49,gmail.com,BENIGN_ISOLATED,0,,NONE
usr_01681,2026-03-07 19:19:04,gmail.com,BENIGN_ISOLATED,0,,NONE
usr_01682,2025-07-20 03:32:46,outlook.com,BENIGN_ISOLATED,0,,NONE
usr_01683,2025-12-27 20:06:18,gmail.com,BENIGN_ISOLATED,0,,NONE
usr_01684,2025-08-24 11:03:47,gmail.com,BENIGN_ISOLATED,0,,NONE
usr_01685,2025-10-08 16:35:43,gmail.com,BENIGN_ISOLATED,0,,NONE
usr_01686,2025-07-12 00:24:21,gmail.com,BENIGN_ISOLATED,0,,NONE
usr_01687,2025-08-12 01:01:05,outlook.com,BENIGN_ISOLATED,0,,NONE
usr_01688,2025-12-16 02:58:51,gmail.com,BENIGN_ISOLATED,0,,NONE
usr_01689,2025-11-04 14:45:49,gmail.com,BENIGN_ISOLATED,0,,NONE
usr_01690,2025-11-03 10:51:48,gmail.com,BENIGN_ISOLATED,0,,NONE
usr_01691,2025-07-19 23:15:57,gmail.com,BENIGN_ISOLATED,0,,NONE
usr_01692,2025-09-24 00:44:39,gmail.com,BENIGN_ISOLATED,0,,NONE
usr_01693,2025-10-28 22:29:54,gmail.com,BENIGN_ISOLATED,0,,NONE
usr_01694,2026-02-20 21:13:45,icloud.com,BENIGN_ISOLATED,0,,NONE
usr_01695,2025-10-09 04:09:00,gmail.com,BENIGN_ISOLATED,0,,NONE
usr_01696,2025-11-16 17:22:07,gmail.com,BENIGN_ISOLATED,0,,NONE
usr_01697,2026-02-18 02:00:12,gmail.com,BENIGN_ISOLATED,0,,NONE
usr_01698,2025-07-10 21:11:05,gmail.com,BENIGN_ISOLATED,0,,NONE
usr_01699,2026-01-02 03:56:50,gmail.com,BENIGN_ISOLATED,0,,NONE
usr_01700,2025-10-19 19:24:35,gmail.com,BENIGN_ISOLATED,0,,NONE
usr_01701,2025-09-21 20:47:41,proton.me,BENIGN_ISOLATED,0,,NONE
usr_01702,2025-12-31 07:44:40,yahoo.com,BENIGN_ISOLATED,0,,NONE
usr_01703,2026-02-24 09:44:28,gmail.com,BENIGN_ISOLATED,0,,NONE
usr_01704,2025-07-21 06:47:04,gmail.com,BENIGN_ISOLATED,0,,NONE
usr_01705,2026-03-08 10:14:46,gmail.com,BENIGN_ISOLATED,0,,NONE
usr_01706,2025-08-30 17:40:54,yahoo.com,BENIGN_ISOLATED,0,,NONE
usr_01707,2026-02-21 06:39:22,gmail.com,BENIGN_ISOLATED,0,,NONE
usr_01708,2025-12-25 12:53:28,proton.me,BENIGN_ISOLATED,0,,NONE
usr_01709,2025-07-16 14:09:59,gmail.com,BENIGN_ISOLATED,0,,NONE
usr_01710,2025-09-11 20:50:43,yahoo.com,BENIGN_ISOLATED,0,,NONE
usr_01711,2025-11-22 19:30:35,yahoo.com,BENIGN_ISOLATED,0,,NONE
usr_01712,2026-02-16 02:59:53,gmail.com,BENIGN_ISOLATED,0,,NONE
usr_01713,2025-10-27 09:51:13,yahoo.com,BENIGN_ISOLATED,0,,NONE
usr_01714,2026-02-11 21:16:00,yahoo.com,BENIGN_ISOLATED,0,,NONE
usr_01715,2026-02-28 04:46:37,yahoo.com,BENIGN_ISOLATED,0,,NONE
usr_01716,2025-09-29 13:19:16,outlook.com,BENIGN_ISOLATED,0,,NONE
usr_01717,2025-07-08 20:30:12,outlook.com,BENIGN_ISOLATED,0,,NONE
usr_01718,2026-03-24 17:00:25,gmail.com,BENIGN_ISOLATED,0,,NONE
usr_01719,2025-11-26 13:40:44,gmail.com,BENIGN_ISOLATED,0,,NONE
usr_01720,2026-03-16 05:59:34,yahoo.com,BENIGN_ISOLATED,0,,NONE
usr_01721,2025-07-13 20:09:26,outlook.com,BENIGN_ISOLATED,0,,NONE
usr_01722,2026-03-23 23:41:57,gmail.com,BENIGN_ISOLATED,0,,NONE
usr_01723,2026-03-06 08:54:46,yahoo.com,BENIGN_ISOLATED,0,,NONE
usr_01724,2025-11-24 11:49:42,yahoo.com,BENIGN_ISOLATED,0,,NONE
usr_01725,2026-01-23 02:47:59,outlook.com,BENIGN_ISOLATED,0,,NONE
usr_01726,2026-01-11 15:45:37,yahoo.com,BENIGN_ISOLATED,0,,NONE
usr_01727,2025-07-24 12:58:27,gmail.com,BENIGN_ISOLATED,0,,NONE
usr_01728,2025-08-01 06:14:48,gmail.com,BENIGN_ISOLATED,0,,NONE
usr_01729,2025-09-03 15:13:14,yahoo.com,BENIGN_ISOLATED,0,,NONE
usr_01730,2026-01-26 00:43:22,yahoo.com,BENIGN_ISOLATED,0,,NONE
usr_01731,2025-12-25 21:27:28,yahoo.com,BENIGN_ISOLATED,0,,NONE
usr_01732,2025-11-20 02:12:23,outlook.com,BENIGN_ISOLATED,0,,NONE
usr_01733,2025-08-20 01:18:54,yahoo.com,BENIGN_ISOLATED,0,,NONE
usr_01734,2025-07-21 19:56:44,gmail.com,BENIGN_ISOLATED,0,,NONE
usr_01735,2025-11-16 17:27:27,yahoo.com,BENIGN_ISOLATED,0,,NONE
usr_01736,2025-11-27 16:09:14,gmail.com,BENIGN_ISOLATED,0,,NONE
usr_01737,2026-02-14 12:21:15,outlook.com,BENIGN_ISOLATED,0,,NONE
usr_01738,2025-12-03 04:15:01,yahoo.com,BENIGN_ISOLATED,0,,NONE
usr_01739,2025-10-01 08:30:09,gmail.com,BENIGN_ISOLATED,0,,NONE
usr_01740,2025-12-06 15:51:10,gmail.com,BENIGN_ISOLATED,0,,NONE
usr_01741,2025-07-31 14:07:19,gmail.com,BENIGN_ISOLATED,0,,NONE
usr_01742,2026-02-08 18:28:00,gmail.com,BENIGN_ISOLATED,0,,NONE
usr_01743,2025-11-05 23:46:22,gmail.com,BENIGN_ISOLATED,0,,NONE
usr_01744,2025-08-14 02:25:18,gmail.com,BENIGN_ISOLATED,0,,NONE
usr_01745,2026-02-07 02:39:04,icloud.com,BENIGN_ISOLATED,0,,NONE
usr_01746,2026-02-02 06:07:42,icloud.com,BENIGN_ISOLATED,0,,NONE
usr_01747,2025-10-10 04:00:24,yahoo.com,BENIGN_ISOLATED,0,,NONE
usr_01748,2025-09-20 01:32:43,yahoo.com,BENIGN_ISOLATED,0,,NONE
usr_01749,2026-02-07 05:38:57,outlook.com,BENIGN_ISOLATED,0,,NONE
usr_01750,2025-11-28 04:02:10,yahoo.com,BENIGN_ISOLATED,0,,NONE
usr_01751,2026-02-08 15:52:24,outlook.com,BENIGN_ISOLATED,0,,NONE
usr_01752,2026-02-15 00:43:37,gmail.com,BENIGN_ISOLATED,0,,NONE
usr_01753,2025-10-22 17:58:28,yahoo.com,BENIGN_ISOLATED,0,,NONE
usr_01754,2026-03-04 02:34:21,gmail.com,BENIGN_ISOLATED,0,,NONE
usr_01755,2025-09-19 04:01:05,outlook.com,BENIGN_ISOLATED,0,,NONE
usr_01756,2025-07-07 18:47:34,gmail.com,BENIGN_ISOLATED,0,,NONE
usr_01757,2025-07-28 14:28:27,gmail.com,BENIGN_ISOLATED,0,,NONE
usr_01758,2025-07-12 04:46:44,gmail.com,BENIGN_ISOLATED,0,,NONE
usr_01759,2025-11-08 09:46:05,gmail.com,BENIGN_ISOLATED,0,,NONE
usr_01760,2025-11-24 06:49:23,gmail.com,BENIGN_ISOLATED,0,,NONE
usr_01761,2025-08-26 07:45:08,gmail.com,BENIGN_ISOLATED,0,,NONE
usr_01762,2026-02-13 15:57:59,gmail.com,BENIGN_ISOLATED,0,,NONE
usr_01763,2026-03-11 00:49:01,outlook.com,BENIGN_ISOLATED,0,,NONE
usr_01764,2025-10-24 06:15:34,icloud.com,BENIGN_ISOLATED,0,,NONE
usr_01765,2025-07-24 04:46:03,gmail.com,BENIGN_ISOLATED,0,,NONE
usr_01766,2025-10-07 01:32:07,proton.me,BENIGN_ISOLATED,0,,NONE
usr_01767,2025-08-23 00:14:27,gmail.com,BENIGN_ISOLATED,0,,NONE
usr_01768,2025-12-24 01:59:27,outlook.com,BENIGN_ISOLATED,0,,NONE
usr_01769,2025-09-25 13:15:24,yahoo.com,BENIGN_ISOLATED,0,,NONE
usr_01770,2025-08-02 07:20:35,gmail.com,BENIGN_ISOLATED,0,,NONE
usr_01771,2025-11-28 16:22:20,gmail.com,BENIGN_ISOLATED,0,,NONE
usr_01772,2025-09-02 20:13:49,gmail.com,BENIGN_ISOLATED,0,,NONE
usr_01773,2025-12-09 16:58:09,gmail.com,BENIGN_ISOLATED,0,,NONE
usr_01774,2026-02-17 17:57:45,yahoo.com,BENIGN_ISOLATED,0,,NONE
usr_01775,2025-12-15 09:54:04,gmail.com,BENIGN_ISOLATED,0,,NONE
usr_01776,2025-08-13 03:02:05,yahoo.com,BENIGN_ISOLATED,0,,NONE
usr_01777,2026-01-08 05:22:09,yahoo.com,BENIGN_ISOLATED,0,,NONE
usr_01778,2026-02-25 09:28:52,gmail.com,BENIGN_ISOLATED,0,,NONE
usr_01779,2025-12-17 10:39:03,gmail.com,BENIGN_ISOLATED,0,,NONE
usr_01780,2026-03-22 02:33:13,gmail.com,BENIGN_ISOLATED,0,,NONE
usr_01781,2026-02-08 09:20:50,yahoo.com,BENIGN_ISOLATED,0,,NONE
usr_01782,2025-12-04 12:38:55,yahoo.com,BENIGN_ISOLATED,0,,NONE
usr_01783,2025-12-23 21:49:54,gmail.com,BENIGN_ISOLATED,0,,NONE
usr_01784,2025-11-10 15:09:30,gmail.com,BENIGN_ISOLATED,0,,NONE
usr_01785,2025-09-01 08:50:47,proton.me,BENIGN_ISOLATED,0,,NONE
usr_01786,2025-10-05 22:37:49,gmail.com,BENIGN_ISOLATED,0,,NONE
usr_01787,2025-11-27 07:21:06,yahoo.com,BENIGN_ISOLATED,0,,NONE
usr_01788,2025-10-17 07:59:02,gmail.com,BENIGN_ISOLATED,0,,NONE
usr_01789,2025-11-23 01:05:01,gmail.com,BENIGN_ISOLATED,0,,NONE
usr_01790,2026-03-06 20:17:42,outlook.com,BENIGN_ISOLATED,0,,NONE
usr_01791,2026-01-07 00:09:08,gmail.com,BENIGN_ISOLATED,0,,NONE
usr_01792,2026-01-10 22:56:21,outlook.com,BENIGN_ISOLATED,0,,NONE
usr_01793,2025-07-29 20:31:48,yahoo.com,BENIGN_ISOLATED,0,,NONE
usr_01794,2025-08-24 17:48:00,gmail.com,BENIGN_ISOLATED,0,,NONE
usr_01795,2026-01-15 01:56:03,outlook.com,BENIGN_ISOLATED,0,,NONE
usr_01796,2025-07-16 14:46:21,gmail.com,BENIGN_ISOLATED,0,,NONE
usr_01797,2026-03-13 22:28:00,gmail.com,BENIGN_ISOLATED,0,,NONE
usr_01798,2025-09-04 04:49:21,gmail.com,BENIGN_ISOLATED,0,,NONE
usr_01799,2025-08-23 19:33:17,outlook.com,BENIGN_ISOLATED,0,,NONE
usr_01800,2025-12-03 15:44:40,gmail.com,BENIGN_ISOLATED,0,,NONE
usr_01801,2025-12-18 02:41:59,outlook.com,BENIGN_ISOLATED,0,,NONE
usr_01802,2026-02-01 19:44:48,outlook.com,BENIGN_ISOLATED,0,,NONE
usr_01803,2025-12-07 20:47:33,gmail.com,BENIGN_ISOLATED,0,,NONE
usr_01804,2025-09-08 17:45:52,gmail.com,BENIGN_ISOLATED,0,,NONE
usr_01805,2025-10-06 09:34:04,yahoo.com,BENIGN_ISOLATED,0,,NONE
usr_01806,2025-12-22 13:24:57,yahoo.com,BENIGN_ISOLATED,0,,NONE
usr_01807,2025-10-20 13:51:23,gmail.com,BENIGN_ISOLATED,0,,NONE
usr_01808,2026-02-28 23:22:00,gmail.com,BENIGN_ISOLATED,0,,NONE
usr_01809,2026-01-03 06:41:06,gmail.com,BENIGN_ISOLATED,0,,NONE
usr_01810,2025-12-09 20:40:28,gmail.com,BENIGN_ISOLATED,0,,NONE
usr_01811,2026-02-15 10:09:15,gmail.com,BENIGN_ISOLATED,0,,NONE
usr_01812,2026-01-19 10:44:31,gmail.com,BENIGN_ISOLATED,0,,NONE
usr_01813,2025-07-29 10:34:32,gmail.com,BENIGN_ISOLATED,0,,NONE
usr_01814,2025-12-10 05:58:20,yahoo.com,BENIGN_ISOLATED,0,,NONE
usr_01815,2025-12-11 05:09:20,outlook.com,BENIGN_ISOLATED,0,,NONE
usr_01816,2025-10-24 21:46:25,gmail.com,BENIGN_ISOLATED,0,,NONE
usr_01817,2025-12-05 19:10:11,gmail.com,BENIGN_ISOLATED,0,,NONE
usr_01818,2025-07-08 16:11:35,gmail.com,BENIGN_ISOLATED,0,,NONE
usr_01819,2025-10-28 01:21:31,gmail.com,BENIGN_ISOLATED,0,,NONE
usr_01820,2026-02-20 20:27:36,gmail.com,BENIGN_ISOLATED,0,,NONE
usr_01821,2025-10-11 23:48:46,gmail.com,BENIGN_ISOLATED,0,,NONE
usr_01822,2025-09-04 02:05:41,yahoo.com,BENIGN_ISOLATED,0,,NONE
usr_01823,2025-12-29 10:37:48,gmail.com,BENIGN_ISOLATED,0,,NONE
usr_01824,2026-03-20 18:05:46,proton.me,BENIGN_ISOLATED,0,,NONE
usr_01825,2025-12-19 01:49:43,outlook.com,BENIGN_ISOLATED,0,,NONE
usr_01826,2025-12-30 20:48:11,gmail.com,BENIGN_ISOLATED,0,,NONE
usr_01827,2025-12-12 15:56:22,gmail.com,BENIGN_ISOLATED,0,,NONE
usr_01828,2025-11-06 16:19:38,gmail.com,BENIGN_ISOLATED,0,,NONE
usr_01829,2025-08-16 10:20:43,outlook.com,BENIGN_ISOLATED,0,,NONE
usr_01830,2025-10-27 05:28:12,icloud.com,BENIGN_ISOLATED,0,,NONE
usr_01831,2025-12-03 03:16:18,gmail.com,BENIGN_ISOLATED,0,,NONE
usr_01832,2026-02-21 08:11:38,gmail.com,BENIGN_ISOLATED,0,,NONE
usr_01833,2026-01-31 10:37:35,yahoo.com,BENIGN_ISOLATED,0,,NONE
usr_01834,2025-11-29 16:32:40,gmail.com,BENIGN_ISOLATED,0,,NONE
usr_01835,2025-10-31 06:27:32,gmail.com,BENIGN_ISOLATED,0,,NONE
usr_01836,2026-03-16 00:26:47,icloud.com,BENIGN_ISOLATED,0,,NONE
usr_01837,2026-02-05 13:55:37,outlook.com,BENIGN_ISOLATED,0,,NONE
usr_01838,2025-07-26 12:12:51,yahoo.com,BENIGN_ISOLATED,0,,NONE
usr_01839,2026-03-04 00:24:55,outlook.com,BENIGN_ISOLATED,0,,NONE
usr_01840,2025-09-27 12:08:34,gmail.com,BENIGN_ISOLATED,0,,NONE
usr_01841,2025-12-06 16:46:49,gmail.com,BENIGN_ISOLATED,0,,NONE
usr_01842,2025-08-13 05:21:23,icloud.com,BENIGN_ISOLATED,0,,NONE
usr_01843,2026-02-20 12:44:42,yahoo.com,BENIGN_ISOLATED,0,,NONE
usr_01844,2025-12-30 06:46:02,gmail.com,BENIGN_ISOLATED,0,,NONE
usr_01845,2025-11-08 06:20:29,outlook.com,BENIGN_ISOLATED,0,,NONE
usr_01846,2025-12-12 12:52:39,gmail.com,BENIGN_ISOLATED,0,,NONE
usr_01847,2026-03-02 19:56:49,gmail.com,BENIGN_ISOLATED,0,,NONE
usr_01848,2025-10-10 21:00:45,icloud.com,BENIGN_ISOLATED,0,,NONE
usr_01849,2025-09-03 19:28:55,gmail.com,BENIGN_ISOLATED,0,,NONE
usr_01850,2026-01-31 07:26:35,gmail.com,BENIGN_ISOLATED,0,,NONE
usr_01851,2025-11-10 04:43:12,gmail.com,BENIGN_ISOLATED,0,,NONE
usr_01852,2025-09-18 10:11:51,gmail.com,BENIGN_ISOLATED,0,,NONE
usr_01853,2025-12-04 12:16:30,gmail.com,BENIGN_ISOLATED,0,,NONE
usr_01854,2026-02-19 23:21:55,outlook.com,BENIGN_ISOLATED,0,,NONE
usr_01855,2025-11-21 22:35:47,outlook.com,BENIGN_ISOLATED,0,,NONE
usr_01856,2025-09-19 00:53:05,yahoo.com,BENIGN_ISOLATED,0,,NONE
usr_01857,2025-08-18 11:21:52,gmail.com,BENIGN_ISOLATED,0,,NONE
usr_01858,2026-01-22 14:38:40,outlook.com,BENIGN_ISOLATED,0,,NONE
usr_01859,2025-08-22 23:18:27,gmail.com,BENIGN_ISOLATED,0,,NONE
usr_01860,2026-01-08 22:53:39,outlook.com,BENIGN_ISOLATED,0,,NONE
usr_01861,2025-11-30 21:43:16,gmail.com,BENIGN_ISOLATED,0,,NONE
usr_01862,2026-03-12 04:36:35,gmail.com,BENIGN_ISOLATED,0,,NONE
usr_01863,2026-02-22 17:22:06,gmail.com,BENIGN_ISOLATED,0,,NONE
usr_01864,2025-12-02 13:54:57,gmail.com,BENIGN_ISOLATED,0,,NONE
usr_01865,2025-10-27 05:57:41,yahoo.com,BENIGN_ISOLATED,0,,NONE
usr_01866,2025-12-12 23:04:19,gmail.com,BENIGN_ISOLATED,0,,NONE
usr_01867,2025-11-25 09:19:26,yahoo.com,BENIGN_ISOLATED,0,,NONE
usr_01868,2025-08-15 03:38:47,outlook.com,BENIGN_ISOLATED,0,,NONE
usr_01869,2025-08-21 06:03:49,yahoo.com,BENIGN_ISOLATED,0,,NONE
usr_01870,2026-02-04 05:28:38,gmail.com,BENIGN_ISOLATED,0,,NONE
usr_01871,2026-01-26 10:15:47,yahoo.com,BENIGN_ISOLATED,0,,NONE
usr_01872,2025-08-08 02:17:52,icloud.com,BENIGN_ISOLATED,0,,NONE
usr_01873,2026-02-09 17:25:09,gmail.com,BENIGN_ISOLATED,0,,NONE
usr_01874,2025-11-25 07:52:38,gmail.com,BENIGN_ISOLATED,0,,NONE
usr_01875,2025-07-05 02:31:09,gmail.com,BENIGN_ISOLATED,0,,NONE
usr_01876,2025-12-26 11:49:41,gmail.com,BENIGN_ISOLATED,0,,NONE
usr_01877,2025-12-20 00:52:04,gmail.com,BENIGN_ISOLATED,0,,NONE
usr_01878,2025-09-24 00:38:41,icloud.com,BENIGN_ISOLATED,0,,NONE
usr_01879,2025-07-28 14:34:53,gmail.com,BENIGN_ISOLATED,0,,NONE
usr_01880,2025-12-25 22:17:02,gmail.com,BENIGN_ISOLATED,0,,NONE
usr_01881,2026-03-05 08:11:57,gmail.com,BENIGN_ISOLATED,0,,NONE
usr_01882,2025-10-12 21:09:45,gmail.com,BENIGN_ISOLATED,0,,NONE
usr_01883,2025-08-22 08:06:07,gmail.com,BENIGN_ISOLATED,0,,NONE
usr_01884,2026-01-19 17:30:41,yahoo.com,BENIGN_ISOLATED,0,,NONE
usr_01885,2025-11-20 07:01:43,outlook.com,BENIGN_ISOLATED,0,,NONE
usr_01886,2025-08-09 14:35:08,gmail.com,BENIGN_ISOLATED,0,,NONE
usr_01887,2025-09-01 12:56:02,gmail.com,BENIGN_ISOLATED,0,,NONE
usr_01888,2026-01-17 23:27:43,gmail.com,BENIGN_ISOLATED,0,,NONE
usr_01889,2026-02-23 17:15:21,yahoo.com,BENIGN_ISOLATED,0,,NONE
usr_01890,2025-11-14 11:58:33,gmail.com,BENIGN_ISOLATED,0,,NONE
usr_01891,2025-12-03 19:33:58,gmail.com,BENIGN_ISOLATED,0,,NONE
usr_01892,2026-02-07 22:39:43,gmail.com,BENIGN_ISOLATED,0,,NONE
usr_01893,2025-11-21 07:30:57,outlook.com,BENIGN_ISOLATED,0,,NONE
usr_01894,2026-02-23 05:20:50,icloud.com,BENIGN_ISOLATED,0,,NONE
usr_01895,2026-03-06 21:31:39,gmail.com,BENIGN_ISOLATED,0,,NONE
usr_01896,2025-08-28 16:02:29,icloud.com,BENIGN_ISOLATED,0,,NONE
usr_01897,2025-11-15 04:56:01,gmail.com,BENIGN_ISOLATED,0,,NONE
usr_01898,2026-03-10 03:22:04,icloud.com,BENIGN_ISOLATED,0,,NONE
usr_01899,2026-01-06 13:18:27,yahoo.com,BENIGN_ISOLATED,0,,NONE
usr_01900,2026-01-21 01:11:32,outlook.com,BENIGN_ISOLATED,0,,NONE
usr_01901,2026-03-22 21:14:50,gmail.com,BENIGN_ISOLATED,0,,NONE
usr_01902,2025-07-19 11:27:18,yahoo.com,BENIGN_ISOLATED,0,,NONE
usr_01903,2025-12-18 06:53:16,yahoo.com,BENIGN_ISOLATED,0,,NONE
usr_01904,2025-08-21 07:07:42,yahoo.com,BENIGN_ISOLATED,0,,NONE
usr_01905,2025-10-04 06:54:54,gmail.com,BENIGN_ISOLATED,0,,NONE
usr_01906,2025-08-07 15:55:51,gmail.com,BENIGN_ISOLATED,0,,NONE
usr_01907,2025-12-30 19:33:40,gmail.com,BENIGN_ISOLATED,0,,NONE
usr_01908,2025-08-26 21:03:18,gmail.com,BENIGN_ISOLATED,0,,NONE
usr_01909,2026-02-19 09:38:04,gmail.com,BENIGN_ISOLATED,0,,NONE
usr_01910,2025-08-19 10:44:18,gmail.com,BENIGN_ISOLATED,0,,NONE
usr_01911,2025-10-17 23:57:07,gmail.com,BENIGN_ISOLATED,0,,NONE
usr_01912,2025-09-20 22:44:25,gmail.com,BENIGN_ISOLATED,0,,NONE
usr_01913,2025-11-19 01:17:46,gmail.com,BENIGN_ISOLATED,0,,NONE
usr_01914,2025-12-04 00:43:07,yahoo.com,BENIGN_ISOLATED,0,,NONE
usr_01915,2025-08-16 01:04:56,proton.me,BENIGN_ISOLATED,0,,NONE
usr_01916,2025-08-21 21:39:43,yahoo.com,BENIGN_ISOLATED,0,,NONE
usr_01917,2025-12-04 08:18:48,icloud.com,BENIGN_ISOLATED,0,,NONE
usr_01918,2026-01-12 00:41:03,yahoo.com,BENIGN_ISOLATED,0,,NONE
usr_01919,2026-03-11 15:58:37,yahoo.com,BENIGN_ISOLATED,0,,NONE
usr_01920,2026-01-01 00:04:54,yahoo.com,BENIGN_ISOLATED,0,,NONE
usr_01921,2025-10-22 16:27:40,gmail.com,BENIGN_ISOLATED,0,,NONE
usr_01922,2025-11-27 13:17:36,gmail.com,BENIGN_ISOLATED,0,,NONE
usr_01923,2026-02-15 02:28:57,outlook.com,BENIGN_ISOLATED,0,,NONE
usr_01924,2026-02-25 18:27:15,gmail.com,BENIGN_ISOLATED,0,,NONE
usr_01925,2026-02-10 05:24:48,outlook.com,BENIGN_ISOLATED,0,,NONE
usr_01926,2025-08-31 16:29:14,yahoo.com,BENIGN_ISOLATED,0,,NONE
usr_01927,2025-11-17 02:44:33,yahoo.com,BENIGN_ISOLATED,0,,NONE
usr_01928,2025-08-07 11:04:07,yahoo.com,BENIGN_ISOLATED,0,,NONE
usr_01929,2026-01-24 15:44:59,outlook.com,BENIGN_ISOLATED,0,,NONE
usr_01930,2025-07-21 09:56:53,gmail.com,BENIGN_ISOLATED,0,,NONE
usr_01931,2026-01-12 22:50:41,icloud.com,BENIGN_ISOLATED,0,,NONE
usr_01932,2025-07-06 01:30:43,gmail.com,BENIGN_ISOLATED,0,,NONE
usr_01933,2026-01-16 20:56:40,gmail.com,BENIGN_ISOLATED,0,,NONE
usr_01934,2025-08-24 07:56:31,outlook.com,BENIGN_ISOLATED,0,,NONE
usr_01935,2025-08-06 11:57:00,yahoo.com,BENIGN_ISOLATED,0,,NONE
usr_01936,2026-02-13 06:55:31,gmail.com,BENIGN_ISOLATED,0,,NONE
usr_01937,2025-07-17 10:17:35,yahoo.com,BENIGN_ISOLATED,0,,NONE
usr_01938,2025-11-29 11:47:55,gmail.com,BENIGN_ISOLATED,0,,NONE
usr_01939,2025-09-07 09:12:45,gmail.com,BENIGN_ISOLATED,0,,NONE
usr_01940,2025-09-23 16:41:09,gmail.com,BENIGN_ISOLATED,0,,NONE
usr_01941,2025-09-23 11:47:27,gmail.com,BENIGN_ISOLATED,0,,NONE
usr_01942,2025-10-06 21:42:15,gmail.com,BENIGN_ISOLATED,0,,NONE
usr_01943,2026-02-21 10:22:54,gmail.com,BENIGN_ISOLATED,0,,NONE
usr_01944,2025-08-20 12:17:06,gmail.com,BENIGN_ISOLATED,0,,NONE
usr_01945,2025-12-09 18:51:16,gmail.com,BENIGN_ISOLATED,0,,NONE
usr_01946,2026-02-28 21:44:43,icloud.com,BENIGN_ISOLATED,0,,NONE
usr_01947,2025-10-24 13:13:21,gmail.com,BENIGN_ISOLATED,0,,NONE
usr_01948,2025-08-07 05:20:21,gmail.com,BENIGN_ISOLATED,0,,NONE
usr_01949,2025-07-30 10:36:38,gmail.com,BENIGN_ISOLATED,0,,NONE
usr_01950,2025-08-27 14:20:28,gmail.com,BENIGN_ISOLATED,0,,NONE
usr_01951,2025-08-31 22:48:30,gmail.com,BENIGN_ISOLATED,0,,NONE
usr_01952,2025-09-01 12:07:46,outlook.com,BENIGN_ISOLATED,0,,NONE
usr_01953,2025-12-22 00:59:56,gmail.com,BENIGN_ISOLATED,0,,NONE
usr_01954,2025-08-24 14:49:51,yahoo.com,BENIGN_ISOLATED,0,,NONE
usr_01955,2026-03-26 01:29:59,outlook.com,BENIGN_ISOLATED,0,,NONE
usr_01956,2026-03-03 05:22:07,icloud.com,BENIGN_ISOLATED,0,,NONE
usr_01957,2025-09-24 14:59:48,gmail.com,BENIGN_ISOLATED,0,,NONE
usr_01958,2026-03-16 07:00:43,gmail.com,BENIGN_ISOLATED,0,,NONE
usr_01959,2025-09-30 11:21:38,gmail.com,BENIGN_ISOLATED,0,,NONE
usr_01960,2025-11-20 20:23:49,icloud.com,BENIGN_ISOLATED,0,,NONE
usr_01961,2025-12-06 06:26:45,gmail.com,BENIGN_ISOLATED,0,,NONE
usr_01962,2026-02-03 15:05:09,outlook.com,BENIGN_ISOLATED,0,,NONE
usr_01963,2026-01-24 03:38:12,outlook.com,BENIGN_ISOLATED,0,,NONE
usr_01964,2025-08-13 10:20:02,icloud.com,BENIGN_ISOLATED,0,,NONE
usr_01965,2025-11-13 00:50:15,gmail.com,BENIGN_ISOLATED,0,,NONE
usr_01966,2025-10-02 19:14:55,gmail.com,BENIGN_ISOLATED,0,,NONE
usr_01967,2025-07-25 23:27:13,icloud.com,BENIGN_ISOLATED,0,,NONE
usr_01968,2026-03-26 22:14:14,outlook.com,BENIGN_ISOLATED,0,,NONE
usr_01969,2025-12-05 16:51:53,yahoo.com,BENIGN_ISOLATED,0,,NONE
usr_01970,2025-10-18 11:29:25,gmail.com,BENIGN_ISOLATED,0,,NONE
usr_01971,2025-12-02 02:51:14,gmail.com,BENIGN_ISOLATED,0,,NONE
usr_01972,2025-09-05 10:47:39,gmail.com,BENIGN_ISOLATED,0,,NONE
usr_01973,2026-03-13 02:57:46,gmail.com,BENIGN_ISOLATED,0,,NONE
usr_01974,2026-02-17 15:20:20,yahoo.com,BENIGN_ISOLATED,0,,NONE
usr_01975,2025-10-15 16:31:11,gmail.com,BENIGN_ISOLATED,0,,NONE
usr_01976,2025-07-12 21:30:21,gmail.com,BENIGN_ISOLATED,0,,NONE
usr_01977,2026-02-21 21:24:09,gmail.com,BENIGN_ISOLATED,0,,NONE
usr_01978,2026-02-16 20:21:50,proton.me,BENIGN_ISOLATED,0,,NONE
usr_01979,2025-08-01 10:19:27,gmail.com,BENIGN_ISOLATED,0,,NONE
usr_01980,2025-10-27 03:43:14,yahoo.com,BENIGN_ISOLATED,0,,NONE
usr_01981,2025-08-11 23:16:17,yahoo.com,BENIGN_ISOLATED,0,,NONE
usr_01982,2025-11-10 05:02:39,gmail.com,BENIGN_ISOLATED,0,,NONE
usr_01983,2026-02-24 19:23:17,yahoo.com,BENIGN_ISOLATED,0,,NONE
usr_01984,2026-03-17 00:15:35,yahoo.com,BENIGN_ISOLATED,0,,NONE
usr_01985,2025-10-01 16:44:29,outlook.com,BENIGN_ISOLATED,0,,NONE
usr_01986,2025-12-20 16:33:22,gmail.com,BENIGN_ISOLATED,0,,NONE
usr_01987,2026-01-20 00:19:43,outlook.com,BENIGN_ISOLATED,0,,NONE
usr_01988,2025-12-20 06:35:32,outlook.com,BENIGN_ISOLATED,0,,NONE
usr_01989,2026-02-16 23:45:49,gmail.com,BENIGN_ISOLATED,0,,NONE
usr_01990,2026-02-06 17:20:52,gmail.com,BENIGN_ISOLATED,0,,NONE
usr_01991,2025-10-27 19:39:04,gmail.com,BENIGN_ISOLATED,0,,NONE
usr_01992,2025-10-12 12:01:43,gmail.com,BENIGN_ISOLATED,0,,NONE
usr_01993,2025-07-15 09:08:06,yahoo.com,BENIGN_ISOLATED,0,,NONE
usr_01994,2025-10-23 17:56:28,gmail.com,BENIGN_ISOLATED,0,,NONE
usr_01995,2025-12-19 05:10:09,icloud.com,BENIGN_ISOLATED,0,,NONE
usr_01996,2026-03-26 04:42:06,outlook.com,BENIGN_ISOLATED,0,,NONE
usr_01997,2025-07-28 01:16:20,gmail.com,BENIGN_ISOLATED,0,,NONE
usr_01998,2026-02-05 00:36:41,icloud.com,BENIGN_ISOLATED,0,,NONE
usr_01999,2026-02-06 12:52:04,gmail.com,BENIGN_ISOLATED,0,,NONE
usr_02000,2026-01-13 22:42:40,outlook.com,BENIGN_ISOLATED,0,,NONE
usr_02001,2026-01-27 23:50:39,gmail.com,BENIGN_ISOLATED,0,,NONE
usr_02002,2025-09-05 10:44:44,yahoo.com,BENIGN_ISOLATED,0,,NONE
usr_02003,2025-09-05 06:59:15,gmail.com,BENIGN_ISOLATED,0,,NONE
usr_02004,2025-10-18 12:06:24,outlook.com,BENIGN_ISOLATED,0,,NONE
usr_02005,2025-11-24 17:10:01,gmail.com,BENIGN_ISOLATED,0,,NONE
usr_02006,2025-12-16 16:11:46,gmail.com,BENIGN_ISOLATED,0,,NONE
usr_02007,2025-11-25 07:18:30,gmail.com,BENIGN_ISOLATED,0,,NONE
usr_02008,2026-02-27 12:17:56,gmail.com,BENIGN_ISOLATED,0,,NONE
usr_02009,2026-02-01 12:13:49,gmail.com,BENIGN_ISOLATED,0,,NONE
usr_02010,2026-02-26 01:00:09,yahoo.com,BENIGN_ISOLATED,0,,NONE
usr_02011,2026-02-21 12:45:53,gmail.com,BENIGN_ISOLATED,0,,NONE
usr_02012,2025-08-29 00:51:49,yahoo.com,BENIGN_ISOLATED,0,,NONE
usr_02013,2025-09-18 08:18:05,gmail.com,BENIGN_ISOLATED,0,,NONE
usr_02014,2025-12-23 00:50:01,yahoo.com,BENIGN_ISOLATED,0,,NONE
usr_02015,2025-10-18 11:55:21,proton.me,BENIGN_ISOLATED,0,,NONE
usr_02016,2025-12-30 13:22:28,gmail.com,BENIGN_ISOLATED,0,,NONE
usr_02017,2026-01-04 03:13:29,gmail.com,BENIGN_ISOLATED,0,,NONE
usr_02018,2025-09-17 20:54:03,gmail.com,BENIGN_ISOLATED,0,,NONE
usr_02019,2025-08-05 01:17:59,yahoo.com,BENIGN_ISOLATED,0,,NONE
usr_02020,2025-08-16 02:36:49,gmail.com,BENIGN_ISOLATED,0,,NONE
usr_02021,2026-03-01 21:35:17,yahoo.com,BENIGN_ISOLATED,0,,NONE
usr_02022,2025-09-08 20:44:00,proton.me,BENIGN_ISOLATED,0,,NONE
usr_02023,2026-01-17 04:58:47,icloud.com,BENIGN_ISOLATED,0,,NONE
usr_02024,2025-08-29 03:27:29,outlook.com,BENIGN_ISOLATED,0,,NONE
usr_02025,2025-11-20 03:55:33,outlook.com,BENIGN_ISOLATED,0,,NONE
usr_02026,2025-11-16 13:13:05,icloud.com,BENIGN_ISOLATED,0,,NONE
usr_02027,2025-12-24 07:59:43,outlook.com,BENIGN_ISOLATED,0,,NONE
usr_02028,2025-09-15 13:11:27,gmail.com,BENIGN_ISOLATED,0,,NONE
usr_02029,2026-01-06 19:04:20,gmail.com,BENIGN_ISOLATED,0,,NONE
usr_02030,2026-03-02 08:12:21,gmail.com,BENIGN_ISOLATED,0,,NONE
usr_02031,2026-03-15 04:55:22,gmail.com,BENIGN_ISOLATED,0,,NONE
usr_02032,2025-08-16 08:05:03,outlook.com,BENIGN_ISOLATED,0,,NONE
usr_02033,2026-03-18 05:34:20,outlook.com,BENIGN_ISOLATED,0,,NONE
usr_02034,2026-03-05 04:20:17,outlook.com,BENIGN_ISOLATED,0,,NONE
usr_02035,2026-01-28 09:39:58,yahoo.com,BENIGN_ISOLATED,0,,NONE
usr_02036,2025-10-03 05:33:19,outlook.com,BENIGN_ISOLATED,0,,NONE
usr_02037,2026-01-02 14:55:11,outlook.com,BENIGN_ISOLATED,0,,NONE
usr_02038,2025-09-17 08:11:06,yahoo.com,BENIGN_ISOLATED,0,,NONE
usr_02039,2025-08-13 21:02:46,gmail.com,BENIGN_ISOLATED,0,,NONE
usr_02040,2026-01-29 11:31:38,gmail.com,BENIGN_ISOLATED,0,,NONE
usr_02041,2025-11-14 23:03:02,yahoo.com,BENIGN_ISOLATED,0,,NONE
usr_02042,2026-02-28 20:42:18,gmail.com,BENIGN_ISOLATED,0,,NONE
usr_02043,2025-07-15 04:28:35,outlook.com,BENIGN_ISOLATED,0,,NONE
usr_02044,2025-11-19 19:45:32,yahoo.com,BENIGN_ISOLATED,0,,NONE
usr_02045,2026-03-10 02:34:00,gmail.com,BENIGN_ISOLATED,0,,NONE
usr_02046,2025-11-28 23:09:09,outlook.com,BENIGN_ISOLATED,0,,NONE
usr_02047,2025-11-03 15:14:38,gmail.com,BENIGN_ISOLATED,0,,NONE
usr_02048,2025-08-25 15:48:49,icloud.com,BENIGN_ISOLATED,0,,NONE
usr_02049,2026-01-13 04:35:04,proton.me,BENIGN_ISOLATED,0,,NONE
usr_02050,2025-10-06 23:56:50,outlook.com,BENIGN_ISOLATED,0,,NONE
usr_02051,2026-02-16 18:40:51,yahoo.com,BENIGN_ISOLATED,0,,NONE
usr_02052,2025-09-21 22:29:21,gmail.com,BENIGN_ISOLATED,0,,NONE
usr_02053,2025-12-09 16:09:24,gmail.com,BENIGN_ISOLATED,0,,NONE
usr_02054,2026-02-17 03:33:33,yahoo.com,BENIGN_ISOLATED,0,,NONE
usr_02055,2026-02-21 05:13:48,gmail.com,BENIGN_ISOLATED,0,,NONE
usr_02056,2025-11-28 20:45:15,yahoo.com,BENIGN_ISOLATED,0,,NONE
usr_02057,2025-09-07 12:59:20,proton.me,BENIGN_ISOLATED,0,,NONE
usr_02058,2025-09-01 11:53:51,outlook.com,BENIGN_ISOLATED,0,,NONE
usr_02059,2025-09-21 00:28:13,gmail.com,BENIGN_ISOLATED,0,,NONE
usr_02060,2026-02-19 21:03:56,gmail.com,BENIGN_ISOLATED,0,,NONE
usr_02061,2025-12-17 06:09:41,gmail.com,BENIGN_ISOLATED,0,,NONE
usr_02062,2025-12-29 08:26:33,icloud.com,BENIGN_ISOLATED,0,,NONE
usr_02063,2025-07-22 18:28:19,gmail.com,BENIGN_ISOLATED,0,,NONE
usr_02064,2026-02-20 06:04:19,yahoo.com,BENIGN_ISOLATED,0,,NONE
usr_02065,2025-11-28 08:12:16,gmail.com,BENIGN_ISOLATED,0,,NONE
usr_02066,2025-12-11 20:04:01,gmail.com,BENIGN_ISOLATED,0,,NONE
usr_02067,2025-12-05 03:01:01,yahoo.com,BENIGN_ISOLATED,0,,NONE
usr_02068,2026-03-06 22:35:51,proton.me,BENIGN_ISOLATED,0,,NONE
usr_02069,2025-12-06 01:30:42,gmail.com,BENIGN_ISOLATED,0,,NONE
usr_02070,2025-10-28 07:46:52,gmail.com,BENIGN_ISOLATED,0,,NONE
usr_02071,2026-01-13 10:55:16,outlook.com,BENIGN_ISOLATED,0,,NONE
usr_02072,2025-10-21 23:27:58,gmail.com,BENIGN_ISOLATED,0,,NONE
usr_02073,2026-03-17 00:34:29,outlook.com,BENIGN_ISOLATED,0,,NONE
usr_02074,2025-09-14 08:11:14,outlook.com,BENIGN_ISOLATED,0,,NONE
usr_02075,2026-03-25 21:07:44,gmail.com,BENIGN_ISOLATED,0,,NONE
usr_02076,2026-03-11 22:20:44,yahoo.com,BENIGN_ISOLATED,0,,NONE
usr_02077,2025-12-29 13:56:08,gmail.com,BENIGN_ISOLATED,0,,NONE
usr_02078,2026-02-23 12:28:27,outlook.com,BENIGN_ISOLATED,0,,NONE
usr_02079,2025-07-07 03:21:45,yahoo.com,BENIGN_ISOLATED,0,,NONE
usr_02080,2025-09-24 20:59:01,gmail.com,BENIGN_ISOLATED,0,,NONE
usr_02081,2025-11-22 04:33:54,gmail.com,BENIGN_ISOLATED,0,,NONE
usr_02082,2026-01-16 10:46:04,gmail.com,BENIGN_ISOLATED,0,,NONE
usr_02083,2025-12-23 16:37:22,outlook.com,BENIGN_ISOLATED,0,,NONE
usr_02084,2025-08-21 07:34:13,gmail.com,BENIGN_ISOLATED,0,,NONE
usr_02085,2026-01-12 18:47:27,gmail.com,BENIGN_ISOLATED,0,,NONE
usr_02086,2025-07-08 02:34:32,gmail.com,BENIGN_ISOLATED,0,,NONE
usr_02087,2026-01-06 12:09:00,yahoo.com,BENIGN_ISOLATED,0,,NONE
usr_02088,2025-09-15 09:59:16,gmail.com,BENIGN_ISOLATED,0,,NONE
usr_02089,2025-12-12 04:41:01,icloud.com,BENIGN_ISOLATED,0,,NONE
usr_02090,2025-07-18 18:11:13,yahoo.com,BENIGN_ISOLATED,0,,NONE
usr_02091,2025-10-20 07:37:49,icloud.com,BENIGN_ISOLATED,0,,NONE
usr_02092,2025-07-14 09:23:57,gmail.com,BENIGN_ISOLATED,0,,NONE
usr_02093,2025-08-16 10:22:32,gmail.com,BENIGN_ISOLATED,0,,NONE
usr_02094,2025-09-07 02:40:14,gmail.com,BENIGN_ISOLATED,0,,NONE
usr_02095,2025-07-22 21:43:16,yahoo.com,BENIGN_ISOLATED,0,,NONE
usr_02096,2025-08-21 03:51:39,gmail.com,BENIGN_ISOLATED,0,,NONE
usr_02097,2026-01-31 19:43:19,outlook.com,BENIGN_ISOLATED,0,,NONE
usr_02098,2025-10-24 19:41:18,yahoo.com,BENIGN_ISOLATED,0,,NONE
usr_02099,2025-12-22 03:07:05,gmail.com,BENIGN_ISOLATED,0,,NONE
usr_02100,2026-02-26 19:24:49,gmail.com,BENIGN_ISOLATED,0,,NONE
usr_02101,2025-10-25 08:46:18,yahoo.com,BENIGN_ISOLATED,0,,NONE
usr_02102,2025-08-28 13:26:57,gmail.com,BENIGN_ISOLATED,0,,NONE
usr_02103,2026-03-20 15:51:22,outlook.com,BENIGN_ISOLATED,0,,NONE
usr_02104,2025-07-22 04:38:40,icloud.com,BENIGN_ISOLATED,0,,NONE
usr_02105,2026-03-10 11:55:00,yahoo.com,BENIGN_ISOLATED,0,,NONE
usr_02106,2026-01-04 12:52:32,outlook.com,BENIGN_ISOLATED,0,,NONE
usr_02107,2025-12-01 02:22:23,gmail.com,BENIGN_ISOLATED,0,,NONE
usr_02108,2025-10-11 10:19:53,icloud.com,BENIGN_ISOLATED,0,,NONE
usr_02109,2026-01-29 06:47:08,outlook.com,BENIGN_ISOLATED,0,,NONE
usr_02110,2025-08-01 05:11:23,gmail.com,BENIGN_ISOLATED,0,,NONE
usr_02111,2025-08-22 16:52:06,yahoo.com,BENIGN_ISOLATED,0,,NONE
usr_02112,2026-03-11 01:34:08,outlook.com,BENIGN_ISOLATED,0,,NONE
usr_02113,2025-11-02 19:41:06,yahoo.com,BENIGN_ISOLATED,0,,NONE
usr_02114,2025-10-05 14:47:38,gmail.com,BENIGN_ISOLATED,0,,NONE
usr_02115,2026-01-07 02:27:25,gmail.com,BENIGN_ISOLATED,0,,NONE
usr_02116,2026-02-23 01:56:56,yahoo.com,BENIGN_ISOLATED,0,,NONE
usr_02117,2025-09-21 04:54:06,yahoo.com,BENIGN_ISOLATED,0,,NONE
usr_02118,2025-09-28 15:46:00,yahoo.com,BENIGN_ISOLATED,0,,NONE
usr_02119,2025-09-14 22:08:58,gmail.com,BENIGN_ISOLATED,0,,NONE
usr_02120,2025-12-29 11:42:14,gmail.com,BENIGN_ISOLATED,0,,NONE
usr_02121,2025-09-07 00:05:04,gmail.com,BENIGN_ISOLATED,0,,NONE
usr_02122,2026-02-15 11:58:45,gmail.com,BENIGN_ISOLATED,0,,NONE
usr_02123,2025-08-30 23:52:52,outlook.com,BENIGN_ISOLATED,0,,NONE
usr_02124,2026-01-20 10:12:20,proton.me,BENIGN_ISOLATED,0,,NONE
usr_02125,2026-01-26 02:58:58,gmail.com,BENIGN_ISOLATED,0,,NONE
usr_02126,2025-11-27 20:27:12,proton.me,BENIGN_ISOLATED,0,,NONE
usr_02127,2025-12-01 13:21:12,yahoo.com,BENIGN_ISOLATED,0,,NONE
usr_02128,2025-11-21 15:22:22,gmail.com,BENIGN_ISOLATED,0,,NONE
usr_02129,2025-11-14 15:51:06,gmail.com,BENIGN_ISOLATED,0,,NONE
usr_02130,2026-01-14 05:57:59,icloud.com,BENIGN_ISOLATED,0,,NONE
usr_02131,2025-11-14 08:23:31,gmail.com,BENIGN_ISOLATED,0,,NONE
usr_02132,2025-07-07 08:27:53,gmail.com,BENIGN_ISOLATED,0,,NONE
usr_02133,2025-12-28 19:26:27,outlook.com,BENIGN_ISOLATED,0,,NONE
usr_02134,2025-10-17 13:19:16,outlook.com,BENIGN_ISOLATED,0,,NONE
usr_02135,2025-09-12 02:59:07,outlook.com,BENIGN_ISOLATED,0,,NONE
usr_02136,2025-09-21 07:49:48,icloud.com,BENIGN_ISOLATED,0,,NONE
usr_02137,2025-08-27 20:36:53,gmail.com,BENIGN_ISOLATED,0,,NONE
usr_02138,2026-03-10 13:43:55,yahoo.com,BENIGN_ISOLATED,0,,NONE
usr_02139,2025-10-06 12:43:06,gmail.com,BENIGN_ISOLATED,0,,NONE
usr_02140,2025-12-25 15:14:41,gmail.com,BENIGN_ISOLATED,0,,NONE
usr_02141,2025-10-25 20:12:48,gmail.com,BENIGN_ISOLATED,0,,NONE
usr_02142,2026-02-09 09:13:20,outlook.com,BENIGN_ISOLATED,0,,NONE
usr_02143,2025-09-15 08:46:20,outlook.com,BENIGN_ISOLATED,0,,NONE
usr_02144,2026-02-01 20:56:32,outlook.com,BENIGN_ISOLATED,0,,NONE
usr_02145,2026-03-04 10:08:38,gmail.com,BENIGN_ISOLATED,0,,NONE
usr_02146,2026-03-05 14:11:17,gmail.com,BENIGN_ISOLATED,0,,NONE
usr_02147,2025-09-26 04:26:00,yahoo.com,BENIGN_ISOLATED,0,,NONE
usr_02148,2026-02-11 00:48:12,outlook.com,BENIGN_ISOLATED,0,,NONE
usr_02149,2025-08-21 00:24:11,outlook.com,BENIGN_ISOLATED,0,,NONE
usr_02150,2025-11-07 19:34:45,gmail.com,BENIGN_ISOLATED,0,,NONE
usr_02151,2026-03-10 22:31:21,gmail.com,BENIGN_ISOLATED,0,,NONE
usr_02152,2025-10-12 08:27:27,outlook.com,BENIGN_ISOLATED,0,,NONE
usr_02153,2025-08-30 19:23:58,yahoo.com,BENIGN_ISOLATED,0,,NONE
usr_02154,2026-01-21 04:46:15,yahoo.com,BENIGN_ISOLATED,0,,NONE
usr_02155,2026-03-25 22:43:47,outlook.com,BENIGN_ISOLATED,0,,NONE
usr_02156,2025-10-16 00:30:13,gmail.com,BENIGN_ISOLATED,0,,NONE
usr_02157,2025-09-06 15:41:32,proton.me,BENIGN_ISOLATED,0,,NONE
usr_02158,2026-03-20 18:27:21,gmail.com,BENIGN_ISOLATED,0,,NONE
usr_02159,2025-11-22 03:01:29,outlook.com,BENIGN_ISOLATED,0,,NONE
usr_02160,2025-08-06 16:55:42,outlook.com,BENIGN_ISOLATED,0,,NONE
usr_02161,2025-07-21 14:08:57,icloud.com,BENIGN_ISOLATED,0,,NONE
usr_02162,2026-02-26 07:36:08,gmail.com,BENIGN_ISOLATED,0,,NONE
usr_02163,2026-02-06 00:05:40,gmail.com,BENIGN_ISOLATED,0,,NONE
usr_02164,2025-11-26 01:05:07,yahoo.com,BENIGN_ISOLATED,0,,NONE
usr_02165,2025-12-18 18:06:59,gmail.com,BENIGN_ISOLATED,0,,NONE
usr_02166,2026-03-23 02:37:28,gmail.com,BENIGN_ISOLATED,0,,NONE
usr_02167,2026-02-11 08:50:26,yahoo.com,BENIGN_ISOLATED,0,,NONE
usr_02168,2025-10-21 16:35:18,gmail.com,BENIGN_ISOLATED,0,,NONE
usr_02169,2026-01-06 13:29:38,outlook.com,BENIGN_ISOLATED,0,,NONE
usr_02170,2026-01-30 19:49:33,outlook.com,BENIGN_ISOLATED,0,,NONE
usr_02171,2025-12-14 16:59:43,gmail.com,BENIGN_ISOLATED,0,,NONE
usr_02172,2025-07-14 02:03:38,outlook.com,BENIGN_ISOLATED,0,,NONE
usr_02173,2025-10-20 05:22:18,gmail.com,BENIGN_ISOLATED,0,,NONE
usr_02174,2025-10-14 10:33:00,proton.me,BENIGN_ISOLATED,0,,NONE
usr_02175,2025-08-31 22:34:52,proton.me,BENIGN_ISOLATED,0,,NONE
usr_02176,2025-11-23 06:18:30,outlook.com,BENIGN_ISOLATED,0,,NONE
usr_02177,2025-09-07 20:19:37,yahoo.com,BENIGN_ISOLATED,0,,NONE
usr_02178,2025-10-19 17:51:14,yahoo.com,BENIGN_ISOLATED,0,,NONE
usr_02179,2025-12-10 23:55:42,gmail.com,BENIGN_ISOLATED,0,,NONE
usr_02180,2026-02-17 14:00:04,gmail.com,BENIGN_ISOLATED,0,,NONE
usr_02181,2025-10-27 16:51:55,gmail.com,BENIGN_ISOLATED,0,,NONE
usr_02182,2025-10-06 05:45:10,gmail.com,BENIGN_ISOLATED,0,,NONE
usr_02183,2026-01-06 11:58:50,gmail.com,BENIGN_ISOLATED,0,,NONE
usr_02184,2025-12-16 21:00:31,gmail.com,BENIGN_ISOLATED,0,,NONE
usr_02185,2025-07-05 17:46:58,yahoo.com,BENIGN_ISOLATED,0,,NONE
usr_02186,2025-08-06 03:21:59,outlook.com,BENIGN_ISOLATED,0,,NONE
usr_02187,2025-10-30 04:25:16,gmail.com,BENIGN_ISOLATED,0,,NONE
usr_02188,2026-02-18 15:46:52,gmail.com,BENIGN_ISOLATED,0,,NONE
usr_02189,2025-12-18 12:53:24,gmail.com,BENIGN_ISOLATED,0,,NONE
usr_02190,2025-12-16 23:16:28,yahoo.com,BENIGN_ISOLATED,0,,NONE
usr_02191,2025-09-01 22:41:23,gmail.com,BENIGN_ISOLATED,0,,NONE
usr_02192,2026-02-15 20:54:19,outlook.com,BENIGN_ISOLATED,0,,NONE
usr_02193,2025-10-06 05:24:15,outlook.com,BENIGN_ISOLATED,0,,NONE
usr_02194,2025-12-15 20:24:49,yahoo.com,BENIGN_ISOLATED,0,,NONE
usr_02195,2025-07-19 04:02:42,outlook.com,BENIGN_ISOLATED,0,,NONE
usr_02196,2025-09-19 05:21:09,icloud.com,BENIGN_ISOLATED,0,,NONE
usr_02197,2026-01-05 10:26:31,gmail.com,BENIGN_ISOLATED,0,,NONE
usr_02198,2025-09-18 09:48:58,gmail.com,BENIGN_ISOLATED,0,,NONE
usr_02199,2025-10-09 00:14:46,gmail.com,BENIGN_ISOLATED,0,,NONE
usr_02200,2025-11-28 03:23:13,gmail.com,BENIGN_ISOLATED,0,,NONE
usr_02201,2025-08-09 12:39:36,gmail.com,BENIGN_ISOLATED,0,,NONE
usr_02202,2026-03-04 19:18:14,gmail.com,BENIGN_ISOLATED,0,,NONE
usr_02203,2025-10-20 03:24:40,outlook.com,BENIGN_ISOLATED,0,,NONE
usr_02204,2026-01-16 01:41:23,icloud.com,BENIGN_ISOLATED,0,,NONE
usr_02205,2026-02-21 20:43:55,outlook.com,BENIGN_ISOLATED,0,,NONE
usr_02206,2025-10-13 22:32:38,gmail.com,BENIGN_ISOLATED,0,,NONE
usr_02207,2025-08-05 19:03:27,gmail.com,BENIGN_ISOLATED,0,,NONE
usr_02208,2025-09-21 11:27:10,gmail.com,BENIGN_ISOLATED,0,,NONE
usr_02209,2026-03-09 03:23:46,gmail.com,BENIGN_ISOLATED,0,,NONE
usr_02210,2025-09-01 01:18:44,proton.me,BENIGN_ISOLATED,0,,NONE
usr_02211,2025-11-29 01:32:12,icloud.com,BENIGN_ISOLATED,0,,NONE
usr_02212,2026-02-08 09:12:37,gmail.com,BENIGN_ISOLATED,0,,NONE
usr_02213,2025-11-20 17:58:28,outlook.com,BENIGN_ISOLATED,0,,NONE
usr_02214,2026-02-18 15:09:37,outlook.com,BENIGN_ISOLATED,0,,NONE
usr_02215,2026-01-09 16:32:32,gmail.com,BENIGN_ISOLATED,0,,NONE
usr_02216,2025-07-26 17:50:48,yahoo.com,BENIGN_ISOLATED,0,,NONE
usr_02217,2026-03-12 08:30:55,outlook.com,BENIGN_ISOLATED,0,,NONE
usr_02218,2025-12-28 14:22:17,gmail.com,BENIGN_ISOLATED,0,,NONE
usr_02219,2026-02-09 02:47:09,icloud.com,BENIGN_ISOLATED,0,,NONE
usr_02220,2026-02-13 19:26:42,gmail.com,BENIGN_ISOLATED,0,,NONE
usr_02221,2025-12-27 17:35:05,outlook.com,BENIGN_ISOLATED,0,,NONE
usr_02222,2026-03-14 21:19:52,outlook.com,BENIGN_ISOLATED,0,,NONE
usr_02223,2025-12-07 22:12:31,gmail.com,BENIGN_ISOLATED,0,,NONE
usr_02224,2026-03-17 18:08:06,gmail.com,BENIGN_ISOLATED,0,,NONE
usr_02225,2025-08-04 22:28:01,gmail.com,BENIGN_ISOLATED,0,,NONE
usr_02226,2025-10-30 20:22:56,gmail.com,BENIGN_ISOLATED,0,,NONE
usr_02227,2025-08-10 03:33:18,outlook.com,BENIGN_ISOLATED,0,,NONE
usr_02228,2025-09-27 05:11:27,proton.me,BENIGN_ISOLATED,0,,NONE
usr_02229,2026-03-25 14:36:20,gmail.com,BENIGN_ISOLATED,0,,NONE
usr_02230,2026-01-10 04:35:07,gmail.com,BENIGN_ISOLATED,0,,NONE
usr_02231,2026-03-02 23:00:17,gmail.com,BENIGN_ISOLATED,0,,NONE
usr_02232,2025-08-27 06:22:08,gmail.com,BENIGN_ISOLATED,0,,NONE
usr_02233,2025-07-12 08:48:57,gmail.com,BENIGN_ISOLATED,0,,NONE
usr_02234,2026-01-15 22:39:05,yahoo.com,BENIGN_ISOLATED,0,,NONE
usr_02235,2025-09-02 05:16:32,gmail.com,BENIGN_ISOLATED,0,,NONE
usr_02236,2025-08-06 19:47:08,yahoo.com,BENIGN_ISOLATED,0,,NONE
usr_02237,2025-08-11 23:18:14,outlook.com,BENIGN_ISOLATED,0,,NONE
usr_02238,2025-07-05 09:49:37,yahoo.com,BENIGN_ISOLATED,0,,NONE
usr_02239,2025-09-28 15:46:45,yahoo.com,BENIGN_ISOLATED,0,,NONE
usr_02240,2025-08-14 07:10:47,gmail.com,BENIGN_ISOLATED,0,,NONE
usr_02241,2025-12-09 00:02:52,gmail.com,BENIGN_ISOLATED,0,,NONE
usr_02242,2025-10-30 12:54:34,proton.me,BENIGN_ISOLATED,0,,NONE
usr_02243,2025-09-06 19:02:15,gmail.com,BENIGN_ISOLATED,0,,NONE
usr_02244,2025-11-23 10:57:10,proton.me,BENIGN_ISOLATED,0,,NONE
usr_02245,2026-03-02 06:46:45,gmail.com,BENIGN_ISOLATED,0,,NONE
usr_02246,2026-01-25 23:27:19,yahoo.com,BENIGN_ISOLATED,0,,NONE
usr_02247,2026-02-08 08:49:04,gmail.com,BENIGN_ISOLATED,0,,NONE
usr_02248,2025-09-09 21:39:08,yahoo.com,BENIGN_ISOLATED,0,,NONE
usr_02249,2025-07-11 19:45:59,gmail.com,BENIGN_ISOLATED,0,,NONE
usr_02250,2026-02-20 09:19:09,yahoo.com,BENIGN_ISOLATED,0,,NONE
usr_02251,2025-08-02 11:39:47,yahoo.com,BENIGN_ISOLATED,0,,NONE
usr_02252,2026-03-02 16:01:56,gmail.com,BENIGN_ISOLATED,0,,NONE
usr_02253,2025-10-14 15:53:41,gmail.com,BENIGN_ISOLATED,0,,NONE
usr_02254,2026-03-05 02:28:15,gmail.com,BENIGN_ISOLATED,0,,NONE
usr_02255,2026-02-25 05:48:14,gmail.com,BENIGN_ISOLATED,0,,NONE
usr_02256,2026-01-24 02:06:15,gmail.com,BENIGN_ISOLATED,0,,NONE
usr_02257,2025-11-03 03:11:46,gmail.com,BENIGN_ISOLATED,0,,NONE
usr_02258,2025-10-20 11:23:51,gmail.com,BENIGN_ISOLATED,0,,NONE
usr_02259,2025-08-14 18:29:10,gmail.com,BENIGN_ISOLATED,0,,NONE
usr_02260,2025-11-23 22:49:55,gmail.com,BENIGN_ISOLATED,0,,NONE
usr_02261,2026-01-29 13:37:52,gmail.com,BENIGN_ISOLATED,0,,NONE
usr_02262,2025-10-21 17:31:10,gmail.com,BENIGN_ISOLATED,0,,NONE
usr_02263,2026-03-01 21:54:35,icloud.com,BENIGN_ISOLATED,0,,NONE
usr_02264,2025-12-14 06:45:00,icloud.com,BENIGN_ISOLATED,0,,NONE
usr_02265,2025-11-24 15:39:58,outlook.com,BENIGN_ISOLATED,0,,NONE
usr_02266,2026-03-04 16:03:02,outlook.com,BENIGN_ISOLATED,0,,NONE
usr_02267,2025-08-09 15:29:24,proton.me,BENIGN_ISOLATED,0,,NONE
usr_02268,2025-11-22 00:47:20,gmail.com,BENIGN_ISOLATED,0,,NONE
usr_02269,2025-11-05 04:32:46,gmail.com,BENIGN_ISOLATED,0,,NONE
usr_02270,2026-03-21 17:42:51,yahoo.com,BENIGN_ISOLATED,0,,NONE
usr_02271,2025-09-14 10:47:12,outlook.com,BENIGN_ISOLATED,0,,NONE
usr_02272,2025-11-26 03:12:30,gmail.com,BENIGN_ISOLATED,0,,NONE
usr_02273,2026-01-18 17:33:31,yahoo.com,BENIGN_ISOLATED,0,,NONE
usr_02274,2025-12-31 18:17:52,yahoo.com,BENIGN_ISOLATED,0,,NONE
usr_02275,2025-12-09 22:00:30,gmail.com,BENIGN_ISOLATED,0,,NONE
usr_02276,2025-12-29 15:16:57,yahoo.com,BENIGN_ISOLATED,0,,NONE
usr_02277,2026-01-01 13:01:22,yahoo.com,BENIGN_ISOLATED,0,,NONE
usr_02278,2025-11-06 11:34:16,icloud.com,BENIGN_ISOLATED,0,,NONE
usr_02279,2025-10-18 14:33:40,yahoo.com,BENIGN_ISOLATED,0,,NONE
usr_02280,2026-03-23 23:05:23,yahoo.com,BENIGN_ISOLATED,0,,NONE
usr_02281,2025-09-18 00:23:30,gmail.com,BENIGN_ISOLATED,0,,NONE
usr_02282,2025-12-17 16:41:01,gmail.com,BENIGN_ISOLATED,0,,NONE
usr_02283,2025-11-14 00:48:03,gmail.com,BENIGN_ISOLATED,0,,NONE
usr_02284,2026-02-28 21:21:51,proton.me,BENIGN_ISOLATED,0,,NONE
usr_02285,2025-12-18 11:32:11,gmail.com,BENIGN_ISOLATED,0,,NONE
usr_02286,2026-01-11 17:42:31,gmail.com,BENIGN_ISOLATED,0,,NONE
usr_02287,2025-08-21 06:45:55,gmail.com,BENIGN_ISOLATED,0,,NONE
usr_02288,2025-09-21 04:48:18,gmail.com,BENIGN_ISOLATED,0,,NONE
usr_02289,2025-12-05 02:21:30,gmail.com,BENIGN_ISOLATED,0,,NONE
usr_02290,2026-01-27 03:59:44,yahoo.com,BENIGN_ISOLATED,0,,NONE
usr_02291,2025-12-22 20:20:49,gmail.com,BENIGN_ISOLATED,0,,NONE
usr_02292,2026-02-18 08:30:58,yahoo.com,BENIGN_ISOLATED,0,,NONE
usr_02293,2025-11-27 22:31:08,icloud.com,BENIGN_ISOLATED,0,,NONE
usr_02294,2025-12-26 08:00:26,gmail.com,BENIGN_ISOLATED,0,,NONE
usr_02295,2025-10-07 00:48:53,gmail.com,BENIGN_ISOLATED,0,,NONE
usr_02296,2025-07-09 10:32:01,yahoo.com,BENIGN_ISOLATED,0,,NONE
usr_02297,2025-10-30 10:41:17,gmail.com,BENIGN_ISOLATED,0,,NONE
usr_02298,2026-01-24 13:48:54,yahoo.com,BENIGN_ISOLATED,0,,NONE
usr_02299,2025-10-28 23:06:32,gmail.com,BENIGN_ISOLATED,0,,NONE
usr_02300,2026-01-22 17:30:26,gmail.com,BENIGN_ISOLATED,0,,NONE
usr_02301,2025-12-15 12:48:40,gmail.com,BENIGN_ISOLATED,0,,NONE
usr_02302,2025-09-17 19:55:17,gmail.com,BENIGN_ISOLATED,0,,NONE
usr_02303,2026-02-17 19:34:31,outlook.com,BENIGN_ISOLATED,0,,NONE
usr_02304,2025-08-25 22:16:10,proton.me,BENIGN_ISOLATED,0,,NONE
usr_02305,2026-02-17 06:05:31,gmail.com,BENIGN_ISOLATED,0,,NONE
usr_02306,2026-01-27 11:03:31,yahoo.com,BENIGN_ISOLATED,0,,NONE
usr_02307,2025-09-25 14:22:06,gmail.com,BENIGN_ISOLATED,0,,NONE
usr_02308,2025-11-07 04:55:16,yahoo.com,BENIGN_ISOLATED,0,,NONE
usr_02309,2025-08-10 15:18:54,gmail.com,BENIGN_ISOLATED,0,,NONE
usr_02310,2026-03-25 00:33:47,gmail.com,BENIGN_ISOLATED,0,,NONE
usr_02311,2025-12-24 01:01:06,gmail.com,BENIGN_ISOLATED,0,,NONE
usr_02312,2025-10-30 22:28:05,gmail.com,BENIGN_ISOLATED,0,,NONE
usr_02313,2026-02-23 02:10:41,gmail.com,BENIGN_ISOLATED,0,,NONE
usr_02314,2025-10-14 00:52:42,outlook.com,BENIGN_ISOLATED,0,,NONE
usr_02315,2025-11-26 04:09:55,gmail.com,BENIGN_ISOLATED,0,,NONE
usr_02316,2026-01-05 08:31:37,outlook.com,BENIGN_ISOLATED,0,,NONE
usr_02317,2026-03-04 18:04:17,yahoo.com,BENIGN_ISOLATED,0,,NONE
usr_02318,2026-01-28 01:44:17,gmail.com,BENIGN_ISOLATED,0,,NONE
usr_02319,2026-01-25 19:01:38,outlook.com,BENIGN_ISOLATED,0,,NONE
usr_02320,2025-10-31 13:59:48,gmail.com,BENIGN_ISOLATED,0,,NONE
usr_02321,2025-11-09 00:42:09,icloud.com,BENIGN_ISOLATED,0,,NONE
usr_02322,2025-09-05 10:42:17,outlook.com,BENIGN_ISOLATED,0,,NONE
usr_02323,2025-08-26 21:53:41,yahoo.com,BENIGN_ISOLATED,0,,NONE
usr_02324,2026-01-04 09:02:05,gmail.com,BENIGN_ISOLATED,0,,NONE
usr_02325,2026-01-21 01:56:27,yahoo.com,BENIGN_ISOLATED,0,,NONE
usr_02326,2025-11-30 07:37:23,gmail.com,BENIGN_ISOLATED,0,,NONE
usr_02327,2026-01-22 18:13:18,gmail.com,BENIGN_ISOLATED,0,,NONE
usr_02328,2025-10-15 06:08:35,outlook.com,BENIGN_ISOLATED,0,,NONE
usr_02329,2025-11-14 07:57:54,gmail.com,BENIGN_ISOLATED,0,,NONE
usr_02330,2026-02-10 18:00:34,gmail.com,BENIGN_ISOLATED,0,,NONE
usr_02331,2025-11-21 17:35:59,gmail.com,BENIGN_ISOLATED,0,,NONE
usr_02332,2025-07-13 19:38:36,yahoo.com,BENIGN_ISOLATED,0,,NONE
usr_02333,2026-02-27 09:06:25,yahoo.com,BENIGN_ISOLATED,0,,NONE
usr_02334,2025-07-24 20:49:03,proton.me,BENIGN_ISOLATED,0,,NONE
usr_02335,2025-07-05 03:17:48,gmail.com,BENIGN_ISOLATED,0,,NONE
usr_02336,2025-12-06 20:08:35,yahoo.com,BENIGN_ISOLATED,0,,NONE
usr_02337,2026-01-27 04:04:42,gmail.com,BENIGN_ISOLATED,0,,NONE
usr_02338,2025-09-30 11:10:49,icloud.com,BENIGN_ISOLATED,0,,NONE
usr_02339,2026-01-07 19:42:44,gmail.com,BENIGN_ISOLATED,0,,NONE
usr_02340,2025-10-31 10:25:21,outlook.com,BENIGN_ISOLATED,0,,NONE
usr_02341,2026-02-11 10:40:34,gmail.com,BENIGN_ISOLATED,0,,NONE
usr_02342,2025-10-30 01:52:05,gmail.com,BENIGN_ISOLATED,0,,NONE
usr_02343,2025-09-25 06:48:22,gmail.com,BENIGN_ISOLATED,0,,NONE
usr_02344,2026-03-14 05:58:04,gmail.com,BENIGN_ISOLATED,0,,NONE
usr_02345,2025-12-13 13:12:28,gmail.com,BENIGN_ISOLATED,0,,NONE
usr_02346,2026-02-14 21:39:54,yahoo.com,BENIGN_ISOLATED,0,,NONE
usr_02347,2025-09-29 16:29:55,gmail.com,BENIGN_ISOLATED,0,,NONE
usr_02348,2025-08-05 13:05:04,gmail.com,BENIGN_ISOLATED,0,,NONE
usr_02349,2025-09-28 02:28:21,gmail.com,BENIGN_ISOLATED,0,,NONE
usr_02350,2025-09-17 10:14:39,outlook.com,BENIGN_ISOLATED,0,,NONE
usr_02351,2025-08-22 07:34:07,yahoo.com,BENIGN_ISOLATED,0,,NONE
usr_02352,2026-03-08 15:58:11,gmail.com,BENIGN_ISOLATED,0,,NONE
usr_02353,2025-08-28 17:41:18,yahoo.com,BENIGN_ISOLATED,0,,NONE
usr_02354,2025-10-08 14:54:40,gmail.com,BENIGN_ISOLATED,0,,NONE
usr_02355,2025-10-03 17:21:31,gmail.com,BENIGN_ISOLATED,0,,NONE
usr_02356,2025-08-13 09:39:00,gmail.com,BENIGN_ISOLATED,0,,NONE
usr_02357,2025-11-06 03:35:52,yahoo.com,BENIGN_ISOLATED,0,,NONE
usr_02358,2025-11-12 08:27:36,gmail.com,BENIGN_ISOLATED,0,,NONE
usr_02359,2026-02-25 00:14:24,gmail.com,BENIGN_ISOLATED,0,,NONE
usr_02360,2026-03-11 14:23:41,outlook.com,BENIGN_ISOLATED,0,,NONE
usr_02361,2025-09-12 20:05:51,gmail.com,BENIGN_ISOLATED,0,,NONE
usr_02362,2026-03-17 15:16:29,gmail.com,BENIGN_ISOLATED,0,,NONE
usr_02363,2025-10-17 14:02:51,gmail.com,BENIGN_ISOLATED,0,,NONE
usr_02364,2025-12-22 06:03:05,gmail.com,BENIGN_ISOLATED,0,,NONE
usr_02365,2026-02-15 04:25:12,gmail.com,BENIGN_ISOLATED,0,,NONE
usr_02366,2025-11-01 01:31:56,gmail.com,BENIGN_ISOLATED,0,,NONE
usr_02367,2026-02-22 12:36:01,outlook.com,BENIGN_ISOLATED,0,,NONE
usr_02368,2025-09-28 03:34:43,gmail.com,BENIGN_ISOLATED,0,,NONE
usr_02369,2025-10-25 14:05:50,gmail.com,BENIGN_ISOLATED,0,,NONE
usr_02370,2026-01-12 15:59:22,icloud.com,BENIGN_ISOLATED,0,,NONE
usr_02371,2025-11-22 22:38:35,gmail.com,BENIGN_ISOLATED,0,,NONE
usr_02372,2025-07-17 10:47:27,outlook.com,BENIGN_ISOLATED,0,,NONE
usr_02373,2025-08-01 15:36:52,icloud.com,BENIGN_ISOLATED,0,,NONE
usr_02374,2025-10-19 08:14:57,yahoo.com,BENIGN_ISOLATED,0,,NONE
usr_02375,2025-08-07 15:29:57,outlook.com,BENIGN_ISOLATED,0,,NONE
usr_02376,2025-07-23 14:13:48,outlook.com,BENIGN_ISOLATED,0,,NONE
usr_02377,2025-08-03 16:38:28,yahoo.com,BENIGN_ISOLATED,0,,NONE
usr_02378,2026-02-02 08:39:36,gmail.com,BENIGN_ISOLATED,0,,NONE
usr_02379,2025-08-10 06:54:49,outlook.com,BENIGN_ISOLATED,0,,NONE
usr_02380,2025-09-07 17:33:57,yahoo.com,BENIGN_ISOLATED,0,,NONE
usr_02381,2025-11-20 20:01:28,gmail.com,BENIGN_ISOLATED,0,,NONE
usr_02382,2025-12-04 23:15:13,gmail.com,BENIGN_ISOLATED,0,,NONE
usr_02383,2026-03-24 08:25:20,yahoo.com,BENIGN_ISOLATED,0,,NONE
usr_02384,2026-01-30 06:23:43,gmail.com,BENIGN_ISOLATED,0,,NONE
usr_02385,2026-01-30 10:35:17,gmail.com,BENIGN_ISOLATED,0,,NONE
usr_02386,2025-09-18 05:35:33,outlook.com,BENIGN_ISOLATED,0,,NONE
usr_02387,2025-10-16 05:21:55,gmail.com,BENIGN_ISOLATED,0,,NONE
usr_02388,2025-11-21 00:37:48,outlook.com,BENIGN_ISOLATED,0,,NONE
usr_02389,2026-01-27 11:08:46,gmail.com,BENIGN_ISOLATED,0,,NONE
usr_02390,2026-02-17 12:22:18,gmail.com,BENIGN_ISOLATED,0,,NONE
usr_02391,2025-10-26 11:31:23,gmail.com,BENIGN_ISOLATED,0,,NONE
usr_02392,2025-07-31 22:56:54,gmail.com,BENIGN_ISOLATED,0,,NONE
usr_02393,2025-07-18 02:51:39,gmail.com,BENIGN_ISOLATED,0,,NONE
usr_02394,2025-11-18 10:22:37,gmail.com,BENIGN_ISOLATED,0,,NONE
usr_02395,2025-12-21 15:05:48,gmail.com,BENIGN_ISOLATED,0,,NONE
usr_02396,2025-12-14 02:26:12,gmail.com,BENIGN_ISOLATED,0,,NONE
usr_02397,2025-09-05 14:21:35,gmail.com,BENIGN_ISOLATED,0,,NONE
usr_02398,2025-11-18 12:13:21,gmail.com,BENIGN_ISOLATED,0,,NONE
usr_02399,2026-02-26 09:49:41,yahoo.com,BENIGN_ISOLATED,0,,NONE
usr_02400,2025-12-21 08:45:30,outlook.com,BENIGN_ISOLATED,0,,NONE
usr_02401,2025-07-23 19:24:24,outlook.com,BENIGN_ISOLATED,0,,NONE
usr_02402,2025-09-08 21:04:14,gmail.com,BENIGN_ISOLATED,0,,NONE
usr_02403,2026-03-14 07:38:29,gmail.com,BENIGN_ISOLATED,0,,NONE
usr_02404,2025-08-04 07:15:41,outlook.com,BENIGN_ISOLATED,0,,NONE
usr_02405,2025-12-05 15:38:16,yahoo.com,BENIGN_ISOLATED,0,,NONE
usr_02406,2026-01-03 00:46:09,gmail.com,BENIGN_ISOLATED,0,,NONE
usr_02407,2025-11-26 22:03:22,gmail.com,BENIGN_ISOLATED,0,,NONE
usr_02408,2026-01-14 16:44:43,icloud.com,BENIGN_ISOLATED,0,,NONE
usr_02409,2025-12-04 16:01:40,outlook.com,BENIGN_ISOLATED,0,,NONE
usr_02410,2025-12-11 08:32:02,yahoo.com,BENIGN_ISOLATED,0,,NONE
usr_02411,2025-10-14 01:02:51,gmail.com,BENIGN_ISOLATED,0,,NONE
usr_02412,2026-01-30 08:46:58,gmail.com,BENIGN_ISOLATED,0,,NONE
usr_02413,2025-10-11 23:25:17,outlook.com,BENIGN_ISOLATED,0,,NONE
usr_02414,2025-12-06 00:59:36,gmail.com,BENIGN_ISOLATED,0,,NONE
usr_02415,2026-01-08 05:17:02,gmail.com,BENIGN_ISOLATED,0,,NONE
usr_02416,2026-01-17 09:09:23,gmail.com,BENIGN_ISOLATED,0,,NONE
usr_02417,2025-12-27 08:57:57,yahoo.com,BENIGN_ISOLATED,0,,NONE
usr_02418,2025-08-15 00:28:11,gmail.com,BENIGN_ISOLATED,0,,NONE
usr_02419,2025-09-30 01:55:46,icloud.com,BENIGN_ISOLATED,0,,NONE
usr_02420,2025-11-29 19:15:49,gmail.com,BENIGN_ISOLATED,0,,NONE
usr_02421,2025-11-08 17:12:01,gmail.com,BENIGN_ISOLATED,0,,NONE
usr_02422,2025-08-17 20:48:42,gmail.com,BENIGN_ISOLATED,0,,NONE
usr_02423,2025-08-29 20:51:17,outlook.com,BENIGN_ISOLATED,0,,NONE
usr_02424,2026-02-14 03:59:31,outlook.com,BENIGN_ISOLATED,0,,NONE
usr_02425,2025-07-21 16:28:23,gmail.com,BENIGN_ISOLATED,0,,NONE
usr_02426,2025-08-12 04:27:36,icloud.com,BENIGN_ISOLATED,0,,NONE
usr_02427,2025-12-05 17:27:57,proton.me,BENIGN_ISOLATED,0,,NONE
usr_02428,2025-09-22 16:12:27,gmail.com,BENIGN_ISOLATED,0,,NONE
usr_02429,2026-02-21 00:06:38,gmail.com,BENIGN_ISOLATED,0,,NONE
usr_02430,2025-08-01 10:02:42,gmail.com,BENIGN_ISOLATED,0,,NONE
usr_02431,2025-12-04 03:42:15,gmail.com,BENIGN_ISOLATED,0,,NONE
usr_02432,2025-11-01 12:00:25,outlook.com,BENIGN_ISOLATED,0,,NONE
usr_02433,2025-11-05 06:56:13,gmail.com,BENIGN_ISOLATED,0,,NONE
usr_02434,2026-03-16 05:03:33,outlook.com,BENIGN_ISOLATED,0,,NONE
usr_02435,2025-08-21 16:33:03,yahoo.com,BENIGN_ISOLATED,0,,NONE
usr_02436,2025-10-05 19:09:49,outlook.com,BENIGN_ISOLATED,0,,NONE
usr_02437,2025-12-02 14:02:07,yahoo.com,BENIGN_ISOLATED,0,,NONE
usr_02438,2026-02-25 11:05:19,gmail.com,BENIGN_ISOLATED,0,,NONE
usr_02439,2025-12-31 22:37:18,gmail.com,BENIGN_ISOLATED,0,,NONE
usr_02440,2026-02-18 01:23:01,outlook.com,BENIGN_ISOLATED,0,,NONE
usr_02441,2026-01-10 02:29:41,gmail.com,BENIGN_ISOLATED,0,,NONE
usr_02442,2025-11-24 17:16:23,gmail.com,BENIGN_ISOLATED,0,,NONE
usr_02443,2025-07-31 12:35:25,gmail.com,BENIGN_ISOLATED,0,,NONE
usr_02444,2025-10-20 16:40:34,proton.me,BENIGN_ISOLATED,0,,NONE
usr_02445,2025-09-27 09:37:08,gmail.com,BENIGN_ISOLATED,0,,NONE
usr_02446,2025-07-07 13:55:24,gmail.com,BENIGN_ISOLATED,0,,NONE
usr_02447,2025-09-12 16:28:40,yahoo.com,BENIGN_ISOLATED,0,,NONE
usr_02448,2026-01-03 00:24:12,gmail.com,BENIGN_ISOLATED,0,,NONE
usr_02449,2025-09-04 05:32:02,gmail.com,BENIGN_ISOLATED,0,,NONE
usr_02450,2025-07-24 17:39:42,yahoo.com,BENIGN_ISOLATED,0,,NONE
usr_02451,2025-07-10 19:43:10,outlook.com,BENIGN_ISOLATED,0,,NONE
usr_02452,2025-11-03 20:15:26,gmail.com,BENIGN_ISOLATED,0,,NONE
usr_02453,2025-12-11 08:11:35,yahoo.com,BENIGN_ISOLATED,0,,NONE
usr_02454,2026-02-15 04:34:18,gmail.com,BENIGN_ISOLATED,0,,NONE
usr_02455,2025-12-28 01:12:22,outlook.com,BENIGN_ISOLATED,0,,NONE
usr_02456,2025-08-30 05:21:45,gmail.com,BENIGN_ISOLATED,0,,NONE
usr_02457,2025-10-02 00:28:18,gmail.com,BENIGN_ISOLATED,0,,NONE
usr_02458,2025-07-23 10:52:15,gmail.com,BENIGN_ISOLATED,0,,NONE
usr_02459,2025-10-25 09:52:56,gmail.com,BENIGN_ISOLATED,0,,NONE
usr_02460,2026-02-05 00:22:41,icloud.com,BENIGN_ISOLATED,0,,NONE
usr_02461,2025-07-21 21:36:22,gmail.com,BENIGN_ISOLATED,0,,NONE
usr_02462,2025-10-16 12:46:38,icloud.com,BENIGN_ISOLATED,0,,NONE
usr_02463,2026-01-01 01:20:18,gmail.com,BENIGN_ISOLATED,0,,NONE
usr_02464,2025-11-03 10:01:48,outlook.com,BENIGN_ISOLATED,0,,NONE
usr_02465,2025-09-11 02:09:30,gmail.com,BENIGN_ISOLATED,0,,NONE
usr_02466,2025-11-01 22:26:00,outlook.com,BENIGN_ISOLATED,0,,NONE
usr_02467,2025-08-06 17:28:50,outlook.com,BENIGN_ISOLATED,0,,NONE
usr_02468,2026-01-14 10:51:16,gmail.com,BENIGN_ISOLATED,0,,NONE
usr_02469,2025-10-05 00:27:58,gmail.com,BENIGN_ISOLATED,0,,NONE
usr_02470,2025-11-26 19:04:49,gmail.com,BENIGN_ISOLATED,0,,NONE
usr_02471,2026-01-05 15:42:08,yahoo.com,BENIGN_ISOLATED,0,,NONE
usr_02472,2025-10-16 03:50:27,yahoo.com,BENIGN_ISOLATED,0,,NONE
usr_02473,2025-09-28 08:36:59,yahoo.com,BENIGN_ISOLATED,0,,NONE
usr_02474,2025-09-10 07:41:20,gmail.com,BENIGN_ISOLATED,0,,NONE
usr_02475,2025-08-18 22:19:57,gmail.com,BENIGN_ISOLATED,0,,NONE
usr_02476,2025-07-30 11:55:31,gmail.com,BENIGN_ISOLATED,0,,NONE
usr_02477,2026-01-22 09:07:46,gmail.com,BENIGN_ISOLATED,0,,NONE
usr_02478,2025-08-25 03:04:03,gmail.com,BENIGN_ISOLATED,0,,NONE
usr_02479,2025-12-14 07:17:15,outlook.com,BENIGN_ISOLATED,0,,NONE
usr_02480,2026-01-29 03:54:45,icloud.com,BENIGN_ISOLATED,0,,NONE
usr_02481,2025-12-18 18:43:25,gmail.com,BENIGN_ISOLATED,0,,NONE
usr_02482,2025-07-26 07:42:37,gmail.com,BENIGN_ISOLATED,0,,NONE
usr_02483,2025-07-31 07:18:30,gmail.com,BENIGN_ISOLATED,0,,NONE
usr_02484,2026-03-12 05:49:01,gmail.com,BENIGN_ISOLATED,0,,NONE
usr_02485,2026-02-07 04:58:18,gmail.com,BENIGN_ISOLATED,0,,NONE
usr_02486,2025-11-27 01:42:13,outlook.com,BENIGN_ISOLATED,0,,NONE
usr_02487,2026-03-08 02:58:50,yahoo.com,BENIGN_ISOLATED,0,,NONE
usr_02488,2025-07-21 10:23:15,gmail.com,BENIGN_ISOLATED,0,,NONE
usr_02489,2025-11-26 05:50:58,gmail.com,BENIGN_ISOLATED,0,,NONE
usr_02490,2025-09-16 06:13:16,yahoo.com,BENIGN_ISOLATED,0,,NONE
usr_02491,2025-08-12 12:42:11,gmail.com,BENIGN_ISOLATED,0,,NONE
usr_02492,2025-07-29 20:16:53,gmail.com,BENIGN_ISOLATED,0,,NONE
usr_02493,2025-11-17 21:39:08,yahoo.com,BENIGN_ISOLATED,0,,NONE
usr_02494,2025-12-25 07:43:10,icloud.com,BENIGN_ISOLATED,0,,NONE
usr_02495,2026-02-08 12:40:35,yahoo.com,BENIGN_ISOLATED,0,,NONE
usr_02496,2026-03-15 14:14:13,gmail.com,BENIGN_ISOLATED,0,,NONE
usr_02497,2025-09-01 02:31:22,gmail.com,BENIGN_ISOLATED,0,,NONE
usr_02498,2025-10-31 01:21:42,outlook.com,BENIGN_ISOLATED,0,,NONE
usr_02499,2025-10-12 00:17:15,yahoo.com,BENIGN_ISOLATED,0,,NONE
usr_02500,2026-03-16 19:13:52,gmail.com,BENIGN_ISOLATED,0,,NONE
usr_02501,2025-10-08 02:13:51,gmail.com,BENIGN_ISOLATED,0,,NONE
usr_02502,2025-07-09 10:33:06,gmail.com,BENIGN_ISOLATED,0,,NONE
usr_02503,2026-02-04 14:41:09,gmail.com,BENIGN_ISOLATED,0,,NONE
usr_02504,2025-08-22 01:17:56,yahoo.com,BENIGN_ISOLATED,0,,NONE
usr_02505,2025-07-12 10:59:36,yahoo.com,BENIGN_ISOLATED,0,,NONE
usr_02506,2025-07-28 19:00:43,icloud.com,BENIGN_ISOLATED,0,,NONE
usr_02507,2025-07-19 04:55:03,gmail.com,BENIGN_ISOLATED,0,,NONE
usr_02508,2026-01-05 03:22:02,outlook.com,BENIGN_ISOLATED,0,,NONE
usr_02509,2026-01-15 07:44:17,outlook.com,BENIGN_ISOLATED,0,,NONE
usr_02510,2025-08-03 22:55:23,gmail.com,BENIGN_ISOLATED,0,,NONE
usr_02511,2025-12-18 19:41:55,yahoo.com,BENIGN_ISOLATED,0,,NONE
usr_02512,2025-07-26 02:19:45,gmail.com,BENIGN_ISOLATED,0,,NONE
usr_02513,2025-10-06 14:12:28,gmail.com,BENIGN_ISOLATED,0,,NONE
usr_02514,2025-08-18 22:53:33,gmail.com,BENIGN_ISOLATED,0,,NONE
usr_02515,2025-10-13 02:13:44,gmail.com,BENIGN_ISOLATED,0,,NONE
usr_02516,2026-03-25 10:34:24,gmail.com,BENIGN_ISOLATED,0,,NONE
usr_02517,2025-10-17 06:30:15,gmail.com,BENIGN_ISOLATED,0,,NONE
usr_02518,2026-01-12 23:01:08,gmail.com,BENIGN_ISOLATED,0,,NONE
usr_02519,2025-12-05 18:31:26,outlook.com,BENIGN_ISOLATED,0,,NONE
usr_02520,2025-11-09 05:07:25,outlook.com,BENIGN_ISOLATED,0,,NONE
usr_02521,2025-08-09 04:16:55,icloud.com,BENIGN_ISOLATED,0,,NONE
usr_02522,2025-10-04 06:13:46,yahoo.com,BENIGN_ISOLATED,0,,NONE
usr_02523,2025-08-06 18:43:36,gmail.com,BENIGN_ISOLATED,0,,NONE
usr_02524,2025-12-26 15:17:49,gmail.com,BENIGN_ISOLATED,0,,NONE
usr_02525,2025-09-30 11:29:18,gmail.com,BENIGN_ISOLATED,0,,NONE
usr_02526,2026-01-18 10:35:12,gmail.com,BENIGN_ISOLATED,0,,NONE
usr_02527,2025-12-13 14:47:41,gmail.com,BENIGN_ISOLATED,0,,NONE
usr_02528,2026-02-13 07:53:59,gmail.com,BENIGN_ISOLATED,0,,NONE
usr_02529,2026-01-31 16:53:10,yahoo.com,BENIGN_ISOLATED,0,,NONE
usr_02530,2025-07-06 04:51:04,outlook.com,BENIGN_ISOLATED,0,,NONE
usr_02531,2025-07-11 06:00:14,gmail.com,BENIGN_ISOLATED,0,,NONE
usr_02532,2025-07-27 03:38:20,gmail.com,BENIGN_ISOLATED,0,,NONE
usr_02533,2025-12-11 05:29:45,proton.me,BENIGN_ISOLATED,0,,NONE
usr_02534,2026-03-24 09:57:20,gmail.com,BENIGN_ISOLATED,0,,NONE
usr_02535,2025-10-11 09:10:57,outlook.com,BENIGN_ISOLATED,0,,NONE
usr_02536,2025-08-29 03:05:48,gmail.com,BENIGN_ISOLATED,0,,NONE
usr_02537,2026-01-22 11:47:26,yahoo.com,BENIGN_ISOLATED,0,,NONE
usr_02538,2026-01-09 21:40:19,gmail.com,BENIGN_ISOLATED,0,,NONE
usr_02539,2025-12-29 03:14:06,proton.me,BENIGN_ISOLATED,0,,NONE
usr_02540,2026-02-19 23:09:54,gmail.com,BENIGN_ISOLATED,0,,NONE
usr_02541,2026-02-26 01:21:14,icloud.com,BENIGN_ISOLATED,0,,NONE
usr_02542,2025-08-06 00:49:16,gmail.com,BENIGN_ISOLATED,0,,NONE
usr_02543,2025-08-10 00:11:35,outlook.com,BENIGN_ISOLATED,0,,NONE
usr_02544,2025-07-31 18:26:55,gmail.com,BENIGN_ISOLATED,0,,NONE
usr_02545,2025-09-08 04:58:22,proton.me,BENIGN_ISOLATED,0,,NONE
usr_02546,2025-12-02 16:09:36,gmail.com,BENIGN_ISOLATED,0,,NONE
usr_02547,2026-01-05 10:41:27,gmail.com,BENIGN_ISOLATED,0,,NONE
usr_02548,2026-02-05 22:55:47,icloud.com,BENIGN_ISOLATED,0,,NONE
usr_02549,2026-03-18 20:49:35,outlook.com,BENIGN_ISOLATED,0,,NONE
usr_02550,2025-08-27 16:17:38,icloud.com,BENIGN_ISOLATED,0,,NONE
usr_02551,2026-01-01 06:30:12,outlook.com,BENIGN_ISOLATED,0,,NONE
usr_02552,2026-03-18 18:32:19,outlook.com,BENIGN_ISOLATED,0,,NONE
usr_02553,2026-01-01 19:04:59,gmail.com,BENIGN_ISOLATED,0,,NONE
usr_02554,2025-12-14 11:07:14,yahoo.com,BENIGN_ISOLATED,0,,NONE
usr_02555,2025-07-14 09:28:23,gmail.com,BENIGN_ISOLATED,0,,NONE
usr_02556,2026-03-10 21:46:48,icloud.com,BENIGN_ISOLATED,0,,NONE
usr_02557,2025-08-22 00:21:15,proton.me,BENIGN_ISOLATED,0,,NONE
usr_02558,2025-08-05 01:02:26,yahoo.com,BENIGN_ISOLATED,0,,NONE
usr_02559,2025-12-16 23:48:37,yahoo.com,BENIGN_ISOLATED,0,,NONE
usr_02560,2025-12-01 11:56:46,outlook.com,BENIGN_ISOLATED,0,,NONE
usr_02561,2025-09-28 16:19:14,gmail.com,BENIGN_ISOLATED,0,,NONE
usr_02562,2025-09-17 12:47:56,gmail.com,BENIGN_ISOLATED,0,,NONE
usr_02563,2025-10-27 06:45:26,yahoo.com,BENIGN_ISOLATED,0,,NONE
usr_02564,2025-07-29 12:57:18,yahoo.com,BENIGN_ISOLATED,0,,NONE
usr_02565,2025-10-14 21:07:11,gmail.com,BENIGN_ISOLATED,0,,NONE
usr_02566,2026-01-21 20:31:52,gmail.com,BENIGN_ISOLATED,0,,NONE
usr_02567,2025-10-27 05:23:30,outlook.com,BENIGN_ISOLATED,0,,NONE
usr_02568,2025-10-15 19:59:35,gmail.com,BENIGN_ISOLATED,0,,NONE
usr_02569,2025-10-27 01:55:53,gmail.com,BENIGN_ISOLATED,0,,NONE
usr_02570,2025-11-10 23:58:31,gmail.com,BENIGN_ISOLATED,0,,NONE
usr_02571,2025-11-05 08:09:00,outlook.com,BENIGN_ISOLATED,0,,NONE
usr_02572,2025-11-20 01:49:18,proton.me,BENIGN_ISOLATED,0,,NONE
usr_02573,2026-01-25 18:28:23,yahoo.com,BENIGN_ISOLATED,0,,NONE
usr_02574,2026-03-26 08:28:10,yahoo.com,BENIGN_ISOLATED,0,,NONE
usr_02575,2025-09-22 10:38:22,gmail.com,BENIGN_ISOLATED,0,,NONE
usr_02576,2025-07-10 05:09:41,yahoo.com,BENIGN_ISOLATED,0,,NONE
usr_02577,2026-01-15 16:34:06,gmail.com,BENIGN_ISOLATED,0,,NONE
usr_02578,2025-12-22 06:25:50,gmail.com,BENIGN_ISOLATED,0,,NONE
usr_02579,2025-12-24 04:51:30,gmail.com,BENIGN_ISOLATED,0,,NONE
usr_02580,2025-09-28 11:24:00,gmail.com,BENIGN_ISOLATED,0,,NONE
usr_02581,2025-12-05 13:57:43,outlook.com,BENIGN_ISOLATED,0,,NONE
usr_02582,2026-03-07 06:48:24,gmail.com,BENIGN_ISOLATED,0,,NONE
usr_02583,2025-09-28 04:13:33,gmail.com,BENIGN_ISOLATED,0,,NONE
usr_02584,2025-08-04 07:42:09,icloud.com,BENIGN_ISOLATED,0,,NONE
usr_02585,2025-12-13 16:26:57,yahoo.com,BENIGN_ISOLATED,0,,NONE
usr_02586,2026-03-12 10:12:17,proton.me,BENIGN_ISOLATED,0,,NONE
usr_02587,2025-08-31 20:47:59,outlook.com,BENIGN_ISOLATED,0,,NONE
usr_02588,2026-02-16 11:06:17,gmail.com,BENIGN_ISOLATED,0,,NONE
usr_02589,2025-11-01 20:16:50,gmail.com,BENIGN_ISOLATED,0,,NONE
usr_02590,2025-08-05 07:35:31,gmail.com,BENIGN_ISOLATED,0,,NONE
usr_02591,2025-10-19 17:43:10,gmail.com,BENIGN_ISOLATED,0,,NONE
usr_02592,2026-02-26 19:40:12,gmail.com,BENIGN_ISOLATED,0,,NONE
usr_02593,2025-10-03 06:12:06,gmail.com,BENIGN_ISOLATED,0,,NONE
usr_02594,2025-09-14 02:48:29,gmail.com,BENIGN_ISOLATED,0,,NONE
usr_02595,2025-09-28 16:01:32,yahoo.com,BENIGN_ISOLATED,0,,NONE
usr_02596,2025-11-11 13:44:24,yahoo.com,BENIGN_ISOLATED,0,,NONE
usr_02597,2025-11-19 09:50:23,yahoo.com,BENIGN_ISOLATED,0,,NONE
usr_02598,2025-12-05 18:16:10,icloud.com,BENIGN_ISOLATED,0,,NONE
usr_02599,2025-11-02 21:55:33,gmail.com,BENIGN_ISOLATED,0,,NONE
usr_02600,2025-07-10 08:18:26,gmail.com,BENIGN_ISOLATED,0,,NONE
usr_02601,2025-08-22 07:45:51,gmail.com,BENIGN_ISOLATED,0,,NONE
usr_02602,2026-03-13 13:41:56,gmail.com,BENIGN_ISOLATED,0,,NONE
usr_02603,2025-11-07 13:31:06,icloud.com,BENIGN_ISOLATED,0,,NONE
usr_02604,2026-03-06 11:32:20,icloud.com,BENIGN_ISOLATED,0,,NONE
usr_02605,2026-02-02 12:41:18,gmail.com,BENIGN_ISOLATED,0,,NONE
usr_02606,2026-03-06 19:33:07,gmail.com,BENIGN_ISOLATED,0,,NONE
usr_02607,2025-09-03 23:30:20,gmail.com,BENIGN_ISOLATED,0,,NONE
usr_02608,2025-07-09 02:28:36,gmail.com,BENIGN_ISOLATED,0,,NONE
usr_02609,2025-10-28 08:13:37,yahoo.com,BENIGN_ISOLATED,0,,NONE
usr_02610,2026-02-03 04:29:49,icloud.com,BENIGN_ISOLATED,0,,NONE
usr_02611,2025-11-02 17:05:30,gmail.com,BENIGN_ISOLATED,0,,NONE
usr_02612,2026-01-29 12:34:43,icloud.com,BENIGN_ISOLATED,0,,NONE
usr_02613,2025-12-22 19:43:10,gmail.com,BENIGN_ISOLATED,0,,NONE
usr_02614,2026-01-18 04:31:06,gmail.com,BENIGN_ISOLATED,0,,NONE
usr_02615,2025-10-08 00:51:38,outlook.com,BENIGN_ISOLATED,0,,NONE
usr_02616,2025-09-12 12:00:25,gmail.com,BENIGN_ISOLATED,0,,NONE
usr_02617,2026-03-06 00:28:41,gmail.com,BENIGN_ISOLATED,0,,NONE
usr_02618,2025-08-12 19:29:03,outlook.com,BENIGN_ISOLATED,0,,NONE
usr_02619,2026-02-05 13:03:49,gmail.com,BENIGN_ISOLATED,0,,NONE
usr_02620,2025-07-31 16:30:54,gmail.com,BENIGN_ISOLATED,0,,NONE
usr_02621,2026-01-06 01:19:39,gmail.com,BENIGN_ISOLATED,0,,NONE
usr_02622,2025-12-05 05:37:33,gmail.com,BENIGN_ISOLATED,0,,NONE
usr_02623,2025-08-09 20:57:53,icloud.com,BENIGN_ISOLATED,0,,NONE
usr_02624,2025-08-04 11:30:32,yahoo.com,BENIGN_ISOLATED,0,,NONE
usr_02625,2026-02-16 17:29:31,gmail.com,BENIGN_ISOLATED,0,,NONE
usr_02626,2025-10-21 04:47:10,icloud.com,BENIGN_ISOLATED,0,,NONE
usr_02627,2026-01-29 15:50:21,yahoo.com,BENIGN_ISOLATED,0,,NONE
usr_02628,2026-01-28 13:47:41,gmail.com,BENIGN_ISOLATED,0,,NONE
usr_02629,2025-11-26 07:44:06,gmail.com,BENIGN_ISOLATED,0,,NONE
usr_02630,2025-12-21 13:24:23,yahoo.com,BENIGN_ISOLATED,0,,NONE
usr_02631,2026-02-23 17:04:42,gmail.com,BENIGN_ISOLATED,0,,NONE
usr_02632,2025-10-24 02:36:44,gmail.com,BENIGN_ISOLATED,0,,NONE
usr_02633,2025-12-13 01:03:10,gmail.com,BENIGN_ISOLATED,0,,NONE
usr_02634,2026-02-04 11:16:33,gmail.com,BENIGN_ISOLATED,0,,NONE
usr_02635,2025-11-05 20:40:32,icloud.com,BENIGN_ISOLATED,0,,NONE
usr_02636,2026-01-01 01:43:13,gmail.com,BENIGN_ISOLATED,0,,NONE
usr_02637,2025-07-08 15:49:08,gmail.com,BENIGN_ISOLATED,0,,NONE
usr_02638,2025-12-08 05:28:11,yahoo.com,BENIGN_ISOLATED,0,,NONE
usr_02639,2025-12-03 22:40:56,yahoo.com,BENIGN_ISOLATED,0,,NONE
usr_02640,2025-09-19 08:35:57,outlook.com,BENIGN_ISOLATED,0,,NONE
usr_02641,2026-01-24 11:53:11,icloud.com,BENIGN_ISOLATED,0,,NONE
usr_02642,2025-08-30 02:43:54,gmail.com,BENIGN_ISOLATED,0,,NONE
usr_02643,2025-10-31 16:57:40,proton.me,BENIGN_ISOLATED,0,,NONE
usr_02644,2026-02-28 09:09:50,yahoo.com,BENIGN_ISOLATED,0,,NONE
usr_02645,2026-01-17 16:32:27,gmail.com,BENIGN_ISOLATED,0,,NONE
usr_02646,2025-10-03 09:43:53,gmail.com,BENIGN_ISOLATED,0,,NONE
usr_02647,2025-12-31 19:29:55,gmail.com,BENIGN_ISOLATED,0,,NONE
usr_02648,2026-02-06 01:56:51,gmail.com,BENIGN_ISOLATED,0,,NONE
usr_02649,2025-12-26 04:05:51,gmail.com,BENIGN_ISOLATED,0,,NONE
usr_02650,2026-02-22 19:33:04,gmail.com,BENIGN_ISOLATED,0,,NONE
usr_02651,2025-07-11 01:54:13,yahoo.com,BENIGN_ISOLATED,0,,NONE
usr_02652,2026-01-20 03:33:49,gmail.com,BENIGN_ISOLATED,0,,NONE
usr_02653,2025-08-13 03:13:02,icloud.com,BENIGN_ISOLATED,0,,NONE
usr_02654,2025-11-05 07:07:14,gmail.com,BENIGN_ISOLATED,0,,NONE
usr_02655,2026-03-25 13:49:45,outlook.com,BENIGN_ISOLATED,0,,NONE
usr_02656,2025-12-15 20:47:06,gmail.com,BENIGN_ISOLATED,0,,NONE
usr_02657,2025-08-01 15:23:59,yahoo.com,BENIGN_ISOLATED,0,,NONE
usr_02658,2025-11-05 07:54:52,gmail.com,BENIGN_ISOLATED,0,,NONE
usr_02659,2025-10-18 12:39:43,outlook.com,BENIGN_ISOLATED,0,,NONE
usr_02660,2025-11-27 09:37:03,gmail.com,BENIGN_ISOLATED,0,,NONE
usr_02661,2025-10-09 05:31:51,outlook.com,BENIGN_ISOLATED,0,,NONE
usr_02662,2025-07-19 17:02:00,outlook.com,BENIGN_ISOLATED,0,,NONE
usr_02663,2025-10-23 05:55:21,gmail.com,BENIGN_ISOLATED,0,,NONE
usr_02664,2025-11-18 06:23:04,gmail.com,BENIGN_ISOLATED,0,,NONE
usr_02665,2025-10-17 14:54:56,gmail.com,BENIGN_ISOLATED,0,,NONE
usr_02666,2026-03-17 03:54:02,gmail.com,BENIGN_ISOLATED,0,,NONE
usr_02667,2025-08-04 09:08:01,gmail.com,BENIGN_ISOLATED,0,,NONE
usr_02668,2025-08-25 04:31:41,outlook.com,BENIGN_ISOLATED,0,,NONE
usr_02669,2026-03-24 13:55:56,gmail.com,BENIGN_ISOLATED,0,,NONE
usr_02670,2026-03-20 10:51:55,icloud.com,BENIGN_ISOLATED,0,,NONE
usr_02671,2025-12-20 12:55:34,yahoo.com,BENIGN_ISOLATED,0,,NONE
usr_02672,2025-07-08 23:56:13,outlook.com,BENIGN_ISOLATED,0,,NONE
usr_02673,2026-01-17 09:54:16,yahoo.com,BENIGN_ISOLATED,0,,NONE
usr_02674,2025-10-21 15:24:24,gmail.com,BENIGN_ISOLATED,0,,NONE
usr_02675,2025-11-22 12:10:31,yahoo.com,BENIGN_ISOLATED,0,,NONE
usr_02676,2025-08-08 07:33:00,outlook.com,BENIGN_ISOLATED,0,,NONE
usr_02677,2026-01-09 20:56:54,gmail.com,BENIGN_ISOLATED,0,,NONE
usr_02678,2025-09-13 21:36:44,yahoo.com,BENIGN_ISOLATED,0,,NONE
usr_02679,2025-09-28 05:03:02,gmail.com,BENIGN_ISOLATED,0,,NONE
usr_02680,2025-10-29 15:35:00,outlook.com,BENIGN_ISOLATED,0,,NONE
usr_02681,2026-02-22 17:12:48,gmail.com,BENIGN_ISOLATED,0,,NONE
usr_02682,2025-08-07 09:06:44,gmail.com,BENIGN_ISOLATED,0,,NONE
usr_02683,2026-01-10 20:06:05,yahoo.com,BENIGN_ISOLATED,0,,NONE
usr_02684,2026-03-03 21:34:22,gmail.com,BENIGN_ISOLATED,0,,NONE
usr_02685,2025-09-24 16:08:53,gmail.com,BENIGN_ISOLATED,0,,NONE
usr_02686,2025-10-16 05:55:29,gmail.com,BENIGN_ISOLATED,0,,NONE
usr_02687,2026-01-20 17:16:30,gmail.com,BENIGN_ISOLATED,0,,NONE
usr_02688,2026-01-04 10:07:12,outlook.com,BENIGN_ISOLATED,0,,NONE
usr_02689,2025-11-07 15:17:32,icloud.com,BENIGN_ISOLATED,0,,NONE
usr_02690,2025-09-09 21:09:28,yahoo.com,BENIGN_ISOLATED,0,,NONE
usr_02691,2026-01-13 01:06:06,gmail.com,BENIGN_ISOLATED,0,,NONE
usr_02692,2025-12-26 09:06:50,outlook.com,BENIGN_ISOLATED,0,,NONE
usr_02693,2025-11-04 01:17:15,yahoo.com,BENIGN_ISOLATED,0,,NONE
usr_02694,2025-11-20 14:41:58,outlook.com,BENIGN_ISOLATED,0,,NONE
usr_02695,2025-08-03 01:30:01,gmail.com,BENIGN_ISOLATED,0,,NONE
usr_02696,2025-12-04 14:29:20,gmail.com,BENIGN_ISOLATED,0,,NONE
usr_02697,2025-12-10 04:51:22,gmail.com,BENIGN_ISOLATED,0,,NONE
usr_02698,2025-08-14 16:51:45,yahoo.com,BENIGN_ISOLATED,0,,NONE
usr_02699,2025-11-02 20:46:27,outlook.com,BENIGN_ISOLATED,0,,NONE
usr_02700,2025-09-19 03:04:48,gmail.com,BENIGN_ISOLATED,0,,NONE
usr_02701,2026-02-10 21:02:59,gmail.com,BENIGN_ISOLATED,0,,NONE
usr_02702,2026-03-16 22:51:11,gmail.com,BENIGN_ISOLATED,0,,NONE
usr_02703,2025-09-15 14:06:17,gmail.com,BENIGN_ISOLATED,0,,NONE
usr_02704,2025-11-20 12:29:20,icloud.com,BENIGN_ISOLATED,0,,NONE
usr_02705,2025-07-10 00:34:37,gmail.com,BENIGN_ISOLATED,0,,NONE
usr_02706,2025-12-05 17:32:08,gmail.com,BENIGN_ISOLATED,0,,NONE
usr_02707,2025-11-26 07:39:42,yahoo.com,BENIGN_ISOLATED,0,,NONE
usr_02708,2025-12-01 13:57:07,outlook.com,BENIGN_ISOLATED,0,,NONE
usr_02709,2026-01-08 19:22:31,gmail.com,BENIGN_ISOLATED,0,,NONE
usr_02710,2025-12-23 19:32:31,outlook.com,BENIGN_ISOLATED,0,,NONE
usr_02711,2025-10-03 23:54:54,gmail.com,BENIGN_ISOLATED,0,,NONE
usr_02712,2026-02-17 08:47:30,gmail.com,BENIGN_ISOLATED,0,,NONE
usr_02713,2025-07-07 10:43:23,yahoo.com,BENIGN_ISOLATED,0,,NONE
usr_02714,2025-08-04 07:01:43,gmail.com,BENIGN_ISOLATED,0,,NONE
usr_02715,2025-09-11 00:12:53,gmail.com,BENIGN_ISOLATED,0,,NONE
usr_02716,2025-10-27 15:56:42,proton.me,BENIGN_ISOLATED,0,,NONE
usr_02717,2025-08-24 03:10:02,gmail.com,BENIGN_ISOLATED,0,,NONE
usr_02718,2025-11-05 21:27:45,outlook.com,BENIGN_ISOLATED,0,,NONE
usr_02719,2026-03-08 12:54:26,yahoo.com,BENIGN_ISOLATED,0,,NONE
usr_02720,2025-08-01 05:46:32,yahoo.com,BENIGN_ISOLATED,0,,NONE
usr_02721,2025-10-07 16:14:16,yahoo.com,BENIGN_ISOLATED,0,,NONE
usr_02722,2025-08-09 19:24:59,outlook.com,BENIGN_ISOLATED,0,,NONE
usr_02723,2025-08-26 07:35:58,gmail.com,BENIGN_ISOLATED,0,,NONE
usr_02724,2025-11-28 05:59:55,icloud.com,BENIGN_ISOLATED,0,,NONE
usr_02725,2025-08-31 04:55:16,yahoo.com,BENIGN_ISOLATED,0,,NONE
usr_02726,2026-02-11 09:18:32,yahoo.com,BENIGN_ISOLATED,0,,NONE
usr_02727,2025-08-14 14:23:30,gmail.com,BENIGN_ISOLATED,0,,NONE
usr_02728,2025-09-12 05:32:16,yahoo.com,BENIGN_ISOLATED,0,,NONE
usr_02729,2025-08-06 22:48:06,gmail.com,BENIGN_ISOLATED,0,,NONE
usr_02730,2025-12-31 23:10:01,gmail.com,BENIGN_ISOLATED,0,,NONE
usr_02731,2026-02-15 03:20:12,outlook.com,BENIGN_ISOLATED,0,,NONE
usr_02732,2025-10-18 19:32:52,gmail.com,BENIGN_ISOLATED,0,,NONE
usr_02733,2025-07-26 10:53:20,gmail.com,BENIGN_ISOLATED,0,,NONE
usr_02734,2026-02-19 08:34:32,outlook.com,BENIGN_ISOLATED,0,,NONE
usr_02735,2025-08-28 22:14:46,gmail.com,BENIGN_ISOLATED,0,,NONE
usr_02736,2026-02-02 05:49:25,gmail.com,BENIGN_ISOLATED,0,,NONE
usr_02737,2025-09-19 05:09:22,yahoo.com,BENIGN_ISOLATED,0,,NONE
usr_02738,2026-01-07 23:49:41,outlook.com,BENIGN_ISOLATED,0,,NONE
usr_02739,2025-07-09 12:25:41,yahoo.com,BENIGN_ISOLATED,0,,NONE
usr_02740,2025-07-28 01:39:57,gmail.com,BENIGN_ISOLATED,0,,NONE
usr_02741,2026-01-24 12:41:02,outlook.com,BENIGN_ISOLATED,0,,NONE
usr_02742,2025-12-08 00:10:38,yahoo.com,BENIGN_ISOLATED,0,,NONE
usr_02743,2025-10-09 05:41:04,outlook.com,BENIGN_ISOLATED,0,,NONE
usr_02744,2026-02-09 15:22:43,gmail.com,BENIGN_ISOLATED,0,,NONE
usr_02745,2026-02-14 20:22:17,gmail.com,BENIGN_ISOLATED,0,,NONE
usr_02746,2026-03-03 07:16:17,outlook.com,BENIGN_ISOLATED,0,,NONE
usr_02747,2025-11-24 03:48:47,gmail.com,BENIGN_ISOLATED,0,,NONE
usr_02748,2025-11-11 15:11:12,gmail.com,BENIGN_ISOLATED,0,,NONE
usr_02749,2026-02-10 00:02:39,yahoo.com,BENIGN_ISOLATED,0,,NONE
usr_02750,2025-09-13 12:41:50,icloud.com,BENIGN_ISOLATED,0,,NONE
usr_02751,2025-12-13 22:39:49,yahoo.com,BENIGN_ISOLATED,0,,NONE
usr_02752,2025-12-14 11:13:17,gmail.com,BENIGN_ISOLATED,0,,NONE
usr_02753,2025-08-26 09:51:34,outlook.com,BENIGN_ISOLATED,0,,NONE
usr_02754,2025-10-28 05:29:41,outlook.com,BENIGN_ISOLATED,0,,NONE
usr_02755,2025-12-12 00:23:15,icloud.com,BENIGN_ISOLATED,0,,NONE
usr_02756,2026-03-17 10:11:29,gmail.com,BENIGN_ISOLATED,0,,NONE
usr_02757,2025-07-08 14:06:06,gmail.com,BENIGN_ISOLATED,0,,NONE
usr_02758,2025-11-04 10:25:26,gmail.com,BENIGN_ISOLATED,0,,NONE
usr_02759,2025-12-21 03:28:50,yahoo.com,BENIGN_ISOLATED,0,,NONE
usr_02760,2025-08-14 16:09:09,gmail.com,BENIGN_ISOLATED,0,,NONE
usr_02761,2025-07-19 08:19:31,gmail.com,BENIGN_ISOLATED,0,,NONE
usr_02762,2025-07-16 05:00:09,gmail.com,BENIGN_ISOLATED,0,,NONE
usr_02763,2026-02-18 04:07:14,yahoo.com,BENIGN_ISOLATED,0,,NONE
usr_02764,2025-09-16 00:31:00,gmail.com,BENIGN_ISOLATED,0,,NONE
usr_02765,2025-12-01 04:14:24,gmail.com,BENIGN_ISOLATED,0,,NONE
usr_02766,2025-11-10 04:27:58,outlook.com,BENIGN_ISOLATED,0,,NONE
usr_02767,2025-12-01 19:52:35,outlook.com,BENIGN_ISOLATED,0,,NONE
usr_02768,2025-07-30 23:27:46,proton.me,BENIGN_ISOLATED,0,,NONE
usr_02769,2025-07-14 17:24:50,gmail.com,BENIGN_ISOLATED,0,,NONE
usr_02770,2025-07-30 10:59:14,outlook.com,BENIGN_ISOLATED,0,,NONE
usr_02771,2026-01-26 22:59:21,outlook.com,BENIGN_ISOLATED,0,,NONE
usr_02772,2025-12-07 13:56:46,icloud.com,BENIGN_ISOLATED,0,,NONE
usr_02773,2025-07-30 11:34:57,yahoo.com,BENIGN_ISOLATED,0,,NONE
usr_02774,2025-09-09 05:22:43,gmail.com,BENIGN_ISOLATED,0,,NONE
usr_02775,2026-02-28 15:37:26,yahoo.com,BENIGN_ISOLATED,0,,NONE
usr_02776,2025-08-24 09:03:26,proton.me,BENIGN_ISOLATED,0,,NONE
usr_02777,2026-03-20 20:09:13,yahoo.com,BENIGN_ISOLATED,0,,NONE
usr_02778,2026-01-19 03:40:22,gmail.com,BENIGN_ISOLATED,0,,NONE
usr_02779,2025-07-08 00:38:04,yahoo.com,BENIGN_ISOLATED,0,,NONE
usr_02780,2025-09-16 07:27:06,icloud.com,BENIGN_ISOLATED,0,,NONE
usr_02781,2025-10-06 23:43:56,yahoo.com,BENIGN_ISOLATED,0,,NONE
usr_02782,2025-08-05 01:25:46,gmail.com,BENIGN_ISOLATED,0,,NONE
usr_02783,2025-07-30 12:41:13,yahoo.com,BENIGN_ISOLATED,0,,NONE
usr_02784,2025-12-05 01:57:25,gmail.com,BENIGN_ISOLATED,0,,NONE
usr_02785,2026-01-14 15:31:46,gmail.com,BENIGN_ISOLATED,0,,NONE
usr_02786,2026-01-24 14:33:19,yahoo.com,BENIGN_ISOLATED,0,,NONE
usr_02787,2025-12-01 04:52:26,gmail.com,BENIGN_ISOLATED,0,,NONE
usr_02788,2026-02-10 10:40:05,gmail.com,BENIGN_ISOLATED,0,,NONE
usr_02789,2025-12-01 23:53:16,yahoo.com,BENIGN_ISOLATED,0,,NONE
usr_02790,2025-08-29 09:54:43,yahoo.com,BENIGN_ISOLATED,0,,NONE
usr_02791,2026-03-05 21:39:17,outlook.com,BENIGN_ISOLATED,0,,NONE
usr_02792,2026-01-21 01:44:56,gmail.com,BENIGN_ISOLATED,0,,NONE
usr_02793,2026-03-03 08:39:24,gmail.com,BENIGN_ISOLATED,0,,NONE
usr_02794,2025-08-29 07:51:35,gmail.com,BENIGN_ISOLATED,0,,NONE
usr_02795,2025-10-30 23:43:02,yahoo.com,BENIGN_ISOLATED,0,,NONE
usr_02796,2025-07-13 07:40:31,yahoo.com,BENIGN_ISOLATED,0,,NONE
usr_02797,2025-07-30 06:43:20,gmail.com,BENIGN_ISOLATED,0,,NONE
usr_02798,2026-02-05 15:29:28,proton.me,BENIGN_ISOLATED,0,,NONE
usr_02799,2025-10-11 21:22:11,outlook.com,BENIGN_ISOLATED,0,,NONE
usr_02800,2026-03-17 11:20:07,gmail.com,BENIGN_ISOLATED,0,,NONE
usr_02801,2025-07-15 07:45:14,gmail.com,BENIGN_ISOLATED,0,,NONE
usr_02802,2025-09-01 05:53:13,gmail.com,BENIGN_ISOLATED,0,,NONE
usr_02803,2025-07-24 13:09:21,outlook.com,BENIGN_ISOLATED,0,,NONE
usr_02804,2026-02-04 04:23:12,outlook.com,BENIGN_ISOLATED,0,,NONE
usr_02805,2025-11-23 09:05:51,outlook.com,BENIGN_ISOLATED,0,,NONE
usr_02806,2026-01-29 12:16:58,yahoo.com,BENIGN_ISOLATED,0,,NONE
usr_02807,2025-07-14 06:42:12,gmail.com,BENIGN_ISOLATED,0,,NONE
usr_02808,2025-07-11 07:04:46,yahoo.com,BENIGN_ISOLATED,0,,NONE
usr_02809,2025-10-26 05:40:58,gmail.com,BENIGN_ISOLATED,0,,NONE
usr_02810,2025-09-16 00:20:20,gmail.com,BENIGN_ISOLATED,0,,NONE
usr_02811,2025-12-22 04:39:31,gmail.com,BENIGN_ISOLATED,0,,NONE
usr_02812,2025-10-29 17:59:41,outlook.com,BENIGN_ISOLATED,0,,NONE
usr_02813,2025-09-24 15:25:25,yahoo.com,BENIGN_ISOLATED,0,,NONE
usr_02814,2026-02-03 14:11:45,gmail.com,BENIGN_ISOLATED,0,,NONE
usr_02815,2025-09-06 05:14:06,gmail.com,BENIGN_ISOLATED,0,,NONE
usr_02816,2026-03-18 01:41:40,icloud.com,BENIGN_ISOLATED,0,,NONE
usr_02817,2026-03-12 03:35:25,gmail.com,BENIGN_ISOLATED,0,,NONE
usr_02818,2025-12-17 15:03:29,gmail.com,BENIGN_ISOLATED,0,,NONE
usr_02819,2025-10-15 19:53:44,icloud.com,BENIGN_ISOLATED,0,,NONE
usr_02820,2025-10-21 22:30:48,icloud.com,BENIGN_ISOLATED,0,,NONE
usr_02821,2025-12-12 14:28:15,outlook.com,BENIGN_ISOLATED,0,,NONE
usr_02822,2025-09-24 17:32:49,outlook.com,BENIGN_ISOLATED,0,,NONE
usr_02823,2025-09-29 23:55:32,gmail.com,BENIGN_ISOLATED,0,,NONE
usr_02824,2025-07-11 20:41:36,yahoo.com,BENIGN_ISOLATED,0,,NONE
usr_02825,2026-01-19 08:08:13,yahoo.com,BENIGN_ISOLATED,0,,NONE
usr_02826,2025-08-13 00:19:58,yahoo.com,BENIGN_ISOLATED,0,,NONE
usr_02827,2026-01-07 06:17:11,gmail.com,BENIGN_ISOLATED,0,,NONE
usr_02828,2026-03-14 12:39:32,gmail.com,BENIGN_ISOLATED,0,,NONE
usr_02829,2025-11-30 22:57:30,gmail.com,BENIGN_ISOLATED,0,,NONE
usr_02830,2025-07-16 12:40:55,icloud.com,BENIGN_ISOLATED,0,,NONE
usr_02831,2026-03-21 18:25:17,icloud.com,BENIGN_ISOLATED,0,,NONE
usr_02832,2026-03-15 16:04:18,outlook.com,BENIGN_ISOLATED,0,,NONE
usr_02833,2025-08-16 11:37:22,yahoo.com,BENIGN_ISOLATED,0,,NONE
usr_02834,2025-10-26 17:59:41,gmail.com,BENIGN_ISOLATED,0,,NONE
usr_02835,2026-01-26 18:02:23,gmail.com,BENIGN_ISOLATED,0,,NONE
usr_02836,2025-10-29 19:01:27,gmail.com,BENIGN_ISOLATED,0,,NONE
usr_02837,2026-02-22 10:51:45,gmail.com,BENIGN_ISOLATED,0,,NONE
usr_02838,2025-12-16 03:38:42,yahoo.com,BENIGN_ISOLATED,0,,NONE
usr_02839,2026-01-05 05:16:27,gmail.com,BENIGN_ISOLATED,0,,NONE
usr_02840,2025-08-14 18:20:43,gmail.com,BENIGN_ISOLATED,0,,NONE
usr_02841,2025-10-24 06:23:58,outlook.com,BENIGN_ISOLATED,0,,NONE
usr_02842,2025-08-13 11:36:15,outlook.com,BENIGN_ISOLATED,0,,NONE
usr_02843,2025-11-24 05:52:30,yahoo.com,BENIGN_ISOLATED,0,,NONE
usr_02844,2025-10-30 03:56:17,gmail.com,BENIGN_ISOLATED,0,,NONE
usr_02845,2026-02-15 01:14:03,yahoo.com,BENIGN_ISOLATED,0,,NONE
usr_02846,2025-11-10 23:13:27,gmail.com,BENIGN_ISOLATED,0,,NONE
usr_02847,2025-09-07 01:37:35,gmail.com,BENIGN_ISOLATED,0,,NONE
usr_02848,2025-08-06 16:01:44,icloud.com,BENIGN_ISOLATED,0,,NONE
usr_02849,2026-02-16 23:31:48,gmail.com,BENIGN_ISOLATED,0,,NONE
usr_02850,2025-08-11 19:36:40,gmail.com,BENIGN_ISOLATED,0,,NONE
usr_02851,2025-11-18 09:09:16,gmail.com,BENIGN_ISOLATED,0,,NONE
usr_02852,2025-08-26 11:33:48,yahoo.com,BENIGN_ISOLATED,0,,NONE
usr_02853,2025-12-22 19:27:55,gmail.com,BENIGN_ISOLATED,0,,NONE
usr_02854,2025-11-23 02:48:57,gmail.com,BENIGN_ISOLATED,0,,NONE
usr_02855,2025-08-07 04:20:05,gmail.com,BENIGN_ISOLATED,0,,NONE
usr_02856,2026-02-25 02:49:42,yahoo.com,BENIGN_ISOLATED,0,,NONE
usr_02857,2026-01-03 09:29:34,gmail.com,BENIGN_ISOLATED,0,,NONE
usr_02858,2025-10-30 05:31:37,icloud.com,BENIGN_ISOLATED,0,,NONE
usr_02859,2026-01-17 15:45:12,yahoo.com,BENIGN_ISOLATED,0,,NONE
usr_02860,2026-01-06 18:15:18,yahoo.com,BENIGN_ISOLATED,0,,NONE
usr_02861,2026-02-26 03:45:58,outlook.com,BENIGN_ISOLATED,0,,NONE
usr_02862,2026-02-20 22:04:59,icloud.com,BENIGN_ISOLATED,0,,NONE
usr_02863,2025-09-09 13:20:02,gmail.com,BENIGN_ISOLATED,0,,NONE
usr_02864,2025-07-05 17:27:37,gmail.com,BENIGN_ISOLATED,0,,NONE
usr_02865,2025-08-18 03:17:17,gmail.com,BENIGN_ISOLATED,0,,NONE
usr_02866,2025-12-17 14:04:31,gmail.com,BENIGN_ISOLATED,0,,NONE
usr_02867,2025-09-14 15:32:49,outlook.com,BENIGN_ISOLATED,0,,NONE
usr_02868,2025-11-20 16:13:24,outlook.com,BENIGN_ISOLATED,0,,NONE
usr_02869,2025-08-04 12:35:53,yahoo.com,BENIGN_ISOLATED,0,,NONE
usr_02870,2025-12-31 14:59:29,gmail.com,BENIGN_ISOLATED,0,,NONE
usr_02871,2025-11-05 00:22:15,yahoo.com,BENIGN_ISOLATED,0,,NONE
usr_02872,2025-09-26 02:33:41,outlook.com,BENIGN_ISOLATED,0,,NONE
usr_02873,2025-12-11 11:40:37,yahoo.com,BENIGN_ISOLATED,0,,NONE
usr_02874,2026-03-13 21:56:32,yahoo.com,BENIGN_ISOLATED,0,,NONE
usr_02875,2026-01-22 02:08:26,outlook.com,BENIGN_ISOLATED,0,,NONE
usr_02876,2026-02-13 02:59:40,outlook.com,BENIGN_ISOLATED,0,,NONE
usr_02877,2025-09-18 14:43:35,gmail.com,BENIGN_ISOLATED,0,,NONE
usr_02878,2025-12-25 09:42:54,gmail.com,BENIGN_ISOLATED,0,,NONE
usr_02879,2025-08-29 01:46:53,gmail.com,BENIGN_ISOLATED,0,,NONE
usr_02880,2025-08-30 02:58:28,gmail.com,BENIGN_ISOLATED,0,,NONE
usr_02881,2025-07-28 08:14:32,gmail.com,BENIGN_ISOLATED,0,,NONE
usr_02882,2025-12-25 17:48:55,gmail.com,BENIGN_ISOLATED,0,,NONE
usr_02883,2026-01-23 15:10:10,icloud.com,BENIGN_ISOLATED,0,,NONE
usr_02884,2025-10-31 16:45:01,gmail.com,BENIGN_ISOLATED,0,,NONE
usr_02885,2025-12-08 16:04:02,outlook.com,BENIGN_ISOLATED,0,,NONE
usr_02886,2025-08-21 03:30:22,gmail.com,BENIGN_ISOLATED,0,,NONE
usr_02887,2025-11-04 07:04:25,yahoo.com,BENIGN_ISOLATED,0,,NONE
usr_02888,2025-12-01 02:38:01,gmail.com,BENIGN_ISOLATED,0,,NONE
usr_02889,2025-09-25 06:44:14,gmail.com,BENIGN_ISOLATED,0,,NONE
usr_02890,2025-11-12 07:00:10,gmail.com,BENIGN_ISOLATED,0,,NONE
usr_02891,2026-01-26 18:21:38,gmail.com,BENIGN_ISOLATED,0,,NONE
usr_02892,2025-07-09 07:00:39,outlook.com,BENIGN_ISOLATED,0,,NONE
usr_02893,2025-12-16 03:58:23,icloud.com,BENIGN_ISOLATED,0,,NONE
usr_02894,2025-10-25 17:26:34,gmail.com,BENIGN_ISOLATED,0,,NONE
usr_02895,2025-07-09 06:28:14,gmail.com,BENIGN_ISOLATED,0,,NONE
usr_02896,2025-11-09 21:25:04,gmail.com,BENIGN_ISOLATED,0,,NONE
usr_02897,2025-08-10 08:38:06,icloud.com,BENIGN_ISOLATED,0,,NONE
usr_02898,2025-09-29 03:03:09,icloud.com,BENIGN_ISOLATED,0,,NONE
usr_02899,2025-07-27 08:20:39,yahoo.com,BENIGN_ISOLATED,0,,NONE
usr_02900,2025-10-16 06:46:06,icloud.com,BENIGN_ISOLATED,0,,NONE
usr_02901,2025-12-27 03:21:37,gmail.com,BENIGN_ISOLATED,0,,NONE
usr_02902,2026-01-23 13:25:24,yahoo.com,BENIGN_ISOLATED,0,,NONE
usr_02903,2025-09-27 12:08:17,gmail.com,BENIGN_ISOLATED,0,,NONE
usr_02904,2025-09-29 06:46:02,proton.me,BENIGN_ISOLATED,0,,NONE
usr_02905,2025-07-14 22:14:26,yahoo.com,BENIGN_ISOLATED,0,,NONE
usr_02906,2025-09-27 22:07:51,proton.me,BENIGN_ISOLATED,0,,NONE
usr_02907,2025-11-22 13:14:29,outlook.com,BENIGN_ISOLATED,0,,NONE
usr_02908,2025-07-20 13:05:11,gmail.com,BENIGN_ISOLATED,0,,NONE
usr_02909,2025-07-24 15:31:13,gmail.com,BENIGN_ISOLATED,0,,NONE
usr_02910,2025-12-14 08:19:29,outlook.com,BENIGN_ISOLATED,0,,NONE
usr_02911,2025-07-26 21:42:09,gmail.com,BENIGN_ISOLATED,0,,NONE
usr_02912,2025-08-28 08:40:27,gmail.com,BENIGN_ISOLATED,0,,NONE
usr_02913,2026-02-27 23:56:50,gmail.com,BENIGN_ISOLATED,0,,NONE
usr_02914,2025-11-05 02:53:07,gmail.com,BENIGN_ISOLATED,0,,NONE
usr_02915,2026-03-12 05:08:05,gmail.com,BENIGN_ISOLATED,0,,NONE
usr_02916,2026-02-10 03:53:33,yahoo.com,BENIGN_ISOLATED,0,,NONE
usr_02917,2025-12-31 11:32:42,gmail.com,BENIGN_ISOLATED,0,,NONE
usr_02918,2025-07-24 19:08:49,gmail.com,BENIGN_ISOLATED,0,,NONE
usr_02919,2025-12-20 18:31:21,gmail.com,BENIGN_ISOLATED,0,,NONE
usr_02920,2025-09-07 06:39:56,gmail.com,BENIGN_ISOLATED,0,,NONE
usr_02921,2026-01-27 18:50:19,gmail.com,BENIGN_ISOLATED,0,,NONE
usr_02922,2025-12-29 16:39:50,gmail.com,BENIGN_ISOLATED,0,,NONE
usr_02923,2026-01-02 08:57:35,gmail.com,BENIGN_ISOLATED,0,,NONE
usr_02924,2025-09-12 21:54:30,gmail.com,BENIGN_ISOLATED,0,,NONE
usr_02925,2025-10-26 06:17:14,yahoo.com,BENIGN_ISOLATED,0,,NONE
usr_02926,2025-09-11 21:22:27,outlook.com,BENIGN_ISOLATED,0,,NONE
usr_02927,2025-09-06 01:28:17,yahoo.com,BENIGN_ISOLATED,0,,NONE
usr_02928,2025-09-27 01:46:25,gmail.com,BENIGN_ISOLATED,0,,NONE
usr_02929,2025-07-27 13:24:35,outlook.com,BENIGN_ISOLATED,0,,NONE
usr_02930,2025-12-31 06:01:11,gmail.com,BENIGN_ISOLATED,0,,NONE
usr_02931,2025-11-01 20:29:35,gmail.com,BENIGN_ISOLATED,0,,NONE
usr_02932,2025-09-15 06:35:11,gmail.com,BENIGN_ISOLATED,0,,NONE
usr_02933,2026-01-25 06:51:33,yahoo.com,BENIGN_ISOLATED,0,,NONE
usr_02934,2025-11-29 21:10:48,gmail.com,BENIGN_ISOLATED,0,,NONE
usr_02935,2025-08-31 02:59:41,gmail.com,BENIGN_ISOLATED,0,,NONE
usr_02936,2026-03-12 15:46:24,gmail.com,BENIGN_ISOLATED,0,,NONE
usr_02937,2025-11-03 18:25:20,gmail.com,BENIGN_ISOLATED,0,,NONE
usr_02938,2025-11-10 10:00:08,yahoo.com,BENIGN_ISOLATED,0,,NONE
usr_02939,2025-12-07 16:15:01,yahoo.com,BENIGN_ISOLATED,0,,NONE
usr_02940,2025-08-02 04:08:07,gmail.com,BENIGN_ISOLATED,0,,NONE
usr_02941,2026-02-06 21:52:00,yahoo.com,BENIGN_ISOLATED,0,,NONE
usr_02942,2026-01-01 10:10:29,gmail.com,BENIGN_ISOLATED,0,,NONE
usr_02943,2026-03-18 20:42:04,gmail.com,BENIGN_ISOLATED,0,,NONE
usr_02944,2025-12-25 08:38:36,yahoo.com,BENIGN_ISOLATED,0,,NONE
usr_02945,2025-07-28 21:42:18,gmail.com,BENIGN_ISOLATED,0,,NONE
usr_02946,2026-01-29 21:00:45,gmail.com,BENIGN_ISOLATED,0,,NONE
usr_02947,2025-07-21 04:51:19,proton.me,BENIGN_ISOLATED,0,,NONE
usr_02948,2026-03-20 05:24:48,gmail.com,BENIGN_ISOLATED,0,,NONE
usr_02949,2025-12-24 09:29:53,yahoo.com,BENIGN_ISOLATED,0,,NONE
usr_02950,2025-09-20 19:32:18,icloud.com,BENIGN_ISOLATED,0,,NONE
usr_02951,2025-11-28 21:49:43,gmail.com,BENIGN_ISOLATED,0,,NONE
usr_02952,2025-12-29 07:06:58,outlook.com,BENIGN_ISOLATED,0,,NONE
usr_02953,2026-01-03 09:37:26,icloud.com,BENIGN_ISOLATED,0,,NONE
usr_02954,2026-02-05 17:50:37,gmail.com,BENIGN_ISOLATED,0,,NONE
usr_02955,2026-02-16 13:49:23,gmail.com,BENIGN_ISOLATED,0,,NONE
usr_02956,2025-11-07 13:53:36,gmail.com,BENIGN_ISOLATED,0,,NONE
usr_02957,2025-07-19 08:32:28,gmail.com,BENIGN_ISOLATED,0,,NONE
usr_02958,2026-02-13 03:22:16,gmail.com,BENIGN_ISOLATED,0,,NONE
usr_02959,2025-08-01 05:27:37,gmail.com,BENIGN_ISOLATED,0,,NONE
usr_02960,2026-02-01 05:41:51,gmail.com,BENIGN_ISOLATED,0,,NONE
usr_02961,2025-10-08 04:44:17,outlook.com,BENIGN_ISOLATED,0,,NONE
usr_02962,2026-01-07 11:45:14,gmail.com,BENIGN_ISOLATED,0,,NONE
usr_02963,2025-09-17 17:16:10,gmail.com,BENIGN_ISOLATED,0,,NONE
usr_02964,2026-03-22 09:35:20,outlook.com,BENIGN_ISOLATED,0,,NONE
usr_02965,2025-08-30 20:37:50,gmail.com,BENIGN_ISOLATED,0,,NONE
usr_02966,2025-12-22 21:32:40,gmail.com,BENIGN_ISOLATED,0,,NONE
usr_02967,2026-02-13 14:28:26,gmail.com,BENIGN_ISOLATED,0,,NONE
usr_02968,2026-03-23 08:52:47,outlook.com,BENIGN_ISOLATED,0,,NONE
usr_02969,2026-02-16 02:55:50,gmail.com,BENIGN_ISOLATED,0,,NONE
usr_02970,2026-02-21 06:59:10,gmail.com,BENIGN_ISOLATED,0,,NONE
usr_02971,2025-08-11 11:40:18,outlook.com,BENIGN_ISOLATED,0,,NONE
usr_02972,2026-01-15 05:59:14,yahoo.com,BENIGN_ISOLATED,0,,NONE
usr_02973,2025-07-22 15:17:14,gmail.com,BENIGN_ISOLATED,0,,NONE
usr_02974,2025-07-21 03:59:21,gmail.com,BENIGN_ISOLATED,0,,NONE
usr_02975,2025-09-14 17:42:53,outlook.com,BENIGN_ISOLATED,0,,NONE
usr_02976,2026-01-23 00:44:05,gmail.com,BENIGN_ISOLATED,0,,NONE
usr_02977,2025-11-07 01:54:50,gmail.com,BENIGN_ISOLATED,0,,NONE
usr_02978,2026-02-05 10:24:06,proton.me,BENIGN_ISOLATED,0,,NONE
usr_02979,2025-12-06 23:53:04,gmail.com,BENIGN_ISOLATED,0,,NONE
usr_02980,2025-09-08 15:58:36,gmail.com,BENIGN_ISOLATED,0,,NONE
usr_02981,2025-08-09 15:14:37,gmail.com,BENIGN_ISOLATED,0,,NONE
usr_02982,2026-02-06 07:33:34,gmail.com,BENIGN_ISOLATED,0,,NONE
usr_02983,2025-10-02 14:19:46,outlook.com,BENIGN_ISOLATED,0,,NONE
usr_02984,2025-07-25 15:35:28,icloud.com,BENIGN_ISOLATED,0,,NONE
usr_02985,2025-07-29 18:32:22,yahoo.com,BENIGN_ISOLATED,0,,NONE
usr_02986,2026-01-11 20:26:04,yahoo.com,BENIGN_ISOLATED,0,,NONE
usr_02987,2025-10-20 21:40:54,yahoo.com,BENIGN_ISOLATED,0,,NONE
usr_02988,2025-11-01 18:39:20,icloud.com,BENIGN_ISOLATED,0,,NONE
usr_02989,2025-11-21 07:05:12,gmail.com,BENIGN_ISOLATED,0,,NONE
usr_02990,2025-07-31 19:51:34,gmail.com,BENIGN_ISOLATED,0,,NONE
usr_02991,2026-01-16 07:50:13,gmail.com,BENIGN_ISOLATED,0,,NONE
usr_02992,2026-03-04 02:19:49,yahoo.com,BENIGN_ISOLATED,0,,NONE
usr_02993,2025-11-17 06:18:39,gmail.com,BENIGN_ISOLATED,0,,NONE
usr_02994,2026-02-12 08:59:07,icloud.com,BENIGN_ISOLATED,0,,NONE
usr_02995,2026-03-20 22:39:30,icloud.com,BENIGN_ISOLATED,0,,NONE
usr_02996,2026-03-06 10:08:47,gmail.com,BENIGN_ISOLATED,0,,NONE
usr_02997,2025-11-17 16:50:03,yahoo.com,BENIGN_ISOLATED,0,,NONE
usr_02998,2025-08-16 05:09:43,outlook.com,BENIGN_ISOLATED,0,,NONE
usr_02999,2025-08-07 09:50:19,gmail.com,BENIGN_ISOLATED,0,,NONE
usr_03000,2026-01-20 00:31:01,gmail.com,BENIGN_ISOLATED,0,,NONE
usr_03001,2025-07-09 19:55:36,yahoo.com,BENIGN_ISOLATED,0,,NONE
usr_03002,2025-10-11 17:17:12,yahoo.com,BENIGN_ISOLATED,0,,NONE
usr_03003,2026-02-27 06:29:03,icloud.com,BENIGN_ISOLATED,0,,NONE
usr_03004,2025-11-06 12:35:01,outlook.com,BENIGN_ISOLATED,0,,NONE
usr_03005,2025-10-15 14:23:09,gmail.com,BENIGN_ISOLATED,0,,NONE
usr_03006,2025-10-11 18:23:36,gmail.com,BENIGN_ISOLATED,0,,NONE
usr_03007,2025-12-20 02:55:57,gmail.com,BENIGN_ISOLATED,0,,NONE
usr_03008,2025-12-16 11:11:43,gmail.com,BENIGN_ISOLATED,0,,NONE
usr_03009,2025-11-12 02:30:01,yahoo.com,BENIGN_ISOLATED,0,,NONE
usr_03010,2026-01-28 09:18:40,gmail.com,BENIGN_ISOLATED,0,,NONE
usr_03011,2026-03-10 04:39:15,yahoo.com,BENIGN_ISOLATED,0,,NONE
usr_03012,2026-01-07 03:03:21,gmail.com,BENIGN_ISOLATED,0,,NONE
usr_03013,2025-10-24 06:20:36,yahoo.com,BENIGN_ISOLATED,0,,NONE
usr_03014,2025-10-26 19:11:14,gmail.com,BENIGN_ISOLATED,0,,NONE
usr_03015,2026-02-11 05:31:04,yahoo.com,BENIGN_ISOLATED,0,,NONE
usr_03016,2025-11-18 15:05:51,outlook.com,BENIGN_ISOLATED,0,,NONE
usr_03017,2026-01-27 10:07:34,gmail.com,BENIGN_ISOLATED,0,,NONE
usr_03018,2025-11-28 13:08:41,gmail.com,BENIGN_ISOLATED,0,,NONE
usr_03019,2025-12-05 04:57:51,yahoo.com,BENIGN_ISOLATED,0,,NONE
usr_03020,2025-07-29 10:47:33,gmail.com,BENIGN_ISOLATED,0,,NONE
usr_03021,2025-07-29 19:00:38,outlook.com,BENIGN_ISOLATED,0,,NONE
usr_03022,2025-08-22 17:05:55,gmail.com,BENIGN_ISOLATED,0,,NONE
usr_03023,2026-01-14 18:09:41,yahoo.com,BENIGN_ISOLATED,0,,NONE
usr_03024,2026-02-02 09:57:33,outlook.com,BENIGN_ISOLATED,0,,NONE
usr_03025,2026-01-10 20:49:58,icloud.com,BENIGN_ISOLATED,0,,NONE
usr_03026,2025-07-18 12:56:42,gmail.com,BENIGN_ISOLATED,0,,NONE
usr_03027,2026-03-09 11:40:29,gmail.com,BENIGN_ISOLATED,0,,NONE
usr_03028,2026-01-11 14:06:04,yahoo.com,BENIGN_ISOLATED,0,,NONE
usr_03029,2025-08-21 02:47:26,gmail.com,BENIGN_ISOLATED,0,,NONE
usr_03030,2026-03-26 20:09:57,yahoo.com,BENIGN_ISOLATED,0,,NONE
usr_03031,2025-11-07 09:50:00,outlook.com,BENIGN_ISOLATED,0,,NONE
usr_03032,2025-08-10 18:27:34,gmail.com,BENIGN_ISOLATED,0,,NONE
usr_03033,2026-01-28 08:26:51,yahoo.com,BENIGN_ISOLATED,0,,NONE
usr_03034,2025-09-07 22:44:55,yahoo.com,BENIGN_ISOLATED,0,,NONE
usr_03035,2025-11-02 04:27:16,yahoo.com,BENIGN_ISOLATED,0,,NONE
usr_03036,2026-03-12 08:30:17,outlook.com,BENIGN_ISOLATED,0,,NONE
usr_03037,2026-03-06 08:32:52,outlook.com,BENIGN_ISOLATED,0,,NONE
usr_03038,2026-01-20 10:31:00,outlook.com,BENIGN_ISOLATED,0,,NONE
usr_03039,2025-11-12 13:39:03,yahoo.com,BENIGN_ISOLATED,0,,NONE
usr_03040,2026-01-07 06:59:24,gmail.com,BENIGN_ISOLATED,0,,NONE
usr_03041,2026-03-17 22:48:58,gmail.com,BENIGN_ISOLATED,0,,NONE
usr_03042,2025-08-13 17:05:31,outlook.com,BENIGN_ISOLATED,0,,NONE
usr_03043,2025-12-07 09:09:47,gmail.com,BENIGN_ISOLATED,0,,NONE
usr_03044,2025-08-31 23:01:08,gmail.com,BENIGN_ISOLATED,0,,NONE
usr_03045,2025-12-11 01:20:56,gmail.com,BENIGN_ISOLATED,0,,NONE
usr_03046,2026-03-13 09:29:26,gmail.com,BENIGN_ISOLATED,0,,NONE
usr_03047,2025-11-28 22:41:41,gmail.com,BENIGN_ISOLATED,0,,NONE
usr_03048,2026-02-04 13:23:57,gmail.com,BENIGN_ISOLATED,0,,NONE
usr_03049,2026-01-02 08:26:42,yahoo.com,BENIGN_ISOLATED,0,,NONE
usr_03050,2025-10-07 21:08:54,gmail.com,BENIGN_ISOLATED,0,,NONE
usr_03051,2025-11-23 04:48:14,gmail.com,BENIGN_ISOLATED,0,,NONE
usr_03052,2026-02-13 00:46:52,gmail.com,BENIGN_ISOLATED,0,,NONE
usr_03053,2025-12-04 20:28:47,gmail.com,BENIGN_ISOLATED,0,,NONE
usr_03054,2025-10-26 02:13:43,gmail.com,BENIGN_ISOLATED,0,,NONE
usr_03055,2025-07-31 06:17:11,gmail.com,BENIGN_ISOLATED,0,,NONE
usr_03056,2025-12-05 01:06:17,gmail.com,BENIGN_ISOLATED,0,,NONE
usr_03057,2025-10-24 12:03:30,yahoo.com,BENIGN_ISOLATED,0,,NONE
usr_03058,2025-07-10 02:56:05,gmail.com,BENIGN_ISOLATED,0,,NONE
usr_03059,2025-12-12 03:23:22,yahoo.com,BENIGN_ISOLATED,0,,NONE
usr_03060,2025-08-13 00:42:18,yahoo.com,BENIGN_ISOLATED,0,,NONE
usr_03061,2025-10-07 20:46:43,gmail.com,BENIGN_ISOLATED,0,,NONE
usr_03062,2025-10-28 07:08:14,icloud.com,BENIGN_ISOLATED,0,,NONE
usr_03063,2026-02-15 20:17:17,gmail.com,BENIGN_ISOLATED,0,,NONE
usr_03064,2026-02-03 03:00:41,gmail.com,BENIGN_ISOLATED,0,,NONE
usr_03065,2026-03-12 01:53:59,gmail.com,BENIGN_ISOLATED,0,,NONE
usr_03066,2026-03-19 09:06:42,gmail.com,BENIGN_ISOLATED,0,,NONE
usr_03067,2025-10-07 05:27:34,yahoo.com,BENIGN_ISOLATED,0,,NONE
usr_03068,2025-12-15 18:49:05,icloud.com,BENIGN_ISOLATED,0,,NONE
usr_03069,2025-08-16 06:23:23,outlook.com,BENIGN_ISOLATED,0,,NONE
usr_03070,2026-01-08 20:51:26,yahoo.com,BENIGN_ISOLATED,0,,NONE
usr_03071,2025-11-11 12:34:17,gmail.com,BENIGN_ISOLATED,0,,NONE
usr_03072,2026-01-08 02:14:17,gmail.com,BENIGN_ISOLATED,0,,NONE
usr_03073,2025-08-15 09:45:08,gmail.com,BENIGN_ISOLATED,0,,NONE
usr_03074,2025-08-11 16:25:40,icloud.com,BENIGN_ISOLATED,0,,NONE
usr_03075,2025-09-28 21:43:54,gmail.com,BENIGN_ISOLATED,0,,NONE
usr_03076,2026-01-01 09:40:08,gmail.com,BENIGN_ISOLATED,0,,NONE
usr_03077,2025-12-30 07:24:58,gmail.com,BENIGN_ISOLATED,0,,NONE
usr_03078,2025-11-02 16:56:28,yahoo.com,BENIGN_ISOLATED,0,,NONE
usr_03079,2025-08-31 21:34:03,yahoo.com,BENIGN_ISOLATED,0,,NONE
usr_03080,2026-03-10 14:28:39,yahoo.com,BENIGN_ISOLATED,0,,NONE
usr_03081,2026-01-06 05:06:20,yahoo.com,BENIGN_ISOLATED,0,,NONE
usr_03082,2026-01-02 22:08:01,gmail.com,BENIGN_ISOLATED,0,,NONE
usr_03083,2025-07-14 20:26:23,gmail.com,BENIGN_ISOLATED,0,,NONE
usr_03084,2025-08-07 06:46:02,gmail.com,BENIGN_ISOLATED,0,,NONE
usr_03085,2025-09-14 00:51:29,gmail.com,BENIGN_ISOLATED,0,,NONE
usr_03086,2025-09-19 23:39:16,icloud.com,BENIGN_ISOLATED,0,,NONE
usr_03087,2025-12-29 17:23:10,gmail.com,BENIGN_ISOLATED,0,,NONE
usr_03088,2025-12-18 15:20:16,gmail.com,BENIGN_ISOLATED,0,,NONE
usr_03089,2026-02-20 05:19:19,gmail.com,BENIGN_ISOLATED,0,,NONE
usr_03090,2025-10-15 16:42:54,outlook.com,BENIGN_ISOLATED,0,,NONE
usr_03091,2025-07-19 21:24:02,outlook.com,BENIGN_ISOLATED,0,,NONE
usr_03092,2025-11-23 20:43:56,gmail.com,BENIGN_ISOLATED,0,,NONE
usr_03093,2025-09-11 06:41:42,yahoo.com,BENIGN_ISOLATED,0,,NONE
usr_03094,2025-12-17 10:54:05,gmail.com,BENIGN_ISOLATED,0,,NONE
usr_03095,2026-01-01 18:43:20,gmail.com,BENIGN_ISOLATED,0,,NONE
usr_03096,2026-03-09 10:23:35,gmail.com,BENIGN_ISOLATED,0,,NONE
usr_03097,2025-09-08 13:23:31,proton.me,BENIGN_ISOLATED,0,,NONE
usr_03098,2025-10-18 08:19:02,gmail.com,BENIGN_ISOLATED,0,,NONE
usr_03099,2025-07-13 11:03:41,gmail.com,BENIGN_ISOLATED,0,,NONE
usr_03100,2025-12-12 13:55:01,gmail.com,BENIGN_ISOLATED,0,,NONE
usr_03101,2025-10-22 04:54:06,outlook.com,BENIGN_ISOLATED,0,,NONE
usr_03102,2025-10-12 18:17:01,gmail.com,BENIGN_ISOLATED,0,,NONE
usr_03103,2026-02-13 10:56:07,outlook.com,BENIGN_ISOLATED,0,,NONE
usr_03104,2026-01-12 14:38:19,yahoo.com,BENIGN_ISOLATED,0,,NONE
usr_03105,2026-02-15 01:58:07,gmail.com,BENIGN_ISOLATED,0,,NONE
usr_03106,2025-10-08 02:29:53,outlook.com,BENIGN_ISOLATED,0,,NONE
usr_03107,2025-12-15 20:54:27,outlook.com,BENIGN_ISOLATED,0,,NONE
usr_03108,2025-07-25 04:37:38,gmail.com,BENIGN_ISOLATED,0,,NONE
usr_03109,2026-01-12 19:11:41,gmail.com,BENIGN_ISOLATED,0,,NONE
usr_03110,2025-11-24 23:59:52,gmail.com,BENIGN_ISOLATED,0,,NONE
usr_03111,2026-01-04 16:31:26,icloud.com,BENIGN_ISOLATED,0,,NONE
usr_03112,2026-03-01 10:56:33,outlook.com,BENIGN_ISOLATED,0,,NONE
usr_03113,2026-01-18 05:29:51,gmail.com,BENIGN_ISOLATED,0,,NONE
usr_03114,2025-09-09 19:34:58,gmail.com,BENIGN_ISOLATED,0,,NONE
usr_03115,2025-09-09 10:17:07,outlook.com,BENIGN_ISOLATED,0,,NONE
usr_03116,2025-11-20 00:26:23,gmail.com,BENIGN_ISOLATED,0,,NONE
usr_03117,2025-12-05 05:48:38,gmail.com,BENIGN_ISOLATED,0,,NONE
usr_03118,2025-10-17 16:43:30,gmail.com,BENIGN_ISOLATED,0,,NONE
usr_03119,2025-12-30 07:25:20,icloud.com,BENIGN_ISOLATED,0,,NONE
usr_03120,2025-09-27 21:35:47,proton.me,BENIGN_ISOLATED,0,,NONE
usr_03121,2025-08-16 20:12:30,gmail.com,BENIGN_ISOLATED,0,,NONE
usr_03122,2025-10-29 22:00:49,yahoo.com,BENIGN_ISOLATED,0,,NONE
usr_03123,2026-03-10 05:56:52,outlook.com,BENIGN_ISOLATED,0,,NONE
usr_03124,2025-09-08 11:22:02,gmail.com,BENIGN_ISOLATED,0,,NONE
usr_03125,2026-01-30 15:04:47,gmail.com,BENIGN_ISOLATED,0,,NONE
usr_03126,2026-03-24 21:50:34,yahoo.com,BENIGN_ISOLATED,0,,NONE
usr_03127,2025-09-27 05:38:58,yahoo.com,BENIGN_ISOLATED,0,,NONE
usr_03128,2025-10-17 05:39:38,gmail.com,BENIGN_ISOLATED,0,,NONE
usr_03129,2025-09-26 05:16:33,gmail.com,BENIGN_ISOLATED,0,,NONE
usr_03130,2025-11-17 12:22:07,gmail.com,BENIGN_ISOLATED,0,,NONE
usr_03131,2025-10-28 09:36:20,gmail.com,BENIGN_ISOLATED,0,,NONE
usr_03132,2026-02-24 03:40:52,gmail.com,BENIGN_ISOLATED,0,,NONE
usr_03133,2025-07-22 22:19:54,outlook.com,BENIGN_ISOLATED,0,,NONE
usr_03134,2026-01-30 14:54:26,icloud.com,BENIGN_ISOLATED,0,,NONE
usr_03135,2026-01-07 21:27:39,outlook.com,BENIGN_ISOLATED,0,,NONE
usr_03136,2025-09-18 22:41:44,gmail.com,BENIGN_ISOLATED,0,,NONE
usr_03137,2025-10-28 05:39:55,gmail.com,BENIGN_ISOLATED,0,,NONE
usr_03138,2025-11-20 11:34:26,gmail.com,BENIGN_ISOLATED,0,,NONE
usr_03139,2026-02-11 12:00:13,gmail.com,BENIGN_ISOLATED,0,,NONE
usr_03140,2025-10-22 13:33:03,gmail.com,BENIGN_ISOLATED,0,,NONE
usr_03141,2025-12-23 19:59:54,outlook.com,BENIGN_ISOLATED,0,,NONE
usr_03142,2025-08-15 17:23:09,gmail.com,BENIGN_ISOLATED,0,,NONE
usr_03143,2025-12-13 02:06:59,gmail.com,BENIGN_ISOLATED,0,,NONE
usr_03144,2025-08-23 02:25:51,gmail.com,BENIGN_ISOLATED,0,,NONE
usr_03145,2025-08-15 10:37:22,gmail.com,BENIGN_ISOLATED,0,,NONE
usr_03146,2025-07-07 21:54:08,proton.me,BENIGN_ISOLATED,0,,NONE
usr_03147,2025-07-24 01:23:53,outlook.com,BENIGN_ISOLATED,0,,NONE
usr_03148,2026-02-13 13:37:56,gmail.com,BENIGN_ISOLATED,0,,NONE
usr_03149,2026-01-10 13:48:41,gmail.com,BENIGN_ISOLATED,0,,NONE
usr_03150,2025-08-22 11:44:52,gmail.com,BENIGN_ISOLATED,0,,NONE
usr_03151,2025-09-05 06:31:40,outlook.com,BENIGN_ISOLATED,0,,NONE
usr_03152,2025-07-22 04:02:31,gmail.com,BENIGN_ISOLATED,0,,NONE
usr_03153,2026-02-15 10:21:16,outlook.com,BENIGN_ISOLATED,0,,NONE
usr_03154,2025-11-24 23:33:27,icloud.com,BENIGN_ISOLATED,0,,NONE
usr_03155,2025-10-27 14:12:26,gmail.com,BENIGN_ISOLATED,0,,NONE
usr_03156,2025-07-29 23:08:05,outlook.com,BENIGN_ISOLATED,0,,NONE
usr_03157,2026-01-29 23:19:11,gmail.com,BENIGN_ISOLATED,0,,NONE
usr_03158,2025-12-31 23:00:00,outlook.com,BENIGN_ISOLATED,0,,NONE
usr_03159,2025-09-03 02:52:00,gmail.com,BENIGN_ISOLATED,0,,NONE
usr_03160,2026-01-09 09:37:06,yahoo.com,BENIGN_ISOLATED,0,,NONE
usr_03161,2025-08-15 18:36:27,yahoo.com,BENIGN_ISOLATED,0,,NONE
usr_03162,2026-01-21 03:44:33,yahoo.com,BENIGN_ISOLATED,0,,NONE
usr_03163,2025-11-02 16:32:40,proton.me,BENIGN_ISOLATED,0,,NONE
usr_03164,2025-11-13 15:17:42,yahoo.com,BENIGN_ISOLATED,0,,NONE
usr_03165,2026-02-15 08:12:03,gmail.com,BENIGN_ISOLATED,0,,NONE
usr_03166,2025-11-03 18:28:57,yahoo.com,BENIGN_ISOLATED,0,,NONE
usr_03167,2025-07-22 06:17:19,yahoo.com,BENIGN_ISOLATED,0,,NONE
usr_03168,2026-02-26 06:48:34,outlook.com,BENIGN_ISOLATED,0,,NONE
usr_03169,2026-02-07 07:13:22,gmail.com,BENIGN_ISOLATED,0,,NONE
usr_03170,2025-08-17 05:52:34,yahoo.com,BENIGN_ISOLATED,0,,NONE
usr_03171,2025-08-18 18:52:54,gmail.com,BENIGN_ISOLATED,0,,NONE
usr_03172,2025-10-13 02:07:50,gmail.com,BENIGN_ISOLATED,0,,NONE
usr_03173,2026-01-09 00:09:21,gmail.com,BENIGN_ISOLATED,0,,NONE
usr_03174,2026-01-08 22:44:43,proton.me,BENIGN_ISOLATED,0,,NONE
usr_03175,2026-03-06 09:03:05,yahoo.com,BENIGN_ISOLATED,0,,NONE
usr_03176,2026-03-02 03:01:47,gmail.com,BENIGN_ISOLATED,0,,NONE
usr_03177,2025-12-09 17:08:54,gmail.com,BENIGN_ISOLATED,0,,NONE
usr_03178,2026-03-07 03:45:47,gmail.com,BENIGN_ISOLATED,0,,NONE
usr_03179,2026-03-13 04:27:53,gmail.com,BENIGN_ISOLATED,0,,NONE
usr_03180,2025-08-07 06:09:48,icloud.com,BENIGN_ISOLATED,0,,NONE
usr_03181,2025-11-28 15:19:16,gmail.com,BENIGN_ISOLATED,0,,NONE
usr_03182,2025-10-22 19:28:47,gmail.com,BENIGN_ISOLATED,0,,NONE
usr_03183,2025-12-29 08:04:58,gmail.com,BENIGN_ISOLATED,0,,NONE
usr_03184,2025-10-30 07:12:52,proton.me,BENIGN_ISOLATED,0,,NONE
usr_03185,2025-08-10 20:51:51,yahoo.com,BENIGN_ISOLATED,0,,NONE
usr_03186,2025-07-11 00:26:11,outlook.com,BENIGN_ISOLATED,0,,NONE
usr_03187,2026-01-21 22:33:41,gmail.com,BENIGN_ISOLATED,0,,NONE
usr_03188,2025-10-31 22:28:12,outlook.com,BENIGN_ISOLATED,0,,NONE
usr_03189,2025-07-28 20:25:46,outlook.com,BENIGN_ISOLATED,0,,NONE
usr_03190,2025-11-19 10:17:13,gmail.com,BENIGN_ISOLATED,0,,NONE
usr_03191,2026-01-02 15:11:50,yahoo.com,BENIGN_ISOLATED,0,,NONE
usr_03192,2026-02-19 19:21:18,gmail.com,BENIGN_ISOLATED,0,,NONE
usr_03193,2025-08-21 22:28:33,outlook.com,BENIGN_ISOLATED,0,,NONE
usr_03194,2025-07-28 13:04:34,gmail.com,BENIGN_ISOLATED,0,,NONE
usr_03195,2026-02-27 13:40:08,yahoo.com,BENIGN_ISOLATED,0,,NONE
usr_03196,2025-12-23 20:09:29,yahoo.com,BENIGN_ISOLATED,0,,NONE
usr_03197,2025-11-26 08:34:34,gmail.com,BENIGN_ISOLATED,0,,NONE
usr_03198,2025-11-26 01:45:57,yahoo.com,BENIGN_ISOLATED,0,,NONE
usr_03199,2026-01-01 20:09:04,yahoo.com,BENIGN_ISOLATED,0,,NONE
usr_03200,2026-01-10 02:50:50,yahoo.com,BENIGN_ISOLATED,0,,NONE
usr_03201,2025-12-23 02:05:39,outlook.com,BENIGN_ISOLATED,0,,NONE
usr_03202,2025-09-02 12:03:27,gmail.com,BENIGN_ISOLATED,0,,NONE
usr_03203,2025-08-01 14:32:08,gmail.com,BENIGN_ISOLATED,0,,NONE
usr_03204,2025-07-25 00:14:21,proton.me,BENIGN_ISOLATED,0,,NONE
usr_03205,2026-01-25 08:38:45,gmail.com,BENIGN_ISOLATED,0,,NONE
usr_03206,2025-07-31 18:50:02,gmail.com,BENIGN_ISOLATED,0,,NONE
usr_03207,2025-08-27 00:39:12,gmail.com,BENIGN_ISOLATED,0,,NONE
usr_03208,2025-12-19 22:09:04,gmail.com,BENIGN_ISOLATED,0,,NONE
usr_03209,2026-02-01 22:18:49,gmail.com,BENIGN_ISOLATED,0,,NONE
usr_03210,2026-01-17 09:45:44,outlook.com,BENIGN_ISOLATED,0,,NONE
usr_03211,2025-08-18 09:36:13,gmail.com,BENIGN_ISOLATED,0,,NONE
usr_03212,2025-09-09 00:55:15,gmail.com,BENIGN_ISOLATED,0,,NONE
usr_03213,2025-10-17 07:25:38,outlook.com,BENIGN_ISOLATED,0,,NONE
usr_03214,2025-09-07 07:10:40,gmail.com,BENIGN_ISOLATED,0,,NONE
usr_03215,2026-01-08 20:28:11,yahoo.com,BENIGN_ISOLATED,0,,NONE
usr_03216,2026-03-02 18:19:28,yahoo.com,BENIGN_ISOLATED,0,,NONE
usr_03217,2026-03-05 17:07:13,gmail.com,BENIGN_ISOLATED,0,,NONE
usr_03218,2026-01-30 21:49:37,proton.me,BENIGN_ISOLATED,0,,NONE
usr_03219,2026-01-14 11:02:50,gmail.com,BENIGN_ISOLATED,0,,NONE
usr_03220,2026-03-18 07:32:46,gmail.com,BENIGN_ISOLATED,0,,NONE
usr_03221,2025-11-23 14:27:01,outlook.com,BENIGN_ISOLATED,0,,NONE
usr_03222,2026-01-28 11:06:06,gmail.com,BENIGN_ISOLATED,0,,NONE
usr_03223,2026-03-16 18:28:32,gmail.com,BENIGN_ISOLATED,0,,NONE
usr_03224,2025-10-14 22:08:50,gmail.com,BENIGN_ISOLATED,0,,NONE
usr_03225,2025-10-07 08:55:15,gmail.com,BENIGN_ISOLATED,0,,NONE
usr_03226,2026-02-19 02:43:21,gmail.com,BENIGN_ISOLATED,0,,NONE
usr_03227,2025-10-26 08:48:23,outlook.com,BENIGN_ISOLATED,0,,NONE
usr_03228,2026-02-24 10:47:42,yahoo.com,BENIGN_ISOLATED,0,,NONE
usr_03229,2026-01-15 21:01:49,yahoo.com,BENIGN_ISOLATED,0,,NONE
usr_03230,2025-09-14 11:47:50,gmail.com,BENIGN_ISOLATED,0,,NONE
usr_03231,2026-01-13 13:07:38,gmail.com,BENIGN_ISOLATED,0,,NONE
usr_03232,2025-09-11 14:02:05,gmail.com,BENIGN_ISOLATED,0,,NONE
usr_03233,2025-09-30 21:35:17,gmail.com,BENIGN_ISOLATED,0,,NONE
usr_03234,2025-09-28 23:05:04,icloud.com,BENIGN_ISOLATED,0,,NONE
usr_03235,2025-09-19 19:26:30,outlook.com,BENIGN_ISOLATED,0,,NONE
usr_03236,2025-11-05 02:37:45,gmail.com,BENIGN_ISOLATED,0,,NONE
usr_03237,2025-09-04 13:07:39,icloud.com,BENIGN_ISOLATED,0,,NONE
usr_03238,2025-12-30 21:36:26,outlook.com,BENIGN_ISOLATED,0,,NONE
usr_03239,2025-12-17 03:23:51,yahoo.com,BENIGN_ISOLATED,0,,NONE
usr_03240,2026-01-03 05:33:57,outlook.com,BENIGN_ISOLATED,0,,NONE
usr_03241,2026-01-11 13:43:56,outlook.com,BENIGN_ISOLATED,0,,NONE
usr_03242,2026-01-12 03:27:09,gmail.com,BENIGN_ISOLATED,0,,NONE
usr_03243,2026-02-16 09:38:11,yahoo.com,BENIGN_ISOLATED,0,,NONE
usr_03244,2026-02-19 21:00:32,outlook.com,BENIGN_ISOLATED,0,,NONE
usr_03245,2025-11-23 11:29:36,icloud.com,BENIGN_ISOLATED,0,,NONE
usr_03246,2026-01-01 02:42:55,yahoo.com,BENIGN_ISOLATED,0,,NONE
usr_03247,2025-10-10 06:04:52,gmail.com,BENIGN_ISOLATED,0,,NONE
usr_03248,2025-07-08 11:54:54,gmail.com,BENIGN_ISOLATED,0,,NONE
usr_03249,2026-01-25 16:15:58,yahoo.com,BENIGN_ISOLATED,0,,NONE
usr_03250,2025-10-17 23:54:54,yahoo.com,BENIGN_ISOLATED,0,,NONE
usr_03251,2025-11-02 10:00:26,yahoo.com,BENIGN_ISOLATED,0,,NONE
usr_03252,2026-02-26 01:52:11,gmail.com,BENIGN_ISOLATED,0,,NONE
usr_03253,2026-03-16 08:50:52,gmail.com,BENIGN_ISOLATED,0,,NONE
usr_03254,2025-11-25 21:37:11,yahoo.com,BENIGN_ISOLATED,0,,NONE
usr_03255,2025-11-03 19:44:26,gmail.com,BENIGN_ISOLATED,0,,NONE
usr_03256,2025-12-19 20:18:00,gmail.com,BENIGN_ISOLATED,0,,NONE
usr_03257,2026-03-15 13:37:19,gmail.com,BENIGN_ISOLATED,0,,NONE
usr_03258,2026-01-31 19:57:05,icloud.com,BENIGN_ISOLATED,0,,NONE
usr_03259,2026-01-30 15:57:13,gmail.com,BENIGN_ISOLATED,0,,NONE
usr_03260,2025-12-30 21:19:16,gmail.com,BENIGN_ISOLATED,0,,NONE
usr_03261,2026-02-08 00:47:31,yahoo.com,BENIGN_ISOLATED,0,,NONE
usr_03262,2025-10-08 00:54:10,outlook.com,BENIGN_ISOLATED,0,,NONE
usr_03263,2025-12-01 15:16:29,gmail.com,BENIGN_ISOLATED,0,,NONE
usr_03264,2025-10-20 15:31:06,yahoo.com,BENIGN_ISOLATED,0,,NONE
usr_03265,2025-09-13 09:25:55,gmail.com,BENIGN_ISOLATED,0,,NONE
usr_03266,2025-07-07 09:19:30,gmail.com,BENIGN_ISOLATED,0,,NONE
usr_03267,2026-03-19 19:09:05,gmail.com,BENIGN_ISOLATED,0,,NONE
usr_03268,2025-10-24 16:10:13,gmail.com,BENIGN_ISOLATED,0,,NONE
usr_03269,2026-01-26 22:58:31,gmail.com,BENIGN_ISOLATED,0,,NONE
usr_03270,2025-08-02 20:38:54,gmail.com,BENIGN_ISOLATED,0,,NONE
usr_03271,2025-11-20 22:09:06,outlook.com,BENIGN_ISOLATED,0,,NONE
usr_03272,2025-11-27 22:43:30,gmail.com,BENIGN_ISOLATED,0,,NONE
usr_03273,2025-10-26 03:13:48,yahoo.com,BENIGN_ISOLATED,0,,NONE
usr_03274,2026-02-17 19:12:54,gmail.com,BENIGN_ISOLATED,0,,NONE
usr_03275,2025-11-02 23:40:07,gmail.com,BENIGN_ISOLATED,0,,NONE
usr_03276,2026-01-02 14:25:43,yahoo.com,BENIGN_ISOLATED,0,,NONE
usr_03277,2025-11-06 18:55:02,outlook.com,BENIGN_ISOLATED,0,,NONE
usr_03278,2026-01-08 00:54:32,gmail.com,BENIGN_ISOLATED,0,,NONE
usr_03279,2026-02-21 21:38:02,gmail.com,BENIGN_ISOLATED,0,,NONE
usr_03280,2025-12-11 17:55:24,gmail.com,BENIGN_ISOLATED,0,,NONE
usr_03281,2025-11-30 21:47:45,outlook.com,BENIGN_ISOLATED,0,,NONE
usr_03282,2025-09-01 18:48:09,gmail.com,BENIGN_ISOLATED,0,,NONE
usr_03283,2026-01-28 10:25:45,gmail.com,BENIGN_ISOLATED,0,,NONE
usr_03284,2025-10-27 15:18:56,gmail.com,BENIGN_ISOLATED,0,,NONE
usr_03285,2025-12-15 18:08:17,outlook.com,BENIGN_ISOLATED,0,,NONE
usr_03286,2025-09-03 09:06:00,proton.me,BENIGN_ISOLATED,0,,NONE
usr_03287,2026-03-24 22:50:55,outlook.com,BENIGN_ISOLATED,0,,NONE
usr_03288,2025-07-06 02:24:24,gmail.com,BENIGN_ISOLATED,0,,NONE
usr_03289,2025-10-13 02:15:58,proton.me,BENIGN_ISOLATED,0,,NONE
usr_03290,2026-03-16 15:38:57,outlook.com,BENIGN_ISOLATED,0,,NONE
usr_03291,2025-10-07 18:27:23,gmail.com,BENIGN_ISOLATED,0,,NONE
usr_03292,2025-11-27 16:07:03,outlook.com,BENIGN_ISOLATED,0,,NONE
usr_03293,2026-02-02 03:44:29,outlook.com,BENIGN_ISOLATED,0,,NONE
usr_03294,2025-08-31 21:38:27,outlook.com,BENIGN_ISOLATED,0,,NONE
usr_03295,2025-10-02 20:26:15,gmail.com,BENIGN_ISOLATED,0,,NONE
usr_03296,2026-03-26 23:52:13,gmail.com,BENIGN_ISOLATED,0,,NONE
usr_03297,2026-03-25 03:15:17,outlook.com,BENIGN_ISOLATED,0,,NONE
usr_03298,2026-03-13 02:12:28,yahoo.com,BENIGN_ISOLATED,0,,NONE
usr_03299,2025-07-28 18:26:17,yahoo.com,BENIGN_ISOLATED,0,,NONE
usr_03300,2025-11-08 20:26:35,proton.me,BENIGN_ISOLATED,0,,NONE
usr_03301,2025-07-24 06:19:44,yahoo.com,BENIGN_ISOLATED,0,,NONE
usr_03302,2025-09-09 20:03:17,outlook.com,BENIGN_ISOLATED,0,,NONE
usr_03303,2026-03-10 07:10:39,yahoo.com,BENIGN_ISOLATED,0,,NONE
usr_03304,2025-10-20 17:30:15,gmail.com,BENIGN_ISOLATED,0,,NONE
usr_03305,2026-02-25 03:39:29,gmail.com,BENIGN_ISOLATED,0,,NONE
usr_03306,2026-01-12 14:04:41,gmail.com,BENIGN_ISOLATED,0,,NONE
usr_03307,2026-03-16 15:37:26,yahoo.com,BENIGN_ISOLATED,0,,NONE
usr_03308,2026-03-12 11:31:22,gmail.com,BENIGN_ISOLATED,0,,NONE
usr_03309,2025-11-27 11:42:00,icloud.com,BENIGN_ISOLATED,0,,NONE
usr_03310,2026-01-17 04:25:05,gmail.com,BENIGN_ISOLATED,0,,NONE
usr_03311,2025-12-14 17:40:30,outlook.com,BENIGN_ISOLATED,0,,NONE
usr_03312,2025-07-15 20:53:06,gmail.com,BENIGN_ISOLATED,0,,NONE
usr_03313,2026-02-26 12:07:37,yahoo.com,BENIGN_ISOLATED,0,,NONE
usr_03314,2025-08-18 14:37:48,icloud.com,BENIGN_ISOLATED,0,,NONE
usr_03315,2025-12-30 16:52:05,gmail.com,BENIGN_ISOLATED,0,,NONE
usr_03316,2026-02-20 19:48:58,gmail.com,BENIGN_ISOLATED,0,,NONE
usr_03317,2025-08-11 19:48:21,gmail.com,BENIGN_ISOLATED,0,,NONE
usr_03318,2025-12-13 17:08:40,gmail.com,BENIGN_ISOLATED,0,,NONE
usr_03319,2026-03-15 08:51:11,gmail.com,BENIGN_ISOLATED,0,,NONE
usr_03320,2025-11-19 20:35:49,gmail.com,BENIGN_ISOLATED,0,,NONE
usr_03321,2025-12-14 02:52:19,gmail.com,BENIGN_ISOLATED,0,,NONE
usr_03322,2025-09-19 13:44:07,outlook.com,BENIGN_ISOLATED,0,,NONE
usr_03323,2025-10-15 09:41:46,icloud.com,BENIGN_ISOLATED,0,,NONE
usr_03324,2025-07-20 00:00:35,gmail.com,BENIGN_ISOLATED,0,,NONE
usr_03325,2026-02-12 00:14:20,gmail.com,BENIGN_ISOLATED,0,,NONE
usr_03326,2025-09-09 23:04:42,gmail.com,BENIGN_ISOLATED,0,,NONE
usr_03327,2025-08-27 19:33:05,outlook.com,BENIGN_ISOLATED,0,,NONE
usr_03328,2025-09-23 21:02:37,gmail.com,BENIGN_ISOLATED,0,,NONE
usr_03329,2025-08-11 11:51:58,outlook.com,BENIGN_ISOLATED,0,,NONE
usr_03330,2026-03-05 00:31:05,yahoo.com,BENIGN_ISOLATED,0,,NONE
usr_03331,2026-03-15 07:01:54,gmail.com,BENIGN_ISOLATED,0,,NONE
usr_03332,2025-08-14 07:09:19,outlook.com,BENIGN_ISOLATED,0,,NONE
usr_03333,2025-11-15 13:10:49,yahoo.com,BENIGN_ISOLATED,0,,NONE
usr_03334,2026-02-14 17:00:51,outlook.com,BENIGN_ISOLATED,0,,NONE
usr_03335,2025-12-04 02:07:43,gmail.com,BENIGN_ISOLATED,0,,NONE
usr_03336,2025-08-19 17:38:52,gmail.com,BENIGN_ISOLATED,0,,NONE
usr_03337,2025-12-09 16:17:37,gmail.com,BENIGN_ISOLATED,0,,NONE
usr_03338,2025-11-12 20:28:29,gmail.com,BENIGN_ISOLATED,0,,NONE
usr_03339,2026-02-14 11:48:03,gmail.com,BENIGN_ISOLATED,0,,NONE
usr_03340,2026-02-27 05:23:53,yahoo.com,BENIGN_ISOLATED,0,,NONE
usr_03341,2026-01-02 13:14:35,gmail.com,BENIGN_ISOLATED,0,,NONE
usr_03342,2025-10-04 06:27:08,gmail.com,BENIGN_ISOLATED,0,,NONE
usr_03343,2025-12-06 02:17:41,gmail.com,BENIGN_ISOLATED,0,,NONE
usr_03344,2025-12-01 20:08:07,outlook.com,BENIGN_ISOLATED,0,,NONE
usr_03345,2025-11-25 06:17:39,icloud.com,BENIGN_ISOLATED,0,,NONE
usr_03346,2026-03-24 22:26:43,icloud.com,BENIGN_ISOLATED,0,,NONE
usr_03347,2026-01-09 01:55:17,gmail.com,BENIGN_ISOLATED,0,,NONE
usr_03348,2025-12-30 10:20:05,gmail.com,BENIGN_ISOLATED,0,,NONE
usr_03349,2026-01-28 12:06:16,yahoo.com,BENIGN_ISOLATED,0,,NONE
usr_03350,2025-12-28 22:10:58,yahoo.com,BENIGN_ISOLATED,0,,NONE
usr_03351,2026-02-10 22:56:51,gmail.com,BENIGN_ISOLATED,0,,NONE
usr_03352,2025-07-05 07:19:24,gmail.com,BENIGN_ISOLATED,0,,NONE
usr_03353,2026-02-08 22:00:30,yahoo.com,BENIGN_ISOLATED,0,,NONE
usr_03354,2025-09-03 09:33:58,yahoo.com,BENIGN_ISOLATED,0,,NONE
usr_03355,2026-03-19 13:32:36,outlook.com,BENIGN_ISOLATED,0,,NONE
usr_03356,2026-03-18 12:47:38,outlook.com,BENIGN_ISOLATED,0,,NONE
usr_03357,2026-01-24 01:58:33,outlook.com,BENIGN_ISOLATED,0,,NONE
usr_03358,2025-08-26 06:09:04,icloud.com,BENIGN_ISOLATED,0,,NONE
usr_03359,2026-01-07 09:14:28,gmail.com,BENIGN_ISOLATED,0,,NONE
usr_03360,2026-01-06 14:47:54,gmail.com,BENIGN_ISOLATED,0,,NONE
usr_03361,2025-11-26 06:16:30,gmail.com,BENIGN_ISOLATED,0,,NONE
usr_03362,2025-10-15 20:48:48,outlook.com,BENIGN_ISOLATED,0,,NONE
usr_03363,2026-03-11 20:00:43,gmail.com,BENIGN_ISOLATED,0,,NONE
usr_03364,2026-02-28 22:51:18,icloud.com,BENIGN_ISOLATED,0,,NONE
usr_03365,2026-03-09 00:01:29,proton.me,BENIGN_ISOLATED,0,,NONE
usr_03366,2025-08-03 01:35:18,outlook.com,BENIGN_ISOLATED,0,,NONE
usr_03367,2025-11-29 04:38:17,outlook.com,BENIGN_ISOLATED,0,,NONE
usr_03368,2025-09-01 04:01:30,outlook.com,BENIGN_ISOLATED,0,,NONE
usr_03369,2026-02-10 15:50:41,gmail.com,BENIGN_ISOLATED,0,,NONE
usr_03370,2025-07-14 05:35:38,outlook.com,BENIGN_ISOLATED,0,,NONE
usr_03371,2025-07-05 01:52:41,outlook.com,BENIGN_ISOLATED,0,,NONE
usr_03372,2026-01-05 14:04:52,gmail.com,BENIGN_ISOLATED,0,,NONE
usr_03373,2025-08-21 06:11:18,gmail.com,BENIGN_ISOLATED,0,,NONE
usr_03374,2025-12-15 02:40:41,gmail.com,BENIGN_ISOLATED,0,,NONE
usr_03375,2026-03-10 02:13:12,proton.me,BENIGN_ISOLATED,0,,NONE
usr_03376,2025-07-07 00:46:31,gmail.com,BENIGN_ISOLATED,0,,NONE
usr_03377,2025-12-06 15:23:47,gmail.com,BENIGN_ISOLATED,0,,NONE
usr_03378,2025-12-18 07:34:38,icloud.com,BENIGN_ISOLATED,0,,NONE
usr_03379,2025-08-21 08:53:52,gmail.com,BENIGN_ISOLATED,0,,NONE
usr_03380,2025-12-26 11:58:16,gmail.com,BENIGN_ISOLATED,0,,NONE
usr_03381,2025-10-25 06:39:55,icloud.com,BENIGN_ISOLATED,0,,NONE
usr_03382,2025-11-21 04:16:51,gmail.com,BENIGN_ISOLATED,0,,NONE
usr_03383,2025-12-30 11:56:05,yahoo.com,BENIGN_ISOLATED,0,,NONE
usr_03384,2025-12-07 03:57:25,gmail.com,BENIGN_ISOLATED,0,,NONE
usr_03385,2026-03-23 14:25:43,gmail.com,BENIGN_ISOLATED,0,,NONE
usr_03386,2025-11-25 00:12:07,gmail.com,BENIGN_ISOLATED,0,,NONE
usr_03387,2025-10-31 03:43:04,yahoo.com,BENIGN_ISOLATED,0,,NONE
usr_03388,2025-07-11 08:56:17,yahoo.com,BENIGN_ISOLATED,0,,NONE
usr_03389,2026-03-01 23:05:04,gmail.com,BENIGN_ISOLATED,0,,NONE
usr_03390,2025-11-30 23:37:22,outlook.com,BENIGN_ISOLATED,0,,NONE
usr_03391,2025-11-23 02:37:00,proton.me,BENIGN_ISOLATED,0,,NONE
usr_03392,2025-11-29 19:59:46,gmail.com,BENIGN_ISOLATED,0,,NONE
usr_03393,2025-07-21 04:05:33,gmail.com,BENIGN_ISOLATED,0,,NONE
usr_03394,2026-02-07 23:51:14,proton.me,BENIGN_ISOLATED,0,,NONE
usr_03395,2025-08-23 03:51:16,gmail.com,BENIGN_ISOLATED,0,,NONE
usr_03396,2026-01-21 08:00:33,yahoo.com,BENIGN_ISOLATED,0,,NONE
usr_03397,2025-08-12 22:20:13,icloud.com,BENIGN_ISOLATED,0,,NONE
usr_03398,2026-02-15 13:08:47,gmail.com,BENIGN_ISOLATED,0,,NONE
usr_03399,2026-01-07 04:44:50,gmail.com,BENIGN_ISOLATED,0,,NONE
usr_03400,2026-02-21 11:50:52,gmail.com,BENIGN_ISOLATED,0,,NONE
usr_03401,2025-09-12 22:26:33,gmail.com,BENIGN_ISOLATED,0,,NONE
usr_03402,2026-03-09 07:09:09,gmail.com,BENIGN_ISOLATED,0,,NONE
usr_03403,2026-03-15 11:26:25,yahoo.com,BENIGN_ISOLATED,0,,NONE
usr_03404,2025-10-29 23:20:23,gmail.com,BENIGN_ISOLATED,0,,NONE
usr_03405,2026-01-11 09:19:49,gmail.com,BENIGN_ISOLATED,0,,NONE
usr_03406,2026-02-02 18:10:23,yahoo.com,BENIGN_ISOLATED,0,,NONE
usr_03407,2026-01-28 04:32:56,outlook.com,BENIGN_ISOLATED,0,,NONE
usr_03408,2025-09-01 11:12:06,yahoo.com,BENIGN_ISOLATED,0,,NONE
usr_03409,2025-07-10 00:17:03,yahoo.com,BENIGN_ISOLATED,0,,NONE
usr_03410,2025-11-09 19:54:30,gmail.com,BENIGN_ISOLATED,0,,NONE
usr_03411,2025-11-09 12:27:01,gmail.com,BENIGN_ISOLATED,0,,NONE
usr_03412,2025-08-31 01:47:14,gmail.com,BENIGN_ISOLATED,0,,NONE
usr_03413,2025-08-31 12:37:04,outlook.com,BENIGN_ISOLATED,0,,NONE
usr_03414,2026-02-02 15:09:39,gmail.com,BENIGN_ISOLATED,0,,NONE
usr_03415,2025-11-18 04:52:29,yahoo.com,BENIGN_ISOLATED,0,,NONE
usr_03416,2025-07-15 09:45:18,yahoo.com,BENIGN_ISOLATED,0,,NONE
usr_03417,2025-10-25 05:42:05,gmail.com,BENIGN_ISOLATED,0,,NONE
usr_03418,2025-08-03 12:00:33,gmail.com,BENIGN_ISOLATED,0,,NONE
usr_03419,2026-03-09 08:36:49,gmail.com,BENIGN_ISOLATED,0,,NONE
usr_03420,2025-07-05 05:58:23,gmail.com,BENIGN_ISOLATED,0,,NONE
usr_03421,2026-02-17 06:02:00,icloud.com,BENIGN_ISOLATED,0,,NONE
usr_03422,2025-10-13 14:56:16,outlook.com,BENIGN_ISOLATED,0,,NONE
usr_03423,2025-10-25 04:12:32,yahoo.com,BENIGN_ISOLATED,0,,NONE
usr_03424,2025-12-27 13:08:18,gmail.com,BENIGN_ISOLATED,0,,NONE
usr_03425,2025-09-28 09:26:17,gmail.com,BENIGN_ISOLATED,0,,NONE
usr_03426,2025-08-29 03:14:08,yahoo.com,BENIGN_ISOLATED,0,,NONE
usr_03427,2026-01-23 19:05:17,gmail.com,BENIGN_ISOLATED,0,,NONE
usr_03428,2025-12-18 10:47:02,outlook.com,BENIGN_ISOLATED,0,,NONE
usr_03429,2026-03-09 06:27:40,gmail.com,BENIGN_ISOLATED,0,,NONE
usr_03430,2026-03-12 05:23:04,gmail.com,BENIGN_ISOLATED,0,,NONE
usr_03431,2025-09-21 16:47:31,yahoo.com,BENIGN_ISOLATED,0,,NONE
usr_03432,2025-11-02 01:49:55,gmail.com,BENIGN_ISOLATED,0,,NONE
usr_03433,2025-11-17 19:30:16,gmail.com,BENIGN_ISOLATED,0,,NONE
usr_03434,2026-02-28 07:27:49,gmail.com,BENIGN_ISOLATED,0,,NONE
usr_03435,2025-09-04 09:40:59,gmail.com,BENIGN_ISOLATED,0,,NONE
usr_03436,2026-03-16 15:27:00,icloud.com,BENIGN_ISOLATED,0,,NONE
usr_03437,2025-07-22 21:44:32,icloud.com,BENIGN_ISOLATED,0,,NONE
usr_03438,2026-03-01 00:05:59,gmail.com,BENIGN_ISOLATED,0,,NONE
usr_03439,2026-02-13 05:01:18,yahoo.com,BENIGN_ISOLATED,0,,NONE
usr_03440,2025-11-01 11:52:44,yahoo.com,BENIGN_ISOLATED,0,,NONE
usr_03441,2025-10-30 16:25:49,gmail.com,BENIGN_ISOLATED,0,,NONE
usr_03442,2025-08-15 00:20:46,icloud.com,BENIGN_ISOLATED,0,,NONE
usr_03443,2026-03-26 03:26:44,yahoo.com,BENIGN_ISOLATED,0,,NONE
usr_03444,2025-11-01 04:28:55,yahoo.com,BENIGN_ISOLATED,0,,NONE
usr_03445,2025-11-24 14:55:15,gmail.com,BENIGN_ISOLATED,0,,NONE
usr_03446,2025-09-20 08:10:53,outlook.com,BENIGN_ISOLATED,0,,NONE
usr_03447,2026-01-12 03:01:53,gmail.com,BENIGN_ISOLATED,0,,NONE
usr_03448,2025-10-01 08:24:02,yahoo.com,BENIGN_ISOLATED,0,,NONE
usr_03449,2026-01-19 21:05:02,gmail.com,BENIGN_ISOLATED,0,,NONE
usr_03450,2025-09-21 09:00:56,yahoo.com,BENIGN_ISOLATED,0,,NONE
usr_03451,2026-02-12 16:41:18,gmail.com,BENIGN_ISOLATED,0,,NONE
usr_03452,2025-10-25 00:02:46,outlook.com,BENIGN_ISOLATED,0,,NONE
usr_03453,2026-02-04 15:30:35,gmail.com,BENIGN_ISOLATED,0,,NONE
usr_03454,2026-02-28 23:48:13,gmail.com,BENIGN_ISOLATED,0,,NONE
usr_03455,2025-10-03 14:58:20,gmail.com,BENIGN_ISOLATED,0,,NONE
usr_03456,2026-01-07 14:32:38,yahoo.com,BENIGN_ISOLATED,0,,NONE
usr_03457,2026-03-25 19:06:54,icloud.com,BENIGN_ISOLATED,0,,NONE
usr_03458,2025-11-23 02:43:29,icloud.com,BENIGN_ISOLATED,0,,NONE
usr_03459,2025-09-24 14:51:58,yahoo.com,BENIGN_ISOLATED,0,,NONE
usr_03460,2025-12-02 18:47:47,icloud.com,BENIGN_ISOLATED,0,,NONE
usr_03461,2025-07-28 20:07:46,gmail.com,BENIGN_ISOLATED,0,,NONE
usr_03462,2025-08-15 02:23:40,gmail.com,BENIGN_ISOLATED,0,,NONE
usr_03463,2025-10-26 23:31:49,gmail.com,BENIGN_ISOLATED,0,,NONE
usr_03464,2025-12-07 13:17:00,yahoo.com,BENIGN_ISOLATED,0,,NONE
usr_03465,2026-01-26 04:26:18,gmail.com,BENIGN_ISOLATED,0,,NONE
usr_03466,2025-08-02 22:17:39,outlook.com,BENIGN_ISOLATED,0,,NONE
usr_03467,2025-08-30 22:26:52,outlook.com,BENIGN_ISOLATED,0,,NONE
usr_03468,2026-03-05 00:54:30,gmail.com,BENIGN_ISOLATED,0,,NONE
usr_03469,2025-10-23 00:56:55,yahoo.com,BENIGN_ISOLATED,0,,NONE
usr_03470,2025-11-27 22:24:01,gmail.com,BENIGN_ISOLATED,0,,NONE
usr_03471,2025-12-28 08:14:11,gmail.com,BENIGN_ISOLATED,0,,NONE
usr_03472,2026-02-26 01:15:52,gmail.com,BENIGN_ISOLATED,0,,NONE
usr_03473,2026-01-03 06:57:23,outlook.com,BENIGN_ISOLATED,0,,NONE
usr_03474,2025-12-04 06:08:33,yahoo.com,BENIGN_ISOLATED,0,,NONE
usr_03475,2026-01-07 03:47:07,outlook.com,BENIGN_ISOLATED,0,,NONE
usr_03476,2025-12-28 07:23:25,yahoo.com,BENIGN_ISOLATED,0,,NONE
usr_03477,2026-01-22 07:36:29,gmail.com,BENIGN_ISOLATED,0,,NONE
usr_03478,2025-10-30 23:07:47,gmail.com,BENIGN_ISOLATED,0,,NONE
usr_03479,2026-01-16 05:07:20,gmail.com,BENIGN_ISOLATED,0,,NONE
usr_03480,2025-09-21 02:02:10,gmail.com,BENIGN_ISOLATED,0,,NONE
usr_03481,2025-07-13 03:18:43,yahoo.com,BENIGN_ISOLATED,0,,NONE
usr_03482,2025-10-14 15:14:26,yahoo.com,BENIGN_ISOLATED,0,,NONE
usr_03483,2025-12-26 09:08:36,gmail.com,BENIGN_ISOLATED,0,,NONE
usr_03484,2025-08-23 03:20:47,gmail.com,BENIGN_ISOLATED,0,,NONE
usr_03485,2025-08-12 14:21:17,icloud.com,BENIGN_ISOLATED,0,,NONE
usr_03486,2025-11-24 11:58:16,yahoo.com,BENIGN_ISOLATED,0,,NONE
usr_03487,2025-12-29 15:44:21,yahoo.com,BENIGN_ISOLATED,0,,NONE
usr_03488,2025-11-14 16:14:37,outlook.com,BENIGN_ISOLATED,0,,NONE
usr_03489,2026-03-01 08:13:49,yahoo.com,BENIGN_ISOLATED,0,,NONE
usr_03490,2026-02-07 05:52:43,gmail.com,BENIGN_ISOLATED,0,,NONE
usr_03491,2026-03-17 00:07:02,gmail.com,BENIGN_ISOLATED,0,,NONE
usr_03492,2026-02-16 19:02:28,yahoo.com,BENIGN_ISOLATED,0,,NONE
usr_03493,2025-09-15 16:43:34,gmail.com,BENIGN_ISOLATED,0,,NONE
usr_03494,2025-07-28 23:42:46,gmail.com,BENIGN_ISOLATED,0,,NONE
usr_03495,2025-08-22 17:55:56,yahoo.com,BENIGN_ISOLATED,0,,NONE
usr_03496,2026-02-16 01:42:24,gmail.com,BENIGN_ISOLATED,0,,NONE
usr_03497,2026-02-11 09:32:04,gmail.com,BENIGN_ISOLATED,0,,NONE
usr_03498,2025-11-26 01:20:21,gmail.com,BENIGN_ISOLATED,0,,NONE
usr_03499,2026-01-06 00:01:33,gmail.com,BENIGN_ISOLATED,0,,NONE
usr_03500,2025-12-11 08:05:17,gmail.com,BENIGN_ISOLATED,0,,NONE
usr_03501,2025-11-25 03:28:33,gmail.com,BENIGN_ISOLATED,0,,NONE
usr_03502,2026-02-26 10:25:00,yahoo.com,BENIGN_ISOLATED,0,,NONE
usr_03503,2026-02-11 04:06:00,outlook.com,BENIGN_ISOLATED,0,,NONE
usr_03504,2026-03-24 11:11:53,gmail.com,BENIGN_ISOLATED,0,,NONE
usr_03505,2026-02-19 17:04:46,gmail.com,BENIGN_ISOLATED,0,,NONE
usr_03506,2025-12-04 01:15:22,icloud.com,BENIGN_ISOLATED,0,,NONE
usr_03507,2026-02-13 12:44:12,gmail.com,BENIGN_ISOLATED,0,,NONE
usr_03508,2026-02-18 13:21:45,gmail.com,BENIGN_ISOLATED,0,,NONE
usr_03509,2025-10-05 11:45:10,yahoo.com,BENIGN_ISOLATED,0,,NONE
usr_03510,2025-11-26 22:44:49,outlook.com,BENIGN_ISOLATED,0,,NONE
usr_03511,2025-09-19 01:38:44,gmail.com,BENIGN_ISOLATED,0,,NONE
usr_03512,2026-03-04 07:38:24,yahoo.com,BENIGN_ISOLATED,0,,NONE
usr_03513,2025-08-28 21:57:46,gmail.com,BENIGN_ISOLATED,0,,NONE
usr_03514,2025-07-30 20:31:54,yahoo.com,BENIGN_ISOLATED,0,,NONE
usr_03515,2025-11-09 13:08:16,gmail.com,BENIGN_ISOLATED,0,,NONE
usr_03516,2025-12-06 12:22:17,gmail.com,BENIGN_ISOLATED,0,,NONE
usr_03517,2025-09-04 20:49:31,gmail.com,BENIGN_ISOLATED,0,,NONE
usr_03518,2026-02-12 07:19:22,gmail.com,BENIGN_ISOLATED,0,,NONE
usr_03519,2025-08-12 04:06:28,yahoo.com,BENIGN_ISOLATED,0,,NONE
usr_03520,2025-11-29 01:04:01,yahoo.com,BENIGN_ISOLATED,0,,NONE
usr_03521,2025-09-02 21:14:15,yahoo.com,BENIGN_ISOLATED,0,,NONE
usr_03522,2026-02-26 05:08:33,gmail.com,BENIGN_ISOLATED,0,,NONE
usr_03523,2025-12-22 02:35:37,outlook.com,BENIGN_ISOLATED,0,,NONE
usr_03524,2026-01-24 13:01:37,outlook.com,BENIGN_ISOLATED,0,,NONE
usr_03525,2025-07-17 02:01:44,yahoo.com,BENIGN_ISOLATED,0,,NONE
usr_03526,2025-09-01 05:45:54,gmail.com,BENIGN_ISOLATED,0,,NONE
usr_03527,2025-10-28 03:27:37,gmail.com,BENIGN_ISOLATED,0,,NONE
usr_03528,2025-08-13 00:11:50,gmail.com,BENIGN_ISOLATED,0,,NONE
usr_03529,2025-07-25 12:13:50,gmail.com,BENIGN_ISOLATED,0,,NONE
usr_03530,2025-11-25 22:48:42,gmail.com,BENIGN_ISOLATED,0,,NONE
usr_03531,2026-03-21 21:36:00,outlook.com,BENIGN_ISOLATED,0,,NONE
usr_03532,2025-10-23 05:24:35,yahoo.com,BENIGN_ISOLATED,0,,NONE
usr_03533,2025-10-11 14:02:23,gmail.com,BENIGN_ISOLATED,0,,NONE
usr_03534,2025-09-26 03:24:25,yahoo.com,BENIGN_ISOLATED,0,,NONE
usr_03535,2026-01-08 13:05:38,icloud.com,BENIGN_ISOLATED,0,,NONE
usr_03536,2025-08-31 22:55:04,outlook.com,BENIGN_ISOLATED,0,,NONE
usr_03537,2026-01-18 06:03:51,icloud.com,BENIGN_ISOLATED,0,,NONE
usr_03538,2025-10-03 13:06:08,gmail.com,BENIGN_ISOLATED,0,,NONE
usr_03539,2025-09-28 18:06:45,gmail.com,BENIGN_ISOLATED,0,,NONE
usr_03540,2025-10-24 15:51:37,gmail.com,BENIGN_ISOLATED,0,,NONE
usr_03541,2025-07-09 00:15:37,yahoo.com,BENIGN_ISOLATED,0,,NONE
usr_03542,2025-10-22 17:03:49,outlook.com,BENIGN_ISOLATED,0,,NONE
usr_03543,2026-03-01 22:52:46,yahoo.com,BENIGN_ISOLATED,0,,NONE
usr_03544,2025-12-02 01:30:02,yahoo.com,BENIGN_ISOLATED,0,,NONE
usr_03545,2025-07-11 10:20:49,gmail.com,BENIGN_ISOLATED,0,,NONE
usr_03546,2025-11-29 07:28:19,gmail.com,BENIGN_ISOLATED,0,,NONE
usr_03547,2025-12-13 13:06:58,yahoo.com,BENIGN_ISOLATED,0,,NONE
usr_03548,2025-12-09 06:22:09,yahoo.com,BENIGN_ISOLATED,0,,NONE
usr_03549,2025-08-08 01:04:16,gmail.com,BENIGN_ISOLATED,0,,NONE
usr_03550,2026-03-08 13:38:13,icloud.com,BENIGN_ISOLATED,0,,NONE
usr_03551,2025-12-15 00:37:00,outlook.com,BENIGN_ISOLATED,0,,NONE
usr_03552,2026-03-02 19:16:13,yahoo.com,BENIGN_ISOLATED,0,,NONE
usr_03553,2025-12-20 02:54:46,gmail.com,BENIGN_ISOLATED,0,,NONE
usr_03554,2025-07-22 04:50:13,gmail.com,BENIGN_ISOLATED,0,,NONE
usr_03555,2025-12-17 09:18:49,yahoo.com,BENIGN_ISOLATED,0,,NONE
usr_03556,2026-01-28 09:57:51,outlook.com,BENIGN_ISOLATED,0,,NONE
usr_03557,2025-08-26 23:17:54,outlook.com,BENIGN_ISOLATED,0,,NONE
usr_03558,2025-12-09 15:33:27,gmail.com,BENIGN_ISOLATED,0,,NONE
usr_03559,2025-09-29 23:07:38,gmail.com,BENIGN_ISOLATED,0,,NONE
usr_03560,2025-12-19 06:12:47,yahoo.com,BENIGN_ISOLATED,0,,NONE
usr_03561,2025-11-07 02:25:59,yahoo.com,BENIGN_ISOLATED,0,,NONE
usr_03562,2026-02-28 20:23:16,gmail.com,BENIGN_ISOLATED,0,,NONE
usr_03563,2025-12-03 08:04:16,gmail.com,BENIGN_ISOLATED,0,,NONE
usr_03564,2025-09-21 15:16:34,gmail.com,BENIGN_ISOLATED,0,,NONE
usr_03565,2025-11-30 16:51:56,gmail.com,BENIGN_ISOLATED,0,,NONE
usr_03566,2025-11-21 10:58:26,gmail.com,BENIGN_ISOLATED,0,,NONE
usr_03567,2025-09-24 02:09:58,yahoo.com,BENIGN_ISOLATED,0,,NONE
usr_03568,2025-11-08 10:37:35,gmail.com,BENIGN_ISOLATED,0,,NONE
usr_03569,2026-03-01 07:52:19,yahoo.com,BENIGN_ISOLATED,0,,NONE
usr_03570,2025-12-24 00:04:48,gmail.com,BENIGN_ISOLATED,0,,NONE
usr_03571,2025-10-24 23:01:29,gmail.com,BENIGN_ISOLATED,0,,NONE
usr_03572,2026-02-14 06:28:56,gmail.com,BENIGN_ISOLATED,0,,NONE
usr_03573,2026-02-28 08:36:49,gmail.com,BENIGN_ISOLATED,0,,NONE
usr_03574,2025-07-27 18:12:26,gmail.com,BENIGN_ISOLATED,0,,NONE
usr_03575,2026-01-01 01:08:33,yahoo.com,BENIGN_ISOLATED,0,,NONE
usr_03576,2025-07-17 09:06:05,gmail.com,BENIGN_ISOLATED,0,,NONE
usr_03577,2026-02-16 09:48:48,gmail.com,BENIGN_ISOLATED,0,,NONE
usr_03578,2025-10-12 21:37:40,gmail.com,BENIGN_ISOLATED,0,,NONE
usr_03579,2026-01-22 13:33:34,yahoo.com,BENIGN_ISOLATED,0,,NONE
usr_03580,2025-07-08 19:06:36,gmail.com,BENIGN_ISOLATED,0,,NONE
usr_03581,2025-09-03 17:42:22,icloud.com,BENIGN_ISOLATED,0,,NONE
usr_03582,2025-08-14 22:57:55,yahoo.com,BENIGN_ISOLATED,0,,NONE
usr_03583,2026-03-14 15:31:14,gmail.com,BENIGN_ISOLATED,0,,NONE
usr_03584,2026-01-02 14:00:43,gmail.com,BENIGN_ISOLATED,0,,NONE
usr_03585,2026-02-13 20:30:04,gmail.com,BENIGN_ISOLATED,0,,NONE
usr_03586,2025-11-08 06:01:17,gmail.com,BENIGN_ISOLATED,0,,NONE
usr_03587,2025-08-07 09:54:52,gmail.com,BENIGN_ISOLATED,0,,NONE
usr_03588,2026-03-16 15:17:47,yahoo.com,BENIGN_ISOLATED,0,,NONE
usr_03589,2026-03-21 07:36:16,gmail.com,BENIGN_ISOLATED,0,,NONE
usr_03590,2025-09-22 00:59:27,gmail.com,BENIGN_ISOLATED,0,,NONE
usr_03591,2025-08-06 20:09:49,gmail.com,BENIGN_ISOLATED,0,,NONE
usr_03592,2026-01-08 01:01:09,gmail.com,BENIGN_ISOLATED,0,,NONE
usr_03593,2025-12-15 14:56:50,gmail.com,BENIGN_ISOLATED,0,,NONE
usr_03594,2026-01-28 15:56:53,gmail.com,BENIGN_ISOLATED,0,,NONE
usr_03595,2025-12-14 17:54:34,outlook.com,BENIGN_ISOLATED,0,,NONE
usr_03596,2026-01-21 03:06:42,outlook.com,BENIGN_ISOLATED,0,,NONE
usr_03597,2025-11-06 16:47:25,icloud.com,BENIGN_ISOLATED,0,,NONE
usr_03598,2025-12-26 01:45:09,gmail.com,BENIGN_ISOLATED,0,,NONE
usr_03599,2026-01-31 10:18:26,gmail.com,BENIGN_ISOLATED,0,,NONE
usr_03600,2025-12-30 07:12:20,yahoo.com,BENIGN_ISOLATED,0,,NONE
usr_03601,2026-03-21 07:02:09,yahoo.com,BENIGN_ISOLATED,0,,NONE
usr_03602,2025-07-31 00:30:11,gmail.com,BENIGN_ISOLATED,0,,NONE
usr_03603,2025-10-23 21:13:20,gmail.com,BENIGN_ISOLATED,0,,NONE
usr_03604,2026-03-08 01:05:04,proton.me,BENIGN_ISOLATED,0,,NONE
usr_03605,2026-03-07 06:56:45,gmail.com,BENIGN_ISOLATED,0,,NONE
usr_03606,2025-09-14 14:41:36,gmail.com,BENIGN_ISOLATED,0,,NONE
usr_03607,2025-09-04 10:47:43,gmail.com,BENIGN_ISOLATED,0,,NONE
usr_03608,2026-01-16 05:26:04,gmail.com,BENIGN_ISOLATED,0,,NONE
usr_03609,2026-03-25 18:59:28,gmail.com,BENIGN_ISOLATED,0,,NONE
usr_03610,2026-02-04 13:13:31,gmail.com,BENIGN_ISOLATED,0,,NONE
usr_03611,2025-11-29 13:03:09,yahoo.com,BENIGN_ISOLATED,0,,NONE
usr_03612,2025-08-27 09:35:37,outlook.com,BENIGN_ISOLATED,0,,NONE
usr_03613,2025-11-17 00:00:07,yahoo.com,BENIGN_ISOLATED,0,,NONE
usr_03614,2026-02-11 03:51:04,gmail.com,BENIGN_ISOLATED,0,,NONE
usr_03615,2025-10-10 10:47:19,yahoo.com,BENIGN_ISOLATED,0,,NONE
usr_03616,2026-03-11 11:02:08,gmail.com,BENIGN_ISOLATED,0,,NONE
usr_03617,2025-09-26 08:48:30,gmail.com,BENIGN_ISOLATED,0,,NONE
usr_03618,2026-01-15 15:35:36,yahoo.com,BENIGN_ISOLATED,0,,NONE
usr_03619,2025-11-11 02:42:00,gmail.com,BENIGN_ISOLATED,0,,NONE
usr_03620,2025-10-22 12:42:50,outlook.com,BENIGN_ISOLATED,0,,NONE
usr_03621,2025-12-04 19:42:32,icloud.com,BENIGN_ISOLATED,0,,NONE
usr_03622,2025-11-04 01:36:14,gmail.com,BENIGN_ISOLATED,0,,NONE
usr_03623,2026-01-11 15:13:19,yahoo.com,BENIGN_ISOLATED,0,,NONE
usr_03624,2025-08-04 04:29:36,yahoo.com,BENIGN_ISOLATED,0,,NONE
usr_03625,2025-09-14 01:03:51,icloud.com,BENIGN_ISOLATED,0,,NONE
usr_03626,2025-12-17 00:33:40,yahoo.com,BENIGN_ISOLATED,0,,NONE
usr_03627,2025-09-16 13:58:29,gmail.com,BENIGN_ISOLATED,0,,NONE
usr_03628,2025-10-30 00:33:55,yahoo.com,BENIGN_ISOLATED,0,,NONE
usr_03629,2026-02-13 13:42:11,gmail.com,BENIGN_ISOLATED,0,,NONE
usr_03630,2026-02-15 12:53:41,gmail.com,BENIGN_ISOLATED,0,,NONE
usr_03631,2025-08-22 19:57:46,gmail.com,BENIGN_ISOLATED,0,,NONE
usr_03632,2025-12-06 11:00:23,yahoo.com,BENIGN_ISOLATED,0,,NONE
usr_03633,2026-01-04 10:04:13,gmail.com,BENIGN_ISOLATED,0,,NONE
usr_03634,2026-03-06 21:48:04,proton.me,BENIGN_ISOLATED,0,,NONE
usr_03635,2026-03-20 04:18:05,outlook.com,BENIGN_ISOLATED,0,,NONE
usr_03636,2025-07-10 20:33:38,gmail.com,BENIGN_ISOLATED,0,,NONE
usr_03637,2026-01-02 20:42:26,gmail.com,BENIGN_ISOLATED,0,,NONE
usr_03638,2025-10-26 04:26:28,gmail.com,BENIGN_ISOLATED,0,,NONE
usr_03639,2026-02-14 16:32:47,gmail.com,BENIGN_ISOLATED,0,,NONE
usr_03640,2026-02-19 19:24:01,yahoo.com,BENIGN_ISOLATED,0,,NONE
usr_03641,2026-03-13 20:39:05,gmail.com,BENIGN_ISOLATED,0,,NONE
usr_03642,2025-11-14 10:01:24,gmail.com,BENIGN_ISOLATED,0,,NONE
usr_03643,2025-12-19 09:30:44,proton.me,BENIGN_ISOLATED,0,,NONE
usr_03644,2025-09-25 06:37:07,gmail.com,BENIGN_ISOLATED,0,,NONE
usr_03645,2026-01-24 06:55:51,gmail.com,BENIGN_ISOLATED,0,,NONE
usr_03646,2025-10-13 15:29:36,yahoo.com,BENIGN_ISOLATED,0,,NONE
usr_03647,2025-09-09 04:57:36,gmail.com,BENIGN_ISOLATED,0,,NONE
usr_03648,2026-03-05 05:19:45,gmail.com,BENIGN_ISOLATED,0,,NONE
usr_03649,2025-09-27 17:28:26,gmail.com,BENIGN_ISOLATED,0,,NONE
usr_03650,2025-07-23 19:08:12,gmail.com,BENIGN_ISOLATED,0,,NONE
usr_03651,2025-08-30 12:47:40,outlook.com,BENIGN_ISOLATED,0,,NONE
usr_03652,2025-10-27 12:46:25,yahoo.com,BENIGN_ISOLATED,0,,NONE
usr_03653,2026-01-21 16:11:08,gmail.com,BENIGN_ISOLATED,0,,NONE
usr_03654,2025-07-27 06:38:18,outlook.com,BENIGN_ISOLATED,0,,NONE
usr_03655,2025-09-26 14:09:22,yahoo.com,BENIGN_ISOLATED,0,,NONE
usr_03656,2025-09-26 14:37:40,gmail.com,BENIGN_ISOLATED,0,,NONE
usr_03657,2025-09-29 13:03:01,gmail.com,BENIGN_ISOLATED,0,,NONE
usr_03658,2025-12-16 22:09:01,outlook.com,BENIGN_ISOLATED,0,,NONE
usr_03659,2026-01-03 02:50:31,yahoo.com,BENIGN_ISOLATED,0,,NONE
usr_03660,2025-07-05 11:52:02,outlook.com,BENIGN_ISOLATED,0,,NONE
usr_03661,2025-12-07 23:19:24,gmail.com,BENIGN_ISOLATED,0,,NONE
usr_03662,2025-11-21 02:52:28,yahoo.com,BENIGN_ISOLATED,0,,NONE
usr_03663,2025-11-09 23:20:00,yahoo.com,BENIGN_ISOLATED,0,,NONE
usr_03664,2025-08-29 19:55:14,outlook.com,BENIGN_ISOLATED,0,,NONE
usr_03665,2026-03-11 02:53:13,gmail.com,BENIGN_ISOLATED,0,,NONE
usr_03666,2025-12-10 03:59:03,gmail.com,BENIGN_ISOLATED,0,,NONE
usr_03667,2025-07-15 06:29:18,outlook.com,BENIGN_ISOLATED,0,,NONE
usr_03668,2026-03-22 15:36:24,gmail.com,BENIGN_ISOLATED,0,,NONE
usr_03669,2025-07-19 08:22:38,gmail.com,BENIGN_ISOLATED,0,,NONE
usr_03670,2025-08-05 19:41:26,gmail.com,BENIGN_ISOLATED,0,,NONE
usr_03671,2025-08-07 05:43:47,gmail.com,BENIGN_ISOLATED,0,,NONE
usr_03672,2025-08-17 21:07:22,icloud.com,BENIGN_ISOLATED,0,,NONE
usr_03673,2025-10-03 14:26:01,yahoo.com,BENIGN_ISOLATED,0,,NONE
usr_03674,2025-07-05 21:03:51,outlook.com,BENIGN_ISOLATED,0,,NONE
usr_03675,2025-07-13 05:24:39,gmail.com,BENIGN_ISOLATED,0,,NONE
usr_03676,2026-03-03 16:11:37,yahoo.com,BENIGN_ISOLATED,0,,NONE
usr_03677,2025-11-19 17:33:13,gmail.com,BENIGN_ISOLATED,0,,NONE
usr_03678,2026-02-24 10:08:58,outlook.com,BENIGN_ISOLATED,0,,NONE
usr_03679,2025-08-07 05:49:29,gmail.com,BENIGN_ISOLATED,0,,NONE
usr_03680,2026-01-09 16:11:14,proton.me,BENIGN_ISOLATED,0,,NONE
usr_03681,2025-07-07 15:07:42,gmail.com,BENIGN_ISOLATED,0,,NONE
usr_03682,2026-01-15 04:54:12,yahoo.com,BENIGN_ISOLATED,0,,NONE
usr_03683,2026-01-23 04:19:38,gmail.com,BENIGN_ISOLATED,0,,NONE
usr_03684,2025-08-01 18:35:29,yahoo.com,BENIGN_ISOLATED,0,,NONE
usr_03685,2026-03-09 09:21:46,outlook.com,BENIGN_ISOLATED,0,,NONE
usr_03686,2025-11-05 22:36:02,icloud.com,BENIGN_ISOLATED,0,,NONE
usr_03687,2026-01-08 06:06:33,gmail.com,BENIGN_ISOLATED,0,,NONE
usr_03688,2026-02-27 12:49:06,gmail.com,BENIGN_ISOLATED,0,,NONE
usr_03689,2025-10-30 06:51:39,gmail.com,BENIGN_ISOLATED,0,,NONE
usr_03690,2025-11-03 04:53:15,gmail.com,BENIGN_ISOLATED,0,,NONE
usr_03691,2026-02-09 17:57:16,gmail.com,BENIGN_ISOLATED,0,,NONE
usr_03692,2026-02-02 19:06:20,gmail.com,BENIGN_ISOLATED,0,,NONE
usr_03693,2026-02-21 15:39:28,gmail.com,BENIGN_ISOLATED,0,,NONE
usr_03694,2025-12-12 22:18:39,gmail.com,BENIGN_ISOLATED,0,,NONE
usr_03695,2025-11-28 18:41:03,outlook.com,BENIGN_ISOLATED,0,,NONE
usr_03696,2025-08-29 09:32:37,gmail.com,BENIGN_ISOLATED,0,,NONE
usr_03697,2025-10-25 17:30:57,gmail.com,BENIGN_ISOLATED,0,,NONE
usr_03698,2025-09-09 03:19:02,yahoo.com,BENIGN_ISOLATED,0,,NONE
usr_03699,2025-12-27 22:20:58,yahoo.com,BENIGN_ISOLATED,0,,NONE
usr_03700,2025-08-15 07:28:27,gmail.com,BENIGN_ISOLATED,0,,NONE
usr_03701,2025-10-11 21:20:07,gmail.com,BENIGN_ISOLATED,0,,NONE
usr_03702,2026-03-20 23:42:26,gmail.com,BENIGN_ISOLATED,0,,NONE
usr_03703,2026-01-03 23:22:11,gmail.com,BENIGN_ISOLATED,0,,NONE
usr_03704,2025-11-18 13:42:32,gmail.com,BENIGN_ISOLATED,0,,NONE
usr_03705,2026-01-26 00:06:02,proton.me,BENIGN_ISOLATED,0,,NONE
usr_03706,2025-11-22 05:49:59,yahoo.com,BENIGN_ISOLATED,0,,NONE
usr_03707,2025-11-21 11:54:01,gmail.com,BENIGN_ISOLATED,0,,NONE
usr_03708,2025-09-07 03:29:32,gmail.com,BENIGN_ISOLATED,0,,NONE
usr_03709,2025-11-27 00:20:51,outlook.com,BENIGN_ISOLATED,0,,NONE
usr_03710,2026-02-11 23:33:41,gmail.com,BENIGN_ISOLATED,0,,NONE
usr_03711,2025-12-10 22:57:57,outlook.com,BENIGN_ISOLATED,0,,NONE
usr_03712,2026-03-03 03:17:16,outlook.com,BENIGN_ISOLATED,0,,NONE
usr_03713,2025-10-06 07:54:20,gmail.com,BENIGN_ISOLATED,0,,NONE
usr_03714,2026-01-02 10:10:12,gmail.com,BENIGN_ISOLATED,0,,NONE
usr_03715,2025-07-17 12:20:47,gmail.com,BENIGN_ISOLATED,0,,NONE
usr_03716,2026-01-21 17:46:49,yahoo.com,BENIGN_ISOLATED,0,,NONE
usr_03717,2025-10-05 20:04:22,gmail.com,BENIGN_ISOLATED,0,,NONE
usr_03718,2025-09-09 00:21:26,outlook.com,BENIGN_ISOLATED,0,,NONE
usr_03719,2025-07-07 23:14:30,gmail.com,BENIGN_ISOLATED,0,,NONE
usr_03720,2026-01-22 15:52:45,gmail.com,BENIGN_ISOLATED,0,,NONE
usr_03721,2025-09-20 14:29:19,proton.me,BENIGN_ISOLATED,0,,NONE
usr_03722,2026-01-08 18:15:16,gmail.com,BENIGN_ISOLATED,0,,NONE
usr_03723,2025-08-14 20:45:52,yahoo.com,BENIGN_ISOLATED,0,,NONE
usr_03724,2025-10-17 18:28:01,outlook.com,BENIGN_ISOLATED,0,,NONE
usr_03725,2025-10-27 11:42:37,gmail.com,BENIGN_ISOLATED,0,,NONE
usr_03726,2025-09-06 21:38:02,outlook.com,BENIGN_ISOLATED,0,,NONE
usr_03727,2025-07-20 21:41:35,gmail.com,BENIGN_ISOLATED,0,,NONE
usr_03728,2025-10-11 08:52:54,yahoo.com,BENIGN_ISOLATED,0,,NONE
usr_03729,2025-11-09 22:37:43,gmail.com,BENIGN_ISOLATED,0,,NONE
usr_03730,2025-09-09 00:56:23,gmail.com,BENIGN_ISOLATED,0,,NONE
usr_03731,2025-08-24 16:16:07,outlook.com,BENIGN_ISOLATED,0,,NONE
usr_03732,2025-10-16 11:49:13,outlook.com,BENIGN_ISOLATED,0,,NONE
usr_03733,2025-08-23 06:39:59,gmail.com,BENIGN_ISOLATED,0,,NONE
usr_03734,2025-11-22 01:55:04,gmail.com,BENIGN_ISOLATED,0,,NONE
usr_03735,2025-09-23 19:59:00,gmail.com,BENIGN_ISOLATED,0,,NONE
usr_03736,2026-02-23 11:09:34,gmail.com,BENIGN_ISOLATED,0,,NONE
usr_03737,2026-01-05 14:54:41,yahoo.com,BENIGN_ISOLATED,0,,NONE
usr_03738,2025-09-23 05:39:34,gmail.com,BENIGN_ISOLATED,0,,NONE
usr_03739,2025-12-25 09:53:20,outlook.com,BENIGN_ISOLATED,0,,NONE
usr_03740,2025-08-02 00:57:57,yahoo.com,BENIGN_ISOLATED,0,,NONE
usr_03741,2025-09-20 14:18:29,gmail.com,BENIGN_ISOLATED,0,,NONE
usr_03742,2025-10-09 17:38:05,yahoo.com,BENIGN_ISOLATED,0,,NONE
usr_03743,2025-11-29 07:58:01,gmail.com,BENIGN_ISOLATED,0,,NONE
usr_03744,2025-10-08 05:43:39,gmail.com,BENIGN_ISOLATED,0,,NONE
usr_03745,2025-09-28 23:29:16,gmail.com,BENIGN_ISOLATED,0,,NONE
usr_03746,2025-11-16 00:08:27,yahoo.com,BENIGN_ISOLATED,0,,NONE
usr_03747,2025-12-29 03:21:46,yahoo.com,BENIGN_ISOLATED,0,,NONE
usr_03748,2025-07-31 20:12:52,gmail.com,BENIGN_ISOLATED,0,,NONE
usr_03749,2025-10-21 00:00:31,gmail.com,BENIGN_ISOLATED,0,,NONE
usr_03750,2025-10-15 22:19:20,yahoo.com,BENIGN_ISOLATED,0,,NONE
usr_03751,2026-01-26 04:11:45,gmail.com,BENIGN_SHARED,0,,HOUSEHOLD
usr_03752,2026-01-25 00:58:22,gmail.com,BENIGN_SHARED,0,,HOUSEHOLD
usr_03753,2025-10-10 19:52:29,gmail.com,BENIGN_SHARED,0,,HOUSEHOLD
usr_03754,2025-09-13 14:33:49,gmail.com,BENIGN_SHARED,0,,HOUSEHOLD
usr_03755,2025-10-20 18:10:38,gmail.com,BENIGN_SHARED,0,,HOUSEHOLD
usr_03756,2026-01-23 20:22:26,gmail.com,BENIGN_SHARED,0,,HOUSEHOLD
usr_03757,2026-01-16 07:57:54,gmail.com,BENIGN_SHARED,0,,HOUSEHOLD
usr_03758,2025-11-21 18:29:06,gmail.com,BENIGN_SHARED,0,,HOUSEHOLD
usr_03759,2025-12-13 07:36:26,gmail.com,BENIGN_SHARED,0,,HOUSEHOLD
usr_03760,2025-10-13 13:08:10,gmail.com,BENIGN_SHARED,0,,HOUSEHOLD
usr_03761,2025-12-08 13:02:30,gmail.com,BENIGN_SHARED,0,,HOUSEHOLD
usr_03762,2026-03-15 23:29:46,gmail.com,BENIGN_SHARED,0,,HOUSEHOLD
usr_03763,2026-03-07 12:27:22,gmail.com,BENIGN_SHARED,0,,SHARED_IP_OFFICE
usr_03764,2025-11-30 04:13:30,gmail.com,BENIGN_SHARED,0,,SHARED_IP_OFFICE
usr_03765,2025-10-13 20:49:06,gmail.com,BENIGN_SHARED,0,,SHARED_IP_OFFICE
usr_03766,2026-01-23 02:52:13,corp.com,BENIGN_SHARED,0,,SHARED_IP_OFFICE
usr_03767,2026-03-21 10:30:37,gmail.com,BENIGN_SHARED,0,,SHARED_IP_OFFICE
usr_03768,2025-12-19 11:37:28,gmail.com,BENIGN_SHARED,0,,SHARED_IP_OFFICE
usr_03769,2026-01-09 17:12:13,gmail.com,BENIGN_SHARED,0,,HOUSEHOLD
usr_03770,2025-12-25 09:19:00,gmail.com,BENIGN_SHARED,0,,HOUSEHOLD
usr_03771,2026-01-09 06:27:02,gmail.com,BENIGN_SHARED,0,,SHARED_IP_OFFICE
usr_03772,2025-11-01 13:13:28,corp.com,BENIGN_SHARED,0,,SHARED_IP_OFFICE
usr_03773,2025-12-07 04:16:33,gmail.com,BENIGN_SHARED,0,,SHARED_IP_OFFICE
usr_03774,2025-10-08 23:18:13,corp.com,BENIGN_SHARED,0,,SHARED_IP_OFFICE
usr_03775,2025-11-08 22:53:34,corp.com,BENIGN_SHARED,0,,SHARED_IP_OFFICE
usr_03776,2026-03-02 12:36:53,gmail.com,BENIGN_SHARED,0,,SHARED_IP_OFFICE
usr_03777,2025-11-15 16:27:34,gmail.com,BENIGN_SHARED,0,,SHARED_IP_OFFICE
usr_03778,2026-02-23 02:31:27,corp.com,BENIGN_SHARED,0,,SHARED_IP_OFFICE
usr_03779,2025-11-10 01:25:50,corp.com,BENIGN_SHARED,0,,SHARED_IP_OFFICE
usr_03780,2026-02-08 09:09:01,corp.com,BENIGN_SHARED,0,,SHARED_IP_OFFICE
usr_03781,2025-11-03 11:27:19,gmail.com,BENIGN_SHARED,0,,HOUSEHOLD
usr_03782,2025-12-27 19:31:52,gmail.com,BENIGN_SHARED,0,,HOUSEHOLD
usr_03783,2026-03-13 18:12:53,corp.com,BENIGN_SHARED,0,,SHARED_IP_OFFICE
usr_03784,2026-02-09 18:12:57,gmail.com,BENIGN_SHARED,0,,SHARED_IP_OFFICE
usr_03785,2025-10-07 09:15:55,gmail.com,BENIGN_SHARED,0,,SHARED_IP_OFFICE
usr_03786,2026-03-09 00:00:31,corp.com,BENIGN_SHARED,0,,SHARED_IP_OFFICE
usr_03787,2026-01-23 19:04:27,gmail.com,BENIGN_SHARED,0,,SHARED_IP_OFFICE
usr_03788,2025-10-15 03:56:50,gmail.com,BENIGN_SHARED,0,,SHARED_IP_OFFICE
usr_03789,2025-11-25 12:43:12,gmail.com,BENIGN_SHARED,0,,HOUSEHOLD
usr_03790,2025-12-27 18:46:20,gmail.com,BENIGN_SHARED,0,,HOUSEHOLD
usr_03791,2025-10-17 06:06:25,gmail.com,BENIGN_SHARED,0,,HOUSEHOLD
usr_03792,2026-03-14 12:02:54,gmail.com,BENIGN_SHARED,0,,HOUSEHOLD
usr_03793,2025-11-03 07:59:39,gmail.com,BENIGN_SHARED,0,,HOUSEHOLD
usr_03794,2026-03-18 13:32:02,gmail.com,BENIGN_SHARED,0,,HOUSEHOLD
usr_03795,2025-12-28 06:23:08,gmail.com,BENIGN_SHARED,0,,HOUSEHOLD
usr_03796,2025-10-19 17:02:51,gmail.com,BENIGN_SHARED,0,,HOUSEHOLD
usr_03797,2026-03-19 02:29:08,gmail.com,BENIGN_SHARED,0,,HOUSEHOLD
usr_03798,2026-03-14 18:01:33,gmail.com,BENIGN_SHARED,0,,HOUSEHOLD
usr_03799,2025-09-08 07:32:00,gmail.com,BENIGN_SHARED,0,,HOUSEHOLD
usr_03800,2026-01-15 10:41:33,gmail.com,BENIGN_SHARED,0,,HOUSEHOLD
usr_03801,2025-12-21 07:26:42,gmail.com,BENIGN_SHARED,0,,HOUSEHOLD
usr_03802,2025-10-21 11:54:10,gmail.com,BENIGN_SHARED,0,,HOUSEHOLD
usr_03803,2025-09-08 03:00:08,gmail.com,BENIGN_SHARED,0,,HOUSEHOLD
usr_03804,2026-02-25 06:29:26,gmail.com,BENIGN_SHARED,0,,HOUSEHOLD
usr_03805,2026-01-07 20:27:14,gmail.com,BENIGN_SHARED,0,,HOUSEHOLD
usr_03806,2025-09-08 08:42:50,gmail.com,BENIGN_SHARED,0,,HOUSEHOLD
usr_03807,2026-01-04 12:32:08,gmail.com,BENIGN_SHARED,0,,HOUSEHOLD
usr_03808,2025-10-04 20:48:19,gmail.com,BENIGN_SHARED,0,,HOUSEHOLD
usr_03809,2026-03-13 15:44:58,gmail.com,BENIGN_SHARED,0,,SHARED_IP_OFFICE
usr_03810,2025-12-22 21:41:06,gmail.com,BENIGN_SHARED,0,,SHARED_IP_OFFICE
usr_03811,2025-10-10 08:25:51,gmail.com,BENIGN_SHARED,0,,SHARED_IP_OFFICE
usr_03812,2025-12-16 00:07:41,corp.com,BENIGN_SHARED,0,,SHARED_IP_OFFICE
usr_03813,2026-02-14 07:44:09,corp.com,BENIGN_SHARED,0,,SHARED_IP_OFFICE
usr_03814,2025-12-08 03:44:43,gmail.com,BENIGN_SHARED,0,,SHARED_IP_OFFICE
usr_03815,2025-09-26 03:18:31,gmail.com,BENIGN_SHARED,0,,HOUSEHOLD
usr_03816,2026-02-18 03:54:43,gmail.com,BENIGN_SHARED,0,,HOUSEHOLD
usr_03817,2025-09-04 01:29:05,gmail.com,BENIGN_SHARED,0,,HOUSEHOLD
usr_03818,2025-10-10 09:20:39,gmail.com,BENIGN_SHARED,0,,SHARED_IP_OFFICE
usr_03819,2025-11-09 22:50:56,gmail.com,BENIGN_SHARED,0,,SHARED_IP_OFFICE
usr_03820,2025-10-16 04:28:04,gmail.com,BENIGN_SHARED,0,,SHARED_IP_OFFICE
usr_03821,2026-01-07 09:57:50,gmail.com,BENIGN_SHARED,0,,HOUSEHOLD
usr_03822,2025-12-09 02:28:20,gmail.com,BENIGN_SHARED,0,,HOUSEHOLD
usr_03823,2026-02-14 20:10:27,gmail.com,BENIGN_SHARED,0,,HOUSEHOLD
usr_03824,2026-03-17 15:10:53,gmail.com,BENIGN_SHARED,0,,HOUSEHOLD
usr_03825,2025-11-25 12:02:35,gmail.com,BENIGN_SHARED,0,,HOUSEHOLD
usr_03826,2026-01-08 15:22:47,gmail.com,BENIGN_SHARED,0,,HOUSEHOLD
usr_03827,2025-10-09 17:43:16,gmail.com,BENIGN_SHARED,0,,HOUSEHOLD
usr_03828,2025-10-14 05:47:53,gmail.com,BENIGN_SHARED,0,,HOUSEHOLD
usr_03829,2025-09-07 03:34:27,gmail.com,BENIGN_SHARED,0,,HOUSEHOLD
usr_03830,2025-11-21 15:43:20,gmail.com,BENIGN_SHARED,0,,SHARED_IP_OFFICE
usr_03831,2026-03-04 22:08:18,gmail.com,BENIGN_SHARED,0,,SHARED_IP_OFFICE
usr_03832,2026-02-26 10:31:32,corp.com,BENIGN_SHARED,0,,SHARED_IP_OFFICE
usr_03833,2026-01-19 15:59:44,gmail.com,BENIGN_SHARED,0,,SHARED_IP_OFFICE
usr_03834,2025-10-17 11:03:24,gmail.com,BENIGN_SHARED,0,,SHARED_IP_OFFICE
usr_03835,2026-02-14 04:11:07,gmail.com,BENIGN_SHARED,0,,SHARED_IP_OFFICE
usr_03836,2026-01-18 15:05:38,corp.com,BENIGN_SHARED,0,,SHARED_IP_OFFICE
usr_03837,2025-11-24 20:32:12,corp.com,BENIGN_SHARED,0,,SHARED_IP_OFFICE
usr_03838,2026-02-16 07:10:35,gmail.com,BENIGN_SHARED,0,,SHARED_IP_OFFICE
usr_03839,2026-03-04 10:47:55,corp.com,BENIGN_SHARED,0,,SHARED_IP_OFFICE
usr_03840,2026-01-28 12:15:14,gmail.com,BENIGN_SHARED,0,,HOUSEHOLD
usr_03841,2025-09-29 09:56:33,gmail.com,BENIGN_SHARED,0,,HOUSEHOLD
usr_03842,2025-09-23 11:48:03,gmail.com,BENIGN_SHARED,0,,HOUSEHOLD
usr_03843,2026-02-25 01:43:27,gmail.com,BENIGN_SHARED,0,,HOUSEHOLD
usr_03844,2025-10-04 16:24:44,gmail.com,BENIGN_SHARED,0,,HOUSEHOLD
usr_03845,2025-10-30 11:54:16,gmail.com,BENIGN_SHARED,0,,HOUSEHOLD
usr_03846,2025-12-16 18:01:33,gmail.com,BENIGN_SHARED,0,,HOUSEHOLD
usr_03847,2026-02-28 06:19:23,corp.com,BENIGN_SHARED,0,,SHARED_IP_OFFICE
usr_03848,2025-10-11 04:14:04,gmail.com,BENIGN_SHARED,0,,SHARED_IP_OFFICE
usr_03849,2025-11-10 23:44:35,gmail.com,BENIGN_SHARED,0,,SHARED_IP_OFFICE
usr_03850,2026-01-28 02:40:40,gmail.com,BENIGN_SHARED,0,,HOUSEHOLD
usr_03851,2025-11-25 03:54:21,gmail.com,BENIGN_SHARED,0,,HOUSEHOLD
usr_03852,2025-11-04 10:51:12,gmail.com,BENIGN_SHARED,0,,HOUSEHOLD
usr_03853,2026-01-21 01:47:52,gmail.com,BENIGN_SHARED,0,,HOUSEHOLD
usr_03854,2026-01-12 09:09:13,gmail.com,BENIGN_SHARED,0,,HOUSEHOLD
usr_03855,2025-12-06 13:46:54,gmail.com,BENIGN_SHARED,0,,HOUSEHOLD
usr_03856,2026-02-08 13:13:01,gmail.com,BENIGN_SHARED,0,,HOUSEHOLD
usr_03857,2025-12-21 14:32:35,corp.com,BENIGN_SHARED,0,,SHARED_IP_OFFICE
usr_03858,2025-11-20 21:33:12,gmail.com,BENIGN_SHARED,0,,SHARED_IP_OFFICE
usr_03859,2025-11-09 00:59:35,gmail.com,BENIGN_SHARED,0,,SHARED_IP_OFFICE
usr_03860,2025-11-20 13:47:34,corp.com,BENIGN_SHARED,0,,SHARED_IP_OFFICE
usr_03861,2026-01-29 01:07:39,gmail.com,BENIGN_SHARED,0,,SHARED_IP_OFFICE
usr_03862,2026-01-16 07:48:37,gmail.com,BENIGN_SHARED,0,,SHARED_IP_OFFICE
usr_03863,2026-03-13 09:30:01,corp.com,BENIGN_SHARED,0,,SHARED_IP_OFFICE
usr_03864,2025-12-17 00:08:46,gmail.com,BENIGN_SHARED,0,,SHARED_IP_OFFICE
usr_03865,2025-12-29 08:18:40,gmail.com,BENIGN_SHARED,0,,SHARED_IP_OFFICE
usr_03866,2025-11-14 12:18:34,gmail.com,BENIGN_SHARED,0,,SHARED_IP_OFFICE
usr_03867,2025-10-31 07:20:22,gmail.com,BENIGN_SHARED,0,,SHARED_IP_OFFICE
usr_03868,2025-11-19 11:37:24,gmail.com,BENIGN_SHARED,0,,SHARED_IP_OFFICE
usr_03869,2026-02-15 10:09:39,gmail.com,BENIGN_SHARED,0,,HOUSEHOLD
usr_03870,2026-03-17 03:52:34,gmail.com,BENIGN_SHARED,0,,HOUSEHOLD
usr_03871,2026-03-21 13:52:30,gmail.com,BENIGN_SHARED,0,,HOUSEHOLD
usr_03872,2025-11-16 07:40:10,gmail.com,BENIGN_SHARED,0,,HOUSEHOLD
usr_03873,2026-02-08 06:25:04,gmail.com,BENIGN_SHARED,0,,HOUSEHOLD
usr_03874,2025-10-23 12:50:00,gmail.com,BENIGN_SHARED,0,,HOUSEHOLD
usr_03875,2025-12-21 23:58:50,gmail.com,BENIGN_SHARED,0,,HOUSEHOLD
usr_03876,2025-12-27 03:00:03,gmail.com,BENIGN_SHARED,0,,HOUSEHOLD
usr_03877,2025-10-22 02:45:05,gmail.com,BENIGN_SHARED,0,,HOUSEHOLD
usr_03878,2025-10-17 11:20:06,gmail.com,BENIGN_SHARED,0,,HOUSEHOLD
usr_03879,2025-12-21 17:36:53,corp.com,BENIGN_SHARED,0,,SHARED_IP_OFFICE
usr_03880,2025-10-12 13:53:15,gmail.com,BENIGN_SHARED,0,,SHARED_IP_OFFICE
usr_03881,2026-02-12 11:40:43,corp.com,BENIGN_SHARED,0,,SHARED_IP_OFFICE
usr_03882,2025-11-07 02:38:35,gmail.com,BENIGN_SHARED,0,,SHARED_IP_OFFICE
usr_03883,2025-10-13 14:04:46,corp.com,BENIGN_SHARED,0,,SHARED_IP_OFFICE
usr_03884,2026-01-22 10:03:54,gmail.com,BENIGN_SHARED,0,,SHARED_IP_OFFICE
usr_03885,2026-01-28 19:10:33,corp.com,BENIGN_SHARED,0,,SHARED_IP_OFFICE
usr_03886,2026-03-11 15:59:10,gmail.com,BENIGN_SHARED,0,,SHARED_IP_OFFICE
usr_03887,2026-01-04 01:06:23,corp.com,BENIGN_SHARED,0,,SHARED_IP_OFFICE
usr_03888,2025-11-15 18:53:35,gmail.com,BENIGN_SHARED,0,,SHARED_IP_OFFICE
usr_03889,2026-01-03 14:36:51,gmail.com,BENIGN_SHARED,0,,SHARED_IP_OFFICE
usr_03890,2025-10-27 19:29:15,gmail.com,BENIGN_SHARED,0,,HOUSEHOLD
usr_03891,2025-09-30 02:47:37,gmail.com,BENIGN_SHARED,0,,HOUSEHOLD
usr_03892,2025-10-09 12:02:12,gmail.com,BENIGN_SHARED,0,,HOUSEHOLD
usr_03893,2026-01-14 04:37:05,corp.com,BENIGN_SHARED,0,,SHARED_IP_OFFICE
usr_03894,2025-10-30 15:18:30,gmail.com,BENIGN_SHARED,0,,SHARED_IP_OFFICE
usr_03895,2025-11-13 16:40:39,gmail.com,BENIGN_SHARED,0,,SHARED_IP_OFFICE
usr_03896,2026-03-02 08:57:59,gmail.com,BENIGN_SHARED,0,,SHARED_IP_OFFICE
usr_03897,2026-02-07 17:51:24,gmail.com,BENIGN_SHARED,0,,SHARED_IP_OFFICE
usr_03898,2025-10-31 20:36:08,gmail.com,BENIGN_SHARED,0,,SHARED_IP_OFFICE
usr_03899,2025-11-30 01:06:01,corp.com,BENIGN_SHARED,0,,SHARED_IP_OFFICE
usr_03900,2025-12-01 17:08:53,corp.com,BENIGN_SHARED,0,,SHARED_IP_OFFICE
usr_03901,2026-02-05 22:53:48,gmail.com,BENIGN_SHARED,0,,SHARED_IP_OFFICE
usr_03902,2026-03-10 09:02:49,corp.com,BENIGN_SHARED,0,,SHARED_IP_OFFICE
usr_03903,2025-12-11 08:24:36,gmail.com,BENIGN_SHARED,0,,SHARED_IP_OFFICE
usr_03904,2025-11-09 04:43:39,gmail.com,BENIGN_SHARED,0,,HOUSEHOLD
usr_03905,2025-09-20 17:25:01,gmail.com,BENIGN_SHARED,0,,HOUSEHOLD
usr_03906,2025-10-16 03:04:08,gmail.com,BENIGN_SHARED,0,,SHARED_IP_OFFICE
usr_03907,2026-02-19 07:47:37,corp.com,BENIGN_SHARED,0,,SHARED_IP_OFFICE
usr_03908,2025-10-09 10:20:15,gmail.com,BENIGN_SHARED,0,,SHARED_IP_OFFICE
usr_03909,2025-10-09 10:15:21,gmail.com,BENIGN_SHARED,0,,SHARED_IP_OFFICE
usr_03910,2026-03-09 20:25:27,gmail.com,BENIGN_SHARED,0,,HOUSEHOLD
usr_03911,2025-12-04 22:21:18,gmail.com,BENIGN_SHARED,0,,HOUSEHOLD
usr_03912,2025-09-03 23:05:49,gmail.com,BENIGN_SHARED,0,,HOUSEHOLD
usr_03913,2025-10-11 21:26:47,gmail.com,BENIGN_SHARED,0,,SHARED_IP_OFFICE
usr_03914,2026-03-21 18:56:12,corp.com,BENIGN_SHARED,0,,SHARED_IP_OFFICE
usr_03915,2025-11-27 21:16:40,corp.com,BENIGN_SHARED,0,,SHARED_IP_OFFICE
usr_03916,2025-10-29 21:10:04,corp.com,BENIGN_SHARED,0,,SHARED_IP_OFFICE
usr_03917,2025-10-27 04:45:47,gmail.com,BENIGN_SHARED,0,,SHARED_IP_OFFICE
usr_03918,2025-12-06 12:19:15,corp.com,BENIGN_SHARED,0,,SHARED_IP_OFFICE
usr_03919,2025-10-29 05:13:00,corp.com,BENIGN_SHARED,0,,SHARED_IP_OFFICE
usr_03920,2026-01-17 13:24:23,gmail.com,BENIGN_SHARED,0,,SHARED_IP_OFFICE
usr_03921,2025-11-09 03:33:06,gmail.com,BENIGN_SHARED,0,,SHARED_IP_OFFICE
usr_03922,2026-01-01 15:10:14,corp.com,BENIGN_SHARED,0,,SHARED_IP_OFFICE
usr_03923,2025-10-31 05:25:18,gmail.com,BENIGN_SHARED,0,,HOUSEHOLD
usr_03924,2025-12-05 00:11:07,gmail.com,BENIGN_SHARED,0,,HOUSEHOLD
usr_03925,2026-03-17 14:15:30,gmail.com,BENIGN_SHARED,0,,HOUSEHOLD
usr_03926,2026-03-14 14:04:12,gmail.com,BENIGN_SHARED,0,,HOUSEHOLD
usr_03927,2025-11-27 06:29:03,gmail.com,BENIGN_SHARED,0,,SHARED_IP_OFFICE
usr_03928,2025-10-29 20:33:09,gmail.com,BENIGN_SHARED,0,,SHARED_IP_OFFICE
usr_03929,2025-11-06 07:29:26,gmail.com,BENIGN_SHARED,0,,SHARED_IP_OFFICE
usr_03930,2025-10-24 21:27:57,corp.com,BENIGN_SHARED,0,,SHARED_IP_OFFICE
usr_03931,2026-03-04 08:41:56,gmail.com,BENIGN_SHARED,0,,SHARED_IP_OFFICE
usr_03932,2026-03-11 04:36:55,gmail.com,BENIGN_SHARED,0,,HOUSEHOLD
usr_03933,2026-03-09 12:48:46,gmail.com,BENIGN_SHARED,0,,HOUSEHOLD
usr_03934,2025-09-25 09:08:28,gmail.com,BENIGN_SHARED,0,,HOUSEHOLD
usr_03935,2025-11-12 21:03:53,gmail.com,BENIGN_SHARED,0,,HOUSEHOLD
usr_03936,2026-01-13 20:47:22,gmail.com,BENIGN_SHARED,0,,HOUSEHOLD
usr_03937,2025-10-29 00:27:36,gmail.com,BENIGN_SHARED,0,,HOUSEHOLD
usr_03938,2025-10-06 04:30:19,gmail.com,BENIGN_SHARED,0,,SHARED_IP_OFFICE
usr_03939,2026-02-23 07:22:15,corp.com,BENIGN_SHARED,0,,SHARED_IP_OFFICE
usr_03940,2026-01-20 01:54:42,gmail.com,BENIGN_SHARED,0,,SHARED_IP_OFFICE
usr_03941,2025-12-28 21:49:41,corp.com,BENIGN_SHARED,0,,SHARED_IP_OFFICE
usr_03942,2026-02-19 22:14:20,corp.com,BENIGN_SHARED,0,,SHARED_IP_OFFICE
usr_03943,2026-03-14 02:46:17,gmail.com,BENIGN_SHARED,0,,SHARED_IP_OFFICE
usr_03944,2025-10-16 19:42:17,corp.com,BENIGN_SHARED,0,,SHARED_IP_OFFICE
usr_03945,2025-11-06 15:41:36,corp.com,BENIGN_SHARED,0,,SHARED_IP_OFFICE
usr_03946,2025-11-06 01:18:37,gmail.com,BENIGN_SHARED,0,,SHARED_IP_OFFICE
usr_03947,2025-10-12 07:39:46,gmail.com,BENIGN_SHARED,0,,SHARED_IP_OFFICE
usr_03948,2025-12-01 00:27:02,corp.com,BENIGN_SHARED,0,,SHARED_IP_OFFICE
usr_03949,2025-09-03 17:41:27,gmail.com,BENIGN_SHARED,0,,HOUSEHOLD
usr_03950,2025-10-30 11:26:50,gmail.com,BENIGN_SHARED,0,,HOUSEHOLD
usr_03951,2026-01-09 15:42:16,gmail.com,BENIGN_SHARED,0,,HOUSEHOLD
usr_03952,2026-02-05 10:17:10,gmail.com,BENIGN_SHARED,0,,HOUSEHOLD
usr_03953,2025-10-15 09:47:06,gmail.com,BENIGN_SHARED,0,,SHARED_IP_OFFICE
usr_03954,2026-03-05 04:36:20,gmail.com,BENIGN_SHARED,0,,SHARED_IP_OFFICE
usr_03955,2026-01-14 02:10:56,gmail.com,BENIGN_SHARED,0,,SHARED_IP_OFFICE
usr_03956,2025-10-31 23:42:02,corp.com,BENIGN_SHARED,0,,SHARED_IP_OFFICE
usr_03957,2026-02-24 07:57:30,gmail.com,BENIGN_SHARED,0,,SHARED_IP_OFFICE
usr_03958,2026-01-12 08:08:47,corp.com,BENIGN_SHARED,0,,SHARED_IP_OFFICE
usr_03959,2025-11-14 22:28:53,gmail.com,BENIGN_SHARED,0,,HOUSEHOLD
usr_03960,2026-01-03 14:10:08,gmail.com,BENIGN_SHARED,0,,HOUSEHOLD
usr_03961,2025-12-27 20:38:52,gmail.com,BENIGN_SHARED,0,,HOUSEHOLD
usr_03962,2026-01-25 22:22:05,gmail.com,BENIGN_SHARED,0,,HOUSEHOLD
usr_03963,2025-12-21 20:06:40,gmail.com,BENIGN_SHARED,0,,HOUSEHOLD
usr_03964,2025-11-04 03:13:31,gmail.com,BENIGN_SHARED,0,,HOUSEHOLD
usr_03965,2025-11-07 15:50:57,gmail.com,BENIGN_SHARED,0,,HOUSEHOLD
usr_03966,2025-10-26 09:03:57,gmail.com,BENIGN_SHARED,0,,HOUSEHOLD
usr_03967,2025-11-26 05:22:39,gmail.com,BENIGN_SHARED,0,,HOUSEHOLD
usr_03968,2026-03-04 00:23:12,gmail.com,BENIGN_SHARED,0,,HOUSEHOLD
usr_03969,2026-03-11 12:36:44,gmail.com,BENIGN_SHARED,0,,HOUSEHOLD
usr_03970,2025-11-01 23:20:19,gmail.com,BENIGN_SHARED,0,,HOUSEHOLD
usr_03971,2026-03-14 22:27:34,gmail.com,BENIGN_SHARED,0,,HOUSEHOLD
usr_03972,2025-10-29 08:56:22,gmail.com,BENIGN_SHARED,0,,HOUSEHOLD
usr_03973,2026-03-05 05:48:57,gmail.com,BENIGN_SHARED,0,,SHARED_IP_OFFICE
usr_03974,2025-10-22 21:47:00,corp.com,BENIGN_SHARED,0,,SHARED_IP_OFFICE
usr_03975,2026-01-17 06:58:30,corp.com,BENIGN_SHARED,0,,SHARED_IP_OFFICE
usr_03976,2025-12-31 17:33:24,corp.com,BENIGN_SHARED,0,,SHARED_IP_OFFICE
usr_03977,2026-01-27 12:43:28,gmail.com,BENIGN_SHARED,0,,SHARED_IP_OFFICE
usr_03978,2025-12-01 18:53:11,gmail.com,BENIGN_SHARED,0,,SHARED_IP_OFFICE
usr_03979,2025-11-01 15:25:56,gmail.com,BENIGN_SHARED,0,,SHARED_IP_OFFICE
usr_03980,2025-10-19 13:31:49,gmail.com,BENIGN_SHARED,0,,SHARED_IP_OFFICE
usr_03981,2026-02-24 18:20:46,corp.com,BENIGN_SHARED,0,,SHARED_IP_OFFICE
usr_03982,2025-11-16 21:37:17,gmail.com,BENIGN_SHARED,0,,SHARED_IP_OFFICE
usr_03983,2026-02-15 11:50:51,gmail.com,BENIGN_SHARED,0,,SHARED_IP_OFFICE
usr_03984,2026-03-07 10:29:38,gmail.com,BENIGN_SHARED,0,,SHARED_IP_OFFICE
usr_03985,2025-12-09 13:52:46,corp.com,BENIGN_SHARED,0,,SHARED_IP_OFFICE
usr_03986,2025-11-11 19:59:45,gmail.com,BENIGN_SHARED,0,,SHARED_IP_OFFICE
usr_03987,2025-10-12 15:16:09,corp.com,BENIGN_SHARED,0,,SHARED_IP_OFFICE
usr_03988,2025-10-11 19:37:09,corp.com,BENIGN_SHARED,0,,SHARED_IP_OFFICE
usr_03989,2026-03-14 16:31:42,corp.com,BENIGN_SHARED,0,,SHARED_IP_OFFICE
usr_03990,2025-12-28 08:54:05,corp.com,BENIGN_SHARED,0,,SHARED_IP_OFFICE
usr_03991,2025-10-24 19:51:21,gmail.com,BENIGN_SHARED,0,,HOUSEHOLD
usr_03992,2025-11-03 09:38:39,gmail.com,BENIGN_SHARED,0,,HOUSEHOLD
usr_03993,2026-01-08 20:37:44,gmail.com,BENIGN_SHARED,0,,HOUSEHOLD
usr_03994,2025-10-29 12:20:22,gmail.com,BENIGN_SHARED,0,,HOUSEHOLD
usr_03995,2025-12-01 07:16:41,gmail.com,BENIGN_SHARED,0,,HOUSEHOLD
usr_03996,2025-09-10 21:46:03,gmail.com,BENIGN_SHARED,0,,HOUSEHOLD
usr_03997,2026-03-12 08:35:10,gmail.com,BENIGN_SHARED,0,,HOUSEHOLD
usr_03998,2025-12-09 20:50:49,gmail.com,BENIGN_SHARED,0,,SHARED_IP_OFFICE
usr_03999,2025-10-13 01:22:01,gmail.com,BENIGN_SHARED,0,,SHARED_IP_OFFICE
usr_04000,2025-12-26 22:23:07,corp.com,BENIGN_SHARED,0,,SHARED_IP_OFFICE
usr_04001,2025-11-19 08:37:16,gmail.com,BENIGN_SHARED,0,,HOUSEHOLD
usr_04002,2025-12-03 05:23:36,gmail.com,BENIGN_SHARED,0,,HOUSEHOLD
usr_04003,2025-11-19 06:13:38,gmail.com,BENIGN_SHARED,0,,HOUSEHOLD
usr_04004,2026-02-04 15:29:21,gmail.com,BENIGN_SHARED,0,,HOUSEHOLD
usr_04005,2026-01-25 03:13:20,gmail.com,BENIGN_SHARED,0,,SHARED_IP_OFFICE
usr_04006,2025-12-19 00:01:54,corp.com,BENIGN_SHARED,0,,SHARED_IP_OFFICE
usr_04007,2025-11-30 05:15:59,gmail.com,BENIGN_SHARED,0,,SHARED_IP_OFFICE
usr_04008,2025-12-24 18:01:12,gmail.com,BENIGN_SHARED,0,,SHARED_IP_OFFICE
usr_04009,2025-11-20 12:26:00,corp.com,BENIGN_SHARED,0,,SHARED_IP_OFFICE
usr_04010,2026-02-08 05:01:53,gmail.com,BENIGN_SHARED,0,,SHARED_IP_OFFICE
usr_04011,2026-03-08 12:51:10,corp.com,BENIGN_SHARED,0,,SHARED_IP_OFFICE
usr_04012,2026-02-22 12:27:03,gmail.com,BENIGN_SHARED,0,,SHARED_IP_OFFICE
usr_04013,2026-02-26 04:00:41,gmail.com,BENIGN_SHARED,0,,SHARED_IP_OFFICE
usr_04014,2025-11-05 19:52:11,corp.com,BENIGN_SHARED,0,,SHARED_IP_OFFICE
usr_04015,2025-11-07 10:45:12,gmail.com,BENIGN_SHARED,0,,SHARED_IP_OFFICE
usr_04016,2026-02-28 18:21:05,corp.com,BENIGN_SHARED,0,,SHARED_IP_OFFICE
usr_04017,2026-02-20 14:16:04,gmail.com,BENIGN_SHARED,0,,SHARED_IP_OFFICE
usr_04018,2025-12-17 21:39:20,corp.com,BENIGN_SHARED,0,,SHARED_IP_OFFICE
usr_04019,2025-11-04 00:10:30,gmail.com,BENIGN_SHARED,0,,SHARED_IP_OFFICE
usr_04020,2026-02-24 17:11:32,gmail.com,BENIGN_SHARED,0,,SHARED_IP_OFFICE
usr_04021,2025-11-07 06:56:10,gmail.com,BENIGN_SHARED,0,,SHARED_IP_OFFICE
usr_04022,2026-02-26 04:21:30,gmail.com,BENIGN_SHARED,0,,SHARED_IP_OFFICE
usr_04023,2025-11-07 06:52:05,gmail.com,BENIGN_SHARED,0,,HOUSEHOLD
usr_04024,2025-11-04 22:19:55,gmail.com,BENIGN_SHARED,0,,HOUSEHOLD
usr_04025,2025-10-26 02:39:12,gmail.com,BENIGN_SHARED,0,,HOUSEHOLD
usr_04026,2025-11-30 10:11:40,gmail.com,BENIGN_SHARED,0,,SHARED_IP_OFFICE
usr_04027,2025-11-15 21:23:46,corp.com,BENIGN_SHARED,0,,SHARED_IP_OFFICE
usr_04028,2026-02-12 15:08:25,corp.com,BENIGN_SHARED,0,,SHARED_IP_OFFICE
usr_04029,2025-11-19 23:41:47,gmail.com,BENIGN_SHARED,0,,SHARED_IP_OFFICE
usr_04030,2025-12-30 12:31:37,gmail.com,BENIGN_SHARED,0,,SHARED_IP_OFFICE
usr_04031,2025-10-11 21:13:34,corp.com,BENIGN_SHARED,0,,SHARED_IP_OFFICE
usr_04032,2025-11-26 00:32:23,corp.com,BENIGN_SHARED,0,,SHARED_IP_OFFICE
usr_04033,2026-01-29 12:45:25,gmail.com,BENIGN_SHARED,0,,HOUSEHOLD
usr_04034,2025-09-24 16:29:42,gmail.com,BENIGN_SHARED,0,,HOUSEHOLD
usr_04035,2025-12-25 04:50:56,corp.com,BENIGN_SHARED,0,,SHARED_IP_OFFICE
usr_04036,2025-12-06 03:48:36,gmail.com,BENIGN_SHARED,0,,SHARED_IP_OFFICE
usr_04037,2025-12-25 19:10:19,gmail.com,BENIGN_SHARED,0,,SHARED_IP_OFFICE
usr_04038,2025-12-16 03:48:03,corp.com,BENIGN_SHARED,0,,SHARED_IP_OFFICE
usr_04039,2025-12-31 09:44:23,gmail.com,BENIGN_SHARED,0,,SHARED_IP_OFFICE
usr_04040,2025-10-08 08:21:14,corp.com,BENIGN_SHARED,0,,SHARED_IP_OFFICE
usr_04041,2026-01-25 07:59:59,gmail.com,BENIGN_SHARED,0,,SHARED_IP_OFFICE
usr_04042,2025-10-19 13:00:02,corp.com,BENIGN_SHARED,0,,SHARED_IP_OFFICE
usr_04043,2025-12-05 15:04:44,corp.com,BENIGN_SHARED,0,,SHARED_IP_OFFICE
usr_04044,2025-11-04 15:08:03,gmail.com,BENIGN_SHARED,0,,SHARED_IP_OFFICE
usr_04045,2025-11-30 20:53:55,gmail.com,BENIGN_SHARED,0,,SHARED_IP_OFFICE
usr_04046,2025-12-17 15:56:54,corp.com,BENIGN_SHARED,0,,SHARED_IP_OFFICE
usr_04047,2026-03-05 22:14:09,gmail.com,BENIGN_SHARED,0,,SHARED_IP_OFFICE
usr_04048,2026-02-06 07:49:40,gmail.com,BENIGN_SHARED,0,,SHARED_IP_OFFICE
usr_04049,2025-09-23 11:19:59,gmail.com,BENIGN_SHARED,0,,HOUSEHOLD
usr_04050,2026-03-06 19:31:38,gmail.com,BENIGN_SHARED,0,,HOUSEHOLD
usr_04051,2026-01-22 04:45:31,gmail.com,BENIGN_SHARED,0,,HOUSEHOLD
usr_04052,2025-10-17 23:20:41,gmail.com,BENIGN_SHARED,0,,HOUSEHOLD
usr_04053,2025-11-05 21:56:48,corp.com,BENIGN_SHARED,0,,SHARED_IP_OFFICE
usr_04054,2025-10-13 10:39:48,corp.com,BENIGN_SHARED,0,,SHARED_IP_OFFICE
usr_04055,2025-12-12 18:23:53,gmail.com,BENIGN_SHARED,0,,SHARED_IP_OFFICE
usr_04056,2026-01-12 13:10:19,gmail.com,BENIGN_SHARED,0,,SHARED_IP_OFFICE
usr_04057,2025-11-26 00:00:25,gmail.com,BENIGN_SHARED,0,,SHARED_IP_OFFICE
usr_04058,2025-10-07 01:45:03,gmail.com,BENIGN_SHARED,0,,SHARED_IP_OFFICE
usr_04059,2026-02-27 20:50:08,gmail.com,BENIGN_SHARED,0,,HOUSEHOLD
usr_04060,2026-01-28 01:33:01,gmail.com,BENIGN_SHARED,0,,HOUSEHOLD
usr_04061,2026-03-19 17:17:49,gmail.com,BENIGN_SHARED,0,,HOUSEHOLD
usr_04062,2025-10-25 19:53:45,gmail.com,BENIGN_SHARED,0,,SHARED_IP_OFFICE
usr_04063,2025-10-25 04:42:45,gmail.com,BENIGN_SHARED,0,,SHARED_IP_OFFICE
usr_04064,2026-01-12 03:20:28,corp.com,BENIGN_SHARED,0,,SHARED_IP_OFFICE
usr_04065,2025-11-16 12:21:04,gmail.com,BENIGN_SHARED,0,,SHARED_IP_OFFICE
usr_04066,2025-09-04 12:06:16,gmail.com,BENIGN_SHARED,0,,HOUSEHOLD
usr_04067,2026-03-13 01:48:34,gmail.com,BENIGN_SHARED,0,,HOUSEHOLD
usr_04068,2025-10-16 06:10:00,gmail.com,BENIGN_SHARED,0,,HOUSEHOLD
usr_04069,2026-03-09 06:11:43,gmail.com,BENIGN_SHARED,0,,HOUSEHOLD
usr_04070,2025-10-01 14:45:27,gmail.com,BENIGN_SHARED,0,,HOUSEHOLD
usr_04071,2026-01-05 01:36:56,gmail.com,BENIGN_SHARED,0,,HOUSEHOLD
usr_04072,2026-02-22 05:57:06,gmail.com,BENIGN_SHARED,0,,HOUSEHOLD
usr_04073,2025-09-23 11:45:04,gmail.com,BENIGN_SHARED,0,,HOUSEHOLD
usr_04074,2025-12-15 16:56:02,gmail.com,BENIGN_SHARED,0,,HOUSEHOLD
usr_04075,2026-02-02 22:09:45,gmail.com,BENIGN_SHARED,0,,HOUSEHOLD
usr_04076,2025-11-01 01:01:36,gmail.com,BENIGN_SHARED,0,,HOUSEHOLD
usr_04077,2025-10-06 06:16:22,gmail.com,BENIGN_SHARED,0,,HOUSEHOLD
usr_04078,2025-11-04 15:49:47,gmail.com,BENIGN_SHARED,0,,HOUSEHOLD
usr_04079,2025-11-17 00:57:26,gmail.com,BENIGN_SHARED,0,,HOUSEHOLD
usr_04080,2025-11-02 09:04:03,gmail.com,BENIGN_SHARED,0,,HOUSEHOLD
usr_04081,2026-02-16 09:19:45,gmail.com,BENIGN_SHARED,0,,HOUSEHOLD
usr_04082,2025-11-10 15:49:47,gmail.com,BENIGN_SHARED,0,,SHARED_IP_OFFICE
usr_04083,2026-03-16 10:01:43,gmail.com,BENIGN_SHARED,0,,SHARED_IP_OFFICE
usr_04084,2025-10-25 07:40:32,gmail.com,BENIGN_SHARED,0,,SHARED_IP_OFFICE
usr_04085,2026-02-08 23:47:45,gmail.com,BENIGN_SHARED,0,,HOUSEHOLD
usr_04086,2026-01-27 13:21:33,gmail.com,BENIGN_SHARED,0,,HOUSEHOLD
usr_04087,2025-09-19 00:43:54,gmail.com,BENIGN_SHARED,0,,HOUSEHOLD
usr_04088,2026-02-28 17:30:19,gmail.com,BENIGN_SHARED,0,,HOUSEHOLD
usr_04089,2025-11-18 07:39:01,gmail.com,BENIGN_SHARED,0,,SHARED_IP_OFFICE
usr_04090,2025-12-25 15:24:13,corp.com,BENIGN_SHARED,0,,SHARED_IP_OFFICE
usr_04091,2026-01-05 04:40:36,corp.com,BENIGN_SHARED,0,,SHARED_IP_OFFICE
usr_04092,2025-10-14 08:49:25,gmail.com,BENIGN_SHARED,0,,SHARED_IP_OFFICE
usr_04093,2026-03-13 14:54:35,gmail.com,BENIGN_SHARED,0,,SHARED_IP_OFFICE
usr_04094,2025-10-16 13:33:19,gmail.com,BENIGN_SHARED,0,,SHARED_IP_OFFICE
usr_04095,2026-01-20 12:21:09,corp.com,BENIGN_SHARED,0,,SHARED_IP_OFFICE
usr_04096,2026-02-07 18:33:14,gmail.com,BENIGN_SHARED,0,,SHARED_IP_OFFICE
usr_04097,2025-11-16 15:47:28,corp.com,BENIGN_SHARED,0,,SHARED_IP_OFFICE
usr_04098,2025-10-05 20:44:41,gmail.com,BENIGN_SHARED,0,,HOUSEHOLD
usr_04099,2025-11-14 22:37:55,gmail.com,BENIGN_SHARED,0,,HOUSEHOLD
usr_04100,2026-02-20 00:43:11,gmail.com,BENIGN_SHARED,0,,HOUSEHOLD
usr_04101,2025-12-13 05:03:41,gmail.com,BENIGN_SHARED,0,,HOUSEHOLD
usr_04102,2026-01-29 20:20:31,gmail.com,BENIGN_SHARED,0,,HOUSEHOLD
usr_04103,2026-03-19 14:51:12,gmail.com,BENIGN_SHARED,0,,HOUSEHOLD
usr_04104,2026-01-21 07:24:15,corp.com,BENIGN_SHARED,0,,SHARED_IP_OFFICE
usr_04105,2026-02-18 18:03:56,corp.com,BENIGN_SHARED,0,,SHARED_IP_OFFICE
usr_04106,2026-01-21 18:37:09,gmail.com,BENIGN_SHARED,0,,SHARED_IP_OFFICE
usr_04107,2026-01-12 05:53:40,gmail.com,BENIGN_SHARED,0,,SHARED_IP_OFFICE
usr_04108,2025-12-08 09:58:51,gmail.com,BENIGN_SHARED,0,,SHARED_IP_OFFICE
usr_04109,2025-09-22 00:05:12,gmail.com,BENIGN_SHARED,0,,HOUSEHOLD
usr_04110,2025-10-14 00:32:29,gmail.com,BENIGN_SHARED,0,,HOUSEHOLD
usr_04111,2025-10-18 15:46:50,gmail.com,BENIGN_SHARED,0,,HOUSEHOLD
usr_04112,2025-11-06 07:28:59,gmail.com,BENIGN_SHARED,0,,HOUSEHOLD
usr_04113,2025-12-30 22:06:36,gmail.com,BENIGN_SHARED,0,,HOUSEHOLD
usr_04114,2026-01-27 00:50:36,gmail.com,BENIGN_SHARED,0,,HOUSEHOLD
usr_04115,2026-01-14 04:15:03,gmail.com,BENIGN_SHARED,0,,HOUSEHOLD
usr_04116,2025-09-17 15:01:50,gmail.com,BENIGN_SHARED,0,,HOUSEHOLD
usr_04117,2026-03-19 08:24:00,gmail.com,BENIGN_SHARED,0,,HOUSEHOLD
usr_04118,2026-02-09 21:10:45,gmail.com,BENIGN_SHARED,0,,HOUSEHOLD
usr_04119,2025-12-06 10:32:13,gmail.com,BENIGN_SHARED,0,,HOUSEHOLD
usr_04120,2025-12-30 20:57:17,gmail.com,BENIGN_SHARED,0,,SHARED_IP_OFFICE
usr_04121,2025-10-06 06:20:44,corp.com,BENIGN_SHARED,0,,SHARED_IP_OFFICE
usr_04122,2025-12-30 00:24:50,gmail.com,BENIGN_SHARED,0,,SHARED_IP_OFFICE
usr_04123,2025-10-03 18:47:23,gmail.com,BENIGN_SHARED,0,,SHARED_IP_OFFICE
usr_04124,2026-01-05 06:30:10,gmail.com,BENIGN_SHARED,0,,HOUSEHOLD
usr_04125,2025-10-29 14:17:10,gmail.com,BENIGN_SHARED,0,,HOUSEHOLD
usr_04126,2025-11-13 07:26:54,gmail.com,BENIGN_SHARED,0,,HOUSEHOLD
usr_04127,2025-10-17 23:54:42,gmail.com,BENIGN_SHARED,0,,SHARED_IP_OFFICE
usr_04128,2025-10-06 07:45:02,gmail.com,BENIGN_SHARED,0,,SHARED_IP_OFFICE
usr_04129,2026-02-10 06:07:20,corp.com,BENIGN_SHARED,0,,SHARED_IP_OFFICE
usr_04130,2025-12-24 19:09:29,corp.com,BENIGN_SHARED,0,,SHARED_IP_OFFICE
usr_04131,2025-12-04 11:38:04,corp.com,BENIGN_SHARED,0,,SHARED_IP_OFFICE
usr_04132,2025-11-02 22:25:18,gmail.com,BENIGN_SHARED,0,,HOUSEHOLD
usr_04133,2025-10-18 16:24:58,gmail.com,BENIGN_SHARED,0,,HOUSEHOLD
usr_04134,2025-12-19 01:01:36,gmail.com,BENIGN_SHARED,0,,HOUSEHOLD
usr_04135,2026-02-16 03:13:55,gmail.com,BENIGN_SHARED,0,,SHARED_IP_OFFICE
usr_04136,2025-10-08 06:31:27,corp.com,BENIGN_SHARED,0,,SHARED_IP_OFFICE
usr_04137,2026-03-19 19:23:55,gmail.com,BENIGN_SHARED,0,,SHARED_IP_OFFICE
usr_04138,2025-11-14 12:36:20,gmail.com,BENIGN_SHARED,0,,SHARED_IP_OFFICE
usr_04139,2025-11-17 13:26:17,corp.com,BENIGN_SHARED,0,,SHARED_IP_OFFICE
usr_04140,2026-01-10 12:50:15,gmail.com,BENIGN_SHARED,0,,SHARED_IP_OFFICE
usr_04141,2025-10-26 13:34:15,gmail.com,BENIGN_SHARED,0,,SHARED_IP_OFFICE
usr_04142,2026-01-15 00:59:29,gmail.com,BENIGN_SHARED,0,,SHARED_IP_OFFICE
usr_04143,2026-03-09 02:54:48,gmail.com,BENIGN_SHARED,0,,HOUSEHOLD
usr_04144,2025-10-26 04:13:19,gmail.com,BENIGN_SHARED,0,,HOUSEHOLD
usr_04145,2025-09-27 17:40:59,gmail.com,BENIGN_SHARED,0,,HOUSEHOLD
usr_04146,2026-02-27 01:14:52,gmail.com,BENIGN_SHARED,0,,HOUSEHOLD
usr_04147,2025-09-23 11:59:17,gmail.com,BENIGN_SHARED,0,,HOUSEHOLD
usr_04148,2026-03-17 13:33:47,gmail.com,BENIGN_SHARED,0,,HOUSEHOLD
usr_04149,2025-12-31 17:41:13,gmail.com,BENIGN_SHARED,0,,HOUSEHOLD
usr_04150,2026-02-12 11:40:00,gmail.com,BENIGN_SHARED,0,,HOUSEHOLD
usr_04151,2025-10-05 12:23:29,gmail.com,BENIGN_SHARED,0,,HOUSEHOLD
usr_04152,2026-02-24 20:05:53,gmail.com,BENIGN_SHARED,0,,HOUSEHOLD
usr_04153,2025-11-12 17:52:47,gmail.com,BENIGN_SHARED,0,,HOUSEHOLD
usr_04154,2025-11-09 16:09:07,gmail.com,BENIGN_SHARED,0,,HOUSEHOLD
usr_04155,2025-12-06 15:23:47,gmail.com,BENIGN_SHARED,0,,HOUSEHOLD
usr_04156,2025-10-07 03:28:16,gmail.com,BENIGN_SHARED,0,,HOUSEHOLD
usr_04157,2026-01-25 03:25:37,gmail.com,BENIGN_SHARED,0,,HOUSEHOLD
usr_04158,2025-09-14 20:12:40,gmail.com,BENIGN_SHARED,0,,HOUSEHOLD
usr_04159,2025-12-30 16:01:37,gmail.com,BENIGN_SHARED,0,,HOUSEHOLD
usr_04160,2026-01-22 08:56:28,gmail.com,BENIGN_SHARED,0,,HOUSEHOLD
usr_04161,2025-09-03 06:39:27,gmail.com,BENIGN_SHARED,0,,HOUSEHOLD
usr_04162,2025-12-25 04:35:32,gmail.com,BENIGN_SHARED,0,,HOUSEHOLD
usr_04163,2025-11-18 04:23:30,gmail.com,BENIGN_SHARED,0,,HOUSEHOLD
usr_04164,2025-11-07 07:39:38,gmail.com,BENIGN_SHARED,0,,HOUSEHOLD
usr_04165,2025-10-28 15:33:03,gmail.com,BENIGN_SHARED,0,,HOUSEHOLD
usr_04166,2025-11-08 16:25:45,gmail.com,BENIGN_SHARED,0,,SHARED_IP_OFFICE
usr_04167,2025-10-14 06:03:37,corp.com,BENIGN_SHARED,0,,SHARED_IP_OFFICE
usr_04168,2025-10-16 03:16:27,gmail.com,BENIGN_SHARED,0,,SHARED_IP_OFFICE
usr_04169,2025-11-18 09:01:44,gmail.com,BENIGN_SHARED,0,,SHARED_IP_OFFICE
usr_04170,2026-03-18 01:03:00,gmail.com,BENIGN_SHARED,0,,SHARED_IP_OFFICE
usr_04171,2025-12-22 01:48:35,gmail.com,BENIGN_SHARED,0,,SHARED_IP_OFFICE
usr_04172,2026-01-13 18:39:10,gmail.com,BENIGN_SHARED,0,,SHARED_IP_OFFICE
usr_04173,2026-01-23 07:53:03,corp.com,BENIGN_SHARED,0,,SHARED_IP_OFFICE
usr_04174,2026-02-19 16:52:09,corp.com,BENIGN_SHARED,0,,SHARED_IP_OFFICE
usr_04175,2026-01-24 09:47:35,corp.com,BENIGN_SHARED,0,,SHARED_IP_OFFICE
usr_04176,2025-10-05 03:44:32,corp.com,BENIGN_SHARED,0,,SHARED_IP_OFFICE
usr_04177,2026-02-02 08:46:13,gmail.com,BENIGN_SHARED,0,,SHARED_IP_OFFICE
usr_04178,2026-01-03 09:04:44,gmail.com,BENIGN_SHARED,0,,HOUSEHOLD
usr_04179,2025-12-28 06:23:43,gmail.com,BENIGN_SHARED,0,,HOUSEHOLD
usr_04180,2025-10-16 08:54:43,gmail.com,BENIGN_SHARED,0,,HOUSEHOLD
usr_04181,2025-12-29 10:55:13,gmail.com,BENIGN_SHARED,0,,HOUSEHOLD
usr_04182,2025-12-23 02:03:34,gmail.com,BENIGN_SHARED,0,,HOUSEHOLD
usr_04183,2025-11-30 10:30:54,gmail.com,BENIGN_SHARED,0,,HOUSEHOLD
usr_04184,2025-10-04 08:37:14,gmail.com,BENIGN_SHARED,0,,HOUSEHOLD
usr_04185,2025-09-23 22:18:23,gmail.com,BENIGN_SHARED,0,,HOUSEHOLD
usr_04186,2026-02-15 00:19:30,gmail.com,BENIGN_SHARED,0,,SHARED_IP_OFFICE
usr_04187,2025-11-25 06:26:19,corp.com,BENIGN_SHARED,0,,SHARED_IP_OFFICE
usr_04188,2026-01-16 14:58:36,gmail.com,BENIGN_SHARED,0,,SHARED_IP_OFFICE
usr_04189,2026-01-17 20:52:11,corp.com,BENIGN_SHARED,0,,SHARED_IP_OFFICE
usr_04190,2026-03-13 01:10:53,gmail.com,BENIGN_SHARED,0,,SHARED_IP_OFFICE
usr_04191,2025-11-18 16:18:36,corp.com,BENIGN_SHARED,0,,SHARED_IP_OFFICE
usr_04192,2025-10-10 07:50:53,corp.com,BENIGN_SHARED,0,,SHARED_IP_OFFICE
usr_04193,2025-10-30 11:45:17,gmail.com,BENIGN_SHARED,0,,SHARED_IP_OFFICE
usr_04194,2026-02-04 12:02:36,gmail.com,BENIGN_SHARED,0,,SHARED_IP_OFFICE
usr_04195,2025-10-06 18:46:34,gmail.com,BENIGN_SHARED,0,,SHARED_IP_OFFICE
usr_04196,2025-10-12 06:42:08,corp.com,BENIGN_SHARED,0,,SHARED_IP_OFFICE
usr_04197,2025-10-14 20:36:35,corp.com,BENIGN_SHARED,0,,SHARED_IP_OFFICE
usr_04198,2025-12-17 16:59:11,gmail.com,BENIGN_SHARED,0,,SHARED_IP_OFFICE
usr_04199,2025-12-26 19:57:50,gmail.com,BENIGN_SHARED,0,,SHARED_IP_OFFICE
usr_04200,2026-02-02 06:17:06,corp.com,BENIGN_SHARED,0,,SHARED_IP_OFFICE
usr_04201,2025-11-09 15:20:27,gmail.com,BENIGN_SHARED,0,,HOUSEHOLD
usr_04202,2025-11-26 05:11:03,gmail.com,BENIGN_SHARED,0,,HOUSEHOLD
usr_04203,2025-12-22 02:00:39,gmail.com,BENIGN_SHARED,0,,HOUSEHOLD
usr_04204,2026-01-24 01:02:03,gmail.com,BENIGN_SHARED,0,,HOUSEHOLD
usr_04205,2026-02-04 16:08:29,gmail.com,BENIGN_SHARED,0,,HOUSEHOLD
usr_04206,2025-11-24 00:24:48,gmail.com,BENIGN_SHARED,0,,HOUSEHOLD
usr_04207,2025-09-03 03:18:43,gmail.com,BENIGN_SHARED,0,,HOUSEHOLD
usr_04208,2025-12-02 15:53:37,gmail.com,BENIGN_SHARED,0,,SHARED_IP_OFFICE
usr_04209,2025-10-24 19:26:18,gmail.com,BENIGN_SHARED,0,,SHARED_IP_OFFICE
usr_04210,2025-11-09 10:47:32,gmail.com,BENIGN_SHARED,0,,SHARED_IP_OFFICE
usr_04211,2025-11-10 12:46:53,gmail.com,BENIGN_SHARED,0,,SHARED_IP_OFFICE
usr_04212,2026-01-19 04:56:41,gmail.com,BENIGN_SHARED,0,,SHARED_IP_OFFICE
usr_04213,2025-10-24 00:53:09,corp.com,BENIGN_SHARED,0,,SHARED_IP_OFFICE
usr_04214,2026-02-22 23:31:36,gmail.com,BENIGN_SHARED,0,,SHARED_IP_OFFICE
usr_04215,2025-12-20 11:25:37,gmail.com,BENIGN_SHARED,0,,SHARED_IP_OFFICE
usr_04216,2025-11-04 06:09:24,gmail.com,BENIGN_SHARED,0,,SHARED_IP_OFFICE
usr_04217,2025-11-23 16:00:02,gmail.com,BENIGN_SHARED,0,,SHARED_IP_OFFICE
usr_04218,2025-11-11 15:57:06,corp.com,BENIGN_SHARED,0,,SHARED_IP_OFFICE
usr_04219,2026-02-16 15:51:10,gmail.com,BENIGN_SHARED,0,,SHARED_IP_OFFICE
usr_04220,2025-12-29 05:02:11,gmail.com,BENIGN_SHARED,0,,SHARED_IP_OFFICE
usr_04221,2026-02-01 02:03:58,corp.com,BENIGN_SHARED,0,,SHARED_IP_OFFICE
usr_04222,2025-10-28 12:04:50,gmail.com,BENIGN_SHARED,0,,SHARED_IP_OFFICE
usr_04223,2025-12-11 06:13:25,gmail.com,BENIGN_SHARED,0,,SHARED_IP_OFFICE
usr_04224,2026-03-07 19:39:39,gmail.com,BENIGN_SHARED,0,,SHARED_IP_OFFICE
usr_04225,2026-01-18 22:09:12,corp.com,BENIGN_SHARED,0,,SHARED_IP_OFFICE
usr_04226,2026-03-18 16:01:12,corp.com,BENIGN_SHARED,0,,SHARED_IP_OFFICE
usr_04227,2026-02-24 07:08:45,gmail.com,BENIGN_SHARED,0,,SHARED_IP_OFFICE
usr_04228,2025-12-10 14:25:42,gmail.com,BENIGN_SHARED,0,,SHARED_IP_OFFICE
usr_04229,2025-12-09 19:26:32,corp.com,BENIGN_SHARED,0,,SHARED_IP_OFFICE
usr_04230,2025-12-29 22:54:04,corp.com,BENIGN_SHARED,0,,SHARED_IP_OFFICE
usr_04231,2025-12-09 02:01:52,corp.com,BENIGN_SHARED,0,,SHARED_IP_OFFICE
usr_04232,2025-12-05 04:47:11,gmail.com,BENIGN_SHARED,0,,SHARED_IP_OFFICE
usr_04233,2026-01-30 04:22:19,corp.com,BENIGN_SHARED,0,,SHARED_IP_OFFICE
usr_04234,2026-01-31 13:32:51,corp.com,BENIGN_SHARED,0,,SHARED_IP_OFFICE
usr_04235,2025-10-19 16:27:53,gmail.com,BENIGN_SHARED,0,,SHARED_IP_OFFICE
usr_04236,2026-02-24 07:32:59,corp.com,BENIGN_SHARED,0,,SHARED_IP_OFFICE
usr_04237,2026-02-14 05:23:43,gmail.com,BENIGN_SHARED,0,,SHARED_IP_OFFICE
usr_04238,2025-11-14 04:05:30,gmail.com,BENIGN_SHARED,0,,SHARED_IP_OFFICE
usr_04239,2025-11-06 06:19:33,corp.com,BENIGN_SHARED,0,,SHARED_IP_OFFICE
usr_04240,2025-12-21 07:19:52,gmail.com,BENIGN_SHARED,0,,HOUSEHOLD
usr_04241,2026-01-01 00:13:02,gmail.com,BENIGN_SHARED,0,,HOUSEHOLD
usr_04242,2026-01-19 11:18:48,gmail.com,BENIGN_SHARED,0,,HOUSEHOLD
usr_04243,2025-12-01 20:30:46,gmail.com,BENIGN_SHARED,0,,HOUSEHOLD
usr_04244,2026-01-28 00:40:32,gmail.com,BENIGN_SHARED,0,,HOUSEHOLD
usr_04245,2026-03-06 15:35:22,gmail.com,BENIGN_SHARED,0,,HOUSEHOLD
usr_04246,2025-09-09 17:15:51,gmail.com,BENIGN_SHARED,0,,HOUSEHOLD
usr_04247,2025-10-16 14:45:50,gmail.com,BENIGN_SHARED,0,,HOUSEHOLD
usr_04248,2025-11-17 08:20:57,gmail.com,BENIGN_SHARED,0,,SHARED_IP_OFFICE
usr_04249,2026-01-02 12:13:04,gmail.com,BENIGN_SHARED,0,,SHARED_IP_OFFICE
usr_04250,2026-03-05 14:30:04,gmail.com,BENIGN_SHARED,0,,SHARED_IP_OFFICE
usr_04251,2026-01-30 03:12:05,gmail.com,BENIGN_SHARED,0,,SHARED_IP_OFFICE
usr_04252,2026-01-09 01:34:00,corp.com,BENIGN_SHARED,0,,SHARED_IP_OFFICE
usr_04253,2025-11-06 02:00:59,gmail.com,BENIGN_SHARED,0,,SHARED_IP_OFFICE
usr_04254,2025-11-26 13:03:46,corp.com,BENIGN_SHARED,0,,SHARED_IP_OFFICE
usr_04255,2026-03-18 12:03:29,corp.com,BENIGN_SHARED,0,,SHARED_IP_OFFICE
usr_04256,2025-11-03 14:47:24,gmail.com,BENIGN_SHARED,0,,SHARED_IP_OFFICE
usr_04257,2025-10-18 23:16:10,gmail.com,BENIGN_SHARED,0,,SHARED_IP_OFFICE
usr_04258,2026-01-15 21:52:40,corp.com,BENIGN_SHARED,0,,SHARED_IP_OFFICE
usr_04259,2026-01-26 02:51:50,corp.com,BENIGN_SHARED,0,,SHARED_IP_OFFICE
usr_04260,2026-01-25 12:04:55,gmail.com,BENIGN_SHARED,0,,HOUSEHOLD
usr_04261,2025-12-10 12:31:29,gmail.com,BENIGN_SHARED,0,,HOUSEHOLD
usr_04262,2026-02-01 16:10:56,gmail.com,BENIGN_SHARED,0,,HOUSEHOLD
usr_04263,2026-03-20 02:57:22,gmail.com,BENIGN_SHARED,0,,HOUSEHOLD
usr_04264,2025-09-03 03:56:39,gmail.com,BENIGN_SHARED,0,,HOUSEHOLD
usr_04265,2026-01-28 21:59:22,gmail.com,BENIGN_SHARED,0,,HOUSEHOLD
usr_04266,2026-03-05 10:32:04,gmail.com,BENIGN_SHARED,0,,HOUSEHOLD
usr_04267,2026-01-15 11:28:54,gmail.com,BENIGN_SHARED,0,,HOUSEHOLD
usr_04268,2025-10-26 14:07:24,gmail.com,BENIGN_SHARED,0,,HOUSEHOLD
usr_04269,2025-10-06 02:00:17,gmail.com,BENIGN_SHARED,0,,SHARED_IP_OFFICE
usr_04270,2025-10-07 21:46:15,corp.com,BENIGN_SHARED,0,,SHARED_IP_OFFICE
usr_04271,2025-10-04 17:04:54,corp.com,BENIGN_SHARED,0,,SHARED_IP_OFFICE
usr_04272,2026-03-06 01:17:10,gmail.com,BENIGN_SHARED,0,,SHARED_IP_OFFICE
usr_04273,2026-03-12 09:27:21,gmail.com,BENIGN_SHARED,0,,SHARED_IP_OFFICE
usr_04274,2026-01-11 00:00:48,gmail.com,BENIGN_SHARED,0,,HOUSEHOLD
usr_04275,2025-10-17 18:04:57,gmail.com,BENIGN_SHARED,0,,HOUSEHOLD
usr_04276,2026-03-07 18:35:02,gmail.com,BENIGN_SHARED,0,,HOUSEHOLD
usr_04277,2025-12-16 16:13:46,gmail.com,BENIGN_SHARED,0,,SHARED_IP_OFFICE
usr_04278,2025-11-25 00:54:47,gmail.com,BENIGN_SHARED,0,,SHARED_IP_OFFICE
usr_04279,2026-01-03 06:00:52,gmail.com,BENIGN_SHARED,0,,SHARED_IP_OFFICE
usr_04280,2025-12-17 17:39:00,gmail.com,BENIGN_SHARED,0,,HOUSEHOLD
usr_04281,2026-03-08 05:17:17,gmail.com,BENIGN_SHARED,0,,HOUSEHOLD
usr_04282,2025-12-09 00:34:51,corp.com,BENIGN_SHARED,0,,SHARED_IP_OFFICE
usr_04283,2025-11-28 22:41:39,gmail.com,BENIGN_SHARED,0,,SHARED_IP_OFFICE
usr_04284,2026-02-13 07:23:45,gmail.com,BENIGN_SHARED,0,,SHARED_IP_OFFICE
usr_04285,2026-01-09 09:34:52,gmail.com,BENIGN_SHARED,0,,SHARED_IP_OFFICE
usr_04286,2025-11-09 03:45:34,gmail.com,BENIGN_SHARED,0,,SHARED_IP_OFFICE
usr_04287,2025-12-09 14:57:08,gmail.com,BENIGN_SHARED,0,,SHARED_IP_OFFICE
usr_04288,2025-10-04 18:43:09,corp.com,BENIGN_SHARED,0,,SHARED_IP_OFFICE
usr_04289,2025-12-06 19:34:33,gmail.com,BENIGN_SHARED,0,,SHARED_IP_OFFICE
usr_04290,2026-03-05 19:34:58,gmail.com,BENIGN_SHARED,0,,SHARED_IP_OFFICE
usr_04291,2026-01-15 18:53:13,gmail.com,BENIGN_SHARED,0,,SHARED_IP_OFFICE
usr_04292,2026-03-08 04:04:09,corp.com,BENIGN_SHARED,0,,SHARED_IP_OFFICE
usr_04293,2025-12-26 07:15:23,gmail.com,BENIGN_SHARED,0,,HOUSEHOLD
usr_04294,2026-02-26 21:18:48,gmail.com,BENIGN_SHARED,0,,HOUSEHOLD
usr_04295,2025-09-23 11:38:27,gmail.com,BENIGN_SHARED,0,,HOUSEHOLD
usr_04296,2026-02-21 01:07:16,gmail.com,BENIGN_SHARED,0,,HOUSEHOLD
usr_04297,2026-02-16 10:23:08,gmail.com,BENIGN_SHARED,0,,HOUSEHOLD
usr_04298,2025-10-05 23:27:44,gmail.com,BENIGN_SHARED,0,,HOUSEHOLD
usr_04299,2025-10-19 17:25:36,gmail.com,BENIGN_SHARED,0,,HOUSEHOLD
usr_04300,2025-09-27 07:49:05,gmail.com,BENIGN_SHARED,0,,HOUSEHOLD
usr_04301,2026-02-10 02:26:11,corp.com,BENIGN_SHARED,0,,SHARED_IP_OFFICE
usr_04302,2025-11-26 08:31:30,corp.com,BENIGN_SHARED,0,,SHARED_IP_OFFICE
usr_04303,2026-02-09 11:10:35,corp.com,BENIGN_SHARED,0,,SHARED_IP_OFFICE
usr_04304,2026-01-31 01:08:27,gmail.com,BENIGN_SHARED,0,,SHARED_IP_OFFICE
usr_04305,2026-01-26 06:30:57,gmail.com,BENIGN_SHARED,0,,SHARED_IP_OFFICE
usr_04306,2025-10-28 17:31:08,gmail.com,BENIGN_SHARED,0,,SHARED_IP_OFFICE
usr_04307,2026-02-26 08:21:52,gmail.com,BENIGN_SHARED,0,,SHARED_IP_OFFICE
usr_04308,2025-11-16 19:57:13,gmail.com,BENIGN_SHARED,0,,SHARED_IP_OFFICE
usr_04309,2025-11-02 22:48:39,corp.com,BENIGN_SHARED,0,,SHARED_IP_OFFICE
usr_04310,2025-12-18 21:57:35,corp.com,BENIGN_SHARED,0,,SHARED_IP_OFFICE
usr_04311,2025-12-01 10:11:37,corp.com,BENIGN_SHARED,0,,SHARED_IP_OFFICE
usr_04312,2025-12-01 15:46:20,gmail.com,BENIGN_SHARED,0,,SHARED_IP_OFFICE
usr_04313,2025-12-02 13:48:54,corp.com,BENIGN_SHARED,0,,SHARED_IP_OFFICE
usr_04314,2025-10-27 03:16:01,gmail.com,BENIGN_SHARED,0,,SHARED_IP_OFFICE
usr_04315,2025-09-08 13:06:50,gmail.com,BENIGN_SHARED,0,,HOUSEHOLD
usr_04316,2025-11-12 16:56:03,gmail.com,BENIGN_SHARED,0,,HOUSEHOLD
usr_04317,2025-09-28 00:19:03,gmail.com,BENIGN_SHARED,0,,HOUSEHOLD
usr_04318,2025-09-13 05:34:59,gmail.com,BENIGN_SHARED,0,,HOUSEHOLD
usr_04319,2025-11-05 02:11:47,gmail.com,BENIGN_SHARED,0,,HOUSEHOLD
usr_04320,2025-11-05 21:39:26,gmail.com,BENIGN_SHARED,0,,HOUSEHOLD
usr_04321,2026-02-28 08:49:15,gmail.com,BENIGN_SHARED,0,,HOUSEHOLD
usr_04322,2025-09-18 08:41:11,gmail.com,BENIGN_SHARED,0,,HOUSEHOLD
usr_04323,2026-03-02 11:53:14,gmail.com,BENIGN_SHARED,0,,HOUSEHOLD
usr_04324,2026-02-26 18:17:35,gmail.com,BENIGN_SHARED,0,,HOUSEHOLD
usr_04325,2025-12-14 04:30:51,gmail.com,BENIGN_SHARED,0,,HOUSEHOLD
usr_04326,2025-09-22 13:31:32,gmail.com,BENIGN_SHARED,0,,HOUSEHOLD
usr_04327,2025-12-20 00:24:29,gmail.com,BENIGN_SHARED,0,,SHARED_IP_OFFICE
usr_04328,2025-12-10 04:05:24,gmail.com,BENIGN_SHARED,0,,SHARED_IP_OFFICE
usr_04329,2026-01-05 20:39:30,gmail.com,BENIGN_SHARED,0,,SHARED_IP_OFFICE
usr_04330,2025-11-21 10:56:42,gmail.com,BENIGN_SHARED,0,,SHARED_IP_OFFICE
usr_04331,2026-02-20 18:41:09,corp.com,BENIGN_SHARED,0,,SHARED_IP_OFFICE
usr_04332,2025-11-11 23:56:29,gmail.com,BENIGN_SHARED,0,,SHARED_IP_OFFICE
usr_04333,2025-09-27 03:42:18,gmail.com,BENIGN_SHARED,0,,HOUSEHOLD
usr_04334,2025-10-08 08:37:53,gmail.com,BENIGN_SHARED,0,,HOUSEHOLD
usr_04335,2025-09-25 04:44:11,gmail.com,BENIGN_SHARED,0,,HOUSEHOLD
usr_04336,2025-11-02 05:20:11,gmail.com,BENIGN_SHARED,0,,HOUSEHOLD
usr_04337,2026-03-10 06:20:35,gmail.com,BENIGN_SHARED,0,,HOUSEHOLD
usr_04338,2026-03-20 12:15:57,gmail.com,BENIGN_SHARED,0,,HOUSEHOLD
usr_04339,2025-11-04 20:02:53,gmail.com,BENIGN_SHARED,0,,HOUSEHOLD
usr_04340,2025-09-18 05:32:56,gmail.com,BENIGN_SHARED,0,,HOUSEHOLD
usr_04341,2026-01-18 03:38:34,gmail.com,BENIGN_SHARED,0,,SHARED_IP_OFFICE
usr_04342,2026-03-05 03:28:07,corp.com,BENIGN_SHARED,0,,SHARED_IP_OFFICE
usr_04343,2026-01-04 19:57:24,gmail.com,BENIGN_SHARED,0,,SHARED_IP_OFFICE
usr_04344,2025-12-02 08:48:39,gmail.com,BENIGN_SHARED,0,,SHARED_IP_OFFICE
usr_04345,2025-10-06 03:36:02,gmail.com,BENIGN_SHARED,0,,SHARED_IP_OFFICE
usr_04346,2026-01-27 04:12:03,corp.com,BENIGN_SHARED,0,,SHARED_IP_OFFICE
usr_04347,2025-10-18 18:41:58,corp.com,BENIGN_SHARED,0,,SHARED_IP_OFFICE
usr_04348,2026-02-01 01:51:48,gmail.com,BENIGN_SHARED,0,,SHARED_IP_OFFICE
usr_04349,2025-10-12 07:19:47,gmail.com,BENIGN_SHARED,0,,SHARED_IP_OFFICE
usr_04350,2026-03-01 01:21:50,gmail.com,BENIGN_SHARED,0,,SHARED_IP_OFFICE
usr_04351,2026-03-01 08:01:57,gmail.com,BENIGN_SHARED,0,,SHARED_IP_OFFICE
usr_04352,2026-02-19 10:18:29,gmail.com,BENIGN_SHARED,0,,SHARED_IP_OFFICE
usr_04353,2025-11-19 02:04:05,gmail.com,BENIGN_SHARED,0,,SHARED_IP_OFFICE
usr_04354,2025-10-20 15:25:09,gmail.com,BENIGN_SHARED,0,,HOUSEHOLD
usr_04355,2025-09-09 21:07:08,gmail.com,BENIGN_SHARED,0,,HOUSEHOLD
usr_04356,2025-10-11 11:41:37,gmail.com,BENIGN_SHARED,0,,HOUSEHOLD
usr_04357,2025-11-15 19:39:13,gmail.com,BENIGN_SHARED,0,,HOUSEHOLD
usr_04358,2025-12-07 20:11:17,gmail.com,BENIGN_SHARED,0,,HOUSEHOLD
usr_04359,2025-09-07 12:47:09,gmail.com,BENIGN_SHARED,0,,HOUSEHOLD
usr_04360,2026-02-28 02:43:59,corp.com,BENIGN_SHARED,0,,SHARED_IP_OFFICE
usr_04361,2025-11-20 05:33:02,corp.com,BENIGN_SHARED,0,,SHARED_IP_OFFICE
usr_04362,2025-11-12 18:10:31,corp.com,BENIGN_SHARED,0,,SHARED_IP_OFFICE
usr_04363,2025-11-23 01:22:31,gmail.com,BENIGN_SHARED,0,,SHARED_IP_OFFICE
usr_04364,2026-02-17 18:10:15,corp.com,BENIGN_SHARED,0,,SHARED_IP_OFFICE
usr_04365,2026-03-02 09:14:22,corp.com,BENIGN_SHARED,0,,SHARED_IP_OFFICE
usr_04366,2025-12-31 04:37:13,gmail.com,BENIGN_SHARED,0,,SHARED_IP_OFFICE
usr_04367,2025-10-23 14:23:23,corp.com,BENIGN_SHARED,0,,SHARED_IP_OFFICE
usr_04368,2025-11-13 05:07:02,corp.com,BENIGN_SHARED,0,,SHARED_IP_OFFICE
usr_04369,2026-02-19 14:42:41,gmail.com,BENIGN_SHARED,0,,SHARED_IP_OFFICE
usr_04370,2025-11-19 06:08:43,gmail.com,BENIGN_SHARED,0,,SHARED_IP_OFFICE
usr_04371,2026-02-24 09:06:03,gmail.com,BENIGN_SHARED,0,,HOUSEHOLD
usr_04372,2025-10-31 13:06:22,gmail.com,BENIGN_SHARED,0,,HOUSEHOLD
usr_04373,2026-02-01 05:49:24,gmail.com,BENIGN_SHARED,0,,HOUSEHOLD
usr_04374,2025-11-27 10:18:08,gmail.com,BENIGN_SHARED,0,,HOUSEHOLD
usr_04375,2026-02-01 23:53:35,gmail.com,BENIGN_SHARED,0,,HOUSEHOLD
usr_04376,2025-12-21 18:02:31,gmail.com,BENIGN_SHARED,0,,HOUSEHOLD
usr_04377,2025-11-01 01:45:00,gmail.com,BENIGN_SHARED,0,,HOUSEHOLD
usr_04378,2025-11-12 23:06:42,gmail.com,BENIGN_SHARED,0,,SHARED_IP_OFFICE
usr_04379,2025-11-15 09:47:27,gmail.com,BENIGN_SHARED,0,,SHARED_IP_OFFICE
usr_04380,2025-12-18 10:29:36,gmail.com,BENIGN_SHARED,0,,SHARED_IP_OFFICE
usr_04381,2025-10-12 10:03:17,gmail.com,BENIGN_SHARED,0,,SHARED_IP_OFFICE
usr_04382,2026-02-21 15:07:06,corp.com,BENIGN_SHARED,0,,SHARED_IP_OFFICE
usr_04383,2026-01-13 15:45:03,corp.com,BENIGN_SHARED,0,,SHARED_IP_OFFICE
usr_04384,2026-02-09 08:13:14,corp.com,BENIGN_SHARED,0,,SHARED_IP_OFFICE
usr_04385,2026-02-17 01:07:59,gmail.com,BENIGN_SHARED,0,,HOUSEHOLD
usr_04386,2026-03-06 05:12:12,gmail.com,BENIGN_SHARED,0,,HOUSEHOLD
usr_04387,2025-12-02 07:14:45,gmail.com,BENIGN_SHARED,0,,HOUSEHOLD
usr_04388,2025-12-21 17:38:34,gmail.com,BENIGN_SHARED,0,,HOUSEHOLD
usr_04389,2026-02-26 02:59:51,gmail.com,BENIGN_SHARED,0,,HOUSEHOLD
usr_04390,2026-01-29 22:08:46,gmail.com,BENIGN_SHARED,0,,HOUSEHOLD
usr_04391,2025-11-23 20:11:11,gmail.com,BENIGN_SHARED,0,,HOUSEHOLD
usr_04392,2025-09-29 09:37:41,gmail.com,BENIGN_SHARED,0,,HOUSEHOLD
usr_04393,2026-01-09 21:11:48,gmail.com,BENIGN_SHARED,0,,HOUSEHOLD
usr_04394,2025-09-04 11:25:08,gmail.com,BENIGN_SHARED,0,,HOUSEHOLD
usr_04395,2025-09-25 16:16:10,gmail.com,BENIGN_SHARED,0,,HOUSEHOLD
usr_04396,2026-03-08 12:08:15,gmail.com,BENIGN_SHARED,0,,HOUSEHOLD
usr_04397,2025-10-17 01:38:55,corp.com,BENIGN_SHARED,0,,SHARED_IP_OFFICE
usr_04398,2025-11-28 09:37:56,corp.com,BENIGN_SHARED,0,,SHARED_IP_OFFICE
usr_04399,2025-10-29 02:17:44,corp.com,BENIGN_SHARED,0,,SHARED_IP_OFFICE
usr_04400,2026-03-03 05:32:29,corp.com,BENIGN_SHARED,0,,SHARED_IP_OFFICE
usr_04401,2025-10-13 22:16:57,corp.com,BENIGN_SHARED,0,,SHARED_IP_OFFICE
usr_04402,2026-01-08 03:55:46,gmail.com,BENIGN_SHARED,0,,SHARED_IP_OFFICE
usr_04403,2026-01-26 18:05:20,gmail.com,BENIGN_SHARED,0,,SHARED_IP_OFFICE
usr_04404,2025-12-09 07:48:16,gmail.com,BENIGN_SHARED,0,,SHARED_IP_OFFICE
usr_04405,2025-10-25 17:14:22,gmail.com,BENIGN_SHARED,0,,SHARED_IP_OFFICE
usr_04406,2025-12-27 19:32:19,gmail.com,BENIGN_SHARED,0,,SHARED_IP_OFFICE
usr_04407,2025-10-16 12:18:21,corp.com,BENIGN_SHARED,0,,SHARED_IP_OFFICE
usr_04408,2026-01-19 07:21:42,gmail.com,BENIGN_SHARED,0,,SHARED_IP_OFFICE
usr_04409,2026-03-01 08:46:07,corp.com,BENIGN_SHARED,0,,SHARED_IP_OFFICE
usr_04410,2026-03-04 04:36:36,gmail.com,BENIGN_SHARED,0,,SHARED_IP_OFFICE
usr_04411,2025-10-31 01:21:35,gmail.com,BENIGN_SHARED,0,,SHARED_IP_OFFICE
usr_04412,2025-11-30 05:01:00,gmail.com,BENIGN_SHARED,0,,HOUSEHOLD
usr_04413,2025-11-21 17:51:41,gmail.com,BENIGN_SHARED,0,,HOUSEHOLD
usr_04414,2026-03-20 11:52:16,gmail.com,BENIGN_SHARED,0,,HOUSEHOLD
usr_04415,2026-02-10 10:20:04,gmail.com,BENIGN_SHARED,0,,HOUSEHOLD
usr_04416,2026-03-10 23:15:44,gmail.com,BENIGN_SHARED,0,,HOUSEHOLD
usr_04417,2025-10-31 20:18:22,gmail.com,BENIGN_SHARED,0,,HOUSEHOLD
usr_04418,2026-02-21 04:06:27,corp.com,BENIGN_SHARED,0,,SHARED_IP_OFFICE
usr_04419,2026-01-06 11:42:31,gmail.com,BENIGN_SHARED,0,,SHARED_IP_OFFICE
usr_04420,2025-12-24 05:43:09,gmail.com,BENIGN_SHARED,0,,SHARED_IP_OFFICE
usr_04421,2026-01-24 22:55:05,gmail.com,BENIGN_SHARED,0,,HOUSEHOLD
usr_04422,2025-09-17 09:43:57,gmail.com,BENIGN_SHARED,0,,HOUSEHOLD
usr_04423,2026-03-06 02:56:03,gmail.com,BENIGN_SHARED,0,,HOUSEHOLD
usr_04424,2026-01-14 00:25:46,gmail.com,BENIGN_SHARED,0,,HOUSEHOLD
usr_04425,2025-09-28 22:33:28,gmail.com,BENIGN_SHARED,0,,HOUSEHOLD
usr_04426,2025-11-13 22:11:41,gmail.com,BENIGN_SHARED,0,,HOUSEHOLD
usr_04427,2026-03-13 09:25:35,gmail.com,BENIGN_SHARED,0,,SHARED_IP_OFFICE
usr_04428,2025-12-31 09:53:28,gmail.com,BENIGN_SHARED,0,,SHARED_IP_OFFICE
usr_04429,2026-01-20 14:54:42,gmail.com,BENIGN_SHARED,0,,SHARED_IP_OFFICE
usr_04430,2025-10-05 22:06:16,gmail.com,BENIGN_SHARED,0,,SHARED_IP_OFFICE
usr_04431,2026-01-21 04:37:03,corp.com,BENIGN_SHARED,0,,SHARED_IP_OFFICE
usr_04432,2025-12-24 21:28:11,gmail.com,BENIGN_SHARED,0,,SHARED_IP_OFFICE
usr_04433,2026-03-14 09:39:19,gmail.com,BENIGN_SHARED,0,,SHARED_IP_OFFICE
usr_04434,2026-01-18 18:20:58,gmail.com,BENIGN_SHARED,0,,SHARED_IP_OFFICE
usr_04435,2026-02-12 03:31:11,corp.com,BENIGN_SHARED,0,,SHARED_IP_OFFICE
usr_04436,2026-02-14 12:28:55,gmail.com,BENIGN_SHARED,0,,SHARED_IP_OFFICE
usr_04437,2026-02-15 23:38:48,gmail.com,BENIGN_SHARED,0,,SHARED_IP_OFFICE
usr_04438,2025-11-03 08:37:28,gmail.com,BENIGN_SHARED,0,,SHARED_IP_OFFICE
usr_04439,2025-12-08 01:27:37,gmail.com,BENIGN_SHARED,0,,SHARED_IP_OFFICE
usr_04440,2025-12-22 08:17:22,gmail.com,BENIGN_SHARED,0,,SHARED_IP_OFFICE
usr_04441,2026-02-24 11:59:01,gmail.com,BENIGN_SHARED,0,,SHARED_IP_OFFICE
usr_04442,2025-10-03 14:44:51,gmail.com,BENIGN_SHARED,0,,SHARED_IP_OFFICE
usr_04443,2025-10-26 12:59:34,gmail.com,BENIGN_SHARED,0,,SHARED_IP_OFFICE
usr_04444,2026-01-10 04:03:07,gmail.com,BENIGN_SHARED,0,,SHARED_IP_OFFICE
usr_04445,2026-03-15 17:16:14,gmail.com,BENIGN_SHARED,0,,SHARED_IP_OFFICE
usr_04446,2025-10-13 01:38:25,gmail.com,BENIGN_SHARED,0,,SHARED_IP_OFFICE
usr_04447,2026-02-21 16:36:52,corp.com,BENIGN_SHARED,0,,SHARED_IP_OFFICE
usr_04448,2025-12-24 01:38:03,gmail.com,BENIGN_SHARED,0,,SHARED_IP_OFFICE
usr_04449,2026-02-22 11:59:22,gmail.com,BENIGN_SHARED,0,,SHARED_IP_OFFICE
usr_04450,2025-12-29 16:53:11,corp.com,BENIGN_SHARED,0,,SHARED_IP_OFFICE
usr_04451,2025-12-04 04:09:53,gmail.com,BENIGN_SHARED,0,,SHARED_IP_OFFICE
usr_04452,2026-02-19 09:38:01,gmail.com,BENIGN_SHARED,0,,SHARED_IP_OFFICE
usr_04453,2026-02-07 18:49:24,gmail.com,BENIGN_SHARED,0,,SHARED_IP_OFFICE
usr_04454,2026-03-16 13:43:54,gmail.com,BENIGN_SHARED,0,,HOUSEHOLD
usr_04455,2025-11-30 15:02:28,gmail.com,BENIGN_SHARED,0,,HOUSEHOLD
usr_04456,2026-02-07 06:12:53,gmail.com,BENIGN_SHARED,0,,HOUSEHOLD
usr_04457,2026-02-16 03:02:34,gmail.com,BENIGN_SHARED,0,,HOUSEHOLD
usr_04458,2025-12-21 22:39:06,corp.com,BENIGN_SHARED,0,,SHARED_IP_OFFICE
usr_04459,2025-10-06 17:58:47,gmail.com,BENIGN_SHARED,0,,SHARED_IP_OFFICE
usr_04460,2025-12-12 05:25:57,gmail.com,BENIGN_SHARED,0,,SHARED_IP_OFFICE
usr_04461,2026-02-14 06:30:07,gmail.com,BENIGN_SHARED,0,,SHARED_IP_OFFICE
usr_04462,2026-02-14 13:57:22,corp.com,BENIGN_SHARED,0,,SHARED_IP_OFFICE
usr_04463,2026-01-01 20:14:38,gmail.com,BENIGN_SHARED,0,,SHARED_IP_OFFICE
usr_04464,2025-11-25 19:08:37,gmail.com,BENIGN_SHARED,0,,SHARED_IP_OFFICE
usr_04465,2025-12-17 03:02:18,gmail.com,BENIGN_SHARED,0,,HOUSEHOLD
usr_04466,2026-03-16 12:35:41,gmail.com,BENIGN_SHARED,0,,HOUSEHOLD
usr_04467,2025-11-05 01:30:18,gmail.com,BENIGN_SHARED,0,,HOUSEHOLD
usr_04468,2026-01-20 06:08:44,gmail.com,BENIGN_SHARED,0,,HOUSEHOLD
usr_04469,2025-11-09 10:55:41,gmail.com,BENIGN_SHARED,0,,HOUSEHOLD
usr_04470,2026-01-31 21:37:23,gmail.com,BENIGN_SHARED,0,,SHARED_IP_OFFICE
usr_04471,2026-03-02 21:26:53,gmail.com,BENIGN_SHARED,0,,SHARED_IP_OFFICE
usr_04472,2026-01-24 15:17:28,corp.com,BENIGN_SHARED,0,,SHARED_IP_OFFICE
usr_04473,2026-02-12 09:50:39,gmail.com,BENIGN_SHARED,0,,SHARED_IP_OFFICE
usr_04474,2026-03-06 04:21:43,corp.com,BENIGN_SHARED,0,,SHARED_IP_OFFICE
usr_04475,2025-10-14 14:08:13,gmail.com,BENIGN_SHARED,0,,SHARED_IP_OFFICE
usr_04476,2026-02-09 05:28:18,gmail.com,BENIGN_SHARED,0,,SHARED_IP_OFFICE
usr_04477,2026-03-06 04:40:41,corp.com,BENIGN_SHARED,0,,SHARED_IP_OFFICE
usr_04478,2026-01-28 19:20:38,gmail.com,BENIGN_SHARED,0,,SHARED_IP_OFFICE
usr_04479,2025-09-24 19:19:08,gmail.com,BENIGN_SHARED,0,,HOUSEHOLD
usr_04480,2025-11-24 05:22:48,gmail.com,BENIGN_SHARED,0,,HOUSEHOLD
usr_04481,2025-11-02 01:40:13,gmail.com,BENIGN_SHARED,0,,HOUSEHOLD
usr_04482,2026-02-18 22:05:30,gmail.com,BENIGN_SHARED,0,,HOUSEHOLD
usr_04483,2025-09-13 14:09:12,gmail.com,BENIGN_SHARED,0,,HOUSEHOLD
usr_04484,2025-10-04 20:24:59,gmail.com,BENIGN_SHARED,0,,HOUSEHOLD
usr_04485,2025-12-09 05:51:56,gmail.com,BENIGN_SHARED,0,,HOUSEHOLD
usr_04486,2025-10-23 22:36:31,gmail.com,BENIGN_SHARED,0,,HOUSEHOLD
usr_04487,2026-02-13 13:52:41,gmail.com,BENIGN_SHARED,0,,HOUSEHOLD
usr_04488,2025-09-09 05:49:47,gmail.com,BENIGN_SHARED,0,,HOUSEHOLD
usr_04489,2025-10-08 11:23:56,gmail.com,BENIGN_SHARED,0,,HOUSEHOLD
usr_04490,2026-01-26 21:52:52,gmail.com,BENIGN_SHARED,0,,HOUSEHOLD
usr_04491,2025-11-04 21:14:01,gmail.com,BENIGN_SHARED,0,,HOUSEHOLD
usr_04492,2025-12-30 12:27:39,gmail.com,BENIGN_SHARED,0,,HOUSEHOLD
usr_04493,2025-12-13 07:29:44,gmail.com,BENIGN_SHARED,0,,HOUSEHOLD
usr_04494,2025-11-28 21:44:42,gmail.com,BENIGN_SHARED,0,,HOUSEHOLD
usr_04495,2026-03-09 08:40:04,gmail.com,BENIGN_SHARED,0,,HOUSEHOLD
usr_04496,2025-11-20 18:48:29,gmail.com,BENIGN_SHARED,0,,HOUSEHOLD
usr_04497,2026-01-27 07:22:58,gmail.com,BENIGN_SHARED,0,,HOUSEHOLD
usr_04498,2026-01-05 14:03:13,gmail.com,BENIGN_SHARED,0,,HOUSEHOLD
usr_04499,2026-02-07 16:40:34,gmail.com,BENIGN_SHARED,0,,HOUSEHOLD
usr_04500,2026-02-16 14:22:33,gmail.com,BENIGN_SHARED,0,,HOUSEHOLD
usr_04501,2026-01-23 09:44:21,outlook.com,ABUSE_RING,1,ring_sybil_001,CHAINED_SYBIL
usr_04502,2026-01-23 15:44:21,gmail.com,ABUSE_RING,1,ring_sybil_001,CHAINED_SYBIL
usr_04503,2026-01-23 21:44:21,outlook.com,ABUSE_RING,1,ring_sybil_001,CHAINED_SYBIL
usr_04504,2026-01-24 03:44:21,gmail.com,ABUSE_RING,1,ring_sybil_001,CHAINED_SYBIL
usr_04505,2026-01-24 09:44:21,outlook.com,ABUSE_RING,1,ring_sybil_001,CHAINED_SYBIL
usr_04506,2026-01-14 03:21:35,tempmail.org,ABUSE_RING,1,ring_mesh_002,BIPARTITE_MESH
usr_04507,2026-01-14 03:13:35,gmail.com,ABUSE_RING,1,ring_mesh_002,BIPARTITE_MESH
usr_04508,2026-01-14 04:53:35,tempmail.org,ABUSE_RING,1,ring_mesh_002,BIPARTITE_MESH
usr_04509,2026-01-14 06:14:35,gmail.com,ABUSE_RING,1,ring_mesh_002,BIPARTITE_MESH
usr_04510,2026-01-14 07:38:35,tempmail.org,ABUSE_RING,1,ring_mesh_002,BIPARTITE_MESH
usr_04511,2026-01-14 03:57:35,gmail.com,ABUSE_RING,1,ring_mesh_002,BIPARTITE_MESH
usr_04512,2026-01-14 04:47:35,tempmail.org,ABUSE_RING,1,ring_mesh_002,BIPARTITE_MESH
usr_04513,2026-01-14 03:32:35,mailinator.com,ABUSE_RING,1,ring_mesh_002,BIPARTITE_MESH
usr_04514,2026-01-14 04:16:35,gmail.com,ABUSE_RING,1,ring_mesh_002,BIPARTITE_MESH
usr_04515,2026-01-14 07:13:35,tempmail.org,ABUSE_RING,1,ring_mesh_002,BIPARTITE_MESH
usr_04516,2026-02-17 10:16:22,tempmail.org,ABUSE_RING,1,ring_star_003,STAR
usr_04517,2026-02-17 11:16:22,10minutemail.net,ABUSE_RING,1,ring_star_003,STAR
usr_04518,2026-02-17 11:28:22,10minutemail.net,ABUSE_RING,1,ring_star_003,STAR
usr_04519,2026-02-17 11:14:22,tempmail.org,ABUSE_RING,1,ring_star_003,STAR
usr_04520,2026-02-17 10:15:22,tempmail.org,ABUSE_RING,1,ring_star_003,STAR
usr_04521,2026-02-17 10:14:22,10minutemail.net,ABUSE_RING,1,ring_star_003,STAR
usr_04522,2026-02-17 11:54:22,proton.me,ABUSE_RING,1,ring_star_003,STAR
usr_04523,2026-02-19 01:25:26,outlook.com,ABUSE_RING,1,ring_sybil_004,CHAINED_SYBIL
usr_04524,2026-02-19 07:25:26,gmail.com,ABUSE_RING,1,ring_sybil_004,CHAINED_SYBIL
usr_04525,2026-02-19 13:25:26,outlook.com,ABUSE_RING,1,ring_sybil_004,CHAINED_SYBIL
usr_04526,2026-02-19 19:25:26,gmail.com,ABUSE_RING,1,ring_sybil_004,CHAINED_SYBIL
usr_04527,2026-02-20 01:25:26,outlook.com,ABUSE_RING,1,ring_sybil_004,CHAINED_SYBIL
usr_04528,2026-02-20 07:25:26,gmail.com,ABUSE_RING,1,ring_sybil_004,CHAINED_SYBIL
usr_04529,2026-02-20 13:25:26,outlook.com,ABUSE_RING,1,ring_sybil_004,CHAINED_SYBIL
usr_04530,2026-02-20 19:25:26,gmail.com,ABUSE_RING,1,ring_sybil_004,CHAINED_SYBIL
usr_04531,2026-02-21 01:25:26,outlook.com,ABUSE_RING,1,ring_sybil_004,CHAINED_SYBIL
usr_04532,2026-02-21 07:25:26,gmail.com,ABUSE_RING,1,ring_sybil_004,CHAINED_SYBIL
usr_04533,2026-03-09 10:27:33,outlook.com,ABUSE_RING,1,ring_sybil_005,CHAINED_SYBIL
usr_04534,2026-03-09 16:27:33,gmail.com,ABUSE_RING,1,ring_sybil_005,CHAINED_SYBIL
usr_04535,2026-03-09 22:27:33,outlook.com,ABUSE_RING,1,ring_sybil_005,CHAINED_SYBIL
usr_04536,2026-03-10 04:27:33,gmail.com,ABUSE_RING,1,ring_sybil_005,CHAINED_SYBIL
usr_04537,2026-03-10 10:27:33,outlook.com,ABUSE_RING,1,ring_sybil_005,CHAINED_SYBIL
usr_04538,2026-02-11 07:14:14,tempmail.org,ABUSE_RING,1,ring_star_006,STAR
usr_04539,2026-02-11 07:06:14,trashmail.com,ABUSE_RING,1,ring_star_006,STAR
usr_04540,2026-02-11 05:57:14,trashmail.com,ABUSE_RING,1,ring_star_006,STAR
usr_04541,2026-02-11 06:39:14,proton.me,ABUSE_RING,1,ring_star_006,STAR
usr_04542,2026-02-11 06:33:14,10minutemail.net,ABUSE_RING,1,ring_star_006,STAR
usr_04543,2026-02-11 06:26:14,trashmail.com,ABUSE_RING,1,ring_star_006,STAR
usr_04544,2026-02-11 07:27:14,proton.me,ABUSE_RING,1,ring_star_006,STAR
usr_04545,2026-02-11 05:40:14,10minutemail.net,ABUSE_RING,1,ring_star_006,STAR
usr_04546,2026-01-23 16:39:21,outlook.com,ABUSE_RING,1,ring_sybil_007,CHAINED_SYBIL
usr_04547,2026-01-23 22:39:21,gmail.com,ABUSE_RING,1,ring_sybil_007,CHAINED_SYBIL
usr_04548,2026-01-24 04:39:21,outlook.com,ABUSE_RING,1,ring_sybil_007,CHAINED_SYBIL
usr_04549,2026-01-24 10:39:21,gmail.com,ABUSE_RING,1,ring_sybil_007,CHAINED_SYBIL
usr_04550,2026-01-24 16:39:21,outlook.com,ABUSE_RING,1,ring_sybil_007,CHAINED_SYBIL
usr_04551,2026-01-24 22:39:21,gmail.com,ABUSE_RING,1,ring_sybil_007,CHAINED_SYBIL
usr_04552,2026-01-25 04:39:21,outlook.com,ABUSE_RING,1,ring_sybil_007,CHAINED_SYBIL
usr_04553,2026-01-25 10:39:21,gmail.com,ABUSE_RING,1,ring_sybil_007,CHAINED_SYBIL
usr_04554,2026-01-14 22:01:25,outlook.com,ABUSE_RING,1,ring_sybil_008,CHAINED_SYBIL
usr_04555,2026-01-15 04:01:25,gmail.com,ABUSE_RING,1,ring_sybil_008,CHAINED_SYBIL
usr_04556,2026-01-15 10:01:25,outlook.com,ABUSE_RING,1,ring_sybil_008,CHAINED_SYBIL
usr_04557,2026-01-15 16:01:25,gmail.com,ABUSE_RING,1,ring_sybil_008,CHAINED_SYBIL
usr_04558,2026-01-15 22:01:25,outlook.com,ABUSE_RING,1,ring_sybil_008,CHAINED_SYBIL
usr_04559,2026-03-05 18:39:06,tempmail.org,ABUSE_RING,1,ring_mesh_009,BIPARTITE_MESH
usr_04560,2026-03-05 20:45:06,tempmail.org,ABUSE_RING,1,ring_mesh_009,BIPARTITE_MESH
usr_04561,2026-03-05 19:47:06,mailinator.com,ABUSE_RING,1,ring_mesh_009,BIPARTITE_MESH
usr_04562,2026-03-05 19:05:06,gmail.com,ABUSE_RING,1,ring_mesh_009,BIPARTITE_MESH
usr_04563,2026-03-05 20:49:06,tempmail.org,ABUSE_RING,1,ring_mesh_009,BIPARTITE_MESH
usr_04564,2026-03-05 19:51:06,mailinator.com,ABUSE_RING,1,ring_mesh_009,BIPARTITE_MESH
usr_04565,2026-03-05 20:30:06,tempmail.org,ABUSE_RING,1,ring_mesh_009,BIPARTITE_MESH
usr_04566,2026-03-05 18:54:06,mailinator.com,ABUSE_RING,1,ring_mesh_009,BIPARTITE_MESH
usr_04567,2026-03-04 02:22:40,10minutemail.net,ABUSE_RING,1,ring_star_010,STAR
usr_04568,2026-03-04 02:16:40,trashmail.com,ABUSE_RING,1,ring_star_010,STAR
usr_04569,2026-03-04 03:06:40,proton.me,ABUSE_RING,1,ring_star_010,STAR
usr_04570,2026-03-04 03:50:40,proton.me,ABUSE_RING,1,ring_star_010,STAR
usr_04571,2026-03-04 03:05:40,tempmail.org,ABUSE_RING,1,ring_star_010,STAR
usr_04572,2026-03-04 04:01:40,trashmail.com,ABUSE_RING,1,ring_star_010,STAR
usr_04573,2026-03-04 02:16:40,proton.me,ABUSE_RING,1,ring_star_010,STAR
usr_04574,2026-03-04 02:32:40,tempmail.org,ABUSE_RING,1,ring_star_010,STAR
usr_04575,2026-03-04 02:37:40,10minutemail.net,ABUSE_RING,1,ring_star_010,STAR
usr_04576,2026-03-04 02:14:40,10minutemail.net,ABUSE_RING,1,ring_star_010,STAR
usr_04577,2026-03-04 03:42:40,10minutemail.net,ABUSE_RING,1,ring_star_010,STAR
usr_04578,2026-03-04 03:52:40,proton.me,ABUSE_RING,1,ring_star_010,STAR
usr_04579,2026-03-04 03:33:40,trashmail.com,ABUSE_RING,1,ring_star_010,STAR
usr_04580,2026-02-13 04:27:44,outlook.com,ABUSE_RING,1,ring_sybil_011,CHAINED_SYBIL
usr_04581,2026-02-13 10:27:44,gmail.com,ABUSE_RING,1,ring_sybil_011,CHAINED_SYBIL
usr_04582,2026-02-13 16:27:44,outlook.com,ABUSE_RING,1,ring_sybil_011,CHAINED_SYBIL
usr_04583,2026-02-13 22:27:44,gmail.com,ABUSE_RING,1,ring_sybil_011,CHAINED_SYBIL
usr_04584,2026-02-14 04:27:44,outlook.com,ABUSE_RING,1,ring_sybil_011,CHAINED_SYBIL
usr_04585,2026-02-14 10:27:44,gmail.com,ABUSE_RING,1,ring_sybil_011,CHAINED_SYBIL
usr_04586,2026-03-12 14:12:40,mailinator.com,ABUSE_RING,1,ring_mesh_012,BIPARTITE_MESH
usr_04587,2026-03-12 11:16:40,gmail.com,ABUSE_RING,1,ring_mesh_012,BIPARTITE_MESH
usr_04588,2026-03-12 11:33:40,gmail.com,ABUSE_RING,1,ring_mesh_012,BIPARTITE_MESH
usr_04589,2026-03-12 11:29:40,tempmail.org,ABUSE_RING,1,ring_mesh_012,BIPARTITE_MESH
usr_04590,2026-03-12 13:02:40,gmail.com,ABUSE_RING,1,ring_mesh_012,BIPARTITE_MESH
usr_04591,2026-03-12 15:00:40,gmail.com,ABUSE_RING,1,ring_mesh_012,BIPARTITE_MESH
usr_04592,2026-03-12 11:16:40,gmail.com,ABUSE_RING,1,ring_mesh_012,BIPARTITE_MESH
usr_04593,2026-03-12 14:18:40,tempmail.org,ABUSE_RING,1,ring_mesh_012,BIPARTITE_MESH
usr_04594,2026-03-12 11:05:40,tempmail.org,ABUSE_RING,1,ring_mesh_012,BIPARTITE_MESH
usr_04595,2026-03-12 13:05:40,gmail.com,ABUSE_RING,1,ring_mesh_012,BIPARTITE_MESH
usr_04596,2026-03-12 11:33:40,mailinator.com,ABUSE_RING,1,ring_mesh_012,BIPARTITE_MESH
usr_04597,2026-03-12 12:30:08,tempmail.org,ABUSE_RING,1,ring_mesh_013,BIPARTITE_MESH
usr_04598,2026-03-12 12:35:08,tempmail.org,ABUSE_RING,1,ring_mesh_013,BIPARTITE_MESH
usr_04599,2026-03-12 14:30:08,mailinator.com,ABUSE_RING,1,ring_mesh_013,BIPARTITE_MESH
usr_04600,2026-03-12 14:45:08,gmail.com,ABUSE_RING,1,ring_mesh_013,BIPARTITE_MESH
usr_04601,2026-03-12 11:57:08,mailinator.com,ABUSE_RING,1,ring_mesh_013,BIPARTITE_MESH
usr_04602,2026-03-12 13:41:08,tempmail.org,ABUSE_RING,1,ring_mesh_013,BIPARTITE_MESH
usr_04603,2026-03-12 11:16:08,gmail.com,ABUSE_RING,1,ring_mesh_013,BIPARTITE_MESH
usr_04604,2026-03-12 13:59:08,gmail.com,ABUSE_RING,1,ring_mesh_013,BIPARTITE_MESH
usr_04605,2026-03-12 12:43:08,mailinator.com,ABUSE_RING,1,ring_mesh_013,BIPARTITE_MESH
usr_04606,2026-03-12 13:54:08,mailinator.com,ABUSE_RING,1,ring_mesh_013,BIPARTITE_MESH
usr_04607,2026-03-12 13:46:08,gmail.com,ABUSE_RING,1,ring_mesh_013,BIPARTITE_MESH
usr_04608,2026-03-13 07:45:51,tempmail.org,ABUSE_RING,1,ring_star_014,STAR
usr_04609,2026-03-13 08:26:51,trashmail.com,ABUSE_RING,1,ring_star_014,STAR
usr_04610,2026-03-13 07:54:51,trashmail.com,ABUSE_RING,1,ring_star_014,STAR
usr_04611,2026-03-13 07:52:51,10minutemail.net,ABUSE_RING,1,ring_star_014,STAR
usr_04612,2026-03-13 07:02:51,tempmail.org,ABUSE_RING,1,ring_star_014,STAR
usr_04613,2026-03-13 07:28:51,proton.me,ABUSE_RING,1,ring_star_014,STAR
usr_04614,2026-03-13 07:45:51,proton.me,ABUSE_RING,1,ring_star_014,STAR
usr_04615,2026-03-13 08:10:51,proton.me,ABUSE_RING,1,ring_star_014,STAR
usr_04616,2026-03-13 08:04:51,proton.me,ABUSE_RING,1,ring_star_014,STAR
usr_04617,2026-03-13 08:28:51,trashmail.com,ABUSE_RING,1,ring_star_014,STAR
usr_04618,2026-03-13 07:07:51,proton.me,ABUSE_RING,1,ring_star_014,STAR
usr_04619,2026-03-13 08:42:51,proton.me,ABUSE_RING,1,ring_star_014,STAR
usr_04620,2026-03-13 08:08:51,10minutemail.net,ABUSE_RING,1,ring_star_014,STAR
usr_04621,2026-03-13 08:37:51,10minutemail.net,ABUSE_RING,1,ring_star_014,STAR
usr_04622,2026-02-24 22:28:43,outlook.com,ABUSE_RING,1,ring_sybil_015,CHAINED_SYBIL
usr_04623,2026-02-25 04:28:43,gmail.com,ABUSE_RING,1,ring_sybil_015,CHAINED_SYBIL
usr_04624,2026-02-25 10:28:43,outlook.com,ABUSE_RING,1,ring_sybil_015,CHAINED_SYBIL
usr_04625,2026-02-25 16:28:43,gmail.com,ABUSE_RING,1,ring_sybil_015,CHAINED_SYBIL
usr_04626,2026-02-25 22:28:43,outlook.com,ABUSE_RING,1,ring_sybil_015,CHAINED_SYBIL
usr_04627,2026-02-11 04:58:43,outlook.com,ABUSE_RING,1,ring_sybil_016,CHAINED_SYBIL
usr_04628,2026-02-11 10:58:43,gmail.com,ABUSE_RING,1,ring_sybil_016,CHAINED_SYBIL
usr_04629,2026-02-11 16:58:43,outlook.com,ABUSE_RING,1,ring_sybil_016,CHAINED_SYBIL
usr_04630,2026-02-11 22:58:43,gmail.com,ABUSE_RING,1,ring_sybil_016,CHAINED_SYBIL
usr_04631,2026-02-12 04:58:43,outlook.com,ABUSE_RING,1,ring_sybil_016,CHAINED_SYBIL
usr_04632,2026-02-12 10:58:43,gmail.com,ABUSE_RING,1,ring_sybil_016,CHAINED_SYBIL
usr_04633,2026-02-12 16:58:43,outlook.com,ABUSE_RING,1,ring_sybil_016,CHAINED_SYBIL
usr_04634,2026-02-12 22:58:43,gmail.com,ABUSE_RING,1,ring_sybil_016,CHAINED_SYBIL
usr_04635,2026-02-13 04:58:43,outlook.com,ABUSE_RING,1,ring_sybil_016,CHAINED_SYBIL
usr_04636,2026-02-14 12:29:40,tempmail.org,ABUSE_RING,1,ring_mesh_017,BIPARTITE_MESH
usr_04637,2026-02-14 15:33:40,tempmail.org,ABUSE_RING,1,ring_mesh_017,BIPARTITE_MESH
usr_04638,2026-02-14 15:50:40,tempmail.org,ABUSE_RING,1,ring_mesh_017,BIPARTITE_MESH
usr_04639,2026-02-14 15:55:40,tempmail.org,ABUSE_RING,1,ring_mesh_017,BIPARTITE_MESH
usr_04640,2026-02-14 11:36:40,tempmail.org,ABUSE_RING,1,ring_mesh_017,BIPARTITE_MESH
usr_04641,2026-02-14 14:27:40,tempmail.org,ABUSE_RING,1,ring_mesh_017,BIPARTITE_MESH
usr_04642,2026-01-14 03:04:49,mailinator.com,ABUSE_RING,1,ring_mesh_018,BIPARTITE_MESH
usr_04643,2026-01-13 23:57:49,gmail.com,ABUSE_RING,1,ring_mesh_018,BIPARTITE_MESH
usr_04644,2026-01-14 01:52:49,tempmail.org,ABUSE_RING,1,ring_mesh_018,BIPARTITE_MESH
usr_04645,2026-01-14 01:05:49,tempmail.org,ABUSE_RING,1,ring_mesh_018,BIPARTITE_MESH
usr_04646,2026-01-14 04:02:49,tempmail.org,ABUSE_RING,1,ring_mesh_018,BIPARTITE_MESH
usr_04647,2026-01-14 01:20:49,tempmail.org,ABUSE_RING,1,ring_mesh_018,BIPARTITE_MESH
usr_04648,2026-01-13 23:43:49,gmail.com,ABUSE_RING,1,ring_mesh_018,BIPARTITE_MESH
usr_04649,2026-01-14 00:13:49,gmail.com,ABUSE_RING,1,ring_mesh_018,BIPARTITE_MESH
usr_04650,2026-01-14 02:51:49,gmail.com,ABUSE_RING,1,ring_mesh_018,BIPARTITE_MESH
usr_04651,2026-02-04 09:22:44,outlook.com,ABUSE_RING,1,ring_sybil_019,CHAINED_SYBIL
usr_04652,2026-02-04 15:22:44,gmail.com,ABUSE_RING,1,ring_sybil_019,CHAINED_SYBIL
usr_04653,2026-02-04 21:22:44,outlook.com,ABUSE_RING,1,ring_sybil_019,CHAINED_SYBIL
usr_04654,2026-02-05 03:22:44,gmail.com,ABUSE_RING,1,ring_sybil_019,CHAINED_SYBIL
usr_04655,2026-02-05 09:22:44,outlook.com,ABUSE_RING,1,ring_sybil_019,CHAINED_SYBIL
usr_04656,2026-02-05 15:22:44,gmail.com,ABUSE_RING,1,ring_sybil_019,CHAINED_SYBIL
usr_04657,2026-02-05 21:22:44,outlook.com,ABUSE_RING,1,ring_sybil_019,CHAINED_SYBIL
usr_04658,2026-01-11 17:36:34,mailinator.com,ABUSE_RING,1,ring_mesh_020,BIPARTITE_MESH
usr_04659,2026-01-11 16:34:34,gmail.com,ABUSE_RING,1,ring_mesh_020,BIPARTITE_MESH
usr_04660,2026-01-11 19:30:34,mailinator.com,ABUSE_RING,1,ring_mesh_020,BIPARTITE_MESH
usr_04661,2026-01-11 17:58:34,tempmail.org,ABUSE_RING,1,ring_mesh_020,BIPARTITE_MESH
usr_04662,2026-01-11 19:24:34,tempmail.org,ABUSE_RING,1,ring_mesh_020,BIPARTITE_MESH
usr_04663,2026-01-11 16:39:34,tempmail.org,ABUSE_RING,1,ring_mesh_020,BIPARTITE_MESH
usr_04664,2026-01-11 16:51:34,gmail.com,ABUSE_RING,1,ring_mesh_020,BIPARTITE_MESH
usr_04665,2026-01-11 19:32:34,tempmail.org,ABUSE_RING,1,ring_mesh_020,BIPARTITE_MESH
usr_04666,2026-01-11 14:51:34,tempmail.org,ABUSE_RING,1,ring_mesh_020,BIPARTITE_MESH
usr_04667,2026-01-11 16:54:34,gmail.com,ABUSE_RING,1,ring_mesh_020,BIPARTITE_MESH
usr_04668,2026-01-11 17:06:34,tempmail.org,ABUSE_RING,1,ring_mesh_020,BIPARTITE_MESH
usr_04669,2026-03-11 00:20:51,10minutemail.net,ABUSE_RING,1,ring_star_021,STAR
usr_04670,2026-03-11 00:01:51,trashmail.com,ABUSE_RING,1,ring_star_021,STAR
usr_04671,2026-03-11 00:40:51,trashmail.com,ABUSE_RING,1,ring_star_021,STAR
usr_04672,2026-03-10 23:56:51,10minutemail.net,ABUSE_RING,1,ring_star_021,STAR
usr_04673,2026-03-11 00:41:51,tempmail.org,ABUSE_RING,1,ring_star_021,STAR
usr_04674,2026-03-11 00:10:51,trashmail.com,ABUSE_RING,1,ring_star_021,STAR
usr_04675,2026-03-07 06:01:09,tempmail.org,ABUSE_RING,1,ring_mesh_022,BIPARTITE_MESH
usr_04676,2026-03-07 04:55:09,gmail.com,ABUSE_RING,1,ring_mesh_022,BIPARTITE_MESH
usr_04677,2026-03-07 06:20:09,tempmail.org,ABUSE_RING,1,ring_mesh_022,BIPARTITE_MESH
usr_04678,2026-03-07 02:38:09,tempmail.org,ABUSE_RING,1,ring_mesh_022,BIPARTITE_MESH
usr_04679,2026-03-07 03:57:09,gmail.com,ABUSE_RING,1,ring_mesh_022,BIPARTITE_MESH
usr_04680,2026-03-07 06:23:09,gmail.com,ABUSE_RING,1,ring_mesh_022,BIPARTITE_MESH
usr_04681,2026-03-07 06:11:09,tempmail.org,ABUSE_RING,1,ring_mesh_022,BIPARTITE_MESH
usr_04682,2026-03-07 01:51:09,gmail.com,ABUSE_RING,1,ring_mesh_022,BIPARTITE_MESH
usr_04683,2026-03-09 21:05:52,outlook.com,ABUSE_RING,1,ring_sybil_023,CHAINED_SYBIL
usr_04684,2026-03-10 03:05:52,gmail.com,ABUSE_RING,1,ring_sybil_023,CHAINED_SYBIL
usr_04685,2026-03-10 09:05:52,outlook.com,ABUSE_RING,1,ring_sybil_023,CHAINED_SYBIL
usr_04686,2026-03-10 15:05:52,gmail.com,ABUSE_RING,1,ring_sybil_023,CHAINED_SYBIL
usr_04687,2026-03-10 21:05:52,outlook.com,ABUSE_RING,1,ring_sybil_023,CHAINED_SYBIL
usr_04688,2026-03-08 01:29:58,tempmail.org,ABUSE_RING,1,ring_mesh_024,BIPARTITE_MESH
usr_04689,2026-03-08 00:22:58,tempmail.org,ABUSE_RING,1,ring_mesh_024,BIPARTITE_MESH
usr_04690,2026-03-08 04:36:58,tempmail.org,ABUSE_RING,1,ring_mesh_024,BIPARTITE_MESH
usr_04691,2026-03-08 00:33:58,mailinator.com,ABUSE_RING,1,ring_mesh_024,BIPARTITE_MESH
usr_04692,2026-03-08 00:51:58,mailinator.com,ABUSE_RING,1,ring_mesh_024,BIPARTITE_MESH
usr_04693,2026-03-08 04:35:58,mailinator.com,ABUSE_RING,1,ring_mesh_024,BIPARTITE_MESH
usr_04694,2026-03-08 01:05:58,tempmail.org,ABUSE_RING,1,ring_mesh_024,BIPARTITE_MESH
usr_04695,2026-03-08 04:28:58,tempmail.org,ABUSE_RING,1,ring_mesh_024,BIPARTITE_MESH
usr_04696,2026-03-08 04:48:58,tempmail.org,ABUSE_RING,1,ring_mesh_024,BIPARTITE_MESH
usr_04697,2026-03-08 03:06:58,gmail.com,ABUSE_RING,1,ring_mesh_024,BIPARTITE_MESH
usr_04698,2026-03-08 01:49:58,tempmail.org,ABUSE_RING,1,ring_mesh_024,BIPARTITE_MESH
usr_04699,2026-01-19 23:58:00,mailinator.com,ABUSE_RING,1,ring_mesh_025,BIPARTITE_MESH
usr_04700,2026-01-20 00:13:00,gmail.com,ABUSE_RING,1,ring_mesh_025,BIPARTITE_MESH
usr_04701,2026-01-20 03:20:00,mailinator.com,ABUSE_RING,1,ring_mesh_025,BIPARTITE_MESH
usr_04702,2026-01-20 00:03:00,mailinator.com,ABUSE_RING,1,ring_mesh_025,BIPARTITE_MESH
usr_04703,2026-01-20 02:05:00,mailinator.com,ABUSE_RING,1,ring_mesh_025,BIPARTITE_MESH
usr_04704,2026-01-20 01:25:00,tempmail.org,ABUSE_RING,1,ring_mesh_025,BIPARTITE_MESH
usr_04705,2026-01-20 02:50:00,mailinator.com,ABUSE_RING,1,ring_mesh_025,BIPARTITE_MESH
usr_04706,2026-01-20 03:06:00,mailinator.com,ABUSE_RING,1,ring_mesh_025,BIPARTITE_MESH
usr_04707,2026-01-20 01:49:00,gmail.com,ABUSE_RING,1,ring_mesh_025,BIPARTITE_MESH
usr_04708,2026-01-06 13:10:45,tempmail.org,ABUSE_RING,1,ring_mesh_026,BIPARTITE_MESH
usr_04709,2026-01-06 12:09:45,gmail.com,ABUSE_RING,1,ring_mesh_026,BIPARTITE_MESH
usr_04710,2026-01-06 13:22:45,mailinator.com,ABUSE_RING,1,ring_mesh_026,BIPARTITE_MESH
usr_04711,2026-01-06 10:43:45,tempmail.org,ABUSE_RING,1,ring_mesh_026,BIPARTITE_MESH
usr_04712,2026-01-06 12:57:45,tempmail.org,ABUSE_RING,1,ring_mesh_026,BIPARTITE_MESH
usr_04713,2026-01-06 12:43:45,mailinator.com,ABUSE_RING,1,ring_mesh_026,BIPARTITE_MESH
usr_04714,2026-02-01 21:46:58,mailinator.com,ABUSE_RING,1,ring_mesh_027,BIPARTITE_MESH
usr_04715,2026-02-01 21:08:58,tempmail.org,ABUSE_RING,1,ring_mesh_027,BIPARTITE_MESH
usr_04716,2026-02-01 20:47:58,tempmail.org,ABUSE_RING,1,ring_mesh_027,BIPARTITE_MESH
usr_04717,2026-02-01 22:13:58,mailinator.com,ABUSE_RING,1,ring_mesh_027,BIPARTITE_MESH
usr_04718,2026-02-01 19:03:58,tempmail.org,ABUSE_RING,1,ring_mesh_027,BIPARTITE_MESH
usr_04719,2026-02-01 20:25:58,gmail.com,ABUSE_RING,1,ring_mesh_027,BIPARTITE_MESH
usr_04720,2026-02-01 20:52:58,gmail.com,ABUSE_RING,1,ring_mesh_027,BIPARTITE_MESH
usr_04721,2026-02-01 19:39:58,tempmail.org,ABUSE_RING,1,ring_mesh_027,BIPARTITE_MESH
usr_04722,2026-02-01 21:33:58,tempmail.org,ABUSE_RING,1,ring_mesh_027,BIPARTITE_MESH
usr_04723,2026-02-01 20:47:58,gmail.com,ABUSE_RING,1,ring_mesh_027,BIPARTITE_MESH
usr_04724,2026-02-01 18:15:58,gmail.com,ABUSE_RING,1,ring_mesh_027,BIPARTITE_MESH
usr_04725,2026-03-09 02:26:39,trashmail.com,ABUSE_RING,1,ring_star_028,STAR
usr_04726,2026-03-09 03:13:39,proton.me,ABUSE_RING,1,ring_star_028,STAR
usr_04727,2026-03-09 02:45:39,proton.me,ABUSE_RING,1,ring_star_028,STAR
usr_04728,2026-03-09 02:25:39,proton.me,ABUSE_RING,1,ring_star_028,STAR
usr_04729,2026-03-09 02:08:39,10minutemail.net,ABUSE_RING,1,ring_star_028,STAR
usr_04730,2026-03-09 02:43:39,tempmail.org,ABUSE_RING,1,ring_star_028,STAR
usr_04731,2026-03-09 02:55:39,trashmail.com,ABUSE_RING,1,ring_star_028,STAR
usr_04732,2026-03-09 03:01:39,proton.me,ABUSE_RING,1,ring_star_028,STAR
usr_04733,2026-03-09 03:05:39,trashmail.com,ABUSE_RING,1,ring_star_028,STAR
usr_04734,2026-03-09 03:34:39,trashmail.com,ABUSE_RING,1,ring_star_028,STAR
usr_04735,2026-03-09 02:52:39,proton.me,ABUSE_RING,1,ring_star_028,STAR
usr_04736,2026-03-09 03:02:39,trashmail.com,ABUSE_RING,1,ring_star_028,STAR
usr_04737,2026-02-25 14:19:41,tempmail.org,ABUSE_RING,1,ring_mesh_029,BIPARTITE_MESH
usr_04738,2026-02-25 14:37:41,mailinator.com,ABUSE_RING,1,ring_mesh_029,BIPARTITE_MESH
usr_04739,2026-02-25 11:15:41,mailinator.com,ABUSE_RING,1,ring_mesh_029,BIPARTITE_MESH
usr_04740,2026-02-25 13:03:41,mailinator.com,ABUSE_RING,1,ring_mesh_029,BIPARTITE_MESH
usr_04741,2026-02-25 14:04:41,gmail.com,ABUSE_RING,1,ring_mesh_029,BIPARTITE_MESH
usr_04742,2026-02-25 13:30:41,gmail.com,ABUSE_RING,1,ring_mesh_029,BIPARTITE_MESH
usr_04743,2026-02-25 13:26:41,tempmail.org,ABUSE_RING,1,ring_mesh_029,BIPARTITE_MESH
usr_04744,2026-01-29 12:57:51,gmail.com,ABUSE_RING,1,ring_mesh_030,BIPARTITE_MESH
usr_04745,2026-01-29 11:59:51,mailinator.com,ABUSE_RING,1,ring_mesh_030,BIPARTITE_MESH
usr_04746,2026-01-29 08:52:51,tempmail.org,ABUSE_RING,1,ring_mesh_030,BIPARTITE_MESH
usr_04747,2026-01-29 13:19:51,gmail.com,ABUSE_RING,1,ring_mesh_030,BIPARTITE_MESH
usr_04748,2026-01-29 10:55:51,mailinator.com,ABUSE_RING,1,ring_mesh_030,BIPARTITE_MESH
usr_04749,2026-01-29 11:18:51,mailinator.com,ABUSE_RING,1,ring_mesh_030,BIPARTITE_MESH
usr_04750,2026-01-29 10:22:51,tempmail.org,ABUSE_RING,1,ring_mesh_030,BIPARTITE_MESH
usr_04751,2026-01-29 11:57:51,tempmail.org,ABUSE_RING,1,ring_mesh_030,BIPARTITE_MESH
usr_04752,2026-01-29 10:12:51,gmail.com,ABUSE_RING,1,ring_mesh_030,BIPARTITE_MESH
usr_04753,2026-03-14 05:10:22,mailinator.com,ABUSE_RING,1,ring_mesh_031,BIPARTITE_MESH
usr_04754,2026-03-14 08:09:22,mailinator.com,ABUSE_RING,1,ring_mesh_031,BIPARTITE_MESH
usr_04755,2026-03-14 06:52:22,tempmail.org,ABUSE_RING,1,ring_mesh_031,BIPARTITE_MESH
usr_04756,2026-03-14 06:53:22,tempmail.org,ABUSE_RING,1,ring_mesh_031,BIPARTITE_MESH
usr_04757,2026-03-14 04:22:22,tempmail.org,ABUSE_RING,1,ring_mesh_031,BIPARTITE_MESH
usr_04758,2026-03-14 07:17:22,gmail.com,ABUSE_RING,1,ring_mesh_031,BIPARTITE_MESH
usr_04759,2026-03-14 05:03:22,tempmail.org,ABUSE_RING,1,ring_mesh_031,BIPARTITE_MESH
usr_04760,2026-03-14 04:35:22,gmail.com,ABUSE_RING,1,ring_mesh_031,BIPARTITE_MESH
usr_04761,2026-03-14 08:11:22,gmail.com,ABUSE_RING,1,ring_mesh_031,BIPARTITE_MESH
usr_04762,2026-03-14 06:50:22,gmail.com,ABUSE_RING,1,ring_mesh_031,BIPARTITE_MESH
usr_04763,2026-01-27 17:00:19,proton.me,ABUSE_RING,1,ring_star_032,STAR
usr_04764,2026-01-27 16:57:19,trashmail.com,ABUSE_RING,1,ring_star_032,STAR
usr_04765,2026-01-27 17:05:19,trashmail.com,ABUSE_RING,1,ring_star_032,STAR
usr_04766,2026-01-27 18:07:19,10minutemail.net,ABUSE_RING,1,ring_star_032,STAR
usr_04767,2026-01-27 16:20:19,trashmail.com,ABUSE_RING,1,ring_star_032,STAR
usr_04768,2026-01-27 17:05:19,trashmail.com,ABUSE_RING,1,ring_star_032,STAR
usr_04769,2026-01-27 18:12:19,tempmail.org,ABUSE_RING,1,ring_star_032,STAR
usr_04770,2026-01-27 17:55:19,tempmail.org,ABUSE_RING,1,ring_star_032,STAR
usr_04771,2026-01-27 17:55:19,proton.me,ABUSE_RING,1,ring_star_032,STAR
usr_04772,2026-01-27 16:58:19,tempmail.org,ABUSE_RING,1,ring_star_032,STAR
usr_04773,2026-01-27 17:49:19,10minutemail.net,ABUSE_RING,1,ring_star_032,STAR
usr_04774,2026-01-18 23:43:36,proton.me,ABUSE_RING,1,ring_star_033,STAR
usr_04775,2026-01-18 23:41:36,10minutemail.net,ABUSE_RING,1,ring_star_033,STAR
usr_04776,2026-01-18 23:00:36,tempmail.org,ABUSE_RING,1,ring_star_033,STAR
usr_04777,2026-01-18 23:35:36,10minutemail.net,ABUSE_RING,1,ring_star_033,STAR
usr_04778,2026-01-18 23:54:36,tempmail.org,ABUSE_RING,1,ring_star_033,STAR
usr_04779,2026-01-18 22:30:36,10minutemail.net,ABUSE_RING,1,ring_star_033,STAR
usr_04780,2026-01-18 23:25:36,10minutemail.net,ABUSE_RING,1,ring_star_033,STAR
usr_04781,2026-01-18 23:33:36,tempmail.org,ABUSE_RING,1,ring_star_033,STAR
usr_04782,2026-01-18 22:57:36,10minutemail.net,ABUSE_RING,1,ring_star_033,STAR
usr_04783,2026-01-18 23:21:36,trashmail.com,ABUSE_RING,1,ring_star_033,STAR
usr_04784,2026-01-18 23:58:36,tempmail.org,ABUSE_RING,1,ring_star_033,STAR
usr_04785,2026-01-18 22:42:36,tempmail.org,ABUSE_RING,1,ring_star_033,STAR
usr_04786,2026-01-18 22:25:36,trashmail.com,ABUSE_RING,1,ring_star_033,STAR
usr_04787,2026-02-23 07:53:49,10minutemail.net,ABUSE_RING,1,ring_star_034,STAR
usr_04788,2026-02-23 08:24:49,10minutemail.net,ABUSE_RING,1,ring_star_034,STAR
usr_04789,2026-02-23 08:04:49,trashmail.com,ABUSE_RING,1,ring_star_034,STAR
usr_04790,2026-02-23 08:09:49,10minutemail.net,ABUSE_RING,1,ring_star_034,STAR
usr_04791,2026-02-23 08:06:49,trashmail.com,ABUSE_RING,1,ring_star_034,STAR
usr_04792,2026-02-23 07:44:49,tempmail.org,ABUSE_RING,1,ring_star_034,STAR
usr_04793,2026-02-23 09:00:49,trashmail.com,ABUSE_RING,1,ring_star_034,STAR
usr_04794,2026-02-23 08:40:49,proton.me,ABUSE_RING,1,ring_star_034,STAR
usr_04795,2026-02-23 07:25:49,tempmail.org,ABUSE_RING,1,ring_star_034,STAR
usr_04796,2026-02-23 07:13:49,10minutemail.net,ABUSE_RING,1,ring_star_034,STAR
usr_04797,2026-02-23 08:59:49,trashmail.com,ABUSE_RING,1,ring_star_034,STAR
usr_04798,2026-02-23 08:07:49,tempmail.org,ABUSE_RING,1,ring_star_034,STAR
usr_04799,2026-01-09 05:41:44,outlook.com,ABUSE_RING,1,ring_sybil_035,CHAINED_SYBIL
usr_04800,2026-01-09 11:41:44,gmail.com,ABUSE_RING,1,ring_sybil_035,CHAINED_SYBIL
usr_04801,2026-01-09 17:41:44,outlook.com,ABUSE_RING,1,ring_sybil_035,CHAINED_SYBIL
usr_04802,2026-01-09 23:41:44,gmail.com,ABUSE_RING,1,ring_sybil_035,CHAINED_SYBIL
usr_04803,2026-01-10 05:41:44,outlook.com,ABUSE_RING,1,ring_sybil_035,CHAINED_SYBIL
usr_04804,2026-01-10 11:41:44,gmail.com,ABUSE_RING,1,ring_sybil_035,CHAINED_SYBIL
usr_04805,2026-01-10 17:41:44,outlook.com,ABUSE_RING,1,ring_sybil_035,CHAINED_SYBIL
usr_04806,2026-01-10 23:41:44,gmail.com,ABUSE_RING,1,ring_sybil_035,CHAINED_SYBIL
usr_04807,2026-01-31 03:12:33,gmail.com,ABUSE_RING,1,ring_mesh_036,BIPARTITE_MESH
usr_04808,2026-01-31 00:20:33,mailinator.com,ABUSE_RING,1,ring_mesh_036,BIPARTITE_MESH
usr_04809,2026-01-31 00:20:33,tempmail.org,ABUSE_RING,1,ring_mesh_036,BIPARTITE_MESH
usr_04810,2026-01-31 02:21:33,gmail.com,ABUSE_RING,1,ring_mesh_036,BIPARTITE_MESH
usr_04811,2026-01-30 23:10:33,tempmail.org,ABUSE_RING,1,ring_mesh_036,BIPARTITE_MESH
usr_04812,2026-01-31 00:48:33,mailinator.com,ABUSE_RING,1,ring_mesh_036,BIPARTITE_MESH
usr_04813,2026-01-31 02:29:33,tempmail.org,ABUSE_RING,1,ring_mesh_036,BIPARTITE_MESH
usr_04814,2026-02-19 12:42:01,10minutemail.net,ABUSE_RING,1,ring_star_037,STAR
usr_04815,2026-02-19 11:08:01,proton.me,ABUSE_RING,1,ring_star_037,STAR
usr_04816,2026-02-19 11:36:01,trashmail.com,ABUSE_RING,1,ring_star_037,STAR
usr_04817,2026-02-19 11:33:01,10minutemail.net,ABUSE_RING,1,ring_star_037,STAR
usr_04818,2026-02-19 11:22:01,tempmail.org,ABUSE_RING,1,ring_star_037,STAR
usr_04819,2026-02-19 11:55:01,10minutemail.net,ABUSE_RING,1,ring_star_037,STAR
usr_04820,2026-02-19 12:04:01,trashmail.com,ABUSE_RING,1,ring_star_037,STAR
usr_04821,2026-01-30 19:03:38,tempmail.org,ABUSE_RING,1,ring_mesh_038,BIPARTITE_MESH
usr_04822,2026-01-30 16:16:38,tempmail.org,ABUSE_RING,1,ring_mesh_038,BIPARTITE_MESH
usr_04823,2026-01-30 16:11:38,gmail.com,ABUSE_RING,1,ring_mesh_038,BIPARTITE_MESH
usr_04824,2026-01-30 16:10:38,tempmail.org,ABUSE_RING,1,ring_mesh_038,BIPARTITE_MESH
usr_04825,2026-01-30 18:24:38,mailinator.com,ABUSE_RING,1,ring_mesh_038,BIPARTITE_MESH
usr_04826,2026-01-30 18:27:38,gmail.com,ABUSE_RING,1,ring_mesh_038,BIPARTITE_MESH
usr_04827,2026-01-30 15:43:38,tempmail.org,ABUSE_RING,1,ring_mesh_038,BIPARTITE_MESH
usr_04828,2026-01-30 15:35:38,mailinator.com,ABUSE_RING,1,ring_mesh_038,BIPARTITE_MESH
usr_04829,2026-01-30 17:30:38,tempmail.org,ABUSE_RING,1,ring_mesh_038,BIPARTITE_MESH
usr_04830,2026-01-09 00:29:38,gmail.com,ABUSE_RING,1,ring_mesh_039,BIPARTITE_MESH
usr_04831,2026-01-08 20:30:38,tempmail.org,ABUSE_RING,1,ring_mesh_039,BIPARTITE_MESH
usr_04832,2026-01-08 22:04:38,tempmail.org,ABUSE_RING,1,ring_mesh_039,BIPARTITE_MESH
usr_04833,2026-01-08 23:58:38,mailinator.com,ABUSE_RING,1,ring_mesh_039,BIPARTITE_MESH
usr_04834,2026-01-08 22:15:38,mailinator.com,ABUSE_RING,1,ring_mesh_039,BIPARTITE_MESH
usr_04835,2026-01-09 00:28:38,tempmail.org,ABUSE_RING,1,ring_mesh_039,BIPARTITE_MESH
usr_04836,2026-01-08 23:35:38,tempmail.org,ABUSE_RING,1,ring_mesh_039,BIPARTITE_MESH
usr_04837,2026-01-08 21:32:38,tempmail.org,ABUSE_RING,1,ring_mesh_039,BIPARTITE_MESH
usr_04838,2026-01-08 19:50:38,tempmail.org,ABUSE_RING,1,ring_mesh_039,BIPARTITE_MESH
usr_04839,2026-01-08 20:33:38,tempmail.org,ABUSE_RING,1,ring_mesh_039,BIPARTITE_MESH
usr_04840,2026-01-08 22:17:38,mailinator.com,ABUSE_RING,1,ring_mesh_039,BIPARTITE_MESH
usr_04841,2026-02-07 20:23:40,trashmail.com,ABUSE_RING,1,ring_star_040,STAR
usr_04842,2026-02-07 21:47:40,10minutemail.net,ABUSE_RING,1,ring_star_040,STAR
usr_04843,2026-02-07 21:58:40,10minutemail.net,ABUSE_RING,1,ring_star_040,STAR
usr_04844,2026-02-07 20:48:40,proton.me,ABUSE_RING,1,ring_star_040,STAR
usr_04845,2026-02-07 21:07:40,trashmail.com,ABUSE_RING,1,ring_star_040,STAR
usr_04846,2026-02-07 21:41:40,10minutemail.net,ABUSE_RING,1,ring_star_040,STAR
usr_04847,2026-02-07 21:18:40,trashmail.com,ABUSE_RING,1,ring_star_040,STAR
usr_04848,2026-02-07 21:29:40,tempmail.org,ABUSE_RING,1,ring_star_040,STAR
usr_04849,2026-02-07 20:13:40,trashmail.com,ABUSE_RING,1,ring_star_040,STAR
usr_04850,2026-02-07 21:09:40,trashmail.com,ABUSE_RING,1,ring_star_040,STAR
usr_04851,2026-02-07 20:51:40,proton.me,ABUSE_RING,1,ring_star_040,STAR
usr_04852,2026-02-07 21:08:40,proton.me,ABUSE_RING,1,ring_star_040,STAR
usr_04853,2026-02-07 21:11:40,proton.me,ABUSE_RING,1,ring_star_040,STAR
usr_04854,2026-02-07 20:40:40,trashmail.com,ABUSE_RING,1,ring_star_040,STAR
usr_04855,2026-02-07 20:14:40,10minutemail.net,ABUSE_RING,1,ring_star_040,STAR
usr_04856,2026-02-10 01:07:13,tempmail.org,ABUSE_RING,1,ring_star_041,STAR
usr_04857,2026-02-09 23:59:13,proton.me,ABUSE_RING,1,ring_star_041,STAR
usr_04858,2026-02-10 00:46:13,trashmail.com,ABUSE_RING,1,ring_star_041,STAR
usr_04859,2026-02-10 00:02:13,10minutemail.net,ABUSE_RING,1,ring_star_041,STAR
usr_04860,2026-02-09 23:38:13,proton.me,ABUSE_RING,1,ring_star_041,STAR
usr_04861,2026-02-10 01:08:13,tempmail.org,ABUSE_RING,1,ring_star_041,STAR
usr_04862,2026-02-09 23:47:13,tempmail.org,ABUSE_RING,1,ring_star_041,STAR
usr_04863,2026-02-10 00:16:13,tempmail.org,ABUSE_RING,1,ring_star_041,STAR
usr_04864,2026-02-10 00:57:13,proton.me,ABUSE_RING,1,ring_star_041,STAR
usr_04865,2026-02-10 00:36:13,trashmail.com,ABUSE_RING,1,ring_star_041,STAR
usr_04866,2026-01-23 07:56:19,outlook.com,ABUSE_RING,1,ring_sybil_042,CHAINED_SYBIL
usr_04867,2026-01-23 13:56:19,gmail.com,ABUSE_RING,1,ring_sybil_042,CHAINED_SYBIL
usr_04868,2026-01-23 19:56:19,outlook.com,ABUSE_RING,1,ring_sybil_042,CHAINED_SYBIL
usr_04869,2026-01-24 01:56:19,gmail.com,ABUSE_RING,1,ring_sybil_042,CHAINED_SYBIL
usr_04870,2026-01-24 07:56:19,outlook.com,ABUSE_RING,1,ring_sybil_042,CHAINED_SYBIL
usr_04871,2026-01-24 13:56:19,gmail.com,ABUSE_RING,1,ring_sybil_042,CHAINED_SYBIL
usr_04872,2026-01-24 19:56:19,outlook.com,ABUSE_RING,1,ring_sybil_042,CHAINED_SYBIL
usr_04873,2026-01-25 01:56:19,gmail.com,ABUSE_RING,1,ring_sybil_042,CHAINED_SYBIL
usr_04874,2026-01-24 07:56:57,tempmail.org,ABUSE_RING,1,ring_mesh_043,BIPARTITE_MESH
usr_04875,2026-01-24 04:41:57,tempmail.org,ABUSE_RING,1,ring_mesh_043,BIPARTITE_MESH
usr_04876,2026-01-24 07:06:57,mailinator.com,ABUSE_RING,1,ring_mesh_043,BIPARTITE_MESH
usr_04877,2026-01-24 07:17:57,tempmail.org,ABUSE_RING,1,ring_mesh_043,BIPARTITE_MESH
usr_04878,2026-01-24 06:47:57,mailinator.com,ABUSE_RING,1,ring_mesh_043,BIPARTITE_MESH
usr_04879,2026-01-24 05:34:57,tempmail.org,ABUSE_RING,1,ring_mesh_043,BIPARTITE_MESH
usr_04880,2026-01-24 04:54:57,mailinator.com,ABUSE_RING,1,ring_mesh_043,BIPARTITE_MESH
usr_04881,2026-01-24 09:06:57,tempmail.org,ABUSE_RING,1,ring_mesh_043,BIPARTITE_MESH
usr_04882,2026-01-24 08:57:57,gmail.com,ABUSE_RING,1,ring_mesh_043,BIPARTITE_MESH
usr_04883,2026-01-24 08:44:57,mailinator.com,ABUSE_RING,1,ring_mesh_043,BIPARTITE_MESH
usr_04884,2026-01-24 08:25:57,gmail.com,ABUSE_RING,1,ring_mesh_043,BIPARTITE_MESH
usr_04885,2026-01-24 07:14:57,tempmail.org,ABUSE_RING,1,ring_mesh_043,BIPARTITE_MESH
usr_04886,2026-03-03 07:43:07,outlook.com,ABUSE_RING,1,ring_sybil_044,CHAINED_SYBIL
usr_04887,2026-03-03 13:43:07,gmail.com,ABUSE_RING,1,ring_sybil_044,CHAINED_SYBIL
usr_04888,2026-03-03 19:43:07,outlook.com,ABUSE_RING,1,ring_sybil_044,CHAINED_SYBIL
usr_04889,2026-03-04 01:43:07,gmail.com,ABUSE_RING,1,ring_sybil_044,CHAINED_SYBIL
usr_04890,2026-03-04 07:43:07,outlook.com,ABUSE_RING,1,ring_sybil_044,CHAINED_SYBIL
usr_04891,2026-03-04 13:43:07,gmail.com,ABUSE_RING,1,ring_sybil_044,CHAINED_SYBIL
usr_04892,2026-03-04 19:43:07,outlook.com,ABUSE_RING,1,ring_sybil_044,CHAINED_SYBIL
usr_04893,2026-03-05 01:43:07,gmail.com,ABUSE_RING,1,ring_sybil_044,CHAINED_SYBIL
usr_04894,2026-01-06 10:19:55,proton.me,ABUSE_RING,1,ring_star_045,STAR
usr_04895,2026-01-06 09:52:55,10minutemail.net,ABUSE_RING,1,ring_star_045,STAR
usr_04896,2026-01-06 11:36:55,tempmail.org,ABUSE_RING,1,ring_star_045,STAR
usr_04897,2026-01-06 11:20:55,tempmail.org,ABUSE_RING,1,ring_star_045,STAR
usr_04898,2026-01-06 09:59:55,proton.me,ABUSE_RING,1,ring_star_045,STAR
usr_04899,2026-01-06 10:47:55,tempmail.org,ABUSE_RING,1,ring_star_045,STAR
usr_04900,2026-01-06 09:52:55,tempmail.org,ABUSE_RING,1,ring_star_045,STAR
usr_04901,2026-01-06 10:49:55,10minutemail.net,ABUSE_RING,1,ring_star_045,STAR
usr_04902,2026-01-06 11:29:55,10minutemail.net,ABUSE_RING,1,ring_star_045,STAR
usr_04903,2026-01-06 11:24:55,trashmail.com,ABUSE_RING,1,ring_star_045,STAR
usr_04904,2026-01-06 10:34:55,trashmail.com,ABUSE_RING,1,ring_star_045,STAR
usr_04905,2026-01-06 11:36:55,proton.me,ABUSE_RING,1,ring_star_045,STAR
usr_04906,2026-03-16 08:58:57,mailinator.com,ABUSE_RING,1,ring_mesh_046,BIPARTITE_MESH
usr_04907,2026-03-16 10:53:57,tempmail.org,ABUSE_RING,1,ring_mesh_046,BIPARTITE_MESH
usr_04908,2026-03-16 12:20:57,gmail.com,ABUSE_RING,1,ring_mesh_046,BIPARTITE_MESH
usr_04909,2026-03-16 10:38:57,gmail.com,ABUSE_RING,1,ring_mesh_046,BIPARTITE_MESH
usr_04910,2026-03-16 09:24:57,tempmail.org,ABUSE_RING,1,ring_mesh_046,BIPARTITE_MESH
usr_04911,2026-03-16 09:45:57,tempmail.org,ABUSE_RING,1,ring_mesh_046,BIPARTITE_MESH
usr_04912,2026-03-16 12:36:57,mailinator.com,ABUSE_RING,1,ring_mesh_046,BIPARTITE_MESH
usr_04913,2026-03-16 08:00:57,tempmail.org,ABUSE_RING,1,ring_mesh_046,BIPARTITE_MESH
usr_04914,2026-03-16 11:39:57,tempmail.org,ABUSE_RING,1,ring_mesh_046,BIPARTITE_MESH
usr_04915,2026-03-16 08:59:57,mailinator.com,ABUSE_RING,1,ring_mesh_046,BIPARTITE_MESH
usr_04916,2026-01-24 03:42:48,trashmail.com,ABUSE_RING,1,ring_star_047,STAR
usr_04917,2026-01-24 02:48:48,10minutemail.net,ABUSE_RING,1,ring_star_047,STAR
usr_04918,2026-01-24 02:34:48,tempmail.org,ABUSE_RING,1,ring_star_047,STAR
usr_04919,2026-01-24 03:38:48,proton.me,ABUSE_RING,1,ring_star_047,STAR
usr_04920,2026-01-24 02:27:48,tempmail.org,ABUSE_RING,1,ring_star_047,STAR
usr_04921,2026-01-24 04:09:48,10minutemail.net,ABUSE_RING,1,ring_star_047,STAR
usr_04922,2026-02-10 11:46:00,tempmail.org,ABUSE_RING,1,ring_star_048,STAR
usr_04923,2026-02-10 11:23:00,trashmail.com,ABUSE_RING,1,ring_star_048,STAR
usr_04924,2026-02-10 11:40:00,trashmail.com,ABUSE_RING,1,ring_star_048,STAR
usr_04925,2026-02-10 11:17:00,10minutemail.net,ABUSE_RING,1,ring_star_048,STAR
usr_04926,2026-02-10 11:34:00,proton.me,ABUSE_RING,1,ring_star_048,STAR
usr_04927,2026-02-10 11:40:00,trashmail.com,ABUSE_RING,1,ring_star_048,STAR
usr_04928,2026-02-10 11:41:00,10minutemail.net,ABUSE_RING,1,ring_star_048,STAR
usr_04929,2026-02-10 12:07:00,trashmail.com,ABUSE_RING,1,ring_star_048,STAR
usr_04930,2026-02-18 20:53:00,proton.me,ABUSE_RING,1,ring_star_049,STAR
usr_04931,2026-02-18 20:37:00,trashmail.com,ABUSE_RING,1,ring_star_049,STAR
usr_04932,2026-02-18 21:48:00,trashmail.com,ABUSE_RING,1,ring_star_049,STAR
usr_04933,2026-02-18 20:38:00,tempmail.org,ABUSE_RING,1,ring_star_049,STAR
usr_04934,2026-02-18 21:17:00,proton.me,ABUSE_RING,1,ring_star_049,STAR
usr_04935,2026-02-18 21:50:00,tempmail.org,ABUSE_RING,1,ring_star_049,STAR
usr_04936,2026-02-18 20:22:00,tempmail.org,ABUSE_RING,1,ring_star_049,STAR
usr_04937,2026-02-18 21:50:00,trashmail.com,ABUSE_RING,1,ring_star_049,STAR
usr_04938,2026-02-18 20:18:00,tempmail.org,ABUSE_RING,1,ring_star_049,STAR
usr_04939,2026-02-18 20:41:00,proton.me,ABUSE_RING,1,ring_star_049,STAR
usr_04940,2026-02-18 21:37:00,tempmail.org,ABUSE_RING,1,ring_star_049,STAR
usr_04941,2026-01-26 13:37:17,proton.me,ABUSE_RING,1,ring_star_050,STAR
usr_04942,2026-01-26 14:02:17,proton.me,ABUSE_RING,1,ring_star_050,STAR
usr_04943,2026-01-26 13:30:17,proton.me,ABUSE_RING,1,ring_star_050,STAR
usr_04944,2026-01-26 12:28:17,tempmail.org,ABUSE_RING,1,ring_star_050,STAR
usr_04945,2026-01-26 12:55:17,proton.me,ABUSE_RING,1,ring_star_050,STAR
usr_04946,2026-01-26 13:08:17,10minutemail.net,ABUSE_RING,1,ring_star_050,STAR
usr_04947,2026-02-05 00:29:16,10minutemail.net,ABUSE_RING,1,ring_star_051,STAR
usr_04948,2026-02-05 00:13:16,proton.me,ABUSE_RING,1,ring_star_051,STAR
usr_04949,2026-02-05 01:16:16,tempmail.org,ABUSE_RING,1,ring_star_051,STAR
usr_04950,2026-02-05 00:07:16,10minutemail.net,ABUSE_RING,1,ring_star_051,STAR
usr_04951,2026-02-05 00:52:16,trashmail.com,ABUSE_RING,1,ring_star_051,STAR
usr_04952,2026-02-04 23:35:16,proton.me,ABUSE_RING,1,ring_star_051,STAR
usr_04953,2026-02-04 23:46:16,proton.me,ABUSE_RING,1,ring_star_051,STAR
usr_04954,2026-02-03 21:50:56,mailinator.com,ABUSE_RING,1,ring_mesh_052,BIPARTITE_MESH
usr_04955,2026-02-03 22:59:56,mailinator.com,ABUSE_RING,1,ring_mesh_052,BIPARTITE_MESH
usr_04956,2026-02-03 22:22:56,tempmail.org,ABUSE_RING,1,ring_mesh_052,BIPARTITE_MESH
usr_04957,2026-02-03 22:16:56,mailinator.com,ABUSE_RING,1,ring_mesh_052,BIPARTITE_MESH
usr_04958,2026-02-03 23:00:56,tempmail.org,ABUSE_RING,1,ring_mesh_052,BIPARTITE_MESH
usr_04959,2026-02-04 00:54:56,gmail.com,ABUSE_RING,1,ring_mesh_052,BIPARTITE_MESH
usr_04960,2026-02-03 23:16:56,gmail.com,ABUSE_RING,1,ring_mesh_052,BIPARTITE_MESH
usr_04961,2026-02-03 22:52:56,mailinator.com,ABUSE_RING,1,ring_mesh_052,BIPARTITE_MESH
usr_04962,2026-02-03 20:14:56,gmail.com,ABUSE_RING,1,ring_mesh_052,BIPARTITE_MESH
usr_04963,2026-02-03 22:24:56,mailinator.com,ABUSE_RING,1,ring_mesh_052,BIPARTITE_MESH
usr_04964,2026-02-04 00:22:56,tempmail.org,ABUSE_RING,1,ring_mesh_052,BIPARTITE_MESH
usr_04965,2026-02-04 00:46:56,mailinator.com,ABUSE_RING,1,ring_mesh_052,BIPARTITE_MESH
usr_04966,2026-02-26 15:27:26,trashmail.com,ABUSE_RING,1,ring_star_053,STAR
usr_04967,2026-02-26 16:35:26,tempmail.org,ABUSE_RING,1,ring_star_053,STAR
usr_04968,2026-02-26 16:38:26,proton.me,ABUSE_RING,1,ring_star_053,STAR
usr_04969,2026-02-26 15:56:26,10minutemail.net,ABUSE_RING,1,ring_star_053,STAR
usr_04970,2026-02-26 16:41:26,proton.me,ABUSE_RING,1,ring_star_053,STAR
usr_04971,2026-02-26 15:22:26,tempmail.org,ABUSE_RING,1,ring_star_053,STAR
usr_04972,2026-02-26 15:24:26,proton.me,ABUSE_RING,1,ring_star_053,STAR
usr_04973,2026-02-26 15:47:26,proton.me,ABUSE_RING,1,ring_star_053,STAR
usr_04974,2026-02-26 16:25:26,proton.me,ABUSE_RING,1,ring_star_053,STAR
usr_04975,2026-02-26 15:34:26,10minutemail.net,ABUSE_RING,1,ring_star_053,STAR
usr_04976,2026-02-26 15:43:26,trashmail.com,ABUSE_RING,1,ring_star_053,STAR
usr_04977,2026-02-26 16:18:26,proton.me,ABUSE_RING,1,ring_star_053,STAR
usr_04978,2026-02-26 16:09:26,proton.me,ABUSE_RING,1,ring_star_053,STAR
usr_04979,2026-01-28 00:46:06,proton.me,ABUSE_RING,1,ring_star_054,STAR
usr_04980,2026-01-28 01:47:06,trashmail.com,ABUSE_RING,1,ring_star_054,STAR
usr_04981,2026-01-28 01:10:06,10minutemail.net,ABUSE_RING,1,ring_star_054,STAR
usr_04982,2026-01-28 01:01:06,proton.me,ABUSE_RING,1,ring_star_054,STAR
usr_04983,2026-01-28 00:33:06,proton.me,ABUSE_RING,1,ring_star_054,STAR
usr_04984,2026-01-28 01:27:06,tempmail.org,ABUSE_RING,1,ring_star_054,STAR
usr_04985,2026-01-28 00:48:06,proton.me,ABUSE_RING,1,ring_star_054,STAR
usr_04986,2026-01-28 01:03:06,trashmail.com,ABUSE_RING,1,ring_star_054,STAR
usr_04987,2026-01-28 01:04:06,trashmail.com,ABUSE_RING,1,ring_star_054,STAR
usr_04988,2026-01-28 00:37:06,trashmail.com,ABUSE_RING,1,ring_star_054,STAR
usr_04989,2026-01-28 00:41:06,tempmail.org,ABUSE_RING,1,ring_star_054,STAR
usr_04990,2026-01-28 00:36:06,10minutemail.net,ABUSE_RING,1,ring_star_054,STAR
usr_04991,2026-01-28 01:51:06,tempmail.org,ABUSE_RING,1,ring_star_054,STAR
usr_04992,2026-01-28 01:06:06,trashmail.com,ABUSE_RING,1,ring_star_054,STAR
usr_04993,2026-02-18 16:13:13,mailinator.com,ABUSE_RING,1,ring_mesh_055,BIPARTITE_MESH
usr_04994,2026-02-18 15:23:13,gmail.com,ABUSE_RING,1,ring_mesh_055,BIPARTITE_MESH
usr_04995,2026-02-18 16:08:13,mailinator.com,ABUSE_RING,1,ring_mesh_055,BIPARTITE_MESH
usr_04996,2026-02-18 16:53:13,tempmail.org,ABUSE_RING,1,ring_mesh_055,BIPARTITE_MESH
usr_04997,2026-02-18 17:19:13,tempmail.org,ABUSE_RING,1,ring_mesh_055,BIPARTITE_MESH
usr_04998,2026-02-18 17:35:13,mailinator.com,ABUSE_RING,1,ring_mesh_055,BIPARTITE_MESH
usr_04999,2026-03-03 20:41:09,mailinator.com,ABUSE_RING,1,ring_mesh_056,BIPARTITE_MESH
usr_05000,2026-03-03 19:28:09,mailinator.com,ABUSE_RING,1,ring_mesh_056,BIPARTITE_MESH
usr_05001,2026-03-03 20:04:09,tempmail.org,ABUSE_RING,1,ring_mesh_056,BIPARTITE_MESH
usr_05002,2026-03-03 21:35:09,gmail.com,ABUSE_RING,1,ring_mesh_056,BIPARTITE_MESH
usr_05003,2026-03-03 18:58:09,gmail.com,ABUSE_RING,1,ring_mesh_056,BIPARTITE_MESH
usr_05004,2026-03-03 20:23:09,gmail.com,ABUSE_RING,1,ring_mesh_056,BIPARTITE_MESH
usr_05005,2026-03-03 21:58:09,gmail.com,ABUSE_RING,1,ring_mesh_056,BIPARTITE_MESH
usr_05006,2026-03-03 22:35:09,tempmail.org,ABUSE_RING,1,ring_mesh_056,BIPARTITE_MESH
